tick,area,sex,age_months,count
0,nsw,male,0,2444
0,nsw,male,1,2273
0,nsw,male,2,2287
0,nsw,male,3,2380
0,nsw,male,4,2562
0,nsw,male,5,2622
0,nsw,male,6,2442
0,nsw,male,7,2559
0,nsw,male,8,2402
0,nsw,male,9,2490
0,nsw,male,10,2357
0,nsw,male,11,2107
0,nsw,male,12,1955
0,nsw,male,13,1506
0,nsw,male,14,1156
0,nsw,male,15,873
0,nsw,male,16,643
0,nsw,male,17,340
0,nsw,male,18,102
0,nsw,male,19,18
0,nsw,male,20,2
0,nsw,female,0,2325
0,nsw,female,1,2142
0,nsw,female,2,2169
0,nsw,female,3,2254
0,nsw,female,4,2453
0,nsw,female,5,2588
0,nsw,female,6,2454
0,nsw,female,7,2610
0,nsw,female,8,2454
0,nsw,female,9,2532
0,nsw,female,10,2395
0,nsw,female,11,2137
0,nsw,female,12,1950
0,nsw,female,13,1533
0,nsw,female,14,1225
0,nsw,female,15,1017
0,nsw,female,16,871
0,nsw,female,17,584
0,nsw,female,18,239
0,nsw,female,19,62
0,nsw,female,20,8
0,vic,male,0,1804
0,vic,male,1,1670
0,vic,male,2,1696
0,vic,male,3,1830
0,vic,male,4,2136
0,vic,male,5,2118
0,vic,male,6,1907
0,vic,male,7,1975
0,vic,male,8,1918
0,vic,male,9,1871
0,vic,male,10,1764
0,vic,male,11,1562
0,vic,male,12,1427
0,vic,male,13,1087
0,vic,male,14,855
0,vic,male,15,644
0,vic,male,16,483
0,vic,male,17,246
0,vic,male,18,76
0,vic,male,19,16
0,vic,male,20,1
0,vic,female,0,1703
0,vic,female,1,1590
0,vic,female,2,1604
0,vic,female,3,1741
0,vic,female,4,2007
0,vic,female,5,2059
0,vic,female,6,1913
0,vic,female,7,2029
0,vic,female,8,1971
0,vic,female,9,1926
0,vic,female,10,1810
0,vic,female,11,1616
0,vic,female,12,1478
0,vic,female,13,1134
0,vic,female,14,918
0,vic,female,15,765
0,vic,female,16,656
0,vic,female,17,431
0,vic,female,18,176
0,vic,female,19,45
0,vic,female,20,7
0,qld,male,0,1587
0,qld,male,1,1471
0,qld,male,2,1486
0,qld,male,3,1541
0,qld,male,4,1623
0,qld,male,5,1640
0,qld,male,6,1470
0,qld,male,7,1597
0,qld,male,8,1527
0,qld,male,9,1530
0,qld,male,10,1428
0,qld,male,11,1293
0,qld,male,12,1210
0,qld,male,13,913
0,qld,male,14,668
0,qld,male,15,465
0,qld,male,16,333
0,qld,male,17,171
0,qld,male,18,53
0,qld,male,19,11
0,qld,male,20,1
0,qld,female,0,1474
0,qld,female,1,1396
0,qld,female,2,1423
0,qld,female,3,1474
0,qld,female,4,1572
0,qld,female,5,1590
0,qld,female,6,1483
0,qld,female,7,1620
0,qld,female,8,1560
0,qld,female,9,1576
0,qld,female,10,1458
0,qld,female,11,1303
0,qld,female,12,1185
0,qld,female,13,904
0,qld,female,14,670
0,qld,female,15,526
0,qld,female,16,434
0,qld,female,17,284
0,qld,female,18,117
0,qld,female,19,31
0,qld,female,20,4
0,sa,male,0,501
0,sa,male,1,481
0,sa,male,2,508
0,sa,male,3,546
0,sa,male,4,596
0,sa,male,5,565
0,sa,male,6,506
0,sa,male,7,549
0,sa,male,8,564
0,sa,male,9,580
0,sa,male,10,554
0,sa,male,11,504
0,sa,male,12,472
0,sa,male,13,356
0,sa,male,14,279
0,sa,male,15,216
0,sa,male,16,167
0,sa,male,17,89
0,sa,male,18,29
0,sa,male,19,5
0,sa,male,20,1
0,sa,female,0,480
0,sa,female,1,460
0,sa,female,2,483
0,sa,female,3,516
0,sa,female,4,560
0,sa,female,5,551
0,sa,female,6,497
0,sa,female,7,547
0,sa,female,8,563
0,sa,female,9,585
0,sa,female,10,569
0,sa,female,11,524
0,sa,female,12,488
0,sa,female,13,376
0,sa,female,14,305
0,sa,female,15,256
0,sa,female,16,229
0,sa,female,17,157
0,sa,female,18,65
0,sa,female,19,19
0,sa,female,20,2
0,wa,male,0,789
0,wa,male,1,729
0,wa,male,2,754
0,wa,male,3,792
0,wa,male,4,898
0,wa,male,5,919
0,wa,male,6,811
0,wa,male,7,856
0,wa,male,8,847
0,wa,male,9,830
0,wa,male,10,771
0,wa,male,11,683
0,wa,male,12,606
0,wa,male,13,439
0,wa,male,14,329
0,wa,male,15,234
0,wa,male,16,166
0,wa,male,17,82
0,wa,male,18,25
0,wa,male,19,5
0,wa,female,0,754
0,wa,female,1,702
0,wa,female,2,721
0,wa,female,3,752
0,wa,female,4,834
0,wa,female,5,843
0,wa,female,6,781
0,wa,female,7,837
0,wa,female,8,823
0,wa,female,9,819
0,wa,female,10,767
0,wa,female,11,683
0,wa,female,12,589
0,wa,female,13,437
0,wa,female,14,340
0,wa,female,15,271
0,wa,female,16,219
0,wa,female,17,140
0,wa,female,18,58
0,wa,female,19,15
0,wa,female,20,2
0,tas,male,0,167
0,tas,male,1,160
0,tas,male,2,172
0,tas,male,3,177
0,tas,male,4,169
0,tas,male,5,150
0,tas,male,6,140
0,tas,male,7,162
0,tas,male,8,166
0,tas,male,9,183
0,tas,male,10,184
0,tas,male,11,172
0,tas,male,12,162
0,tas,male,13,127
0,tas,male,14,92
0,tas,male,15,68
0,tas,male,16,51
0,tas,male,17,24
0,tas,male,18,7
0,tas,female,0,160
0,tas,female,1,149
0,tas,female,2,162
0,tas,female,3,167
0,tas,female,4,158
0,tas,female,5,150
0,tas,female,6,144
0,tas,female,7,169
0,tas,female,8,174
0,tas,female,9,186
0,tas,female,10,187
0,tas,female,11,172
0,tas,female,12,158
0,tas,female,13,122
0,tas,female,14,97
0,tas,female,15,78
0,tas,female,16,64
0,tas,female,17,45
0,tas,female,18,17
0,tas,female,19,5
0,tas,female,20,1
0,nt,male,0,98
0,nt,male,1,89
0,nt,male,2,85
0,nt,male,3,89
0,nt,male,4,108
0,nt,male,5,116
0,nt,male,6,95
0,nt,male,7,98
0,nt,male,8,88
0,nt,male,9,87
0,nt,male,10,76
0,nt,male,11,67
0,nt,male,12,53
0,nt,male,13,33
0,nt,male,14,19
0,nt,male,15,10
0,nt,male,16,6
0,nt,female,0,92
0,nt,female,1,86
0,nt,female,2,78
0,nt,female,3,78
0,nt,female,4,90
0,nt,female,5,108
0,nt,female,6,94
0,nt,female,7,91
0,nt,female,8,83
0,nt,female,9,77
0,nt,female,10,70
0,nt,female,11,58
0,nt,female,12,41
0,nt,female,13,23
0,nt,female,14,14
0,nt,female,15,8
0,nt,female,16,5
0,nt,female,17,3
0,act,male,0,121
0,act,male,1,109
0,act,male,2,105
0,act,male,3,133
0,act,male,4,168
0,act,male,5,162
0,act,male,6,142
0,act,male,7,139
0,act,male,8,128
0,act,male,9,120
0,act,male,10,116
0,act,male,11,101
0,act,male,12,89
0,act,male,13,62
0,act,male,14,43
0,act,male,15,29
0,act,male,16,20
0,act,male,17,12
0,act,male,18,3
0,act,female,0,116
0,act,female,1,104
0,act,female,2,103
0,act,female,3,125
0,act,female,4,163
0,act,female,5,158
0,act,female,6,140
0,act,female,7,142
0,act,female,8,129
0,act,female,9,128
0,act,female,10,122
0,act,female,11,107
0,act,female,12,91
0,act,female,13,66
0,act,female,14,46
0,act,female,15,36
0,act,female,16,30
0,act,female,17,21
0,act,female,18,7
0,act,female,19,1
1,nsw,male,0,2433
1,nsw,male,1,2278
1,nsw,male,2,2291
1,nsw,male,3,2382
1,nsw,male,4,2568
1,nsw,male,5,2633
1,nsw,male,6,2447
1,nsw,male,7,2552
1,nsw,male,8,2402
1,nsw,male,9,2484
1,nsw,male,10,2360
1,nsw,male,11,2108
1,nsw,male,12,1959
1,nsw,male,13,1512
1,nsw,male,14,1159
1,nsw,male,15,871
1,nsw,male,16,643
1,nsw,male,17,340
1,nsw,male,18,104
1,nsw,male,19,19
1,nsw,male,20,2
1,nsw,female,0,2327
1,nsw,female,1,2144
1,nsw,female,2,2170
1,nsw,female,3,2249
1,nsw,female,4,2464
1,nsw,female,5,2599
1,nsw,female,6,2461
1,nsw,female,7,2609
1,nsw,female,8,2455
1,nsw,female,9,2524
1,nsw,female,10,2396
1,nsw,female,11,2139
1,nsw,female,12,1949
1,nsw,female,13,1535
1,nsw,female,14,1226
1,nsw,female,15,1013
1,nsw,female,16,872
1,nsw,female,17,585
1,nsw,female,18,240
1,nsw,female,19,63
1,nsw,female,20,8
1,vic,male,0,1807
1,vic,male,1,1674
1,vic,male,2,1695
1,vic,male,3,1825
1,vic,male,4,2141
1,vic,male,5,2124
1,vic,male,6,1916
1,vic,male,7,1976
1,vic,male,8,1916
1,vic,male,9,1868
1,vic,male,10,1763
1,vic,male,11,1564
1,vic,male,12,1430
1,vic,male,13,1090
1,vic,male,14,858
1,vic,male,15,642
1,vic,male,16,484
1,vic,male,17,247
1,vic,male,18,77
1,vic,male,19,17
1,vic,male,20,1
1,vic,female,0,1708
1,vic,female,1,1591
1,vic,female,2,1600
1,vic,female,3,1738
1,vic,female,4,2006
1,vic,female,5,2068
1,vic,female,6,1917
1,vic,female,7,2019
1,vic,female,8,1973
1,vic,female,9,1926
1,vic,female,10,1811
1,vic,female,11,1621
1,vic,female,12,1484
1,vic,female,13,1140
1,vic,female,14,920
1,vic,female,15,762
1,vic,female,16,654
1,vic,female,17,435
1,vic,female,18,180
1,vic,female,19,47
1,vic,female,20,6
1,qld,male,0,1590
1,qld,male,1,1469
1,qld,male,2,1489
1,qld,male,3,1541
1,qld,male,4,1624
1,qld,male,5,1643
1,qld,male,6,1476
1,qld,male,7,1598
1,qld,male,8,1531
1,qld,male,9,1527
1,qld,male,10,1431
1,qld,male,11,1297
1,qld,male,12,1210
1,qld,male,13,917
1,qld,male,14,670
1,qld,male,15,465
1,qld,male,16,335
1,qld,male,17,170
1,qld,male,18,54
1,qld,male,19,10
1,qld,male,20,1
1,qld,female,0,1482
1,qld,female,1,1396
1,qld,female,2,1422
1,qld,female,3,1475
1,qld,female,4,1573
1,qld,female,5,1600
1,qld,female,6,1486
1,qld,female,7,1616
1,qld,female,8,1564
1,qld,female,9,1575
1,qld,female,10,1465
1,qld,female,11,1307
1,qld,female,12,1193
1,qld,female,13,907
1,qld,female,14,672
1,qld,female,15,527
1,qld,female,16,435
1,qld,female,17,282
1,qld,female,18,118
1,qld,female,19,32
1,qld,female,20,3
1,sa,male,0,497
1,sa,male,1,481
1,sa,male,2,508
1,sa,male,3,547
1,sa,male,4,597
1,sa,male,5,569
1,sa,male,6,506
1,sa,male,7,547
1,sa,male,8,566
1,sa,male,9,577
1,sa,male,10,555
1,sa,male,11,505
1,sa,male,12,473
1,sa,male,13,358
1,sa,male,14,280
1,sa,male,15,216
1,sa,male,16,166
1,sa,male,17,90
1,sa,male,18,29
1,sa,male,19,4
1,sa,male,20,1
1,sa,female,0,480
1,sa,female,1,460
1,sa,female,2,483
1,sa,female,3,516
1,sa,female,4,560
1,sa,female,5,555
1,sa,female,6,497
1,sa,female,7,546
1,sa,female,8,565
1,sa,female,9,585
1,sa,female,10,569
1,sa,female,11,521
1,sa,female,12,490
1,sa,female,13,379
1,sa,female,14,306
1,sa,female,15,257
1,sa,female,16,229
1,sa,female,17,159
1,sa,female,18,65
1,sa,female,19,20
1,sa,female,20,2
1,wa,male,0,792
1,wa,male,1,731
1,wa,male,2,755
1,wa,male,3,794
1,wa,male,4,895
1,wa,male,5,921
1,wa,male,6,814
1,wa,male,7,856
1,wa,male,8,849
1,wa,male,9,831
1,wa,male,10,773
1,wa,male,11,685
1,wa,male,12,610
1,wa,male,13,442
1,wa,male,14,330
1,wa,male,15,234
1,wa,male,16,167
1,wa,male,17,82
1,wa,male,18,25
1,wa,male,19,5
1,wa,female,0,759
1,wa,female,1,704
1,wa,female,2,721
1,wa,female,3,754
1,wa,female,4,837
1,wa,female,5,849
1,wa,female,6,787
1,wa,female,7,835
1,wa,female,8,827
1,wa,female,9,818
1,wa,female,10,767
1,wa,female,11,686
1,wa,female,12,593
1,wa,female,13,439
1,wa,female,14,340
1,wa,female,15,271
1,wa,female,16,218
1,wa,female,17,140
1,wa,female,18,59
1,wa,female,19,16
1,wa,female,20,2
1,tas,male,0,168
1,tas,male,1,161
1,tas,male,2,172
1,tas,male,3,178
1,tas,male,4,169
1,tas,male,5,154
1,tas,male,6,141
1,tas,male,7,160
1,tas,male,8,169
1,tas,male,9,181
1,tas,male,10,184
1,tas,male,11,172
1,tas,male,12,163
1,tas,male,13,127
1,tas,male,14,93
1,tas,male,15,68
1,tas,male,16,51
1,tas,male,17,25
1,tas,male,18,7
1,tas,female,0,160
1,tas,female,1,151
1,tas,female,2,161
1,tas,female,3,169
1,tas,female,4,160
1,tas,female,5,150
1,tas,female,6,146
1,tas,female,7,169
1,tas,female,8,174
1,tas,female,9,187
1,tas,female,10,188
1,tas,female,11,172
1,tas,female,12,159
1,tas,female,13,122
1,tas,female,14,97
1,tas,female,15,79
1,tas,female,16,64
1,tas,female,17,45
1,tas,female,18,18
1,tas,female,19,5
1,tas,female,20,1
1,nt,male,0,99
1,nt,male,1,88
1,nt,male,2,86
1,nt,male,3,89
1,nt,male,4,109
1,nt,male,5,116
1,nt,male,6,97
1,nt,male,7,99
1,nt,male,8,90
1,nt,male,9,89
1,nt,male,10,75
1,nt,male,11,68
1,nt,male,12,52
1,nt,male,13,34
1,nt,male,14,20
1,nt,male,15,10
1,nt,male,16,6
1,nt,female,0,91
1,nt,female,1,87
1,nt,female,2,78
1,nt,female,3,79
1,nt,female,4,90
1,nt,female,5,109
1,nt,female,6,93
1,nt,female,7,93
1,nt,female,8,84
1,nt,female,9,76
1,nt,female,10,70
1,nt,female,11,59
1,nt,female,12,41
1,nt,female,13,24
1,nt,female,14,14
1,nt,female,15,8
1,nt,female,16,5
1,nt,female,17,3
1,act,male,0,122
1,act,male,1,109
1,act,male,2,105
1,act,male,3,133
1,act,male,4,170
1,act,male,5,163
1,act,male,6,143
1,act,male,7,139
1,act,male,8,128
1,act,male,9,120
1,act,male,10,115
1,act,male,11,102
1,act,male,12,90
1,act,male,13,62
1,act,male,14,43
1,act,male,15,30
1,act,male,16,20
1,act,male,17,12
1,act,male,18,4
1,act,female,0,113
1,act,female,1,103
1,act,female,2,104
1,act,female,3,123
1,act,female,4,162
1,act,female,5,159
1,act,female,6,142
1,act,female,7,142
1,act,female,8,128
1,act,female,9,128
1,act,female,10,122
1,act,female,11,107
1,act,female,12,92
1,act,female,13,66
1,act,female,14,46
1,act,female,15,37
1,act,female,16,30
1,act,female,17,22
1,act,female,18,7
1,act,female,19,1
2,nsw,male,0,2443
2,nsw,male,1,2279
2,nsw,male,2,2286
2,nsw,male,3,2380
2,nsw,male,4,2571
2,nsw,male,5,2641
2,nsw,male,6,2458
2,nsw,male,7,2550
2,nsw,male,8,2412
2,nsw,male,9,2483
2,nsw,male,10,2362
2,nsw,male,11,2107
2,nsw,male,12,1961
2,nsw,male,13,1521
2,nsw,male,14,1159
2,nsw,male,15,871
2,nsw,male,16,644
2,nsw,male,17,344
2,nsw,male,18,105
2,nsw,male,19,18
2,nsw,male,20,2
2,nsw,female,0,2333
2,nsw,female,1,2147
2,nsw,female,2,2171
2,nsw,female,3,2243
2,nsw,female,4,2475
2,nsw,female,5,2608
2,nsw,female,6,2473
2,nsw,female,7,2603
2,nsw,female,8,2458
2,nsw,female,9,2522
2,nsw,female,10,2396
2,nsw,female,11,2142
2,nsw,female,12,1955
2,nsw,female,13,1539
2,nsw,female,14,1226
2,nsw,female,15,1014
2,nsw,female,16,869
2,nsw,female,17,585
2,nsw,female,18,239
2,nsw,female,19,65
2,nsw,female,20,9
2,vic,male,0,1810
2,vic,male,1,1675
2,vic,male,2,1697
2,vic,male,3,1825
2,vic,male,4,2154
2,vic,male,5,2131
2,vic,male,6,1926
2,vic,male,7,1977
2,vic,male,8,1923
2,vic,male,9,1862
2,vic,male,10,1766
2,vic,male,11,1568
2,vic,male,12,1429
2,vic,male,13,1091
2,vic,male,14,863
2,vic,male,15,640
2,vic,male,16,481
2,vic,male,17,246
2,vic,male,18,78
2,vic,male,19,18
2,vic,male,20,1
2,vic,female,0,1706
2,vic,female,1,1592
2,vic,female,2,1597
2,vic,female,3,1731
2,vic,female,4,2011
2,vic,female,5,2077
2,vic,female,6,1920
2,vic,female,7,2009
2,vic,female,8,1976
2,vic,female,9,1926
2,vic,female,10,1813
2,vic,female,11,1627
2,vic,female,12,1488
2,vic,female,13,1148
2,vic,female,14,922
2,vic,female,15,763
2,vic,female,16,654
2,vic,female,17,438
2,vic,female,18,179
2,vic,female,19,48
2,vic,female,20,6
2,qld,male,0,1586
2,qld,male,1,1469
2,qld,male,2,1490
2,qld,male,3,1539
2,qld,male,4,1629
2,qld,male,5,1654
2,qld,male,6,1475
2,qld,male,7,1597
2,qld,male,8,1541
2,qld,male,9,1524
2,qld,male,10,1429
2,qld,male,11,1298
2,qld,male,12,1213
2,qld,male,13,919
2,qld,male,14,672
2,qld,male,15,467
2,qld,male,16,335
2,qld,male,17,172
2,qld,male,18,52
2,qld,male,19,11
2,qld,male,20,1
2,qld,female,0,1486
2,qld,female,1,1398
2,qld,female,2,1421
2,qld,female,3,1472
2,qld,female,4,1580
2,qld,female,5,1606
2,qld,female,6,1490
2,qld,female,7,1611
2,qld,female,8,1566
2,qld,female,9,1569
2,qld,female,10,1466
2,qld,female,11,1306
2,qld,female,12,1195
2,qld,female,13,912
2,qld,female,14,675
2,qld,female,15,529
2,qld,female,16,432
2,qld,female,17,282
2,qld,female,18,120
2,qld,female,19,32
2,qld,female,20,2
2,sa,male,0,497
2,sa,male,1,483
2,sa,male,2,508
2,sa,male,3,549
2,sa,male,4,602
2,sa,male,5,571
2,sa,male,6,506
2,sa,male,7,549
2,sa,male,8,566
2,sa,male,9,577
2,sa,male,10,556
2,sa,male,11,507
2,sa,male,12,474
2,sa,male,13,361
2,sa,male,14,281
2,sa,male,15,216
2,sa,male,16,167
2,sa,male,17,91
2,sa,male,18,30
2,sa,male,19,4
2,sa,male,20,1
2,sa,female,0,486
2,sa,female,1,459
2,sa,female,2,485
2,sa,female,3,516
2,sa,female,4,559
2,sa,female,5,561
2,sa,female,6,498
2,sa,female,7,545
2,sa,female,8,565
2,sa,female,9,586
2,sa,female,10,569
2,sa,female,11,522
2,sa,female,12,490
2,sa,female,13,382
2,sa,female,14,306
2,sa,female,15,257
2,sa,female,16,230
2,sa,female,17,159
2,sa,female,18,66
2,sa,female,19,18
2,sa,female,20,2
2,wa,male,0,797
2,wa,male,1,732
2,wa,male,2,753
2,wa,male,3,793
2,wa,male,4,894
2,wa,male,5,923
2,wa,male,6,813
2,wa,male,7,852
2,wa,male,8,854
2,wa,male,9,825
2,wa,male,10,776
2,wa,male,11,686
2,wa,male,12,610
2,wa,male,13,445
2,wa,male,14,330
2,wa,male,15,236
2,wa,male,16,166
2,wa,male,17,83
2,wa,male,18,25
2,wa,male,19,5
2,wa,female,0,761
2,wa,female,1,706
2,wa,female,2,720
2,wa,female,3,754
2,wa,female,4,841
2,wa,female,5,853
2,wa,female,6,793
2,wa,female,7,832
2,wa,female,8,828
2,wa,female,9,819
2,wa,female,10,770
2,wa,female,11,687
2,wa,female,12,596
2,wa,female,13,438
2,wa,female,14,342
2,wa,female,15,272
2,wa,female,16,216
2,wa,female,17,141
2,wa,female,18,57
2,wa,female,19,17
2,wa,female,20,2
2,tas,male,0,169
2,tas,male,1,161
2,tas,male,2,172
2,tas,male,3,178
2,tas,male,4,169
2,tas,male,5,155
2,tas,male,6,141
2,tas,male,7,160
2,tas,male,8,169
2,tas,male,9,184
2,tas,male,10,185
2,tas,male,11,171
2,tas,male,12,164
2,tas,male,13,128
2,tas,male,14,94
2,tas,male,15,67
2,tas,male,16,51
2,tas,male,17,24
2,tas,male,18,7
2,tas,female,0,161
2,tas,female,1,153
2,tas,female,2,161
2,tas,female,3,170
2,tas,female,4,160
2,tas,female,5,151
2,tas,female,6,145
2,tas,female,7,169
2,tas,female,8,175
2,tas,female,9,186
2,tas,female,10,190
2,tas,female,11,173
2,tas,female,12,158
2,tas,female,13,123
2,tas,female,14,98
2,tas,female,15,78
2,tas,female,16,64
2,tas,female,17,46
2,tas,female,18,18
2,tas,female,19,5
2,tas,female,20,1
2,nt,male,0,101
2,nt,male,1,88
2,nt,male,2,86
2,nt,male,3,92
2,nt,male,4,108
2,nt,male,5,116
2,nt,male,6,99
2,nt,male,7,100
2,nt,male,8,90
2,nt,male,9,89
2,nt,male,10,75
2,nt,male,11,68
2,nt,male,12,53
2,nt,male,13,35
2,nt,male,14,20
2,nt,male,15,10
2,nt,male,16,6
2,nt,female,0,92
2,nt,female,1,86
2,nt,female,2,79
2,nt,female,3,78
2,nt,female,4,92
2,nt,female,5,109
2,nt,female,6,95
2,nt,female,7,93
2,nt,female,8,84
2,nt,female,9,77
2,nt,female,10,72
2,nt,female,11,59
2,nt,female,12,42
2,nt,female,13,24
2,nt,female,14,15
2,nt,female,15,8
2,nt,female,16,5
2,nt,female,17,3
2,act,male,0,121
2,act,male,1,109
2,act,male,2,105
2,act,male,3,133
2,act,male,4,170
2,act,male,5,164
2,act,male,6,145
2,act,male,7,139
2,act,male,8,130
2,act,male,9,120
2,act,male,10,116
2,act,male,11,104
2,act,male,12,90
2,act,male,13,61
2,act,male,14,44
2,act,male,15,30
2,act,male,16,19
2,act,male,17,13
2,act,male,18,4
2,act,female,0,116
2,act,female,1,102
2,act,female,2,105
2,act,female,3,125
2,act,female,4,162
2,act,female,5,160
2,act,female,6,142
2,act,female,7,139
2,act,female,8,129
2,act,female,9,127
2,act,female,10,124
2,act,female,11,106
2,act,female,12,93
2,act,female,13,65
2,act,female,14,46
2,act,female,15,38
2,act,female,16,30
2,act,female,17,22
2,act,female,18,6
2,act,female,19,1
3,nsw,male,0,2457
3,nsw,male,1,2278
3,nsw,male,2,2283
3,nsw,male,3,2377
3,nsw,male,4,2578
3,nsw,male,5,2642
3,nsw,male,6,2466
3,nsw,male,7,2537
3,nsw,male,8,2412
3,nsw,male,9,2478
3,nsw,male,10,2364
3,nsw,male,11,2105
3,nsw,male,12,1960
3,nsw,male,13,1527
3,nsw,male,14,1156
3,nsw,male,15,871
3,nsw,male,16,648
3,nsw,male,17,339
3,nsw,male,18,108
3,nsw,male,19,17
3,nsw,male,20,2
3,nsw,female,0,2333
3,nsw,female,1,2152
3,nsw,female,2,2167
3,nsw,female,3,2242
3,nsw,female,4,2479
3,nsw,female,5,2612
3,nsw,female,6,2477
3,nsw,female,7,2594
3,nsw,female,8,2463
3,nsw,female,9,2514
3,nsw,female,10,2402
3,nsw,female,11,2141
3,nsw,female,12,1954
3,nsw,female,13,1540
3,nsw,female,14,1227
3,nsw,female,15,1011
3,nsw,female,16,871
3,nsw,female,17,585
3,nsw,female,18,239
3,nsw,female,19,65
3,nsw,female,20,9
3,vic,male,0,1817
3,vic,male,1,1676
3,vic,male,2,1693
3,vic,male,3,1827
3,vic,male,4,2156
3,vic,male,5,2132
3,vic,male,6,1929
3,vic,male,7,1972
3,vic,male,8,1928
3,vic,male,9,1857
3,vic,male,10,1766
3,vic,male,11,1571
3,vic,male,12,1428
3,vic,male,13,1096
3,vic,male,14,864
3,vic,male,15,643
3,vic,male,16,480
3,vic,male,17,248
3,vic,male,18,78
3,vic,male,19,18
3,vic,male,20,1
3,vic,female,0,1705
3,vic,female,1,1589
3,vic,female,2,1597
3,vic,female,3,1725
3,vic,female,4,2021
3,vic,female,5,2084
3,vic,female,6,1917
3,vic,female,7,2004
3,vic,female,8,1984
3,vic,female,9,1924
3,vic,female,10,1815
3,vic,female,11,1626
3,vic,female,12,1490
3,vic,female,13,1155
3,vic,female,14,920
3,vic,female,15,765
3,vic,female,16,656
3,vic,female,17,441
3,vic,female,18,181
3,vic,female,19,48
3,vic,female,20,6
3,qld,male,0,1583
3,qld,male,1,1470
3,qld,male,2,1489
3,qld,male,3,1542
3,qld,male,4,1633
3,qld,male,5,1658
3,qld,male,6,1483
3,qld,male,7,1595
3,qld,male,8,1542
3,qld,male,9,1524
3,qld,male,10,1430
3,qld,male,11,1300
3,qld,male,12,1217
3,qld,male,13,926
3,qld,male,14,673
3,qld,male,15,467
3,qld,male,16,337
3,qld,male,17,172
3,qld,male,18,54
3,qld,male,19,11
3,qld,male,20,1
3,qld,female,0,1487
3,qld,female,1,1397
3,qld,female,2,1420
3,qld,female,3,1471
3,qld,female,4,1573
3,qld,female,5,1607
3,qld,female,6,1493
3,qld,female,7,1608
3,qld,female,8,1565
3,qld,female,9,1565
3,qld,female,10,1467
3,qld,female,11,1306
3,qld,female,12,1197
3,qld,female,13,917
3,qld,female,14,677
3,qld,female,15,527
3,qld,female,16,433
3,qld,female,17,281
3,qld,female,18,120
3,qld,female,19,32
3,qld,female,20,3
3,sa,male,0,496
3,sa,male,1,483
3,sa,male,2,506
3,sa,male,3,549
3,sa,male,4,604
3,sa,male,5,575
3,sa,male,6,506
3,sa,male,7,550
3,sa,male,8,566
3,sa,male,9,579
3,sa,male,10,555
3,sa,male,11,506
3,sa,male,12,475
3,sa,male,13,361
3,sa,male,14,283
3,sa,male,15,216
3,sa,male,16,168
3,sa,male,17,91
3,sa,male,18,30
3,sa,male,19,5
3,sa,male,20,1
3,sa,female,0,485
3,sa,female,1,457
3,sa,female,2,485
3,sa,female,3,516
3,sa,female,4,560
3,sa,female,5,560
3,sa,female,6,499
3,sa,female,7,546
3,sa,female,8,566
3,sa,female,9,586
3,sa,female,10,568
3,sa,female,11,522
3,sa,female,12,491
3,sa,female,13,383
3,sa,female,14,308
3,sa,female,15,254
3,sa,female,16,231
3,sa,female,17,161
3,sa,female,18,68
3,sa,female,19,17
3,sa,female,20,2
3,wa,male,0,799
3,wa,male,1,731
3,wa,male,2,753
3,wa,male,3,794
3,wa,male,4,893
3,wa,male,5,931
3,wa,male,6,818
3,wa,male,7,852
3,wa,male,8,853
3,wa,male,9,826
3,wa,male,10,775
3,wa,male,11,687
3,wa,male,12,613
3,wa,male,13,445
3,wa,male,14,331
3,wa,male,15,236
3,wa,male,16,167
3,wa,male,17,81
3,wa,male,18,25
3,wa,male,19,6
3,wa,female,0,766
3,wa,female,1,706
3,wa,female,2,721
3,wa,female,3,755
3,wa,female,4,849
3,wa,female,5,860
3,wa,female,6,798
3,wa,female,7,832
3,wa,female,8,832
3,wa,female,9,815
3,wa,female,10,770
3,wa,female,11,692
3,wa,female,12,599
3,wa,female,13,440
3,wa,female,14,341
3,wa,female,15,270
3,wa,female,16,218
3,wa,female,17,140
3,wa,female,18,59
3,wa,female,19,17
3,wa,female,20,1
3,tas,male,0,166
3,tas,male,1,162
3,tas,male,2,174
3,tas,male,3,178
3,tas,male,4,173
3,tas,male,5,158
3,tas,male,6,141
3,tas,male,7,161
3,tas,male,8,171
3,tas,male,9,182
3,tas,male,10,186
3,tas,male,11,171
3,tas,male,12,165
3,tas,male,13,127
3,tas,male,14,95
3,tas,male,15,67
3,tas,male,16,52
3,tas,male,17,25
3,tas,male,18,6
3,tas,female,0,162
3,tas,female,1,154
3,tas,female,2,161
3,tas,female,3,170
3,tas,female,4,161
3,tas,female,5,153
3,tas,female,6,148
3,tas,female,7,169
3,tas,female,8,175
3,tas,female,9,186
3,tas,female,10,189
3,tas,female,11,173
3,tas,female,12,160
3,tas,female,13,122
3,tas,female,14,98
3,tas,female,15,78
3,tas,female,16,65
3,tas,female,17,46
3,tas,female,18,18
3,tas,female,19,6
3,tas,female,20,1
3,nt,male,0,101
3,nt,male,1,88
3,nt,male,2,88
3,nt,male,3,91
3,nt,male,4,110
3,nt,male,5,119
3,nt,male,6,104
3,nt,male,7,99
3,nt,male,8,92
3,nt,male,9,90
3,nt,male,10,74
3,nt,male,11,69
3,nt,male,12,54
3,nt,male,13,35
3,nt,male,14,20
3,nt,male,15,11
3,nt,male,16,6
3,nt,female,0,93
3,nt,female,1,86
3,nt,female,2,79
3,nt,female,3,80
3,nt,female,4,91
3,nt,female,5,108
3,nt,female,6,96
3,nt,female,7,94
3,nt,female,8,87
3,nt,female,9,78
3,nt,female,10,72
3,nt,female,11,58
3,nt,female,12,43
3,nt,female,13,26
3,nt,female,14,15
3,nt,female,15,8
3,nt,female,16,5
3,nt,female,17,3
3,act,male,0,122
3,act,male,1,109
3,act,male,2,105
3,act,male,3,135
3,act,male,4,170
3,act,male,5,164
3,act,male,6,146
3,act,male,7,141
3,act,male,8,131
3,act,male,9,120
3,act,male,10,118
3,act,male,11,104
3,act,male,12,91
3,act,male,13,61
3,act,male,14,44
3,act,male,15,30
3,act,male,16,20
3,act,male,17,13
3,act,male,18,4
3,act,female,0,116
3,act,female,1,103
3,act,female,2,105
3,act,female,3,125
3,act,female,4,167
3,act,female,5,159
3,act,female,6,143
3,act,female,7,139
3,act,female,8,131
3,act,female,9,127
3,act,female,10,125
3,act,female,11,107
3,act,female,12,94
3,act,female,13,66
3,act,female,14,47
3,act,female,15,36
3,act,female,16,29
3,act,female,17,22
3,act,female,18,6
3,act,female,19,1
4,nsw,male,0,2454
4,nsw,male,1,2280
4,nsw,male,2,2282
4,nsw,male,3,2378
4,nsw,male,4,2577
4,nsw,male,5,2650
4,nsw,male,6,2474
4,nsw,male,7,2532
4,nsw,male,8,2416
4,nsw,male,9,2472
4,nsw,male,10,2367
4,nsw,male,11,2107
4,nsw,male,12,1957
4,nsw,male,13,1534
4,nsw,male,14,1161
4,nsw,male,15,868
4,nsw,male,16,650
4,nsw,male,17,342
4,nsw,male,18,107
4,nsw,male,19,16
4,nsw,male,20,2
4,nsw,female,0,2345
4,nsw,female,1,2156
4,nsw,female,2,2162
4,nsw,female,3,2244
4,nsw,female,4,2488
4,nsw,female,5,2624
4,nsw,female,6,2475
4,nsw,female,7,2592
4,nsw,female,8,2466
4,nsw,female,9,2511
4,nsw,female,10,2402
4,nsw,female,11,2145
4,nsw,female,12,1955
4,nsw,female,13,1543
4,nsw,female,14,1225
4,nsw,female,15,1012
4,nsw,female,16,869
4,nsw,female,17,582
4,nsw,female,18,242
4,nsw,female,19,65
4,nsw,female,20,10
4,vic,male,0,1807
4,vic,male,1,1679
4,vic,male,2,1689
4,vic,male,3,1822
4,vic,male,4,2160
4,vic,male,5,2140
4,vic,male,6,1930
4,vic,male,7,1966
4,vic,male,8,1932
4,vic,male,9,1854
4,vic,male,10,1763
4,vic,male,11,1575
4,vic,male,12,1433
4,vic,male,13,1098
4,vic,male,14,865
4,vic,male,15,643
4,vic,male,16,479
4,vic,male,17,247
4,vic,male,18,79
4,vic,male,19,18
4,vic,male,20,1
4,vic,female,0,1704
4,vic,female,1,1591
4,vic,female,2,1598
4,vic,female,3,1722
4,vic,female,4,2029
4,vic,female,5,2093
4,vic,female,6,1916
4,vic,female,7,1997
4,vic,female,8,1990
4,vic,female,9,1923
4,vic,female,10,1814
4,vic,female,11,1628
4,vic,female,12,1492
4,vic,female,13,1164
4,vic,female,14,919
4,vic,female,15,766
4,vic,female,16,657
4,vic,female,17,443
4,vic,female,18,182
4,vic,female,19,49
4,vic,female,20,6
4,qld,male,0,1586
4,qld,male,1,1469
4,qld,male,2,1490
4,qld,male,3,1535
4,qld,male,4,1639
4,qld,male,5,1666
4,qld,male,6,1495
4,qld,male,7,1592
4,qld,male,8,1546
4,qld,male,9,1519
4,qld,male,10,1428
4,qld,male,11,1301
4,qld,male,12,1214
4,qld,male,13,931
4,qld,male,14,675
4,qld,male,15,468
4,qld,male,16,339
4,qld,male,17,173
4,qld,male,18,54
4,qld,male,19,10
4,qld,male,20,1
4,qld,female,0,1495
4,qld,female,1,1402
4,qld,female,2,1419
4,qld,female,3,1470
4,qld,female,4,1585
4,qld,female,5,1616
4,qld,female,6,1500
4,qld,female,7,1606
4,qld,female,8,1569
4,qld,female,9,1562
4,qld,female,10,1469
4,qld,female,11,1307
4,qld,female,12,1198
4,qld,female,13,920
4,qld,female,14,677
4,qld,female,15,529
4,qld,female,16,434
4,qld,female,17,282
4,qld,female,18,123
4,qld,female,19,31
4,qld,female,20,3
4,sa,male,0,498
4,sa,male,1,483
4,sa,male,2,507
4,sa,male,3,549
4,sa,male,4,605
4,sa,male,5,576
4,sa,male,6,505
4,sa,male,7,549
4,sa,male,8,569
4,sa,male,9,578
4,sa,male,10,556
4,sa,male,11,506
4,sa,male,12,475
4,sa,male,13,363
4,sa,male,14,283
4,sa,male,15,216
4,sa,male,16,169
4,sa,male,17,91
4,sa,male,18,31
4,sa,male,19,5
4,sa,male,20,1
4,sa,female,0,488
4,sa,female,1,456
4,sa,female,2,484
4,sa,female,3,517
4,sa,female,4,559
4,sa,female,5,564
4,sa,female,6,496
4,sa,female,7,544
4,sa,female,8,567
4,sa,female,9,586
4,sa,female,10,572
4,sa,female,11,523
4,sa,female,12,492
4,sa,female,13,385
4,sa,female,14,308
4,sa,female,15,255
4,sa,female,16,230
4,sa,female,17,160
4,sa,female,18,66
4,sa,female,19,17
4,sa,female,20,2
4,wa,male,0,798
4,wa,male,1,730
4,wa,male,2,754
4,wa,male,3,792
4,wa,male,4,896
4,wa,male,5,937
4,wa,male,6,820
4,wa,male,7,854
4,wa,male,8,857
4,wa,male,9,823
4,wa,male,10,778
4,wa,male,11,687
4,wa,male,12,616
4,wa,male,13,446
4,wa,male,14,329
4,wa,male,15,237
4,wa,male,16,169
4,wa,male,17,81
4,wa,male,18,25
4,wa,male,19,6
4,wa,female,0,776
4,wa,female,1,709
4,wa,female,2,720
4,wa,female,3,756
4,wa,female,4,847
4,wa,female,5,863
4,wa,female,6,804
4,wa,female,7,832
4,wa,female,8,832
4,wa,female,9,814
4,wa,female,10,775
4,wa,female,11,695
4,wa,female,12,600
4,wa,female,13,442
4,wa,female,14,343
4,wa,female,15,268
4,wa,female,16,218
4,wa,female,17,142
4,wa,female,18,56
4,wa,female,19,18
4,wa,female,20,1
4,tas,male,0,167
4,tas,male,1,165
4,tas,male,2,175
4,tas,male,3,180
4,tas,male,4,175
4,tas,male,5,162
4,tas,male,6,140
4,tas,male,7,162
4,tas,male,8,172
4,tas,male,9,183
4,tas,male,10,187
4,tas,male,11,170
4,tas,male,12,164
4,tas,male,13,127
4,tas,male,14,96
4,tas,male,15,67
4,tas,male,16,51
4,tas,male,17,26
4,tas,male,18,6
4,tas,female,0,161
4,tas,female,1,154
4,tas,female,2,162
4,tas,female,3,170
4,tas,female,4,161
4,tas,female,5,153
4,tas,female,6,148
4,tas,female,7,170
4,tas,female,8,176
4,tas,female,9,185
4,tas,female,10,189
4,tas,female,11,173
4,tas,female,12,159
4,tas,female,13,123
4,tas,female,14,99
4,tas,female,15,78
4,tas,female,16,65
4,tas,female,17,47
4,tas,female,18,18
4,tas,female,19,6
4,tas,female,20,1
4,nt,male,0,101
4,nt,male,1,88
4,nt,male,2,87
4,nt,male,3,93
4,nt,male,4,112
4,nt,male,5,123
4,nt,male,6,105
4,nt,male,7,100
4,nt,male,8,91
4,nt,male,9,90
4,nt,male,10,75
4,nt,male,11,69
4,nt,male,12,56
4,nt,male,13,35
4,nt,male,14,21
4,nt,male,15,10
4,nt,male,16,6
4,nt,female,0,91
4,nt,female,1,85
4,nt,female,2,81
4,nt,female,3,81
4,nt,female,4,90
4,nt,female,5,109
4,nt,female,6,97
4,nt,female,7,94
4,nt,female,8,90
4,nt,female,9,78
4,nt,female,10,71
4,nt,female,11,58
4,nt,female,12,44
4,nt,female,13,26
4,nt,female,14,15
4,nt,female,15,8
4,nt,female,16,5
4,nt,female,17,3
4,act,male,0,123
4,act,male,1,111
4,act,male,2,105
4,act,male,3,134
4,act,male,4,171
4,act,male,5,165
4,act,male,6,147
4,act,male,7,142
4,act,male,8,131
4,act,male,9,124
4,act,male,10,118
4,act,male,11,104
4,act,male,12,90
4,act,male,13,60
4,act,male,14,45
4,act,male,15,30
4,act,male,16,19
4,act,male,17,13
4,act,male,18,3
4,act,female,0,118
4,act,female,1,104
4,act,female,2,105
4,act,female,3,124
4,act,female,4,166
4,act,female,5,162
4,act,female,6,145
4,act,female,7,138
4,act,female,8,134
4,act,female,9,130
4,act,female,10,127
4,act,female,11,107
4,act,female,12,96
4,act,female,13,66
4,act,female,14,47
4,act,female,15,37
4,act,female,16,28
4,act,female,17,22
4,act,female,18,5
4,act,female,19,1
5,nsw,male,0,2464
5,nsw,male,1,2273
5,nsw,male,2,2281
5,nsw,male,3,2375
5,nsw,male,4,2577
5,nsw,male,5,2662
5,nsw,male,6,2478
5,nsw,male,7,2528
5,nsw,male,8,2424
5,nsw,male,9,2466
5,nsw,male,10,2368
5,nsw,male,11,2106
5,nsw,male,12,1962
5,nsw,male,13,1538
5,nsw,male,14,1161
5,nsw,male,15,864
5,nsw,male,16,651
5,nsw,male,17,345
5,nsw,male,18,110
5,nsw,male,19,16
5,nsw,male,20,2
5,nsw,female,0,2352
5,nsw,female,1,2160
5,nsw,female,2,2162
5,nsw,female,3,2241
5,nsw,female,4,2485
5,nsw,female,5,2630
5,nsw,female,6,2480
5,nsw,female,7,2590
5,nsw,female,8,2469
5,nsw,female,9,2505
5,nsw,female,10,2405
5,nsw,female,11,2145
5,nsw,female,12,1955
5,nsw,female,13,1549
5,nsw,female,14,1226
5,nsw,female,15,1013
5,nsw,female,16,870
5,nsw,female,17,585
5,nsw,female,18,244
5,nsw,female,19,66
5,nsw,female,20,9
5,vic,male,0,1810
5,vic,male,1,1680
5,vic,male,2,1688
5,vic,male,3,1819
5,vic,male,4,2163
5,vic,male,5,2152
5,vic,male,6,1934
5,vic,male,7,1963
5,vic,male,8,1936
5,vic,male,9,1854
5,vic,male,10,1764
5,vic,male,11,1579
5,vic,male,12,1435
5,vic,male,13,1104
5,vic,male,14,862
5,vic,male,15,645
5,vic,male,16,479
5,vic,male,17,247
5,vic,male,18,81
5,vic,male,19,19
5,vic,male,20,1
5,vic,female,0,1703
5,vic,female,1,1590
5,vic,female,2,1600
5,vic,female,3,1720
5,vic,female,4,2038
5,vic,female,5,2101
5,vic,female,6,1927
5,vic,female,7,1992
5,vic,female,8,1992
5,vic,female,9,1923
5,vic,female,10,1817
5,vic,female,11,1630
5,vic,female,12,1493
5,vic,female,13,1168
5,vic,female,14,920
5,vic,female,15,767
5,vic,female,16,658
5,vic,female,17,441
5,vic,female,18,177
5,vic,female,19,48
5,vic,female,20,7
5,qld,male,0,1577
5,qld,male,1,1470
5,qld,male,2,1488
5,qld,male,3,1533
5,qld,male,4,1640
5,qld,male,5,1670
5,qld,male,6,1500
5,qld,male,7,1591
5,qld,male,8,1545
5,qld,male,9,1518
5,qld,male,10,1432
5,qld,male,11,1305
5,qld,male,12,1216
5,qld,male,13,932
5,qld,male,14,678
5,qld,male,15,468
5,qld,male,16,340
5,qld,male,17,174
5,qld,male,18,56
5,qld,male,19,10
5,qld,male,20,1
5,qld,female,0,1505
5,qld,female,1,1403
5,qld,female,2,1418
5,qld,female,3,1471
5,qld,female,4,1590
5,qld,female,5,1619
5,qld,female,6,1506
5,qld,female,7,1607
5,qld,female,8,1569
5,qld,female,9,1561
5,qld,female,10,1472
5,qld,female,11,1305
5,qld,female,12,1199
5,qld,female,13,926
5,qld,female,14,676
5,qld,female,15,528
5,qld,female,16,435
5,qld,female,17,279
5,qld,female,18,123
5,qld,female,19,32
5,qld,female,20,3
5,sa,male,0,498
5,sa,male,1,486
5,sa,male,2,507
5,sa,male,3,545
5,sa,male,4,609
5,sa,male,5,581
5,sa,male,6,505
5,sa,male,7,548
5,sa,male,8,571
5,sa,male,9,576
5,sa,male,10,558
5,sa,male,11,507
5,sa,male,12,476
5,sa,male,13,362
5,sa,male,14,285
5,sa,male,15,215
5,sa,male,16,168
5,sa,male,17,93
5,sa,male,18,30
5,sa,male,19,4
5,sa,male,20,1
5,sa,female,0,493
5,sa,female,1,457
5,sa,female,2,483
5,sa,female,3,515
5,sa,female,4,562
5,sa,female,5,563
5,sa,female,6,500
5,sa,female,7,542
5,sa,female,8,567
5,sa,female,9,585
5,sa,female,10,573
5,sa,female,11,524
5,sa,female,12,493
5,sa,female,13,389
5,sa,female,14,309
5,sa,female,15,255
5,sa,female,16,230
5,sa,female,17,162
5,sa,female,18,65
5,sa,female,19,17
5,sa,female,20,3
5,wa,male,0,805
5,wa,male,1,731
5,wa,male,2,752
5,wa,male,3,793
5,wa,male,4,896
5,wa,male,5,948
5,wa,male,6,821
5,wa,male,7,852
5,wa,male,8,856
5,wa,male,9,822
5,wa,male,10,777
5,wa,male,11,688
5,wa,male,12,618
5,wa,male,13,450
5,wa,male,14,330
5,wa,male,15,236
5,wa,male,16,169
5,wa,male,17,82
5,wa,male,18,25
5,wa,male,19,6
5,wa,female,0,778
5,wa,female,1,711
5,wa,female,2,724
5,wa,female,3,755
5,wa,female,4,845
5,wa,female,5,870
5,wa,female,6,803
5,wa,female,7,830
5,wa,female,8,833
5,wa,female,9,815
5,wa,female,10,774
5,wa,female,11,696
5,wa,female,12,603
5,wa,female,13,446
5,wa,female,14,341
5,wa,female,15,268
5,wa,female,16,215
5,wa,female,17,144
5,wa,female,18,57
5,wa,female,19,19
5,wa,female,20,1
5,tas,male,0,168
5,tas,male,1,166
5,tas,male,2,175
5,tas,male,3,180
5,tas,male,4,175
5,tas,male,5,162
5,tas,male,6,142
5,tas,male,7,162
5,tas,male,8,173
5,tas,male,9,183
5,tas,male,10,187
5,tas,male,11,172
5,tas,male,12,164
5,tas,male,13,128
5,tas,male,14,96
5,tas,male,15,68
5,tas,male,16,51
5,tas,male,17,26
5,tas,male,18,5
5,tas,female,0,160
5,tas,female,1,154
5,tas,female,2,163
5,tas,female,3,170
5,tas,female,4,161
5,tas,female,5,153
5,tas,female,6,149
5,tas,female,7,169
5,tas,female,8,178
5,tas,female,9,185
5,tas,female,10,190
5,tas,female,11,174
5,tas,female,12,161
5,tas,female,13,122
5,tas,female,14,99
5,tas,female,15,79
5,tas,female,16,63
5,tas,female,17,47
5,tas,female,18,18
5,tas,female,19,7
5,tas,female,20,1
5,nt,male,0,102
5,nt,male,1,89
5,nt,male,2,90
5,nt,male,3,93
5,nt,male,4,113
5,nt,male,5,123
5,nt,male,6,107
5,nt,male,7,100
5,nt,male,8,91
5,nt,male,9,90
5,nt,male,10,75
5,nt,male,11,70
5,nt,male,12,56
5,nt,male,13,35
5,nt,male,14,23
5,nt,male,15,9
5,nt,male,16,7
5,nt,female,0,90
5,nt,female,1,86
5,nt,female,2,81
5,nt,female,3,80
5,nt,female,4,89
5,nt,female,5,111
5,nt,female,6,99
5,nt,female,7,95
5,nt,female,8,92
5,nt,female,9,77
5,nt,female,10,72
5,nt,female,11,59
5,nt,female,12,43
5,nt,female,13,27
5,nt,female,14,15
5,nt,female,15,9
5,nt,female,16,5
5,nt,female,17,3
5,act,male,0,125
5,act,male,1,111
5,act,male,2,106
5,act,male,3,133
5,act,male,4,171
5,act,male,5,166
5,act,male,6,149
5,act,male,7,142
5,act,male,8,130
5,act,male,9,126
5,act,male,10,118
5,act,male,11,104
5,act,male,12,90
5,act,male,13,60
5,act,male,14,44
5,act,male,15,30
5,act,male,16,19
5,act,male,17,13
5,act,male,18,4
5,act,female,0,117
5,act,female,1,105
5,act,female,2,105
5,act,female,3,124
5,act,female,4,167
5,act,female,5,163
5,act,female,6,146
5,act,female,7,138
5,act,female,8,134
5,act,female,9,130
5,act,female,10,128
5,act,female,11,107
5,act,female,12,96
5,act,female,13,66
5,act,female,14,47
5,act,female,15,37
5,act,female,16,28
5,act,female,17,23
5,act,female,18,5
5,act,female,19,1
6,nsw,male,0,2467
6,nsw,male,1,2275
6,nsw,male,2,2280
6,nsw,male,3,2370
6,nsw,male,4,2584
6,nsw,male,5,2665
6,nsw,male,6,2481
6,nsw,male,7,2528
6,nsw,male,8,2430
6,nsw,male,9,2464
6,nsw,male,10,2370
6,nsw,male,11,2105
6,nsw,male,12,1965
6,nsw,male,13,1543
6,nsw,male,14,1159
6,nsw,male,15,860
6,nsw,male,16,654
6,nsw,male,17,346
6,nsw,male,18,111
6,nsw,male,19,15
6,nsw,male,20,2
6,nsw,female,0,2361
6,nsw,female,1,2159
6,nsw,female,2,2161
6,nsw,female,3,2237
6,nsw,female,4,2491
6,nsw,female,5,2638
6,nsw,female,6,2479
6,nsw,female,7,2584
6,nsw,female,8,2471
6,nsw,female,9,2499
6,nsw,female,10,2410
6,nsw,female,11,2146
6,nsw,female,12,1959
6,nsw,female,13,1558
6,nsw,female,14,1225
6,nsw,female,15,1010
6,nsw,female,16,870
6,nsw,female,17,586
6,nsw,female,18,246
6,nsw,female,19,68
6,nsw,female,20,9
6,vic,male,0,1809
6,vic,male,1,1682
6,vic,male,2,1688
6,vic,male,3,1817
6,vic,male,4,2166
6,vic,male,5,2159
6,vic,male,6,1943
6,vic,male,7,1957
6,vic,male,8,1941
6,vic,male,9,1849
6,vic,male,10,1757
6,vic,male,11,1582
6,vic,male,12,1437
6,vic,male,13,1108
6,vic,male,14,863
6,vic,male,15,647
6,vic,male,16,479
6,vic,male,17,246
6,vic,male,18,83
6,vic,male,19,19
6,vic,male,20,1
6,vic,female,0,1708
6,vic,female,1,1588
6,vic,female,2,1598
6,vic,female,3,1718
6,vic,female,4,2039
6,vic,female,5,2110
6,vic,female,6,1932
6,vic,female,7,1984
6,vic,female,8,1993
6,vic,female,9,1922
6,vic,female,10,1819
6,vic,female,11,1631
6,vic,female,12,1497
6,vic,female,13,1171
6,vic,female,14,920
6,vic,female,15,767
6,vic,female,16,657
6,vic,female,17,443
6,vic,female,18,177
6,vic,female,19,50
6,vic,female,20,7
6,qld,male,0,1577
6,qld,male,1,1470
6,qld,male,2,1488
6,qld,male,3,1534
6,qld,male,4,1646
6,qld,male,5,1678
6,qld,male,6,1502
6,qld,male,7,1588
6,qld,male,8,1550
6,qld,male,9,1518
6,qld,male,10,1435
6,qld,male,11,1307
6,qld,male,12,1216
6,qld,male,13,932
6,qld,male,14,680
6,qld,male,15,468
6,qld,male,16,341
6,qld,male,17,174
6,qld,male,18,57
6,qld,male,19,10
6,qld,male,20,1
6,qld,female,0,1508
6,qld,female,1,1404
6,qld,female,2,1418
6,qld,female,3,1470
6,qld,female,4,1592
6,qld,female,5,1628
6,qld,female,6,1508
6,qld,female,7,1600
6,qld,female,8,1569
6,qld,female,9,1557
6,qld,female,10,1475
6,qld,female,11,1307
6,qld,female,12,1201
6,qld,female,13,926
6,qld,female,14,677
6,qld,female,15,529
6,qld,female,16,434
6,qld,female,17,280
6,qld,female,18,121
6,qld,female,19,32
6,qld,female,20,3
6,sa,male,0,496
6,sa,male,1,486
6,sa,male,2,506
6,sa,male,3,546
6,sa,male,4,608
6,sa,male,5,587
6,sa,male,6,504
6,sa,male,7,545
6,sa,male,8,572
6,sa,male,9,575
6,sa,male,10,560
6,sa,male,11,505
6,sa,male,12,477
6,sa,male,13,364
6,sa,male,14,284
6,sa,male,15,215
6,sa,male,16,169
6,sa,male,17,92
6,sa,male,18,30
6,sa,male,19,3
6,sa,male,20,1
6,sa,female,0,497
6,sa,female,1,457
6,sa,female,2,484
6,sa,female,3,514
6,sa,female,4,562
6,sa,female,5,565
6,sa,female,6,504
6,sa,female,7,543
6,sa,female,8,568
6,sa,female,9,584
6,sa,female,10,575
6,sa,female,11,524
6,sa,female,12,495
6,sa,female,13,390
6,sa,female,14,309
6,sa,female,15,255
6,sa,female,16,229
6,sa,female,17,161
6,sa,female,18,67
6,sa,female,19,16
6,sa,female,20,3
6,wa,male,0,809
6,wa,male,1,732
6,wa,male,2,757
6,wa,male,3,792
6,wa,male,4,896
6,wa,male,5,952
6,wa,male,6,826
6,wa,male,7,850
6,wa,male,8,856
6,wa,male,9,821
6,wa,male,10,776
6,wa,male,11,689
6,wa,male,12,622
6,wa,male,13,451
6,wa,male,14,329
6,wa,male,15,235
6,wa,male,16,170
6,wa,male,17,81
6,wa,male,18,26
6,wa,male,19,6
6,wa,female,0,778
6,wa,female,1,713
6,wa,female,2,725
6,wa,female,3,756
6,wa,female,4,846
6,wa,female,5,879
6,wa,female,6,808
6,wa,female,7,830
6,wa,female,8,833
6,wa,female,9,813
6,wa,female,10,774
6,wa,female,11,696
6,wa,female,12,605
6,wa,female,13,448
6,wa,female,14,341
6,wa,female,15,268
6,wa,female,16,214
6,wa,female,17,146
6,wa,female,18,58
6,wa,female,19,19
6,wa,female,20,1
6,tas,male,0,169
6,tas,male,1,166
6,tas,male,2,175
6,tas,male,3,180
6,tas,male,4,179
6,tas,male,5,162
6,tas,male,6,142
6,tas,male,7,163
6,tas,male,8,175
6,tas,male,9,182
6,tas,male,10,187
6,tas,male,11,173
6,tas,male,12,165
6,tas,male,13,128
6,tas,male,14,95
6,tas,male,15,67
6,tas,male,16,52
6,tas,male,17,26
6,tas,male,18,5
6,tas,female,0,161
6,tas,female,1,154
6,tas,female,2,163
6,tas,female,3,171
6,tas,female,4,162
6,tas,female,5,153
6,tas,female,6,150
6,tas,female,7,172
6,tas,female,8,180
6,tas,female,9,185
6,tas,female,10,189
6,tas,female,11,177
6,tas,female,12,163
6,tas,female,13,122
6,tas,female,14,98
6,tas,female,15,79
6,tas,female,16,64
6,tas,female,17,47
6,tas,female,18,19
6,tas,female,19,7
6,tas,female,20,1
6,nt,male,0,103
6,nt,male,1,91
6,nt,male,2,89
6,nt,male,3,96
6,nt,male,4,115
6,nt,male,5,124
6,nt,male,6,108
6,nt,male,7,100
6,nt,male,8,92
6,nt,male,9,91
6,nt,male,10,73
6,nt,male,11,69
6,nt,male,12,57
6,nt,male,13,36
6,nt,male,14,23
6,nt,male,15,11
6,nt,male,16,7
6,nt,female,0,90
6,nt,female,1,86
6,nt,female,2,81
6,nt,female,3,80
6,nt,female,4,90
6,nt,female,5,111
6,nt,female,6,98
6,nt,female,7,99
6,nt,female,8,92
6,nt,female,9,77
6,nt,female,10,72
6,nt,female,11,60
6,nt,female,12,42
6,nt,female,13,29
6,nt,female,14,16
6,nt,female,15,9
6,nt,female,16,4
6,nt,female,17,3
6,act,male,0,125
6,act,male,1,112
6,act,male,2,107
6,act,male,3,133
6,act,male,4,173
6,act,male,5,166
6,act,male,6,152
6,act,male,7,142
6,act,male,8,129
6,act,male,9,130
6,act,male,10,116
6,act,male,11,104
6,act,male,12,91
6,act,male,13,62
6,act,male,14,43
6,act,male,15,31
6,act,male,16,19
6,act,male,17,13
6,act,male,18,4
6,act,female,0,118
6,act,female,1,106
6,act,female,2,106
6,act,female,3,124
6,act,female,4,167
6,act,female,5,166
6,act,female,6,149
6,act,female,7,141
6,act,female,8,135
6,act,female,9,130
6,act,female,10,128
6,act,female,11,107
6,act,female,12,97
6,act,female,13,66
6,act,female,14,48
6,act,female,15,37
6,act,female,16,29
6,act,female,17,21
6,act,female,18,5
6,act,female,19,1
7,nsw,male,0,2466
7,nsw,male,1,2275
7,nsw,male,2,2276
7,nsw,male,3,2370
7,nsw,male,4,2588
7,nsw,male,5,2676
7,nsw,male,6,2489
7,nsw,male,7,2524
7,nsw,male,8,2437
7,nsw,male,9,2458
7,nsw,male,10,2375
7,nsw,male,11,2104
7,nsw,male,12,1967
7,nsw,male,13,1549
7,nsw,male,14,1155
7,nsw,male,15,860
7,nsw,male,16,654
7,nsw,male,17,348
7,nsw,male,18,112
7,nsw,male,19,16
7,nsw,male,20,2
7,nsw,female,0,2365
7,nsw,female,1,2160
7,nsw,female,2,2153
7,nsw,female,3,2237
7,nsw,female,4,2494
7,nsw,female,5,2649
7,nsw,female,6,2481
7,nsw,female,7,2582
7,nsw,female,8,2474
7,nsw,female,9,2493
7,nsw,female,10,2409
7,nsw,female,11,2152
7,nsw,female,12,1961
7,nsw,female,13,1565
7,nsw,female,14,1226
7,nsw,female,15,1010
7,nsw,female,16,870
7,nsw,female,17,589
7,nsw,female,18,248
7,nsw,female,19,67
7,nsw,female,20,9
7,vic,male,0,1811
7,vic,male,1,1681
7,vic,male,2,1682
7,vic,male,3,1815
7,vic,male,4,2175
7,vic,male,5,2166
7,vic,male,6,1951
7,vic,male,7,1956
7,vic,male,8,1943
7,vic,male,9,1850
7,vic,male,10,1758
7,vic,male,11,1583
7,vic,male,12,1439
7,vic,male,13,1111
7,vic,male,14,867
7,vic,male,15,648
7,vic,male,16,481
7,vic,male,17,246
7,vic,male,18,83
7,vic,male,19,20
7,vic,male,20,1
7,vic,female,0,1726
7,vic,female,1,1592
7,vic,female,2,1600
7,vic,female,3,1716
7,vic,female,4,2040
7,vic,female,5,2121
7,vic,female,6,1934
7,vic,female,7,1982
7,vic,female,8,1991
7,vic,female,9,1914
7,vic,female,10,1823
7,vic,female,11,1631
7,vic,female,12,1500
7,vic,female,13,1177
7,vic,female,14,922
7,vic,female,15,769
7,vic,female,16,654
7,vic,female,17,443
7,vic,female,18,179
7,vic,female,19,50
7,vic,female,20,7
7,qld,male,0,1585
7,qld,male,1,1473
7,qld,male,2,1484
7,qld,male,3,1534
7,qld,male,4,1651
7,qld,male,5,1689
7,qld,male,6,1506
7,qld,male,7,1585
7,qld,male,8,1555
7,qld,male,9,1516
7,qld,male,10,1439
7,qld,male,11,1307
7,qld,male,12,1220
7,qld,male,13,935
7,qld,male,14,682
7,qld,male,15,468
7,qld,male,16,340
7,qld,male,17,177
7,qld,male,18,57
7,qld,male,19,11
7,qld,male,20,1
7,qld,female,0,1506
7,qld,female,1,1405
7,qld,female,2,1415
7,qld,female,3,1471
7,qld,female,4,1593
7,qld,female,5,1634
7,qld,female,6,1510
7,qld,female,7,1595
7,qld,female,8,1573
7,qld,female,9,1557
7,qld,female,10,1476
7,qld,female,11,1309
7,qld,female,12,1203
7,qld,female,13,928
7,qld,female,14,678
7,qld,female,15,528
7,qld,female,16,433
7,qld,female,17,279
7,qld,female,18,124
7,qld,female,19,32
7,qld,female,20,4
7,sa,male,0,501
7,sa,male,1,485
7,sa,male,2,505
7,sa,male,3,545
7,sa,male,4,608
7,sa,male,5,593
7,sa,male,6,507
7,sa,male,7,544
7,sa,male,8,572
7,sa,male,9,574
7,sa,male,10,561
7,sa,male,11,506
7,sa,male,12,476
7,sa,male,13,365
7,sa,male,14,284
7,sa,male,15,215
7,sa,male,16,170
7,sa,male,17,92
7,sa,male,18,29
7,sa,male,19,4
7,sa,male,20,1
7,sa,female,0,492
7,sa,female,1,458
7,sa,female,2,486
7,sa,female,3,515
7,sa,female,4,560
7,sa,female,5,566
7,sa,female,6,507
7,sa,female,7,543
7,sa,female,8,570
7,sa,female,9,584
7,sa,female,10,576
7,sa,female,11,525
7,sa,female,12,496
7,sa,female,13,392
7,sa,female,14,309
7,sa,female,15,256
7,sa,female,16,229
7,sa,female,17,164
7,sa,female,18,66
7,sa,female,19,17
7,sa,female,20,3
7,wa,male,0,811
7,wa,male,1,731
7,wa,male,2,756
7,wa,male,3,797
7,wa,male,4,902
7,wa,male,5,954
7,wa,male,6,827
7,wa,male,7,847
7,wa,male,8,864
7,wa,male,9,823
7,wa,male,10,777
7,wa,male,11,691
7,wa,male,12,624
7,wa,male,13,454
7,wa,male,14,331
7,wa,male,15,237
7,wa,male,16,168
7,wa,male,17,82
7,wa,male,18,27
7,wa,male,19,6
7,wa,female,0,773
7,wa,female,1,714
7,wa,female,2,726
7,wa,female,3,753
7,wa,female,4,852
7,wa,female,5,887
7,wa,female,6,810
7,wa,female,7,830
7,wa,female,8,839
7,wa,female,9,813
7,wa,female,10,772
7,wa,female,11,700
7,wa,female,12,605
7,wa,female,13,451
7,wa,female,14,341
7,wa,female,15,269
7,wa,female,16,216
7,wa,female,17,145
7,wa,female,18,59
7,wa,female,19,20
7,wa,female,20,1
7,tas,male,0,168
7,tas,male,1,167
7,tas,male,2,178
7,tas,male,3,180
7,tas,male,4,180
7,tas,male,5,164
7,tas,male,6,144
7,tas,male,7,164
7,tas,male,8,175
7,tas,male,9,182
7,tas,male,10,186
7,tas,male,11,173
7,tas,male,12,165
7,tas,male,13,128
7,tas,male,14,95
7,tas,male,15,66
7,tas,male,16,52
7,tas,male,17,26
7,tas,male,18,6
7,tas,female,0,162
7,tas,female,1,154
7,tas,female,2,162
7,tas,female,3,173
7,tas,female,4,163
7,tas,female,5,153
7,tas,female,6,153
7,tas,female,7,174
7,tas,female,8,180
7,tas,female,9,186
7,tas,female,10,191
7,tas,female,11,176
7,tas,female,12,164
7,tas,female,13,123
7,tas,female,14,98
7,tas,female,15,79
7,tas,female,16,65
7,tas,female,17,48
7,tas,female,18,18
7,tas,female,19,7
7,tas,female,20,1
7,nt,male,0,101
7,nt,male,1,90
7,nt,male,2,92
7,nt,male,3,97
7,nt,male,4,116
7,nt,male,5,125
7,nt,male,6,107
7,nt,male,7,103
7,nt,male,8,93
7,nt,male,9,92
7,nt,male,10,73
7,nt,male,11,70
7,nt,male,12,57
7,nt,male,13,36
7,nt,male,14,23
7,nt,male,15,13
7,nt,male,16,7
7,nt,female,0,88
7,nt,female,1,89
7,nt,female,2,81
7,nt,female,3,81
7,nt,female,4,90
7,nt,female,5,112
7,nt,female,6,101
7,nt,female,7,99
7,nt,female,8,94
7,nt,female,9,77
7,nt,female,10,75
7,nt,female,11,60
7,nt,female,12,43
7,nt,female,13,31
7,nt,female,14,16
7,nt,female,15,9
7,nt,female,16,4
7,nt,female,17,3
7,act,male,0,126
7,act,male,1,111
7,act,male,2,108
7,act,male,3,136
7,act,male,4,174
7,act,male,5,167
7,act,male,6,157
7,act,male,7,143
7,act,male,8,130
7,act,male,9,129
7,act,male,10,117
7,act,male,11,105
7,act,male,12,91
7,act,male,13,62
7,act,male,14,45
7,act,male,15,30
7,act,male,16,20
7,act,male,17,13
7,act,male,18,3
7,act,female,0,118
7,act,female,1,106
7,act,female,2,107
7,act,female,3,122
7,act,female,4,169
7,act,female,5,169
7,act,female,6,148
7,act,female,7,142
7,act,female,8,138
7,act,female,9,129
7,act,female,10,127
7,act,female,11,108
7,act,female,12,97
7,act,female,13,68
7,act,female,14,49
7,act,female,15,37
7,act,female,16,29
7,act,female,17,21
7,act,female,18,6
7,act,female,19,1
8,nsw,male,0,2459
8,nsw,male,1,2279
8,nsw,male,2,2272
8,nsw,male,3,2371
8,nsw,male,4,2597
8,nsw,male,5,2684
8,nsw,male,6,2495
8,nsw,male,7,2518
8,nsw,male,8,2434
8,nsw,male,9,2454
8,nsw,male,10,2377
8,nsw,male,11,2105
8,nsw,male,12,1970
8,nsw,male,13,1552
8,nsw,male,14,1155
8,nsw,male,15,862
8,nsw,male,16,655
8,nsw,male,17,352
8,nsw,male,18,109
8,nsw,male,19,17
8,nsw,male,20,2
8,nsw,female,0,2369
8,nsw,female,1,2164
8,nsw,female,2,2151
8,nsw,female,3,2234
8,nsw,female,4,2504
8,nsw,female,5,2659
8,nsw,female,6,2487
8,nsw,female,7,2573
8,nsw,female,8,2481
8,nsw,female,9,2491
8,nsw,female,10,2409
8,nsw,female,11,2150
8,nsw,female,12,1967
8,nsw,female,13,1570
8,nsw,female,14,1227
8,nsw,female,15,1007
8,nsw,female,16,872
8,nsw,female,17,586
8,nsw,female,18,252
8,nsw,female,19,68
8,nsw,female,20,9
8,vic,male,0,1812
8,vic,male,1,1682
8,vic,male,2,1679
8,vic,male,3,1810
8,vic,male,4,2175
8,vic,male,5,2177
8,vic,male,6,1953
8,vic,male,7,1958
8,vic,male,8,1943
8,vic,male,9,1850
8,vic,male,10,1759
8,vic,male,11,1583
8,vic,male,12,1443
8,vic,male,13,1116
8,vic,male,14,867
8,vic,male,15,646
8,vic,male,16,480
8,vic,male,17,244
8,vic,male,18,81
8,vic,male,19,21
8,vic,male,20,1
8,vic,female,0,1727
8,vic,female,1,1596
8,vic,female,2,1604
8,vic,female,3,1714
8,vic,female,4,2045
8,vic,female,5,2127
8,vic,female,6,1935
8,vic,female,7,1979
8,vic,female,8,1994
8,vic,female,9,1913
8,vic,female,10,1826
8,vic,female,11,1631
8,vic,female,12,1502
8,vic,female,13,1183
8,vic,female,14,922
8,vic,female,15,766
8,vic,female,16,655
8,vic,female,17,440
8,vic,female,18,182
8,vic,female,19,51
8,vic,female,20,7
8,qld,male,0,1588
8,qld,male,1,1473
8,qld,male,2,1483
8,qld,male,3,1534
8,qld,male,4,1655
8,qld,male,5,1695
8,qld,male,6,1510
8,qld,male,7,1581
8,qld,male,8,1562
8,qld,male,9,1512
8,qld,male,10,1436
8,qld,male,11,1307
8,qld,male,12,1222
8,qld,male,13,942
8,qld,male,14,684
8,qld,male,15,469
8,qld,male,16,339
8,qld,male,17,177
8,qld,male,18,58
8,qld,male,19,10
8,qld,male,20,1
8,qld,female,0,1504
8,qld,female,1,1405
8,qld,female,2,1414
8,qld,female,3,1474
8,qld,female,4,1592
8,qld,female,5,1642
8,qld,female,6,1508
8,qld,female,7,1592
8,qld,female,8,1580
8,qld,female,9,1556
8,qld,female,10,1478
8,qld,female,11,1311
8,qld,female,12,1208
8,qld,female,13,928
8,qld,female,14,678
8,qld,female,15,530
8,qld,female,16,433
8,qld,female,17,279
8,qld,female,18,125
8,qld,female,19,31
8,qld,female,20,4
8,sa,male,0,505
8,sa,male,1,484
8,sa,male,2,502
8,sa,male,3,544
8,sa,male,4,607
8,sa,male,5,594
8,sa,male,6,510
8,sa,male,7,541
8,sa,male,8,575
8,sa,male,9,573
8,sa,male,10,561
8,sa,male,11,506
8,sa,male,12,477
8,sa,male,13,366
8,sa,male,14,284
8,sa,male,15,215
8,sa,male,16,171
8,sa,male,17,93
8,sa,male,18,28
8,sa,male,19,4
8,sa,male,20,1
8,sa,female,0,498
8,sa,female,1,459
8,sa,female,2,485
8,sa,female,3,515
8,sa,female,4,561
8,sa,female,5,570
8,sa,female,6,506
8,sa,female,7,545
8,sa,female,8,566
8,sa,female,9,585
8,sa,female,10,576
8,sa,female,11,526
8,sa,female,12,497
8,sa,female,13,395
8,sa,female,14,309
8,sa,female,15,258
8,sa,female,16,229
8,sa,female,17,165
8,sa,female,18,65
8,sa,female,19,18
8,sa,female,20,3
8,wa,male,0,810
8,wa,male,1,734
8,wa,male,2,754
8,wa,male,3,800
8,wa,male,4,904
8,wa,male,5,960
8,wa,male,6,832
8,wa,male,7,845
8,wa,male,8,869
8,wa,male,9,823
8,wa,male,10,778
8,wa,male,11,695
8,wa,male,12,626
8,wa,male,13,455
8,wa,male,14,334
8,wa,male,15,236
8,wa,male,16,169
8,wa,male,17,82
8,wa,male,18,28
8,wa,male,19,6
8,wa,female,0,770
8,wa,female,1,715
8,wa,female,2,726
8,wa,female,3,752
8,wa,female,4,853
8,wa,female,5,899
8,wa,female,6,812
8,wa,female,7,831
8,wa,female,8,840
8,wa,female,9,813
8,wa,female,10,774
8,wa,female,11,702
8,wa,female,12,607
8,wa,female,13,454
8,wa,female,14,342
8,wa,female,15,270
8,wa,female,16,217
8,wa,female,17,145
8,wa,female,18,59
8,wa,female,19,21
8,wa,female,20,1
8,tas,male,0,168
8,tas,male,1,167
8,tas,male,2,178
8,tas,male,3,181
8,tas,male,4,181
8,tas,male,5,164
8,tas,male,6,147
8,tas,male,7,165
8,tas,male,8,175
8,tas,male,9,183
8,tas,male,10,186
8,tas,male,11,177
8,tas,male,12,165
8,tas,male,13,129
8,tas,male,14,95
8,tas,male,15,67
8,tas,male,16,52
8,tas,male,17,27
8,tas,male,18,5
8,tas,female,0,159
8,tas,female,1,154
8,tas,female,2,163
8,tas,female,3,174
8,tas,female,4,162
8,tas,female,5,155
8,tas,female,6,155
8,tas,female,7,171
8,tas,female,8,182
8,tas,female,9,183
8,tas,female,10,192
8,tas,female,11,177
8,tas,female,12,164
8,tas,female,13,123
8,tas,female,14,99
8,tas,female,15,78
8,tas,female,16,64
8,tas,female,17,48
8,tas,female,18,19
8,tas,female,19,7
8,tas,female,20,1
8,nt,male,0,101
8,nt,male,1,92
8,nt,male,2,94
8,nt,male,3,96
8,nt,male,4,116
8,nt,male,5,125
8,nt,male,6,108
8,nt,male,7,106
8,nt,male,8,92
8,nt,male,9,93
8,nt,male,10,74
8,nt,male,11,70
8,nt,male,12,59
8,nt,male,13,36
8,nt,male,14,23
8,nt,male,15,13
8,nt,male,16,7
8,nt,female,0,92
8,nt,female,1,90
8,nt,female,2,81
8,nt,female,3,80
8,nt,female,4,89
8,nt,female,5,113
8,nt,female,6,100
8,nt,female,7,101
8,nt,female,8,94
8,nt,female,9,77
8,nt,female,10,76
8,nt,female,11,61
8,nt,female,12,43
8,nt,female,13,31
8,nt,female,14,17
8,nt,female,15,9
8,nt,female,16,4
8,nt,female,17,3
8,act,male,0,129
8,act,male,1,112
8,act,male,2,108
8,act,male,3,133
8,act,male,4,176
8,act,male,5,170
8,act,male,6,159
8,act,male,7,145
8,act,male,8,131
8,act,male,9,129
8,act,male,10,120
8,act,male,11,104
8,act,male,12,92
8,act,male,13,62
8,act,male,14,47
8,act,male,15,30
8,act,male,16,19
8,act,male,17,14
8,act,male,18,4
8,act,female,0,120
8,act,female,1,108
8,act,female,2,109
8,act,female,3,121
8,act,female,4,169
8,act,female,5,171
8,act,female,6,149
8,act,female,7,143
8,act,female,8,139
8,act,female,9,128
8,act,female,10,128
8,act,female,11,110
8,act,female,12,97
8,act,female,13,68
8,act,female,14,49
8,act,female,15,38
8,act,female,16,29
8,act,female,17,21
8,act,female,18,5
8,act,female,19,1
9,nsw,male,0,2466
9,nsw,male,1,2279
9,nsw,male,2,2270
9,nsw,male,3,2368
9,nsw,male,4,2605
9,nsw,male,5,2692
9,nsw,male,6,2505
9,nsw,male,7,2515
9,nsw,male,8,2441
9,nsw,male,9,2449
9,nsw,male,10,2379
9,nsw,male,11,2104
9,nsw,male,12,1972
9,nsw,male,13,1557
9,nsw,male,14,1158
9,nsw,male,15,863
9,nsw,male,16,657
9,nsw,male,17,353
9,nsw,male,18,111
9,nsw,male,19,18
9,nsw,male,20,2
9,nsw,female,0,2374
9,nsw,female,1,2161
9,nsw,female,2,2148
9,nsw,female,3,2231
9,nsw,female,4,2514
9,nsw,female,5,2660
9,nsw,female,6,2497
9,nsw,female,7,2570
9,nsw,female,8,2481
9,nsw,female,9,2486
9,nsw,female,10,2411
9,nsw,female,11,2149
9,nsw,female,12,1970
9,nsw,female,13,1573
9,nsw,female,14,1231
9,nsw,female,15,1006
9,nsw,female,16,871
9,nsw,female,17,590
9,nsw,female,18,253
9,nsw,female,19,68
9,nsw,female,20,8
9,vic,male,0,1809
9,vic,male,1,1681
9,vic,male,2,1676
9,vic,male,3,1809
9,vic,male,4,2179
9,vic,male,5,2181
9,vic,male,6,1955
9,vic,male,7,1956
9,vic,male,8,1945
9,vic,male,9,1850
9,vic,male,10,1758
9,vic,male,11,1585
9,vic,male,12,1444
9,vic,male,13,1121
9,vic,male,14,870
9,vic,male,15,648
9,vic,male,16,479
9,vic,male,17,248
9,vic,male,18,80
9,vic,male,19,18
9,vic,male,20,1
9,vic,female,0,1743
9,vic,female,1,1598
9,vic,female,2,1603
9,vic,female,3,1710
9,vic,female,4,2052
9,vic,female,5,2129
9,vic,female,6,1944
9,vic,female,7,1975
9,vic,female,8,1998
9,vic,female,9,1914
9,vic,female,10,1826
9,vic,female,11,1633
9,vic,female,12,1503
9,vic,female,13,1186
9,vic,female,14,921
9,vic,female,15,764
9,vic,female,16,656
9,vic,female,17,438
9,vic,female,18,182
9,vic,female,19,50
9,vic,female,20,7
9,qld,male,0,1596
9,qld,male,1,1476
9,qld,male,2,1481
9,qld,male,3,1532
9,qld,male,4,1657
9,qld,male,5,1699
9,qld,male,6,1508
9,qld,male,7,1581
9,qld,male,8,1563
9,qld,male,9,1512
9,qld,male,10,1440
9,qld,male,11,1306
9,qld,male,12,1224
9,qld,male,13,943
9,qld,male,14,682
9,qld,male,15,471
9,qld,male,16,340
9,qld,male,17,179
9,qld,male,18,57
9,qld,male,19,11
9,qld,male,20,1
9,qld,female,0,1504
9,qld,female,1,1407
9,qld,female,2,1410
9,qld,female,3,1468
9,qld,female,4,1598
9,qld,female,5,1648
9,qld,female,6,1511
9,qld,female,7,1594
9,qld,female,8,1582
9,qld,female,9,1553
9,qld,female,10,1485
9,qld,female,11,1316
9,qld,female,12,1207
9,qld,female,13,934
9,qld,female,14,678
9,qld,female,15,530
9,qld,female,16,431
9,qld,female,17,279
9,qld,female,18,125
9,qld,female,19,32
9,qld,female,20,4
9,sa,male,0,503
9,sa,male,1,485
9,sa,male,2,501
9,sa,male,3,543
9,sa,male,4,608
9,sa,male,5,598
9,sa,male,6,512
9,sa,male,7,540
9,sa,male,8,577
9,sa,male,9,572
9,sa,male,10,562
9,sa,male,11,507
9,sa,male,12,476
9,sa,male,13,365
9,sa,male,14,285
9,sa,male,15,216
9,sa,male,16,170
9,sa,male,17,92
9,sa,male,18,29
9,sa,male,19,4
9,sa,male,20,1
9,sa,female,0,500
9,sa,female,1,458
9,sa,female,2,487
9,sa,female,3,514
9,sa,female,4,563
9,sa,female,5,574
9,sa,female,6,509
9,sa,female,7,543
9,sa,female,8,568
9,sa,female,9,581
9,sa,female,10,575
9,sa,female,11,526
9,sa,female,12,498
9,sa,female,13,394
9,sa,female,14,308
9,sa,female,15,258
9,sa,female,16,229
9,sa,female,17,166
9,sa,female,18,66
9,sa,female,19,17
9,sa,female,20,2
9,wa,male,0,811
9,wa,male,1,737
9,wa,male,2,755
9,wa,male,3,798
9,wa,male,4,905
9,wa,male,5,971
9,wa,male,6,833
9,wa,male,7,848
9,wa,male,8,869
9,wa,male,9,825
9,wa,male,10,779
9,wa,male,11,698
9,wa,male,12,630
9,wa,male,13,457
9,wa,male,14,335
9,wa,male,15,236
9,wa,male,16,169
9,wa,male,17,83
9,wa,male,18,29
9,wa,male,19,6
9,wa,female,0,770
9,wa,female,1,719
9,wa,female,2,726
9,wa,female,3,752
9,wa,female,4,849
9,wa,female,5,912
9,wa,female,6,815
9,wa,female,7,829
9,wa,female,8,842
9,wa,female,9,811
9,wa,female,10,778
9,wa,female,11,704
9,wa,female,12,606
9,wa,female,13,456
9,wa,female,14,342
9,wa,female,15,271
9,wa,female,16,216
9,wa,female,17,144
9,wa,female,18,60
9,wa,female,19,20
9,wa,female,20,1
9,tas,male,0,168
9,tas,male,1,167
9,tas,male,2,178
9,tas,male,3,181
9,tas,male,4,184
9,tas,male,5,167
9,tas,male,6,147
9,tas,male,7,167
9,tas,male,8,177
9,tas,male,9,183
9,tas,male,10,187
9,tas,male,11,178
9,tas,male,12,166
9,tas,male,13,129
9,tas,male,14,96
9,tas,male,15,67
9,tas,male,16,53
9,tas,male,17,27
9,tas,male,18,5
9,tas,female,0,163
9,tas,female,1,155
9,tas,female,2,163
9,tas,female,3,174
9,tas,female,4,164
9,tas,female,5,155
9,tas,female,6,156
9,tas,female,7,172
9,tas,female,8,184
9,tas,female,9,182
9,tas,female,10,193
9,tas,female,11,177
9,tas,female,12,164
9,tas,female,13,124
9,tas,female,14,99
9,tas,female,15,79
9,tas,female,16,64
9,tas,female,17,49
9,tas,female,18,19
9,tas,female,19,7
9,tas,female,20,1
9,nt,male,0,103
9,nt,male,1,90
9,nt,male,2,96
9,nt,male,3,97
9,nt,male,4,117
9,nt,male,5,126
9,nt,male,6,112
9,nt,male,7,105
9,nt,male,8,91
9,nt,male,9,93
9,nt,male,10,75
9,nt,male,11,70
9,nt,male,12,60
9,nt,male,13,36
9,nt,male,14,24
9,nt,male,15,13
9,nt,male,16,7
9,nt,female,0,92
9,nt,female,1,90
9,nt,female,2,82
9,nt,female,3,82
9,nt,female,4,88
9,nt,female,5,114
9,nt,female,6,103
9,nt,female,7,101
9,nt,female,8,94
9,nt,female,9,78
9,nt,female,10,74
9,nt,female,11,60
9,nt,female,12,45
9,nt,female,13,32
9,nt,female,14,17
9,nt,female,15,9
9,nt,female,16,4
9,nt,female,17,3
9,act,male,0,132
9,act,male,1,112
9,act,male,2,108
9,act,male,3,134
9,act,male,4,176
9,act,male,5,171
9,act,male,6,159
9,act,male,7,146
9,act,male,8,132
9,act,male,9,129
9,act,male,10,121
9,act,male,11,104
9,act,male,12,92
9,act,male,13,62
9,act,male,14,48
9,act,male,15,29
9,act,male,16,20
9,act,male,17,14
9,act,male,18,4
9,act,female,0,122
9,act,female,1,109
9,act,female,2,111
9,act,female,3,122
9,act,female,4,172
9,act,female,5,170
9,act,female,6,149
9,act,female,7,142
9,act,female,8,141
9,act,female,9,128
9,act,female,10,128
9,act,female,11,110
9,act,female,12,98
9,act,female,13,69
9,act,female,14,50
9,act,female,15,37
9,act,female,16,29
9,act,female,17,22
9,act,female,18,5
9,act,female,19,1
10,nsw,male,0,2458
10,nsw,male,1,2281
10,nsw,male,2,2269
10,nsw,male,3,2369
10,nsw,male,4,2610
10,nsw,male,5,2706
10,nsw,male,6,2515
10,nsw,male,7,2510
10,nsw,male,8,2441
10,nsw,male,9,2445
10,nsw,male,10,2384
10,nsw,male,11,2105
10,nsw,male,12,1972
10,nsw,male,13,1568
10,nsw,male,14,1161
10,nsw,male,15,864
10,nsw,male,16,660
10,nsw,male,17,353
10,nsw,male,18,114
10,nsw,male,19,18
10,nsw,male,20,2
10,nsw,female,0,2381
10,nsw,female,1,2161
10,nsw,female,2,2147
10,nsw,female,3,2228
10,nsw,female,4,2519
10,nsw,female,5,2673
10,nsw,female,6,2495
10,nsw,female,7,2564
10,nsw,female,8,2482
10,nsw,female,9,2484
10,nsw,female,10,2414
10,nsw,female,11,2149
10,nsw,female,12,1975
10,nsw,female,13,1581
10,nsw,female,14,1234
10,nsw,female,15,1005
10,nsw,female,16,873
10,nsw,female,17,589
10,nsw,female,18,258
10,nsw,female,19,67
10,nsw,female,20,7
10,vic,male,0,1805
10,vic,male,1,1681
10,vic,male,2,1673
10,vic,male,3,1808
10,vic,male,4,2176
10,vic,male,5,2187
10,vic,male,6,1960
10,vic,male,7,1953
10,vic,male,8,1948
10,vic,male,9,1846
10,vic,male,10,1759
10,vic,male,11,1583
10,vic,male,12,1445
10,vic,male,13,1125
10,vic,male,14,868
10,vic,male,15,651
10,vic,male,16,477
10,vic,male,17,249
10,vic,male,18,80
10,vic,male,19,19
10,vic,male,20,1
10,vic,female,0,1745
10,vic,female,1,1601
10,vic,female,2,1599
10,vic,female,3,1708
10,vic,female,4,2050
10,vic,female,5,2134
10,vic,female,6,1948
10,vic,female,7,1971
10,vic,female,8,2005
10,vic,female,9,1911
10,vic,female,10,1825
10,vic,female,11,1636
10,vic,female,12,1504
10,vic,female,13,1190
10,vic,female,14,922
10,vic,female,15,763
10,vic,female,16,652
10,vic,female,17,437
10,vic,female,18,180
10,vic,female,19,50
10,vic,female,20,7
10,qld,male,0,1597
10,qld,male,1,1481
10,qld,male,2,1482
10,qld,male,3,1530
10,qld,male,4,1662
10,qld,male,5,1706
10,qld,male,6,1511
10,qld,male,7,1574
10,qld,male,8,1564
10,qld,male,9,1510
10,qld,male,10,1442
10,qld,male,11,1309
10,qld,male,12,1227
10,qld,male,13,945
10,qld,male,14,685
10,qld,male,15,470
10,qld,male,16,341
10,qld,male,17,180
10,qld,male,18,59
10,qld,male,19,11
10,qld,male,20,1
10,qld,female,0,1513
10,qld,female,1,1408
10,qld,female,2,1415
10,qld,female,3,1470
10,qld,female,4,1604
10,qld,female,5,1651
10,qld,female,6,1513
10,qld,female,7,1590
10,qld,female,8,1581
10,qld,female,9,1553
10,qld,female,10,1488
10,qld,female,11,1316
10,qld,female,12,1208
10,qld,female,13,938
10,qld,female,14,680
10,qld,female,15,528
10,qld,female,16,430
10,qld,female,17,275
10,qld,female,18,125
10,qld,female,19,33
10,qld,female,20,3
10,sa,male,0,500
10,sa,male,1,485
10,sa,male,2,503
10,sa,male,3,542
10,sa,male,4,607
10,sa,male,5,600
10,sa,male,6,516
10,sa,male,7,538
10,sa,male,8,578
10,sa,male,9,571
10,sa,male,10,563
10,sa,male,11,510
10,sa,male,12,473
10,sa,male,13,368
10,sa,male,14,286
10,sa,male,15,213
10,sa,male,16,169
10,sa,male,17,91
10,sa,male,18,29
10,sa,male,19,4
10,sa,male,20,1
10,sa,female,0,501
10,sa,female,1,458
10,sa,female,2,486
10,sa,female,3,515
10,sa,female,4,568
10,sa,female,5,574
10,sa,female,6,512
10,sa,female,7,539
10,sa,female,8,571
10,sa,female,9,578
10,sa,female,10,575
10,sa,female,11,526
10,sa,female,12,499
10,sa,female,13,396
10,sa,female,14,308
10,sa,female,15,260
10,sa,female,16,229
10,sa,female,17,164
10,sa,female,18,68
10,sa,female,19,17
10,sa,female,20,2
10,wa,male,0,809
10,wa,male,1,737
10,wa,male,2,754
10,wa,male,3,796
10,wa,male,4,910
10,wa,male,5,976
10,wa,male,6,839
10,wa,male,7,846
10,wa,male,8,872
10,wa,male,9,826
10,wa,male,10,780
10,wa,male,11,698
10,wa,male,12,630
10,wa,male,13,459
10,wa,male,14,335
10,wa,male,15,237
10,wa,male,16,169
10,wa,male,17,82
10,wa,male,18,30
10,wa,male,19,5
10,wa,female,0,764
10,wa,female,1,721
10,wa,female,2,725
10,wa,female,3,752
10,wa,female,4,853
10,wa,female,5,917
10,wa,female,6,818
10,wa,female,7,829
10,wa,female,8,844
10,wa,female,9,813
10,wa,female,10,783
10,wa,female,11,705
10,wa,female,12,611
10,wa,female,13,455
10,wa,female,14,343
10,wa,female,15,271
10,wa,female,16,217
10,wa,female,17,143
10,wa,female,18,59
10,wa,female,19,21
10,wa,female,20,1
10,tas,male,0,168
10,tas,male,1,168
10,tas,male,2,177
10,tas,male,3,182
10,tas,male,4,185
10,tas,male,5,168
10,tas,male,6,146
10,tas,male,7,167
10,tas,male,8,177
10,tas,male,9,183
10,tas,male,10,187
10,tas,male,11,178
10,tas,male,12,168
10,tas,male,13,129
10,tas,male,14,97
10,tas,male,15,67
10,tas,male,16,53
10,tas,male,17,28
10,tas,male,18,4
10,tas,female,0,166
10,tas,female,1,155
10,tas,female,2,163
10,tas,female,3,175
10,tas,female,4,164
10,tas,female,5,156
10,tas,female,6,159
10,tas,female,7,170
10,tas,female,8,188
10,tas,female,9,184
10,tas,female,10,194
10,tas,female,11,177
10,tas,female,12,166
10,tas,female,13,123
10,tas,female,14,99
10,tas,female,15,78
10,tas,female,16,64
10,tas,female,17,49
10,tas,female,18,19
10,tas,female,19,7
10,tas,female,20,1
10,nt,male,0,103
10,nt,male,1,91
10,nt,male,2,95
10,nt,male,3,96
10,nt,male,4,118
10,nt,male,5,127
10,nt,male,6,112
10,nt,male,7,105
10,nt,male,8,93
10,nt,male,9,93
10,nt,male,10,75
10,nt,male,11,70
10,nt,male,12,60
10,nt,male,13,37
10,nt,male,14,24
10,nt,male,15,13
10,nt,male,16,7
10,nt,female,0,94
10,nt,female,1,91
10,nt,female,2,84
10,nt,female,3,82
10,nt,female,4,88
10,nt,female,5,117
10,nt,female,6,103
10,nt,female,7,103
10,nt,female,8,95
10,nt,female,9,77
10,nt,female,10,74
10,nt,female,11,62
10,nt,female,12,45
10,nt,female,13,33
10,nt,female,14,17
10,nt,female,15,9
10,nt,female,16,4
10,nt,female,17,3
10,act,male,0,131
10,act,male,1,112
10,act,male,2,108
10,act,male,3,133
10,act,male,4,176
10,act,male,5,174
10,act,male,6,159
10,act,male,7,146
10,act,male,8,134
10,act,male,9,129
10,act,male,10,122
10,act,male,11,104
10,act,male,12,93
10,act,male,13,62
10,act,male,14,48
10,act,male,15,30
10,act,male,16,20
10,act,male,17,14
10,act,male,18,4
10,act,female,0,121
10,act,female,1,109
10,act,female,2,114
10,act,female,3,124
10,act,female,4,173
10,act,female,5,170
10,act,female,6,152
10,act,female,7,144
10,act,female,8,140
10,act,female,9,129
10,act,female,10,129
10,act,female,11,110
10,act,female,12,99
10,act,female,13,69
10,act,female,14,50
10,act,female,15,38
10,act,female,16,29
10,act,female,17,22
10,act,female,18,5
10,act,female,19,1
11,nsw,male,0,2469
11,nsw,male,1,2284
11,nsw,male,2,2268
11,nsw,male,3,2366
11,nsw,male,4,2616
11,nsw,male,5,2714
11,nsw,male,6,2523
11,nsw,male,7,2507
11,nsw,male,8,2444
11,nsw,male,9,2443
11,nsw,male,10,2389
11,nsw,male,11,2106
11,nsw,male,12,1968
11,nsw,male,13,1572
11,nsw,male,14,1162
11,nsw,male,15,867
11,nsw,male,16,658
11,nsw,male,17,355
11,nsw,male,18,116
11,nsw,male,19,19
11,nsw,male,20,2
11,nsw,female,0,2385
11,nsw,female,1,2162
11,nsw,female,2,2146
11,nsw,female,3,2229
11,nsw,female,4,2530
11,nsw,female,5,2681
11,nsw,female,6,2509
11,nsw,female,7,2564
11,nsw,female,8,2485
11,nsw,female,9,2483
11,nsw,female,10,2417
11,nsw,female,11,2151
11,nsw,female,12,1975
11,nsw,female,13,1590
11,nsw,female,14,1235
11,nsw,female,15,1006
11,nsw,female,16,875
11,nsw,female,17,584
11,nsw,female,18,261
11,nsw,female,19,68
11,nsw,female,20,8
11,vic,male,0,1807
11,vic,male,1,1682
11,vic,male,2,1672
11,vic,male,3,1810
11,vic,male,4,2176
11,vic,male,5,2196
11,vic,male,6,1965
11,vic,male,7,1952
11,vic,male,8,1953
11,vic,male,9,1845
11,vic,male,10,1760
11,vic,male,11,1581
11,vic,male,12,1448
11,vic,male,13,1131
11,vic,male,14,868
11,vic,male,15,649
11,vic,male,16,482
11,vic,male,17,250
11,vic,male,18,80
11,vic,male,19,18
11,vic,male,20,1
11,vic,female,0,1742
11,vic,female,1,1602
11,vic,female,2,1597
11,vic,female,3,1704
11,vic,female,4,2052
11,vic,female,5,2132
11,vic,female,6,1954
11,vic,female,7,1968
11,vic,female,8,2009
11,vic,female,9,1908
11,vic,female,10,1827
11,vic,female,11,1639
11,vic,female,12,1507
11,vic,female,13,1195
11,vic,female,14,924
11,vic,female,15,761
11,vic,female,16,654
11,vic,female,17,434
11,vic,female,18,183
11,vic,female,19,48
11,vic,female,20,8
11,qld,male,0,1595
11,qld,male,1,1480
11,qld,male,2,1482
11,qld,male,3,1526
11,qld,male,4,1658
11,qld,male,5,1714
11,qld,male,6,1520
11,qld,male,7,1570
11,qld,male,8,1567
11,qld,male,9,1512
11,qld,male,10,1442
11,qld,male,11,1311
11,qld,male,12,1227
11,qld,male,13,947
11,qld,male,14,687
11,qld,male,15,470
11,qld,male,16,344
11,qld,male,17,180
11,qld,male,18,58
11,qld,male,19,11
11,qld,male,20,2
11,qld,female,0,1521
11,qld,female,1,1409
11,qld,female,2,1414
11,qld,female,3,1465
11,qld,female,4,1604
11,qld,female,5,1656
11,qld,female,6,1514
11,qld,female,7,1585
11,qld,female,8,1582
11,qld,female,9,1550
11,qld,female,10,1488
11,qld,female,11,1321
11,qld,female,12,1210
11,qld,female,13,939
11,qld,female,14,682
11,qld,female,15,527
11,qld,female,16,430
11,qld,female,17,276
11,qld,female,18,126
11,qld,female,19,34
11,qld,female,20,4
11,sa,male,0,503
11,sa,male,1,487
11,sa,male,2,500
11,sa,male,3,544
11,sa,male,4,610
11,sa,male,5,603
11,sa,male,6,519
11,sa,male,7,538
11,sa,male,8,576
11,sa,male,9,570
11,sa,male,10,564
11,sa,male,11,510
11,sa,male,12,476
11,sa,male,13,369
11,sa,male,14,286
11,sa,male,15,214
11,sa,male,16,169
11,sa,male,17,91
11,sa,male,18,28
11,sa,male,19,5
11,sa,male,20,1
11,sa,female,0,503
11,sa,female,1,458
11,sa,female,2,481
11,sa,female,3,517
11,sa,female,4,570
11,sa,female,5,575
11,sa,female,6,512
11,sa,female,7,536
11,sa,female,8,569
11,sa,female,9,581
11,sa,female,10,575
11,sa,female,11,529
11,sa,female,12,499
11,sa,female,13,397
11,sa,female,14,308
11,sa,female,15,258
11,sa,female,16,230
11,sa,female,17,163
11,sa,female,18,69
11,sa,female,19,17
11,sa,female,20,3
11,wa,male,0,805
11,wa,male,1,740
11,wa,male,2,757
11,wa,male,3,795
11,wa,male,4,914
11,wa,male,5,984
11,wa,male,6,845
11,wa,male,7,845
11,wa,male,8,876
11,wa,male,9,825
11,wa,male,10,780
11,wa,male,11,701
11,wa,male,12,633
11,wa,male,13,461
11,wa,male,14,337
11,wa,male,15,238
11,wa,male,16,169
11,wa,male,17,85
11,wa,male,18,29
11,wa,male,19,5
11,wa,male,20,1
11,wa,female,0,768
11,wa,female,1,722
11,wa,female,2,723
11,wa,female,3,751
11,wa,female,4,853
11,wa,female,5,921
11,wa,female,6,817
11,wa,female,7,827
11,wa,female,8,847
11,wa,female,9,811
11,wa,female,10,783
11,wa,female,11,703
11,wa,female,12,614
11,wa,female,13,458
11,wa,female,14,343
11,wa,female,15,272
11,wa,female,16,218
11,wa,female,17,144
11,wa,female,18,60
11,wa,female,19,20
11,wa,female,20,2
11,tas,male,0,167
11,tas,male,1,167
11,tas,male,2,178
11,tas,male,3,182
11,tas,male,4,186
11,tas,male,5,169
11,tas,male,6,148
11,tas,male,7,166
11,tas,male,8,177
11,tas,male,9,181
11,tas,male,10,188
11,tas,male,11,179
11,tas,male,12,168
11,tas,male,13,130
11,tas,male,14,95
11,tas,male,15,67
11,tas,male,16,54
11,tas,male,17,28
11,tas,male,18,4
11,tas,male,19,1
11,tas,female,0,163
11,tas,female,1,155
11,tas,female,2,163
11,tas,female,3,175
11,tas,female,4,163
11,tas,female,5,157
11,tas,female,6,159
11,tas,female,7,168
11,tas,female,8,194
11,tas,female,9,181
11,tas,female,10,195
11,tas,female,11,177
11,tas,female,12,168
11,tas,female,13,123
11,tas,female,14,99
11,tas,female,15,78
11,tas,female,16,63
11,tas,female,17,49
11,tas,female,18,19
11,tas,female,19,8
11,tas,female,20,1
11,nt,male,0,107
11,nt,male,1,90
11,nt,male,2,95
11,nt,male,3,98
11,nt,male,4,119
11,nt,male,5,128
11,nt,male,6,110
11,nt,male,7,106
11,nt,male,8,93
11,nt,male,9,93
11,nt,male,10,76
11,nt,male,11,70
11,nt,male,12,61
11,nt,male,13,37
11,nt,male,14,25
11,nt,male,15,13
11,nt,male,16,7
11,nt,male,17,1
11,nt,female,0,96
11,nt,female,1,91
11,nt,female,2,83
11,nt,female,3,81
11,nt,female,4,90
11,nt,female,5,118
11,nt,female,6,103
11,nt,female,7,103
11,nt,female,8,95
11,nt,female,9,77
11,nt,female,10,74
11,nt,female,11,62
11,nt,female,12,44
11,nt,female,13,33
11,nt,female,14,17
11,nt,female,15,10
11,nt,female,16,4
11,nt,female,17,4
11,act,male,0,131
11,act,male,1,112
11,act,male,2,108
11,act,male,3,133
11,act,male,4,177
11,act,male,5,175
11,act,male,6,157
11,act,male,7,146
11,act,male,8,136
11,act,male,9,131
11,act,male,10,121
11,act,male,11,103
11,act,male,12,93
11,act,male,13,63
11,act,male,14,48
11,act,male,15,31
11,act,male,16,19
11,act,male,17,14
11,act,male,18,5
11,act,female,0,127
11,act,female,1,110
11,act,female,2,114
11,act,female,3,124
11,act,female,4,173
11,act,female,5,171
11,act,female,6,152
11,act,female,7,143
11,act,female,8,144
11,act,female,9,129
11,act,female,10,132
11,act,female,11,109
11,act,female,12,99
11,act,female,13,70
11,act,female,14,50
11,act,female,15,38
11,act,female,16,29
11,act,female,17,23
11,act,female,18,5
11,act,female,19,1
12,nsw,male,0,2462
12,nsw,male,1,2286
12,nsw,male,2,2272
12,nsw,male,3,2367
12,nsw,male,4,2622
12,nsw,male,5,2719
12,nsw,male,6,2536
12,nsw,male,7,2503
12,nsw,male,8,2444
12,nsw,male,9,2440
12,nsw,male,10,2388
12,nsw,male,11,2109
12,nsw,male,12,1966
12,nsw,male,13,1581
12,nsw,male,14,1165
12,nsw,male,15,867
12,nsw,male,16,657
12,nsw,male,17,357
12,nsw,male,18,119
12,nsw,male,19,18
12,nsw,male,20,2
12,nsw,female,0,2386
12,nsw,female,1,2166
12,nsw,female,2,2143
12,nsw,female,3,2230
12,nsw,female,4,2528
12,nsw,female,5,2691
12,nsw,female,6,2516
12,nsw,female,7,2561
12,nsw,female,8,2487
12,nsw,female,9,2479
12,nsw,female,10,2420
12,nsw,female,11,2156
12,nsw,female,12,1973
12,nsw,female,13,1602
12,nsw,female,14,1236
12,nsw,female,15,1010
12,nsw,female,16,874
12,nsw,female,17,587
12,nsw,female,18,262
12,nsw,female,19,69
12,nsw,female,20,8
12,vic,male,0,1810
12,vic,male,1,1684
12,vic,male,2,1672
12,vic,male,3,1809
12,vic,male,4,2174
12,vic,male,5,2203
12,vic,male,6,1967
12,vic,male,7,1954
12,vic,male,8,1952
12,vic,male,9,1843
12,vic,male,10,1757
12,vic,male,11,1582
12,vic,male,12,1446
12,vic,male,13,1135
12,vic,male,14,866
12,vic,male,15,648
12,vic,male,16,483
12,vic,male,17,252
12,vic,male,18,80
12,vic,male,19,18
12,vic,male,20,1
12,vic,female,0,1741
12,vic,female,1,1604
12,vic,female,2,1590
12,vic,female,3,1701
12,vic,female,4,2058
12,vic,female,5,2125
12,vic,female,6,1961
12,vic,female,7,1970
12,vic,female,8,2013
12,vic,female,9,1908
12,vic,female,10,1829
12,vic,female,11,1640
12,vic,female,12,1507
12,vic,female,13,1201
12,vic,female,14,926
12,vic,female,15,765
12,vic,female,16,653
12,vic,female,17,434
12,vic,female,18,186
12,vic,female,19,50
12,vic,female,20,8
12,qld,male,0,1594
12,qld,male,1,1478
12,qld,male,2,1481
12,qld,male,3,1524
12,qld,male,4,1663
12,qld,male,5,1720
12,qld,male,6,1521
12,qld,male,7,1569
12,qld,male,8,1570
12,qld,male,9,1511
12,qld,male,10,1441
12,qld,male,11,1312
12,qld,male,12,1225
12,qld,male,13,954
12,qld,male,14,689
12,qld,male,15,473
12,qld,male,16,346
12,qld,male,17,178
12,qld,male,18,60
12,qld,male,19,11
12,qld,male,20,1
12,qld,female,0,1532
12,qld,female,1,1410
12,qld,female,2,1414
12,qld,female,3,1467
12,qld,female,4,1609
12,qld,female,5,1664
12,qld,female,6,1514
12,qld,female,7,1583
12,qld,female,8,1586
12,qld,female,9,1542
12,qld,female,10,1490
12,qld,female,11,1322
12,qld,female,12,1211
12,qld,female,13,941
12,qld,female,14,685
12,qld,female,15,528
12,qld,female,16,433
12,qld,female,17,277
12,qld,female,18,128
12,qld,female,19,34
12,qld,female,20,4
12,sa,male,0,500
12,sa,male,1,488
12,sa,male,2,502
12,sa,male,3,541
12,sa,male,4,612
12,sa,male,5,603
12,sa,male,6,520
12,sa,male,7,538
12,sa,male,8,578
12,sa,male,9,570
12,sa,male,10,564
12,sa,male,11,510
12,sa,male,12,476
12,sa,male,13,373
12,sa,male,14,286
12,sa,male,15,214
12,sa,male,16,170
12,sa,male,17,90
12,sa,male,18,29
12,sa,male,19,5
12,sa,male,20,1
12,sa,female,0,506
12,sa,female,1,458
12,sa,female,2,480
12,sa,female,3,519
12,sa,female,4,570
12,sa,female,5,578
12,sa,female,6,511
12,sa,female,7,538
12,sa,female,8,567
12,sa,female,9,581
12,sa,female,10,575
12,sa,female,11,529
12,sa,female,12,499
12,sa,female,13,400
12,sa,female,14,310
12,sa,female,15,256
12,sa,female,16,229
12,sa,female,17,164
12,sa,female,18,69
12,sa,female,19,17
12,sa,female,20,3
12,wa,male,0,803
12,wa,male,1,744
12,wa,male,2,754
12,wa,male,3,797
12,wa,male,4,919
12,wa,male,5,992
12,wa,male,6,850
12,wa,male,7,842
12,wa,male,8,874
12,wa,male,9,825
12,wa,male,10,779
12,wa,male,11,703
12,wa,male,12,633
12,wa,male,13,462
12,wa,male,14,338
12,wa,male,15,239
12,wa,male,16,169
12,wa,male,17,78
12,wa,male,18,30
12,wa,male,19,5
12,wa,male,20,1
12,wa,female,0,770
12,wa,female,1,721
12,wa,female,2,723
12,wa,female,3,750
12,wa,female,4,858
12,wa,female,5,926
12,wa,female,6,821
12,wa,female,7,825
12,wa,female,8,848
12,wa,female,9,814
12,wa,female,10,783
12,wa,female,11,704
12,wa,female,12,615
12,wa,female,13,462
12,wa,female,14,343
12,wa,female,15,273
12,wa,female,16,219
12,wa,female,17,144
12,wa,female,18,62
12,wa,female,19,20
12,wa,female,20,1
12,tas,male,0,169
12,tas,male,1,167
12,tas,male,2,179
12,tas,male,3,182
12,tas,male,4,187
12,tas,male,5,168
12,tas,male,6,149
12,tas,male,7,167
12,tas,male,8,179
12,tas,male,9,180
12,tas,male,10,188
12,tas,male,11,181
12,tas,male,12,168
12,tas,male,13,130
12,tas,male,14,96
12,tas,male,15,67
12,tas,male,16,53
12,tas,male,17,27
12,tas,male,18,4
12,tas,male,19,1
12,tas,female,0,162
12,tas,female,1,155
12,tas,female,2,163
12,tas,female,3,173
12,tas,female,4,164
12,tas,female,5,161
12,tas,female,6,162
12,tas,female,7,166
12,tas,female,8,196
12,tas,female,9,180
12,tas,female,10,196
12,tas,female,11,179
12,tas,female,12,168
12,tas,female,13,124
12,tas,female,14,99
12,tas,female,15,77
12,tas,female,16,63
12,tas,female,17,50
12,tas,female,18,19
12,tas,female,19,8
12,tas,female,20,1
12,nt,male,0,107
12,nt,male,1,91
12,nt,male,2,96
12,nt,male,3,99
12,nt,male,4,119
12,nt,male,5,130
12,nt,male,6,113
12,nt,male,7,105
12,nt,male,8,93
12,nt,male,9,96
12,nt,male,10,76
12,nt,male,11,70
12,nt,male,12,62
12,nt,male,13,37
12,nt,male,14,25
12,nt,male,15,13
12,nt,male,16,7
12,nt,male,17,1
12,nt,female,0,97
12,nt,female,1,92
12,nt,female,2,84
12,nt,female,3,82
12,nt,female,4,92
12,nt,female,5,120
12,nt,female,6,103
12,nt,female,7,103
12,nt,female,8,95
12,nt,female,9,77
12,nt,female,10,76
12,nt,female,11,63
12,nt,female,12,44
12,nt,female,13,33
12,nt,female,14,18
12,nt,female,15,10
12,nt,female,16,4
12,nt,female,17,4
12,act,male,0,132
12,act,male,1,114
12,act,male,2,107
12,act,male,3,132
12,act,male,4,180
12,act,male,5,177
12,act,male,6,158
12,act,male,7,147
12,act,male,8,135
12,act,male,9,131
12,act,male,10,123
12,act,male,11,105
12,act,male,12,94
12,act,male,13,63
12,act,male,14,49
12,act,male,15,31
12,act,male,16,19
12,act,male,17,14
12,act,male,18,5
12,act,female,0,132
12,act,female,1,110
12,act,female,2,114
12,act,female,3,123
12,act,female,4,173
12,act,female,5,171
12,act,female,6,153
12,act,female,7,145
12,act,female,8,142
12,act,female,9,131
12,act,female,10,133
12,act,female,11,112
12,act,female,12,99
12,act,female,13,70
12,act,female,14,51
12,act,female,15,38
12,act,female,16,29
12,act,female,17,22
12,act,female,18,5
12,act,female,19,1
13,nsw,male,0,2457
13,nsw,male,1,2285
13,nsw,male,2,2272
13,nsw,male,3,2365
13,nsw,male,4,2629
13,nsw,male,5,2723
13,nsw,male,6,2536
13,nsw,male,7,2499
13,nsw,male,8,2445
13,nsw,male,9,2431
13,nsw,male,10,2392
13,nsw,male,11,2114
13,nsw,male,12,1963
13,nsw,male,13,1594
13,nsw,male,14,1160
13,nsw,male,15,868
13,nsw,male,16,658
13,nsw,male,17,356
13,nsw,male,18,120
13,nsw,male,19,18
13,nsw,male,20,1
13,nsw,female,0,2390
13,nsw,female,1,2168
13,nsw,female,2,2141
13,nsw,female,3,2231
13,nsw,female,4,2529
13,nsw,female,5,2698
13,nsw,female,6,2525
13,nsw,female,7,2555
13,nsw,female,8,2488
13,nsw,female,9,2473
13,nsw,female,10,2422
13,nsw,female,11,2154
13,nsw,female,12,1973
13,nsw,female,13,1610
13,nsw,female,14,1239
13,nsw,female,15,1014
13,nsw,female,16,868
13,nsw,female,17,586
13,nsw,female,18,263
13,nsw,female,19,69
13,nsw,female,20,8
13,vic,male,0,1811
13,vic,male,1,1687
13,vic,male,2,1671
13,vic,male,3,1807
13,vic,male,4,2180
13,vic,male,5,2207
13,vic,male,6,1974
13,vic,male,7,1947
13,vic,male,8,1953
13,vic,male,9,1842
13,vic,male,10,1758
13,vic,male,11,1585
13,vic,male,12,1441
13,vic,male,13,1141
13,vic,male,14,870
13,vic,male,15,649
13,vic,male,16,482
13,vic,male,17,254
13,vic,male,18,82
13,vic,male,19,19
13,vic,female,0,1732
13,vic,female,1,1608
13,vic,female,2,1589
13,vic,female,3,1699
13,vic,female,4,2060
13,vic,female,5,2137
13,vic,female,6,1964
13,vic,female,7,1965
13,vic,female,8,2014
13,vic,female,9,1909
13,vic,female,10,1824
13,vic,female,11,1643
13,vic,female,12,1504
13,vic,female,13,1207
13,vic,female,14,928
13,vic,female,15,767
13,vic,female,16,650
13,vic,female,17,432
13,vic,female,18,186
13,vic,female,19,51
13,vic,female,20,7
13,qld,male,0,1588
13,qld,male,1,1482
13,qld,male,2,1482
13,qld,male,3,1530
13,qld,male,4,1666
13,qld,male,5,1724
13,qld,male,6,1528
13,qld,male,7,1569
13,qld,male,8,1571
13,qld,male,9,1510
13,qld,male,10,1442
13,qld,male,11,1312
13,qld,male,12,1225
13,qld,male,13,958
13,qld,male,14,689
13,qld,male,15,474
13,qld,male,16,342
13,qld,male,17,178
13,qld,male,18,59
13,qld,male,19,11
13,qld,male,20,1
13,qld,female,0,1532
13,qld,female,1,1409
13,qld,female,2,1414
13,qld,female,3,1466
13,qld,female,4,1604
13,qld,female,5,1662
13,qld,female,6,1519
13,qld,female,7,1580
13,qld,female,8,1590
13,qld,female,9,1538
13,qld,female,10,1487
13,qld,female,11,1323
13,qld,female,12,1211
13,qld,female,13,952
13,qld,female,14,687
13,qld,female,15,530
13,qld,female,16,434
13,qld,female,17,277
13,qld,female,18,129
13,qld,female,19,36
13,qld,female,20,4
13,sa,male,0,508
13,sa,male,1,487
13,sa,male,2,501
13,sa,male,3,540
13,sa,male,4,612
13,sa,male,5,604
13,sa,male,6,524
13,sa,male,7,537
13,sa,male,8,582
13,sa,male,9,568
13,sa,male,10,566
13,sa,male,11,509
13,sa,male,12,474
13,sa,male,13,375
13,sa,male,14,287
13,sa,male,15,216
13,sa,male,16,168
13,sa,male,17,91
13,sa,male,18,29
13,sa,male,19,5
13,sa,male,20,1
13,sa,female,0,504
13,sa,female,1,459
13,sa,female,2,480
13,sa,female,3,518
13,sa,female,4,568
13,sa,female,5,580
13,sa,female,6,513
13,sa,female,7,536
13,sa,female,8,569
13,sa,female,9,580
13,sa,female,10,576
13,sa,female,11,529
13,sa,female,12,501
13,sa,female,13,402
13,sa,female,14,311
13,sa,female,15,255
13,sa,female,16,229
13,sa,female,17,165
13,sa,female,18,69
13,sa,female,19,18
13,sa,female,20,3
13,wa,male,0,807
13,wa,male,1,746
13,wa,male,2,753
13,wa,male,3,795
13,wa,male,4,919
13,wa,male,5,999
13,wa,male,6,854
13,wa,male,7,840
13,wa,male,8,880
13,wa,male,9,827
13,wa,male,10,780
13,wa,male,11,706
13,wa,male,12,633
13,wa,male,13,466
13,wa,male,14,338
13,wa,male,15,238
13,wa,male,16,170
13,wa,male,17,80
13,wa,male,18,31
13,wa,male,19,5
13,wa,male,20,1
13,wa,female,0,769
13,wa,female,1,725
13,wa,female,2,722
13,wa,female,3,750
13,wa,female,4,859
13,wa,female,5,927
13,wa,female,6,826
13,wa,female,7,827
13,wa,female,8,852
13,wa,female,9,812
13,wa,female,10,783
13,wa,female,11,704
13,wa,female,12,614
13,wa,female,13,466
13,wa,female,14,344
13,wa,female,15,274
13,wa,female,16,219
13,wa,female,17,145
13,wa,female,18,63
13,wa,female,19,20
13,wa,female,20,1
13,tas,male,0,168
13,tas,male,1,166
13,tas,male,2,179
13,tas,male,3,183
13,tas,male,4,188
13,tas,male,5,170
13,tas,male,6,152
13,tas,male,7,166
13,tas,male,8,178
13,tas,male,9,183
13,tas,male,10,189
13,tas,male,11,181
13,tas,male,12,168
13,tas,male,13,131
13,tas,male,14,96
13,tas,male,15,68
13,tas,male,16,52
13,tas,male,17,28
13,tas,male,18,4
13,tas,male,19,1
13,tas,female,0,161
13,tas,female,1,155
13,tas,female,2,163
13,tas,female,3,174
13,tas,female,4,165
13,tas,female,5,162
13,tas,female,6,160
13,tas,female,7,166
13,tas,female,8,197
13,tas,female,9,179
13,tas,female,10,195
13,tas,female,11,180
13,tas,female,12,167
13,tas,female,13,125
13,tas,female,14,99
13,tas,female,15,78
13,tas,female,16,62
13,tas,female,17,50
13,tas,female,18,20
13,tas,female,19,8
13,tas,female,20,1
13,nt,male,0,106
13,nt,male,1,93
13,nt,male,2,97
13,nt,male,3,100
13,nt,male,4,118
13,nt,male,5,131
13,nt,male,6,117
13,nt,male,7,106
13,nt,male,8,94
13,nt,male,9,96
13,nt,male,10,77
13,nt,male,11,69
13,nt,male,12,62
13,nt,male,13,37
13,nt,male,14,26
13,nt,male,15,13
13,nt,male,16,8
13,nt,male,17,1
13,nt,female,0,99
13,nt,female,1,93
13,nt,female,2,84
13,nt,female,3,82
13,nt,female,4,94
13,nt,female,5,121
13,nt,female,6,105
13,nt,female,7,104
13,nt,female,8,96
13,nt,female,9,77
13,nt,female,10,76
13,nt,female,11,63
13,nt,female,12,44
13,nt,female,13,34
13,nt,female,14,18
13,nt,female,15,10
13,nt,female,16,4
13,nt,female,17,4
13,act,male,0,135
13,act,male,1,115
13,act,male,2,107
13,act,male,3,133
13,act,male,4,179
13,act,male,5,178
13,act,male,6,159
13,act,male,7,147
13,act,male,8,137
13,act,male,9,130
13,act,male,10,123
13,act,male,11,104
13,act,male,12,96
13,act,male,13,64
13,act,male,14,49
13,act,male,15,32
13,act,male,16,19
13,act,male,17,13
13,act,male,18,5
13,act,female,0,131
13,act,female,1,110
13,act,female,2,113
13,act,female,3,122
13,act,female,4,174
13,act,female,5,172
13,act,female,6,155
13,act,female,7,146
13,act,female,8,142
13,act,female,9,132
13,act,female,10,133
13,act,female,11,112
13,act,female,12,100
13,act,female,13,72
13,act,female,14,51
13,act,female,15,38
13,act,female,16,30
13,act,female,17,22
13,act,female,18,6
13,act,female,19,1
14,nsw,male,0,2455
14,nsw,male,1,2290
14,nsw,male,2,2267
14,nsw,male,3,2369
14,nsw,male,4,2634
14,nsw,male,5,2719
14,nsw,male,6,2545
14,nsw,male,7,2502
14,nsw,male,8,2448
14,nsw,male,9,2423
14,nsw,male,10,2392
14,nsw,male,11,2119
14,nsw,male,12,1963
14,nsw,male,13,1604
14,nsw,male,14,1163
14,nsw,male,15,865
14,nsw,male,16,658
14,nsw,male,17,356
14,nsw,male,18,122
14,nsw,male,19,19
14,nsw,male,20,1
14,nsw,female,0,2389
14,nsw,female,1,2171
14,nsw,female,2,2140
14,nsw,female,3,2229
14,nsw,female,4,2531
14,nsw,female,5,2703
14,nsw,female,6,2530
14,nsw,female,7,2551
14,nsw,female,8,2493
14,nsw,female,9,2470
14,nsw,female,10,2426
14,nsw,female,11,2155
14,nsw,female,12,1972
14,nsw,female,13,1620
14,nsw,female,14,1241
14,nsw,female,15,1011
14,nsw,female,16,867
14,nsw,female,17,587
14,nsw,female,18,265
14,nsw,female,19,70
14,nsw,female,20,8
14,vic,male,0,1814
14,vic,male,1,1683
14,vic,male,2,1669
14,vic,male,3,1808
14,vic,male,4,2183
14,vic,male,5,2217
14,vic,male,6,1977
14,vic,male,7,1943
14,vic,male,8,1955
14,vic,male,9,1838
14,vic,male,10,1755
14,vic,male,11,1585
14,vic,male,12,1442
14,vic,male,13,1147
14,vic,male,14,871
14,vic,male,15,648
14,vic,male,16,484
14,vic,male,17,250
14,vic,male,18,83
14,vic,male,19,19
14,vic,female,0,1734
14,vic,female,1,1610
14,vic,female,2,1589
14,vic,female,3,1698
14,vic,female,4,2060
14,vic,female,5,2145
14,vic,female,6,1971
14,vic,female,7,1961
14,vic,female,8,2021
14,vic,female,9,1908
14,vic,female,10,1826
14,vic,female,11,1647
14,vic,female,12,1505
14,vic,female,13,1215
14,vic,female,14,931
14,vic,female,15,766
14,vic,female,16,646
14,vic,female,17,432
14,vic,female,18,185
14,vic,female,19,53
14,vic,female,20,6
14,qld,male,0,1590
14,qld,male,1,1482
14,qld,male,2,1483
14,qld,male,3,1529
14,qld,male,4,1669
14,qld,male,5,1729
14,qld,male,6,1536
14,qld,male,7,1568
14,qld,male,8,1573
14,qld,male,9,1508
14,qld,male,10,1443
14,qld,male,11,1314
14,qld,male,12,1225
14,qld,male,13,966
14,qld,male,14,692
14,qld,male,15,474
14,qld,male,16,343
14,qld,male,17,176
14,qld,male,18,59
14,qld,male,19,12
14,qld,male,20,1
14,qld,female,0,1539
14,qld,female,1,1409
14,qld,female,2,1412
14,qld,female,3,1463
14,qld,female,4,1605
14,qld,female,5,1666
14,qld,female,6,1525
14,qld,female,7,1571
14,qld,female,8,1595
14,qld,female,9,1535
14,qld,female,10,1486
14,qld,female,11,1324
14,qld,female,12,1208
14,qld,female,13,955
14,qld,female,14,690
14,qld,female,15,529
14,qld,female,16,434
14,qld,female,17,279
14,qld,female,18,130
14,qld,female,19,36
14,qld,female,20,5
14,sa,male,0,505
14,sa,male,1,490
14,sa,male,2,501
14,sa,male,3,542
14,sa,male,4,609
14,sa,male,5,604
14,sa,male,6,526
14,sa,male,7,536
14,sa,male,8,582
14,sa,male,9,568
14,sa,male,10,567
14,sa,male,11,506
14,sa,male,12,473
14,sa,male,13,379
14,sa,male,14,288
14,sa,male,15,217
14,sa,male,16,168
14,sa,male,17,93
14,sa,male,18,29
14,sa,male,19,5
14,sa,male,20,1
14,sa,female,0,508
14,sa,female,1,458
14,sa,female,2,480
14,sa,female,3,517
14,sa,female,4,571
14,sa,female,5,584
14,sa,female,6,518
14,sa,female,7,542
14,sa,female,8,569
14,sa,female,9,579
14,sa,female,10,577
14,sa,female,11,531
14,sa,female,12,498
14,sa,female,13,403
14,sa,female,14,312
14,sa,female,15,257
14,sa,female,16,226
14,sa,female,17,166
14,sa,female,18,70
14,sa,female,19,18
14,sa,female,20,3
14,wa,male,0,803
14,wa,male,1,746
14,wa,male,2,755
14,wa,male,3,796
14,wa,male,4,923
14,wa,male,5,1003
14,wa,male,6,855
14,wa,male,7,836
14,wa,male,8,881
14,wa,male,9,829
14,wa,male,10,783
14,wa,male,11,705
14,wa,male,12,635
14,wa,male,13,469
14,wa,male,14,338
14,wa,male,15,240
14,wa,male,16,168
14,wa,male,17,81
14,wa,male,18,31
14,wa,male,19,5
14,wa,male,20,1
14,wa,female,0,767
14,wa,female,1,727
14,wa,female,2,722
14,wa,female,3,750
14,wa,female,4,860
14,wa,female,5,929
14,wa,female,6,831
14,wa,female,7,831
14,wa,female,8,852
14,wa,female,9,813
14,wa,female,10,784
14,wa,female,11,705
14,wa,female,12,614
14,wa,female,13,470
14,wa,female,14,345
14,wa,female,15,272
14,wa,female,16,220
14,wa,female,17,144
14,wa,female,18,65
14,wa,female,19,21
14,wa,female,20,1
14,tas,male,0,170
14,tas,male,1,167
14,tas,male,2,179
14,tas,male,3,185
14,tas,male,4,188
14,tas,male,5,170
14,tas,male,6,154
14,tas,male,7,166
14,tas,male,8,177
14,tas,male,9,184
14,tas,male,10,189
14,tas,male,11,181
14,tas,male,12,168
14,tas,male,13,131
14,tas,male,14,96
14,tas,male,15,68
14,tas,male,16,52
14,tas,male,17,30
14,tas,male,18,4
14,tas,male,19,1
14,tas,female,0,161
14,tas,female,1,156
14,tas,female,2,161
14,tas,female,3,174
14,tas,female,4,167
14,tas,female,5,164
14,tas,female,6,159
14,tas,female,7,166
14,tas,female,8,196
14,tas,female,9,181
14,tas,female,10,194
14,tas,female,11,181
14,tas,female,12,167
14,tas,female,13,126
14,tas,female,14,100
14,tas,female,15,77
14,tas,female,16,63
14,tas,female,17,49
14,tas,female,18,20
14,tas,female,19,8
14,tas,female,20,1
14,nt,male,0,106
14,nt,male,1,92
14,nt,male,2,99
14,nt,male,3,99
14,nt,male,4,120
14,nt,male,5,131
14,nt,male,6,121
14,nt,male,7,106
14,nt,male,8,98
14,nt,male,9,96
14,nt,male,10,80
14,nt,male,11,68
14,nt,male,12,62
14,nt,male,13,38
14,nt,male,14,26
14,nt,male,15,13
14,nt,male,16,8
14,nt,male,17,1
14,nt,female,0,101
14,nt,female,1,93
14,nt,female,2,84
14,nt,female,3,82
14,nt,female,4,96
14,nt,female,5,118
14,nt,female,6,107
14,nt,female,7,105
14,nt,female,8,98
14,nt,female,9,78
14,nt,female,10,77
14,nt,female,11,63
14,nt,female,12,45
14,nt,female,13,34
14,nt,female,14,19
14,nt,female,15,11
14,nt,female,16,4
14,nt,female,17,4
14,act,male,0,133
14,act,male,1,116
14,act,male,2,107
14,act,male,3,133
14,act,male,4,181
14,act,male,5,179
14,act,male,6,157
14,act,male,7,147
14,act,male,8,139
14,act,male,9,131
14,act,male,10,123
14,act,male,11,104
14,act,male,12,97
14,act,male,13,64
14,act,male,14,49
14,act,male,15,31
14,act,male,16,19
14,act,male,17,13
14,act,male,18,5
14,act,female,0,130
14,act,female,1,110
14,act,female,2,114
14,act,female,3,125
14,act,female,4,175
14,act,female,5,174
14,act,female,6,157
14,act,female,7,146
14,act,female,8,143
14,act,female,9,133
14,act,female,10,133
14,act,female,11,112
14,act,female,12,101
14,act,female,13,72
14,act,female,14,51
14,act,female,15,39
14,act,female,16,28
14,act,female,17,20
14,act,female,18,7
14,act,female,19,1
15,nsw,male,0,2475
15,nsw,male,1,2293
15,nsw,male,2,2264
15,nsw,male,3,2370
15,nsw,male,4,2643
15,nsw,male,5,2722
15,nsw,male,6,2557
15,nsw,male,7,2494
15,nsw,male,8,2451
15,nsw,male,9,2420
15,nsw,male,10,2390
15,nsw,male,11,2122
15,nsw,male,12,1960
15,nsw,male,13,1613
15,nsw,male,14,1166
15,nsw,male,15,866
15,nsw,male,16,656
15,nsw,male,17,356
15,nsw,male,18,122
15,nsw,male,19,20
15,nsw,male,20,1
15,nsw,female,0,2388
15,nsw,female,1,2173
15,nsw,female,2,2141
15,nsw,female,3,2227
15,nsw,female,4,2538
15,nsw,female,5,2708
15,nsw,female,6,2535
15,nsw,female,7,2547
15,nsw,female,8,2496
15,nsw,female,9,2464
15,nsw,female,10,2428
15,nsw,female,11,2160
15,nsw,female,12,1967
15,nsw,female,13,1628
15,nsw,female,14,1245
15,nsw,female,15,1011
15,nsw,female,16,868
15,nsw,female,17,586
15,nsw,female,18,265
15,nsw,female,19,70
15,nsw,female,20,7
15,vic,male,0,1810
15,vic,male,1,1687
15,vic,male,2,1665
15,vic,male,3,1807
15,vic,male,4,2180
15,vic,male,5,2227
15,vic,male,6,1987
15,vic,male,7,1941
15,vic,male,8,1958
15,vic,male,9,1838
15,vic,male,10,1755
15,vic,male,11,1587
15,vic,male,12,1440
15,vic,male,13,1156
15,vic,male,14,874
15,vic,male,15,647
15,vic,male,16,482
15,vic,male,17,253
15,vic,male,18,86
15,vic,male,19,19
15,vic,female,0,1733
15,vic,female,1,1611
15,vic,female,2,1590
15,vic,female,3,1696
15,vic,female,4,2064
15,vic,female,5,2153
15,vic,female,6,1974
15,vic,female,7,1959
15,vic,female,8,2023
15,vic,female,9,1905
15,vic,female,10,1826
15,vic,female,11,1651
15,vic,female,12,1501
15,vic,female,13,1222
15,vic,female,14,933
15,vic,female,15,768
15,vic,female,16,646
15,vic,female,17,429
15,vic,female,18,188
15,vic,female,19,53
15,vic,female,20,7
15,qld,male,0,1590
15,qld,male,1,1478
15,qld,male,2,1484
15,qld,male,3,1530
15,qld,male,4,1666
15,qld,male,5,1732
15,qld,male,6,1539
15,qld,male,7,1560
15,qld,male,8,1580
15,qld,male,9,1501
15,qld,male,10,1445
15,qld,male,11,1314
15,qld,male,12,1225
15,qld,male,13,973
15,qld,male,14,695
15,qld,male,15,474
15,qld,male,16,344
15,qld,male,17,177
15,qld,male,18,59
15,qld,male,19,12
15,qld,male,20,1
15,qld,female,0,1550
15,qld,female,1,1411
15,qld,female,2,1411
15,qld,female,3,1462
15,qld,female,4,1609
15,qld,female,5,1668
15,qld,female,6,1532
15,qld,female,7,1565
15,qld,female,8,1595
15,qld,female,9,1531
15,qld,female,10,1489
15,qld,female,11,1328
15,qld,female,12,1207
15,qld,female,13,963
15,qld,female,14,692
15,qld,female,15,531
15,qld,female,16,434
15,qld,female,17,281
15,qld,female,18,129
15,qld,female,19,37
15,qld,female,20,5
15,sa,male,0,505
15,sa,male,1,490
15,sa,male,2,501
15,sa,male,3,541
15,sa,male,4,609
15,sa,male,5,605
15,sa,male,6,527
15,sa,male,7,536
15,sa,male,8,583
15,sa,male,9,568
15,sa,male,10,567
15,sa,male,11,507
15,sa,male,12,474
15,sa,male,13,381
15,sa,male,14,288
15,sa,male,15,219
15,sa,male,16,166
15,sa,male,17,93
15,sa,male,18,31
15,sa,male,19,5
15,sa,male,20,1
15,sa,female,0,510
15,sa,female,1,461
15,sa,female,2,477
15,sa,female,3,518
15,sa,female,4,572
15,sa,female,5,585
15,sa,female,6,519
15,sa,female,7,540
15,sa,female,8,571
15,sa,female,9,578
15,sa,female,10,578
15,sa,female,11,530
15,sa,female,12,498
15,sa,female,13,404
15,sa,female,14,312
15,sa,female,15,257
15,sa,female,16,225
15,sa,female,17,166
15,sa,female,18,69
15,sa,female,19,19
15,sa,female,20,3
15,wa,male,0,802
15,wa,male,1,749
15,wa,male,2,755
15,wa,male,3,794
15,wa,male,4,926
15,wa,male,5,1007
15,wa,male,6,863
15,wa,male,7,833
15,wa,male,8,884
15,wa,male,9,830
15,wa,male,10,783
15,wa,male,11,707
15,wa,male,12,636
15,wa,male,13,474
15,wa,male,14,339
15,wa,male,15,240
15,wa,male,16,167
15,wa,male,17,82
15,wa,male,18,31
15,wa,male,19,6
15,wa,male,20,1
15,wa,female,0,770
15,wa,female,1,728
15,wa,female,2,719
15,wa,female,3,749
15,wa,female,4,859
15,wa,female,5,938
15,wa,female,6,834
15,wa,female,7,833
15,wa,female,8,854
15,wa,female,9,811
15,wa,female,10,787
15,wa,female,11,703
15,wa,female,12,611
15,wa,female,13,474
15,wa,female,14,347
15,wa,female,15,271
15,wa,female,16,222
15,wa,female,17,144
15,wa,female,18,63
15,wa,female,19,22
15,wa,female,20,1
15,tas,male,0,172
15,tas,male,1,168
15,tas,male,2,180
15,tas,male,3,187
15,tas,male,4,188
15,tas,male,5,171
15,tas,male,6,153
15,tas,male,7,167
15,tas,male,8,179
15,tas,male,9,182
15,tas,male,10,189
15,tas,male,11,181
15,tas,male,12,167
15,tas,male,13,133
15,tas,male,14,96
15,tas,male,15,67
15,tas,male,16,52
15,tas,male,17,31
15,tas,male,18,4
15,tas,male,19,1
15,tas,female,0,162
15,tas,female,1,155
15,tas,female,2,162
15,tas,female,3,174
15,tas,female,4,169
15,tas,female,5,166
15,tas,female,6,160
15,tas,female,7,165
15,tas,female,8,198
15,tas,female,9,182
15,tas,female,10,194
15,tas,female,11,181
15,tas,female,12,167
15,tas,female,13,127
15,tas,female,14,100
15,tas,female,15,77
15,tas,female,16,64
15,tas,female,17,50
15,tas,female,18,19
15,tas,female,19,9
15,tas,female,20,2
15,nt,male,0,112
15,nt,male,1,95
15,nt,male,2,101
15,nt,male,3,101
15,nt,male,4,118
15,nt,male,5,132
15,nt,male,6,120
15,nt,male,7,110
15,nt,male,8,98
15,nt,male,9,97
15,nt,male,10,80
15,nt,male,11,69
15,nt,male,12,63
15,nt,male,13,38
15,nt,male,14,26
15,nt,male,15,15
15,nt,male,16,8
15,nt,male,17,1
15,nt,female,0,103
15,nt,female,1,95
15,nt,female,2,85
15,nt,female,3,82
15,nt,female,4,96
15,nt,female,5,120
15,nt,female,6,107
15,nt,female,7,106
15,nt,female,8,100
15,nt,female,9,78
15,nt,female,10,78
15,nt,female,11,62
15,nt,female,12,48
15,nt,female,13,34
15,nt,female,14,19
15,nt,female,15,12
15,nt,female,16,4
15,nt,female,17,4
15,act,male,0,136
15,act,male,1,117
15,act,male,2,107
15,act,male,3,134
15,act,male,4,182
15,act,male,5,179
15,act,male,6,157
15,act,male,7,148
15,act,male,8,141
15,act,male,9,131
15,act,male,10,123
15,act,male,11,105
15,act,male,12,96
15,act,male,13,66
15,act,male,14,49
15,act,male,15,31
15,act,male,16,19
15,act,male,17,13
15,act,male,18,5
15,act,female,0,127
15,act,female,1,112
15,act,female,2,111
15,act,female,3,127
15,act,female,4,175
15,act,female,5,176
15,act,female,6,155
15,act,female,7,147
15,act,female,8,144
15,act,female,9,134
15,act,female,10,133
15,act,female,11,112
15,act,female,12,102
15,act,female,13,73
15,act,female,14,51
15,act,female,15,39
15,act,female,16,28
15,act,female,17,20
15,act,female,18,7
15,act,female,19,1
16,nsw,male,0,2477
16,nsw,male,1,2293
16,nsw,male,2,2263
16,nsw,male,3,2368
16,nsw,male,4,2645
16,nsw,male,5,2730
16,nsw,male,6,2562
16,nsw,male,7,2491
16,nsw,male,8,2454
16,nsw,male,9,2414
16,nsw,male,10,2396
16,nsw,male,11,2122
16,nsw,male,12,1962
16,nsw,male,13,1622
16,nsw,male,14,1163
16,nsw,male,15,868
16,nsw,male,16,652
16,nsw,male,17,357
16,nsw,male,18,118
16,nsw,male,19,20
16,nsw,male,20,1
16,nsw,female,0,2378
16,nsw,female,1,2171
16,nsw,female,2,2136
16,nsw,female,3,2229
16,nsw,female,4,2546
16,nsw,female,5,2711
16,nsw,female,6,2544
16,nsw,female,7,2543
16,nsw,female,8,2502
16,nsw,female,9,2457
16,nsw,female,10,2426
16,nsw,female,11,2161
16,nsw,female,12,1968
16,nsw,female,13,1637
16,nsw,female,14,1247
16,nsw,female,15,1009
16,nsw,female,16,872
16,nsw,female,17,589
16,nsw,female,18,266
16,nsw,female,19,72
16,nsw,female,20,6
16,vic,male,0,1806
16,vic,male,1,1688
16,vic,male,2,1665
16,vic,male,3,1805
16,vic,male,4,2181
16,vic,male,5,2237
16,vic,male,6,1991
16,vic,male,7,1933
16,vic,male,8,1963
16,vic,male,9,1835
16,vic,male,10,1756
16,vic,male,11,1586
16,vic,male,12,1441
16,vic,male,13,1164
16,vic,male,14,870
16,vic,male,15,648
16,vic,male,16,482
16,vic,male,17,252
16,vic,male,18,85
16,vic,male,19,20
16,vic,female,0,1727
16,vic,female,1,1614
16,vic,female,2,1591
16,vic,female,3,1699
16,vic,female,4,2068
16,vic,female,5,2162
16,vic,female,6,1976
16,vic,female,7,1952
16,vic,female,8,2028
16,vic,female,9,1900
16,vic,female,10,1832
16,vic,female,11,1652
16,vic,female,12,1501
16,vic,female,13,1231
16,vic,female,14,936
16,vic,female,15,767
16,vic,female,16,647
16,vic,female,17,430
16,vic,female,18,191
16,vic,female,19,53
16,vic,female,20,7
16,qld,male,0,1596
16,qld,male,1,1477
16,qld,male,2,1483
16,qld,male,3,1534
16,qld,male,4,1672
16,qld,male,5,1735
16,qld,male,6,1539
16,qld,male,7,1558
16,qld,male,8,1583
16,qld,male,9,1496
16,qld,male,10,1448
16,qld,male,11,1311
16,qld,male,12,1220
16,qld,male,13,978
16,qld,male,14,697
16,qld,male,15,474
16,qld,male,16,345
16,qld,male,17,177
16,qld,male,18,60
16,qld,male,19,13
16,qld,male,20,1
16,qld,female,0,1555
16,qld,female,1,1413
16,qld,female,2,1409
16,qld,female,3,1463
16,qld,female,4,1610
16,qld,female,5,1674
16,qld,female,6,1535
16,qld,female,7,1563
16,qld,female,8,1599
16,qld,female,9,1529
16,qld,female,10,1492
16,qld,female,11,1330
16,qld,female,12,1206
16,qld,female,13,969
16,qld,female,14,694
16,qld,female,15,532
16,qld,female,16,433
16,qld,female,17,281
16,qld,female,18,131
16,qld,female,19,37
16,qld,female,20,5
16,sa,male,0,506
16,sa,male,1,490
16,sa,male,2,500
16,sa,male,3,542
16,sa,male,4,610
16,sa,male,5,609
16,sa,male,6,531
16,sa,male,7,533
16,sa,male,8,584
16,sa,male,9,569
16,sa,male,10,567
16,sa,male,11,508
16,sa,male,12,471
16,sa,male,13,385
16,sa,male,14,287
16,sa,male,15,219
16,sa,male,16,166
16,sa,male,17,94
16,sa,male,18,32
16,sa,male,19,5
16,sa,male,20,1
16,sa,female,0,508
16,sa,female,1,462
16,sa,female,2,479
16,sa,female,3,516
16,sa,female,4,574
16,sa,female,5,586
16,sa,female,6,525
16,sa,female,7,538
16,sa,female,8,573
16,sa,female,9,576
16,sa,female,10,578
16,sa,female,11,532
16,sa,female,12,497
16,sa,female,13,408
16,sa,female,14,314
16,sa,female,15,255
16,sa,female,16,223
16,sa,female,17,167
16,sa,female,18,68
16,sa,female,19,19
16,sa,female,20,3
16,wa,male,0,804
16,wa,male,1,753
16,wa,male,2,757
16,wa,male,3,793
16,wa,male,4,930
16,wa,male,5,1009
16,wa,male,6,870
16,wa,male,7,832
16,wa,male,8,884
16,wa,male,9,831
16,wa,male,10,787
16,wa,male,11,709
16,wa,male,12,634
16,wa,male,13,474
16,wa,male,14,340
16,wa,male,15,241
16,wa,male,16,168
16,wa,male,17,83
16,wa,male,18,32
16,wa,male,19,6
16,wa,male,20,1
16,wa,female,0,766
16,wa,female,1,730
16,wa,female,2,720
16,wa,female,3,752
16,wa,female,4,863
16,wa,female,5,942
16,wa,female,6,835
16,wa,female,7,834
16,wa,female,8,857
16,wa,female,9,808
16,wa,female,10,784
16,wa,female,11,707
16,wa,female,12,613
16,wa,female,13,476
16,wa,female,14,348
16,wa,female,15,268
16,wa,female,16,219
16,wa,female,17,145
16,wa,female,18,64
16,wa,female,19,22
16,wa,female,20,1
16,tas,male,0,172
16,tas,male,1,167
16,tas,male,2,180
16,tas,male,3,189
16,tas,male,4,189
16,tas,male,5,172
16,tas,male,6,154
16,tas,male,7,167
16,tas,male,8,181
16,tas,male,9,183
16,tas,male,10,189
16,tas,male,11,182
16,tas,male,12,166
16,tas,male,13,134
16,tas,male,14,97
16,tas,male,15,67
16,tas,male,16,53
16,tas,male,17,31
16,tas,male,18,3
16,tas,male,19,1
16,tas,female,0,160
16,tas,female,1,156
16,tas,female,2,162
16,tas,female,3,174
16,tas,female,4,170
16,tas,female,5,166
16,tas,female,6,160
16,tas,female,7,165
16,tas,female,8,200
16,tas,female,9,181
16,tas,female,10,194
16,tas,female,11,182
16,tas,female,12,166
16,tas,female,13,127
16,tas,female,14,101
16,tas,female,15,77
16,tas,female,16,64
16,tas,female,17,50
16,tas,female,18,19
16,tas,female,19,9
16,tas,female,20,1
16,nt,male,0,113
16,nt,male,1,94
16,nt,male,2,101
16,nt,male,3,103
16,nt,male,4,116
16,nt,male,5,132
16,nt,male,6,122
16,nt,male,7,109
16,nt,male,8,98
16,nt,male,9,100
16,nt,male,10,81
16,nt,male,11,69
16,nt,male,12,63
16,nt,male,13,39
16,nt,male,14,26
16,nt,male,15,15
16,nt,male,16,8
16,nt,male,17,1
16,nt,female,0,103
16,nt,female,1,96
16,nt,female,2,85
16,nt,female,3,83
16,nt,female,4,96
16,nt,female,5,122
16,nt,female,6,108
16,nt,female,7,106
16,nt,female,8,100
16,nt,female,9,79
16,nt,female,10,80
16,nt,female,11,63
16,nt,female,12,48
16,nt,female,13,35
16,nt,female,14,19
16,nt,female,15,13
16,nt,female,16,4
16,nt,female,17,4
16,act,male,0,135
16,act,male,1,119
16,act,male,2,108
16,act,male,3,133
16,act,male,4,182
16,act,male,5,181
16,act,male,6,157
16,act,male,7,148
16,act,male,8,143
16,act,male,9,130
16,act,male,10,125
16,act,male,11,106
16,act,male,12,97
16,act,male,13,66
16,act,male,14,49
16,act,male,15,31
16,act,male,16,20
16,act,male,17,13
16,act,male,18,4
16,act,female,0,128
16,act,female,1,113
16,act,female,2,112
16,act,female,3,128
16,act,female,4,175
16,act,female,5,176
16,act,female,6,155
16,act,female,7,146
16,act,female,8,145
16,act,female,9,133
16,act,female,10,133
16,act,female,11,114
16,act,female,12,102
16,act,female,13,74
16,act,female,14,52
16,act,female,15,39
16,act,female,16,28
16,act,female,17,20
16,act,female,18,6
16,act,female,19,1
17,nsw,male,0,2482
17,nsw,male,1,2294
17,nsw,male,2,2259
17,nsw,male,3,2373
17,nsw,male,4,2651
17,nsw,male,5,2735
17,nsw,male,6,2567
17,nsw,male,7,2483
17,nsw,male,8,2455
17,nsw,male,9,2411
17,nsw,male,10,2399
17,nsw,male,11,2126
17,nsw,male,12,1960
17,nsw,male,13,1629
17,nsw,male,14,1165
17,nsw,male,15,868
17,nsw,male,16,651
17,nsw,male,17,356
17,nsw,male,18,119
17,nsw,male,19,21
17,nsw,male,20,1
17,nsw,female,0,2377
17,nsw,female,1,2175
17,nsw,female,2,2134
17,nsw,female,3,2234
17,nsw,female,4,2545
17,nsw,female,5,2724
17,nsw,female,6,2550
17,nsw,female,7,2543
17,nsw,female,8,2510
17,nsw,female,9,2452
17,nsw,female,10,2428
17,nsw,female,11,2159
17,nsw,female,12,1969
17,nsw,female,13,1649
17,nsw,female,14,1248
17,nsw,female,15,1007
17,nsw,female,16,872
17,nsw,female,17,591
17,nsw,female,18,268
17,nsw,female,19,72
17,nsw,female,20,7
17,vic,male,0,1807
17,vic,male,1,1692
17,vic,male,2,1662
17,vic,male,3,1804
17,vic,male,4,2181
17,vic,male,5,2244
17,vic,male,6,1998
17,vic,male,7,1933
17,vic,male,8,1961
17,vic,male,9,1833
17,vic,male,10,1761
17,vic,male,11,1585
17,vic,male,12,1444
17,vic,male,13,1168
17,vic,male,14,873
17,vic,male,15,646
17,vic,male,16,482
17,vic,male,17,252
17,vic,male,18,85
17,vic,male,19,20
17,vic,male,20,1
17,vic,female,0,1721
17,vic,female,1,1611
17,vic,female,2,1587
17,vic,female,3,1700
17,vic,female,4,2071
17,vic,female,5,2162
17,vic,female,6,1983
17,vic,female,7,1949
17,vic,female,8,2034
17,vic,female,9,1895
17,vic,female,10,1837
17,vic,female,11,1655
17,vic,female,12,1497
17,vic,female,13,1238
17,vic,female,14,937
17,vic,female,15,766
17,vic,female,16,650
17,vic,female,17,432
17,vic,female,18,190
17,vic,female,19,51
17,vic,female,20,8
17,qld,male,0,1596
17,qld,male,1,1481
17,qld,male,2,1481
17,qld,male,3,1537
17,qld,male,4,1672
17,qld,male,5,1740
17,qld,male,6,1543
17,qld,male,7,1557
17,qld,male,8,1586
17,qld,male,9,1493
17,qld,male,10,1450
17,qld,male,11,1316
17,qld,male,12,1217
17,qld,male,13,982
17,qld,male,14,699
17,qld,male,15,474
17,qld,male,16,346
17,qld,male,17,176
17,qld,male,18,63
17,qld,male,19,13
17,qld,male,20,1
17,qld,female,0,1550
17,qld,female,1,1414
17,qld,female,2,1409
17,qld,female,3,1465
17,qld,female,4,1613
17,qld,female,5,1679
17,qld,female,6,1539
17,qld,female,7,1559
17,qld,female,8,1602
17,qld,female,9,1529
17,qld,female,10,1491
17,qld,female,11,1331
17,qld,female,12,1205
17,qld,female,13,971
17,qld,female,14,695
17,qld,female,15,532
17,qld,female,16,433
17,qld,female,17,282
17,qld,female,18,131
17,qld,female,19,37
17,qld,female,20,6
17,sa,male,0,507
17,sa,male,1,491
17,sa,male,2,499
17,sa,male,3,542
17,sa,male,4,610
17,sa,male,5,612
17,sa,male,6,532
17,sa,male,7,530
17,sa,male,8,583
17,sa,male,9,570
17,sa,male,10,568
17,sa,male,11,509
17,sa,male,12,472
17,sa,male,13,387
17,sa,male,14,286
17,sa,male,15,220
17,sa,male,16,164
17,sa,male,17,96
17,sa,male,18,32
17,sa,male,19,6
17,sa,male,20,1
17,sa,female,0,507
17,sa,female,1,463
17,sa,female,2,480
17,sa,female,3,515
17,sa,female,4,574
17,sa,female,5,591
17,sa,female,6,526
17,sa,female,7,538
17,sa,female,8,573
17,sa,female,9,577
17,sa,female,10,578
17,sa,female,11,534
17,sa,female,12,498
17,sa,female,13,410
17,sa,female,14,315
17,sa,female,15,253
17,sa,female,16,224
17,sa,female,17,166
17,sa,female,18,69
17,sa,female,19,19
17,sa,female,20,4
17,wa,male,0,806
17,wa,male,1,756
17,wa,male,2,755
17,wa,male,3,792
17,wa,male,4,930
17,wa,male,5,1016
17,wa,male,6,871
17,wa,male,7,832
17,wa,male,8,884
17,wa,male,9,828
17,wa,male,10,786
17,wa,male,11,709
17,wa,male,12,635
17,wa,male,13,476
17,wa,male,14,341
17,wa,male,15,242
17,wa,male,16,166
17,wa,male,17,84
17,wa,male,18,33
17,wa,male,19,6
17,wa,male,20,1
17,wa,female,0,761
17,wa,female,1,731
17,wa,female,2,721
17,wa,female,3,752
17,wa,female,4,865
17,wa,female,5,949
17,wa,female,6,839
17,wa,female,7,833
17,wa,female,8,856
17,wa,female,9,811
17,wa,female,10,783
17,wa,female,11,712
17,wa,female,12,613
17,wa,female,13,478
17,wa,female,14,348
17,wa,female,15,268
17,wa,female,16,220
17,wa,female,17,141
17,wa,female,18,64
17,wa,female,19,21
17,wa,female,20,1
17,tas,male,0,172
17,tas,male,1,167
17,tas,male,2,179
17,tas,male,3,190
17,tas,male,4,189
17,tas,male,5,172
17,tas,male,6,154
17,tas,male,7,165
17,tas,male,8,183
17,tas,male,9,182
17,tas,male,10,191
17,tas,male,11,181
17,tas,male,12,168
17,tas,male,13,135
17,tas,male,14,97
17,tas,male,15,68
17,tas,male,16,51
17,tas,male,17,31
17,tas,male,18,4
17,tas,male,19,1
17,tas,female,0,159
17,tas,female,1,156
17,tas,female,2,162
17,tas,female,3,175
17,tas,female,4,170
17,tas,female,5,167
17,tas,female,6,160
17,tas,female,7,165
17,tas,female,8,199
17,tas,female,9,182
17,tas,female,10,197
17,tas,female,11,183
17,tas,female,12,167
17,tas,female,13,129
17,tas,female,14,99
17,tas,female,15,78
17,tas,female,16,64
17,tas,female,17,50
17,tas,female,18,20
17,tas,female,19,8
17,tas,female,20,1
17,nt,male,0,119
17,nt,male,1,98
17,nt,male,2,102
17,nt,male,3,102
17,nt,male,4,117
17,nt,male,5,131
17,nt,male,6,123
17,nt,male,7,110
17,nt,male,8,99
17,nt,male,9,98
17,nt,male,10,82
17,nt,male,11,69
17,nt,male,12,62
17,nt,male,13,40
17,nt,male,14,28
17,nt,male,15,14
17,nt,male,16,9
17,nt,male,17,1
17,nt,female,0,105
17,nt,female,1,97
17,nt,female,2,85
17,nt,female,3,85
17,nt,female,4,96
17,nt,female,5,122
17,nt,female,6,109
17,nt,female,7,106
17,nt,female,8,100
17,nt,female,9,80
17,nt,female,10,79
17,nt,female,11,64
17,nt,female,12,48
17,nt,female,13,34
17,nt,female,14,22
17,nt,female,15,13
17,nt,female,16,4
17,nt,female,17,4
17,act,male,0,138
17,act,male,1,120
17,act,male,2,108
17,act,male,3,132
17,act,male,4,184
17,act,male,5,180
17,act,male,6,159
17,act,male,7,149
17,act,male,8,143
17,act,male,9,132
17,act,male,10,125
17,act,male,11,107
17,act,male,12,96
17,act,male,13,67
17,act,male,14,49
17,act,male,15,33
17,act,male,16,19
17,act,male,17,13
17,act,male,18,5
17,act,female,0,129
17,act,female,1,114
17,act,female,2,114
17,act,female,3,130
17,act,female,4,175
17,act,female,5,176
17,act,female,6,158
17,act,female,7,147
17,act,female,8,146
17,act,female,9,131
17,act,female,10,137
17,act,female,11,113
17,act,female,12,102
17,act,female,13,75
17,act,female,14,51
17,act,female,15,39
17,act,female,16,28
17,act,female,17,21
17,act,female,18,6
17,act,female,19,1
18,nsw,male,0,2481
18,nsw,male,1,2297
18,nsw,male,2,2260
18,nsw,male,3,2371
18,nsw,male,4,2656
18,nsw,male,5,2743
18,nsw,male,6,2580
18,nsw,male,7,2479
18,nsw,male,8,2457
18,nsw,male,9,2410
18,nsw,male,10,2399
18,nsw,male,11,2126
18,nsw,male,12,1952
18,nsw,male,13,1637
18,nsw,male,14,1167
18,nsw,male,15,870
18,nsw,male,16,650
18,nsw,male,17,360
18,nsw,male,18,115
18,nsw,male,19,22
18,nsw,male,20,1
18,nsw,female,0,2378
18,nsw,female,1,2175
18,nsw,female,2,2133
18,nsw,female,3,2232
18,nsw,female,4,2544
18,nsw,female,5,2724
18,nsw,female,6,2557
18,nsw,female,7,2538
18,nsw,female,8,2517
18,nsw,female,9,2447
18,nsw,female,10,2429
18,nsw,female,11,2166
18,nsw,female,12,1968
18,nsw,female,13,1657
18,nsw,female,14,1249
18,nsw,female,15,1008
18,nsw,female,16,874
18,nsw,female,17,590
18,nsw,female,18,265
18,nsw,female,19,74
18,nsw,female,20,7
18,vic,male,0,1800
18,vic,male,1,1693
18,vic,male,2,1660
18,vic,male,3,1804
18,vic,male,4,2181
18,vic,male,5,2251
18,vic,male,6,2008
18,vic,male,7,1924
18,vic,male,8,1961
18,vic,male,9,1833
18,vic,male,10,1762
18,vic,male,11,1588
18,vic,male,12,1442
18,vic,male,13,1173
18,vic,male,14,876
18,vic,male,15,647
18,vic,male,16,482
18,vic,male,17,255
18,vic,male,18,86
18,vic,male,19,21
18,vic,male,20,1
18,vic,female,0,1716
18,vic,female,1,1613
18,vic,female,2,1587
18,vic,female,3,1698
18,vic,female,4,2080
18,vic,female,5,2166
18,vic,female,6,1987
18,vic,female,7,1944
18,vic,female,8,2036
18,vic,female,9,1891
18,vic,female,10,1840
18,vic,female,11,1657
18,vic,female,12,1496
18,vic,female,13,1243
18,vic,female,14,939
18,vic,female,15,764
18,vic,female,16,648
18,vic,female,17,432
18,vic,female,18,189
18,vic,female,19,51
18,vic,female,20,7
18,qld,male,0,1591
18,qld,male,1,1480
18,qld,male,2,1479
18,qld,male,3,1534
18,qld,male,4,1672
18,qld,male,5,1746
18,qld,male,6,1544
18,qld,male,7,1554
18,qld,male,8,1595
18,qld,male,9,1489
18,qld,male,10,1453
18,qld,male,11,1314
18,qld,male,12,1212
18,qld,male,13,988
18,qld,male,14,701
18,qld,male,15,473
18,qld,male,16,346
18,qld,male,17,179
18,qld,male,18,64
18,qld,male,19,13
18,qld,male,20,1
18,qld,female,0,1546
18,qld,female,1,1414
18,qld,female,2,1407
18,qld,female,3,1469
18,qld,female,4,1612
18,qld,female,5,1682
18,qld,female,6,1537
18,qld,female,7,1558
18,qld,female,8,1602
18,qld,female,9,1531
18,qld,female,10,1495
18,qld,female,11,1331
18,qld,female,12,1207
18,qld,female,13,978
18,qld,female,14,698
18,qld,female,15,531
18,qld,female,16,435
18,qld,female,17,285
18,qld,female,18,129
18,qld,female,19,37
18,qld,female,20,6
18,sa,male,0,507
18,sa,male,1,491
18,sa,male,2,499
18,sa,male,3,545
18,sa,male,4,612
18,sa,male,5,613
18,sa,male,6,533
18,sa,male,7,531
18,sa,male,8,582
18,sa,male,9,568
18,sa,male,10,569
18,sa,male,11,511
18,sa,male,12,473
18,sa,male,13,387
18,sa,male,14,287
18,sa,male,15,220
18,sa,male,16,162
18,sa,male,17,97
18,sa,male,18,31
18,sa,male,19,6
18,sa,male,20,1
18,sa,female,0,510
18,sa,female,1,465
18,sa,female,2,483
18,sa,female,3,513
18,sa,female,4,575
18,sa,female,5,593
18,sa,female,6,526
18,sa,female,7,540
18,sa,female,8,577
18,sa,female,9,574
18,sa,female,10,581
18,sa,female,11,530
18,sa,female,12,499
18,sa,female,13,414
18,sa,female,14,315
18,sa,female,15,253
18,sa,female,16,224
18,sa,female,17,165
18,sa,female,18,70
18,sa,female,19,19
18,sa,female,20,4
18,wa,male,0,809
18,wa,male,1,758
18,wa,male,2,751
18,wa,male,3,792
18,wa,male,4,934
18,wa,male,5,1022
18,wa,male,6,874
18,wa,male,7,831
18,wa,male,8,888
18,wa,male,9,827
18,wa,male,10,781
18,wa,male,11,710
18,wa,male,12,636
18,wa,male,13,481
18,wa,male,14,341
18,wa,male,15,239
18,wa,male,16,168
18,wa,male,17,82
18,wa,male,18,34
18,wa,male,19,6
18,wa,male,20,1
18,wa,female,0,761
18,wa,female,1,732
18,wa,female,2,719
18,wa,female,3,752
18,wa,female,4,870
18,wa,female,5,956
18,wa,female,6,840
18,wa,female,7,834
18,wa,female,8,854
18,wa,female,9,809
18,wa,female,10,783
18,wa,female,11,714
18,wa,female,12,612
18,wa,female,13,481
18,wa,female,14,350
18,wa,female,15,268
18,wa,female,16,219
18,wa,female,17,142
18,wa,female,18,64
18,wa,female,19,20
18,wa,female,20,1
18,tas,male,0,170
18,tas,male,1,169
18,tas,male,2,178
18,tas,male,3,193
18,tas,male,4,189
18,tas,male,5,173
18,tas,male,6,156
18,tas,male,7,165
18,tas,male,8,185
18,tas,male,9,179
18,tas,male,10,192
18,tas,male,11,181
18,tas,male,12,168
18,tas,male,13,138
18,tas,male,14,96
18,tas,male,15,69
18,tas,male,16,51
18,tas,male,17,32
18,tas,male,18,4
18,tas,male,19,1
18,tas,female,0,161
18,tas,female,1,157
18,tas,female,2,162
18,tas,female,3,178
18,tas,female,4,169
18,tas,female,5,170
18,tas,female,6,160
18,tas,female,7,168
18,tas,female,8,199
18,tas,female,9,182
18,tas,female,10,197
18,tas,female,11,183
18,tas,female,12,169
18,tas,female,13,129
18,tas,female,14,99
18,tas,female,15,79
18,tas,female,16,64
18,tas,female,17,48
18,tas,female,18,20
18,tas,female,19,7
18,tas,female,20,1
18,nt,male,0,120
18,nt,male,1,100
18,nt,male,2,103
18,nt,male,3,104
18,nt,male,4,117
18,nt,male,5,131
18,nt,male,6,123
18,nt,male,7,112
18,nt,male,8,99
18,nt,male,9,100
18,nt,male,10,82
18,nt,male,11,71
18,nt,male,12,64
18,nt,male,13,40
18,nt,male,14,28
18,nt,male,15,14
18,nt,male,16,9
18,nt,male,17,1
18,nt,female,0,106
18,nt,female,1,97
18,nt,female,2,85
18,nt,female,3,86
18,nt,female,4,95
18,nt,female,5,124
18,nt,female,6,112
18,nt,female,7,105
18,nt,female,8,100
18,nt,female,9,80
18,nt,female,10,77
18,nt,female,11,65
18,nt,female,12,48
18,nt,female,13,34
18,nt,female,14,22
18,nt,female,15,13
18,nt,female,16,4
18,nt,female,17,4
18,act,male,0,138
18,act,male,1,123
18,act,male,2,109
18,act,male,3,131
18,act,male,4,183
18,act,male,5,182
18,act,male,6,159
18,act,male,7,149
18,act,male,8,143
18,act,male,9,132
18,act,male,10,125
18,act,male,11,109
18,act,male,12,95
18,act,male,13,69
18,act,male,14,48
18,act,male,15,34
18,act,male,16,19
18,act,male,17,13
18,act,male,18,5
18,act,female,0,129
18,act,female,1,115
18,act,female,2,113
18,act,female,3,131
18,act,female,4,176
18,act,female,5,174
18,act,female,6,161
18,act,female,7,148
18,act,female,8,145
18,act,female,9,133
18,act,female,10,137
18,act,female,11,113
18,act,female,12,102
18,act,female,13,78
18,act,female,14,51
18,act,female,15,39
18,act,female,16,29
18,act,female,17,21
18,act,female,18,6
18,act,female,19,1
19,nsw,male,0,2497
19,nsw,male,1,2295
19,nsw,male,2,2255
19,nsw,male,3,2373
19,nsw,male,4,2652
19,nsw,male,5,2757
19,nsw,male,6,2578
19,nsw,male,7,2470
19,nsw,male,8,2464
19,nsw,male,9,2404
19,nsw,male,10,2399
19,nsw,male,11,2123
19,nsw,male,12,1949
19,nsw,male,13,1644
19,nsw,male,14,1170
19,nsw,male,15,874
19,nsw,male,16,649
19,nsw,male,17,359
19,nsw,male,18,118
19,nsw,male,19,22
19,nsw,male,20,1
19,nsw,female,0,2370
19,nsw,female,1,2178
19,nsw,female,2,2136
19,nsw,female,3,2236
19,nsw,female,4,2547
19,nsw,female,5,2727
19,nsw,female,6,2564
19,nsw,female,7,2536
19,nsw,female,8,2515
19,nsw,female,9,2446
19,nsw,female,10,2432
19,nsw,female,11,2169
19,nsw,female,12,1969
19,nsw,female,13,1669
19,nsw,female,14,1256
19,nsw,female,15,1006
19,nsw,female,16,874
19,nsw,female,17,589
19,nsw,female,18,266
19,nsw,female,19,74
19,nsw,female,20,8
19,vic,male,0,1797
19,vic,male,1,1699
19,vic,male,2,1659
19,vic,male,3,1801
19,vic,male,4,2185
19,vic,male,5,2258
19,vic,male,6,2016
19,vic,male,7,1929
19,vic,male,8,1964
19,vic,male,9,1829
19,vic,male,10,1760
19,vic,male,11,1590
19,vic,male,12,1440
19,vic,male,13,1183
19,vic,male,14,877
19,vic,male,15,647
19,vic,male,16,477
19,vic,male,17,255
19,vic,male,18,86
19,vic,male,19,20
19,vic,male,20,1
19,vic,female,0,1728
19,vic,female,1,1613
19,vic,female,2,1592
19,vic,female,3,1694
19,vic,female,4,2082
19,vic,female,5,2169
19,vic,female,6,1991
19,vic,female,7,1943
19,vic,female,8,2041
19,vic,female,9,1893
19,vic,female,10,1840
19,vic,female,11,1656
19,vic,female,12,1498
19,vic,female,13,1249
19,vic,female,14,938
19,vic,female,15,769
19,vic,female,16,645
19,vic,female,17,427
19,vic,female,18,188
19,vic,female,19,51
19,vic,female,20,7
19,qld,male,0,1585
19,qld,male,1,1485
19,qld,male,2,1478
19,qld,male,3,1536
19,qld,male,4,1670
19,qld,male,5,1752
19,qld,male,6,1552
19,qld,male,7,1551
19,qld,male,8,1597
19,qld,male,9,1483
19,qld,male,10,1456
19,qld,male,11,1312
19,qld,male,12,1213
19,qld,male,13,996
19,qld,male,14,700
19,qld,male,15,473
19,qld,male,16,349
19,qld,male,17,179
19,qld,male,18,65
19,qld,male,19,12
19,qld,male,20,1
19,qld,female,0,1562
19,qld,female,1,1411
19,qld,female,2,1410
19,qld,female,3,1468
19,qld,female,4,1610
19,qld,female,5,1688
19,qld,female,6,1546
19,qld,female,7,1554
19,qld,female,8,1607
19,qld,female,9,1530
19,qld,female,10,1499
19,qld,female,11,1331
19,qld,female,12,1206
19,qld,female,13,982
19,qld,female,14,702
19,qld,female,15,532
19,qld,female,16,433
19,qld,female,17,285
19,qld,female,18,130
19,qld,female,19,38
19,qld,female,20,6
19,sa,male,0,506
19,sa,male,1,488
19,sa,male,2,500
19,sa,male,3,545
19,sa,male,4,613
19,sa,male,5,616
19,sa,male,6,536
19,sa,male,7,529
19,sa,male,8,581
19,sa,male,9,565
19,sa,male,10,571
19,sa,male,11,512
19,sa,male,12,472
19,sa,male,13,390
19,sa,male,14,287
19,sa,male,15,221
19,sa,male,16,163
19,sa,male,17,98
19,sa,male,18,32
19,sa,male,19,6
19,sa,male,20,1
19,sa,female,0,513
19,sa,female,1,465
19,sa,female,2,483
19,sa,female,3,513
19,sa,female,4,576
19,sa,female,5,594
19,sa,female,6,529
19,sa,female,7,537
19,sa,female,8,575
19,sa,female,9,574
19,sa,female,10,581
19,sa,female,11,532
19,sa,female,12,498
19,sa,female,13,418
19,sa,female,14,314
19,sa,female,15,254
19,sa,female,16,220
19,sa,female,17,164
19,sa,female,18,70
19,sa,female,19,19
19,sa,female,20,4
19,wa,male,0,810
19,wa,male,1,761
19,wa,male,2,751
19,wa,male,3,793
19,wa,male,4,936
19,wa,male,5,1028
19,wa,male,6,876
19,wa,male,7,824
19,wa,male,8,892
19,wa,male,9,825
19,wa,male,10,786
19,wa,male,11,711
19,wa,male,12,633
19,wa,male,13,485
19,wa,male,14,340
19,wa,male,15,238
19,wa,male,16,168
19,wa,male,17,84
19,wa,male,18,32
19,wa,male,19,7
19,wa,male,20,1
19,wa,female,0,762
19,wa,female,1,735
19,wa,female,2,719
19,wa,female,3,751
19,wa,female,4,876
19,wa,female,5,957
19,wa,female,6,841
19,wa,female,7,835
19,wa,female,8,857
19,wa,female,9,807
19,wa,female,10,784
19,wa,female,11,715
19,wa,female,12,610
19,wa,female,13,487
19,wa,female,14,351
19,wa,female,15,270
19,wa,female,16,220
19,wa,female,17,141
19,wa,female,18,65
19,wa,female,19,20
19,wa,female,20,1
19,tas,male,0,169
19,tas,male,1,168
19,tas,male,2,179
19,tas,male,3,194
19,tas,male,4,191
19,tas,male,5,175
19,tas,male,6,159
19,tas,male,7,167
19,tas,male,8,185
19,tas,male,9,181
19,tas,male,10,192
19,tas,male,11,181
19,tas,male,12,168
19,tas,male,13,139
19,tas,male,14,96
19,tas,male,15,70
19,tas,male,16,51
19,tas,male,17,33
19,tas,male,18,3
19,tas,male,19,1
19,tas,female,0,161
19,tas,female,1,158
19,tas,female,2,161
19,tas,female,3,178
19,tas,female,4,171
19,tas,female,5,171
19,tas,female,6,161
19,tas,female,7,169
19,tas,female,8,198
19,tas,female,9,185
19,tas,female,10,196
19,tas,female,11,183
19,tas,female,12,169
19,tas,female,13,130
19,tas,female,14,99
19,tas,female,15,79
19,tas,female,16,65
19,tas,female,17,46
19,tas,female,18,20
19,tas,female,19,8
19,tas,female,20,1
19,nt,male,0,123
19,nt,male,1,98
19,nt,male,2,102
19,nt,male,3,104
19,nt,male,4,121
19,nt,male,5,131
19,nt,male,6,121
19,nt,male,7,112
19,nt,male,8,102
19,nt,male,9,101
19,nt,male,10,84
19,nt,male,11,72
19,nt,male,12,64
19,nt,male,13,41
19,nt,male,14,28
19,nt,male,15,15
19,nt,male,16,9
19,nt,male,17,1
19,nt,female,0,108
19,nt,female,1,97
19,nt,female,2,86
19,nt,female,3,86
19,nt,female,4,95
19,nt,female,5,123
19,nt,female,6,111
19,nt,female,7,107
19,nt,female,8,100
19,nt,female,9,79
19,nt,female,10,78
19,nt,female,11,65
19,nt,female,12,48
19,nt,female,13,35
19,nt,female,14,22
19,nt,female,15,13
19,nt,female,16,5
19,nt,female,17,4
19,act,male,0,139
19,act,male,1,123
19,act,male,2,109
19,act,male,3,132
19,act,male,4,184
19,act,male,5,185
19,act,male,6,160
19,act,male,7,150
19,act,male,8,142
19,act,male,9,132
19,act,male,10,127
19,act,male,11,109
19,act,male,12,96
19,act,male,13,69
19,act,male,14,48
19,act,male,15,34
19,act,male,16,20
19,act,male,17,13
19,act,male,18,5
19,act,female,0,132
19,act,female,1,114
19,act,female,2,113
19,act,female,3,131
19,act,female,4,174
19,act,female,5,177
19,act,female,6,162
19,act,female,7,149
19,act,female,8,148
19,act,female,9,133
19,act,female,10,138
19,act,female,11,113
19,act,female,12,99
19,act,female,13,78
19,act,female,14,51
19,act,female,15,39
19,act,female,16,29
19,act,female,17,22
19,act,female,18,6
19,act,female,19,1
20,nsw,male,0,2494
20,nsw,male,1,2295
20,nsw,male,2,2258
20,nsw,male,3,2375
20,nsw,male,4,2664
20,nsw,male,5,2763
20,nsw,male,6,2580
20,nsw,male,7,2466
20,nsw,male,8,2469
20,nsw,male,9,2400
20,nsw,male,10,2395
20,nsw,male,11,2124
20,nsw,male,12,1944
20,nsw,male,13,1657
20,nsw,male,14,1175
20,nsw,male,15,872
20,nsw,male,16,650
20,nsw,male,17,356
20,nsw,male,18,119
20,nsw,male,19,21
20,nsw,male,20,1
20,nsw,female,0,2368
20,nsw,female,1,2180
20,nsw,female,2,2134
20,nsw,female,3,2242
20,nsw,female,4,2549
20,nsw,female,5,2734
20,nsw,female,6,2565
20,nsw,female,7,2531
20,nsw,female,8,2511
20,nsw,female,9,2444
20,nsw,female,10,2434
20,nsw,female,11,2170
20,nsw,female,12,1964
20,nsw,female,13,1680
20,nsw,female,14,1256
20,nsw,female,15,1006
20,nsw,female,16,873
20,nsw,female,17,588
20,nsw,female,18,269
20,nsw,female,19,77
20,nsw,female,20,8
20,vic,male,0,1801
20,vic,male,1,1701
20,vic,male,2,1661
20,vic,male,3,1802
20,vic,male,4,2193
20,vic,male,5,2259
20,vic,male,6,2021
20,vic,male,7,1928
20,vic,male,8,1967
20,vic,male,9,1827
20,vic,male,10,1762
20,vic,male,11,1590
20,vic,male,12,1439
20,vic,male,13,1190
20,vic,male,14,879
20,vic,male,15,646
20,vic,male,16,478
20,vic,male,17,256
20,vic,male,18,84
20,vic,male,19,21
20,vic,male,20,1
20,vic,female,0,1721
20,vic,female,1,1614
20,vic,female,2,1592
20,vic,female,3,1693
20,vic,female,4,2079
20,vic,female,5,2177
20,vic,female,6,1997
20,vic,female,7,1943
20,vic,female,8,2045
20,vic,female,9,1892
20,vic,female,10,1843
20,vic,female,11,1659
20,vic,female,12,1492
20,vic,female,13,1261
20,vic,female,14,940
20,vic,female,15,774
20,vic,female,16,639
20,vic,female,17,429
20,vic,female,18,190
20,vic,female,19,52
20,vic,female,20,7
20,qld,male,0,1583
20,qld,male,1,1485
20,qld,male,2,1476
20,qld,male,3,1536
20,qld,male,4,1669
20,qld,male,5,1750
20,qld,male,6,1559
20,qld,male,7,1547
20,qld,male,8,1593
20,qld,male,9,1484
20,qld,male,10,1458
20,qld,male,11,1312
20,qld,male,12,1213
20,qld,male,13,1000
20,qld,male,14,702
20,qld,male,15,474
20,qld,male,16,351
20,qld,male,17,179
20,qld,male,18,63
20,qld,male,19,13
20,qld,male,20,1
20,qld,female,0,1556
20,qld,female,1,1412
20,qld,female,2,1410
20,qld,female,3,1462
20,qld,female,4,1609
20,qld,female,5,1696
20,qld,female,6,1550
20,qld,female,7,1546
20,qld,female,8,1611
20,qld,female,9,1529
20,qld,female,10,1504
20,qld,female,11,1332
20,qld,female,12,1205
20,qld,female,13,991
20,qld,female,14,702
20,qld,female,15,528
20,qld,female,16,434
20,qld,female,17,285
20,qld,female,18,131
20,qld,female,19,39
20,qld,female,20,6
20,sa,male,0,505
20,sa,male,1,489
20,sa,male,2,501
20,sa,male,3,544
20,sa,male,4,613
20,sa,male,5,618
20,sa,male,6,541
20,sa,male,7,522
20,sa,male,8,582
20,sa,male,9,562
20,sa,male,10,574
20,sa,male,11,514
20,sa,male,12,472
20,sa,male,13,393
20,sa,male,14,288
20,sa,male,15,219
20,sa,male,16,164
20,sa,male,17,97
20,sa,male,18,31
20,sa,male,19,7
20,sa,male,20,1
20,sa,female,0,512
20,sa,female,1,465
20,sa,female,2,483
20,sa,female,3,514
20,sa,female,4,576
20,sa,female,5,598
20,sa,female,6,531
20,sa,female,7,535
20,sa,female,8,576
20,sa,female,9,573
20,sa,female,10,583
20,sa,female,11,532
20,sa,female,12,496
20,sa,female,13,424
20,sa,female,14,313
20,sa,female,15,255
20,sa,female,16,217
20,sa,female,17,167
20,sa,female,18,67
20,sa,female,19,19
20,sa,female,20,4
20,wa,male,0,812
20,wa,male,1,763
20,wa,male,2,749
20,wa,male,3,792
20,wa,male,4,936
20,wa,male,5,1034
20,wa,male,6,877
20,wa,male,7,822
20,wa,male,8,894
20,wa,male,9,822
20,wa,male,10,783
20,wa,male,11,714
20,wa,male,12,636
20,wa,male,13,491
20,wa,male,14,340
20,wa,male,15,236
20,wa,male,16,168
20,wa,male,17,83
20,wa,male,18,33
20,wa,male,19,7
20,wa,male,20,1
20,wa,female,0,763
20,wa,female,1,736
20,wa,female,2,720
20,wa,female,3,752
20,wa,female,4,881
20,wa,female,5,957
20,wa,female,6,845
20,wa,female,7,835
20,wa,female,8,859
20,wa,female,9,809
20,wa,female,10,784
20,wa,female,11,720
20,wa,female,12,612
20,wa,female,13,487
20,wa,female,14,354
20,wa,female,15,270
20,wa,female,16,220
20,wa,female,17,137
20,wa,female,18,66
20,wa,female,19,20
20,wa,female,20,1
20,tas,male,0,174
20,tas,male,1,166
20,tas,male,2,180
20,tas,male,3,194
20,tas,male,4,193
20,tas,male,5,175
20,tas,male,6,159
20,tas,male,7,167
20,tas,male,8,185
20,tas,male,9,180
20,tas,male,10,193
20,tas,male,11,181
20,tas,male,12,168
20,tas,male,13,141
20,tas,male,14,96
20,tas,male,15,70
20,tas,male,16,53
20,tas,male,17,32
20,tas,male,18,4
20,tas,male,19,1
20,tas,female,0,160
20,tas,female,1,158
20,tas,female,2,161
20,tas,female,3,180
20,tas,female,4,168
20,tas,female,5,173
20,tas,female,6,160
20,tas,female,7,173
20,tas,female,8,198
20,tas,female,9,184
20,tas,female,10,197
20,tas,female,11,184
20,tas,female,12,169
20,tas,female,13,131
20,tas,female,14,99
20,tas,female,15,80
20,tas,female,16,65
20,tas,female,17,46
20,tas,female,18,19
20,tas,female,19,8
20,tas,female,20,1
20,nt,male,0,121
20,nt,male,1,98
20,nt,male,2,102
20,nt,male,3,103
20,nt,male,4,120
20,nt,male,5,135
20,nt,male,6,122
20,nt,male,7,111
20,nt,male,8,105
20,nt,male,9,101
20,nt,male,10,84
20,nt,male,11,71
20,nt,male,12,64
20,nt,male,13,42
20,nt,male,14,28
20,nt,male,15,15
20,nt,male,16,9
20,nt,male,17,1
20,nt,female,0,109
20,nt,female,1,97
20,nt,female,2,86
20,nt,female,3,87
20,nt,female,4,93
20,nt,female,5,126
20,nt,female,6,113
20,nt,female,7,107
20,nt,female,8,101
20,nt,female,9,79
20,nt,female,10,78
20,nt,female,11,65
20,nt,female,12,48
20,nt,female,13,35
20,nt,female,14,23
20,nt,female,15,13
20,nt,female,16,5
20,nt,female,17,4
20,act,male,0,137
20,act,male,1,124
20,act,male,2,110
20,act,male,3,129
20,act,male,4,190
20,act,male,5,186
20,act,male,6,161
20,act,male,7,151
20,act,male,8,142
20,act,male,9,133
20,act,male,10,126
20,act,male,11,111
20,act,male,12,95
20,act,male,13,70
20,act,male,14,48
20,act,male,15,35
20,act,male,16,19
20,act,male,17,13
20,act,male,18,5
20,act,female,0,132
20,act,female,1,114
20,act,female,2,113
20,act,female,3,131
20,act,female,4,173
20,act,female,5,179
20,act,female,6,163
20,act,female,7,147
20,act,female,8,149
20,act,female,9,133
20,act,female,10,137
20,act,female,11,114
20,act,female,12,99
20,act,female,13,79
20,act,female,14,52
20,act,female,15,38
20,act,female,16,30
20,act,female,17,21
20,act,female,18,7
20,act,female,19,1
21,nsw,male,0,2493
21,nsw,male,1,2298
21,nsw,male,2,2255
21,nsw,male,3,2373
21,nsw,male,4,2673
21,nsw,male,5,2759
21,nsw,male,6,2583
21,nsw,male,7,2461
21,nsw,male,8,2476
21,nsw,male,9,2392
21,nsw,male,10,2398
21,nsw,male,11,2127
21,nsw,male,12,1939
21,nsw,male,13,1661
21,nsw,male,14,1177
21,nsw,male,15,873
21,nsw,male,16,654
21,nsw,male,17,358
21,nsw,male,18,119
21,nsw,male,19,21
21,nsw,male,20,1
21,nsw,female,0,2364
21,nsw,female,1,2184
21,nsw,female,2,2135
21,nsw,female,3,2239
21,nsw,female,4,2555
21,nsw,female,5,2730
21,nsw,female,6,2574
21,nsw,female,7,2527
21,nsw,female,8,2516
21,nsw,female,9,2438
21,nsw,female,10,2435
21,nsw,female,11,2171
21,nsw,female,12,1963
21,nsw,female,13,1688
21,nsw,female,14,1261
21,nsw,female,15,1005
21,nsw,female,16,873
21,nsw,female,17,586
21,nsw,female,18,269
21,nsw,female,19,77
21,nsw,female,20,7
21,vic,male,0,1799
21,vic,male,1,1699
21,vic,male,2,1664
21,vic,male,3,1804
21,vic,male,4,2195
21,vic,male,5,2265
21,vic,male,6,2019
21,vic,male,7,1923
21,vic,male,8,1971
21,vic,male,9,1824
21,vic,male,10,1760
21,vic,male,11,1588
21,vic,male,12,1438
21,vic,male,13,1202
21,vic,male,14,876
21,vic,male,15,647
21,vic,male,16,479
21,vic,male,17,253
21,vic,male,18,83
21,vic,male,19,21
21,vic,male,20,1
21,vic,female,0,1730
21,vic,female,1,1618
21,vic,female,2,1591
21,vic,female,3,1694
21,vic,female,4,2081
21,vic,female,5,2182
21,vic,female,6,1999
21,vic,female,7,1933
21,vic,female,8,2045
21,vic,female,9,1892
21,vic,female,10,1843
21,vic,female,11,1662
21,vic,female,12,1493
21,vic,female,13,1268
21,vic,female,14,943
21,vic,female,15,775
21,vic,female,16,642
21,vic,female,17,425
21,vic,female,18,190
21,vic,female,19,50
21,vic,female,20,7
21,qld,male,0,1581
21,qld,male,1,1486
21,qld,male,2,1473
21,qld,male,3,1540
21,qld,male,4,1677
21,qld,male,5,1751
21,qld,male,6,1564
21,qld,male,7,1545
21,qld,male,8,1592
21,qld,male,9,1482
21,qld,male,10,1456
21,qld,male,11,1318
21,qld,male,12,1212
21,qld,male,13,1005
21,qld,male,14,703
21,qld,male,15,479
21,qld,male,16,350
21,qld,male,17,181
21,qld,male,18,64
21,qld,male,19,12
21,qld,male,20,1
21,qld,female,0,1555
21,qld,female,1,1410
21,qld,female,2,1406
21,qld,female,3,1462
21,qld,female,4,1617
21,qld,female,5,1700
21,qld,female,6,1551
21,qld,female,7,1545
21,qld,female,8,1611
21,qld,female,9,1531
21,qld,female,10,1502
21,qld,female,11,1336
21,qld,female,12,1205
21,qld,female,13,998
21,qld,female,14,703
21,qld,female,15,530
21,qld,female,16,434
21,qld,female,17,285
21,qld,female,18,133
21,qld,female,19,39
21,qld,female,20,6
21,sa,male,0,504
21,sa,male,1,486
21,sa,male,2,502
21,sa,male,3,546
21,sa,male,4,618
21,sa,male,5,620
21,sa,male,6,541
21,sa,male,7,523
21,sa,male,8,582
21,sa,male,9,563
21,sa,male,10,575
21,sa,male,11,514
21,sa,male,12,472
21,sa,male,13,395
21,sa,male,14,287
21,sa,male,15,219
21,sa,male,16,163
21,sa,male,17,99
21,sa,male,18,31
21,sa,male,19,7
21,sa,male,20,1
21,sa,female,0,512
21,sa,female,1,468
21,sa,female,2,482
21,sa,female,3,512
21,sa,female,4,580
21,sa,female,5,599
21,sa,female,6,532
21,sa,female,7,533
21,sa,female,8,575
21,sa,female,9,572
21,sa,female,10,584
21,sa,female,11,533
21,sa,female,12,494
21,sa,female,13,423
21,sa,female,14,314
21,sa,female,15,255
21,sa,female,16,213
21,sa,female,17,167
21,sa,female,18,68
21,sa,female,19,20
21,sa,female,20,4
21,wa,male,0,812
21,wa,male,1,766
21,wa,male,2,750
21,wa,male,3,793
21,wa,male,4,938
21,wa,male,5,1039
21,wa,male,6,879
21,wa,male,7,822
21,wa,male,8,895
21,wa,male,9,822
21,wa,male,10,785
21,wa,male,11,714
21,wa,male,12,635
21,wa,male,13,492
21,wa,male,14,342
21,wa,male,15,238
21,wa,male,16,168
21,wa,male,17,86
21,wa,male,18,30
21,wa,male,19,7
21,wa,male,20,1
21,wa,female,0,764
21,wa,female,1,739
21,wa,female,2,718
21,wa,female,3,752
21,wa,female,4,885
21,wa,female,5,960
21,wa,female,6,848
21,wa,female,7,834
21,wa,female,8,859
21,wa,female,9,808
21,wa,female,10,787
21,wa,female,11,721
21,wa,female,12,613
21,wa,female,13,491
21,wa,female,14,354
21,wa,female,15,272
21,wa,female,16,216
21,wa,female,17,137
21,wa,female,18,68
21,wa,female,19,17
21,wa,female,20,1
21,tas,male,0,173
21,tas,male,1,168
21,tas,male,2,179
21,tas,male,3,197
21,tas,male,4,195
21,tas,male,5,176
21,tas,male,6,160
21,tas,male,7,167
21,tas,male,8,186
21,tas,male,9,179
21,tas,male,10,194
21,tas,male,11,182
21,tas,male,12,168
21,tas,male,13,142
21,tas,male,14,95
21,tas,male,15,71
21,tas,male,16,53
21,tas,male,17,32
21,tas,male,18,4
21,tas,female,0,160
21,tas,female,1,159
21,tas,female,2,160
21,tas,female,3,181
21,tas,female,4,172
21,tas,female,5,172
21,tas,female,6,161
21,tas,female,7,173
21,tas,female,8,198
21,tas,female,9,187
21,tas,female,10,198
21,tas,female,11,184
21,tas,female,12,170
21,tas,female,13,132
21,tas,female,14,100
21,tas,female,15,80
21,tas,female,16,65
21,tas,female,17,46
21,tas,female,18,19
21,tas,female,19,7
21,tas,female,20,1
21,nt,male,0,121
21,nt,male,1,95
21,nt,male,2,103
21,nt,male,3,103
21,nt,male,4,124
21,nt,male,5,136
21,nt,male,6,121
21,nt,male,7,113
21,nt,male,8,107
21,nt,male,9,101
21,nt,male,10,85
21,nt,male,11,71
21,nt,male,12,65
21,nt,male,13,42
21,nt,male,14,29
21,nt,male,15,15
21,nt,male,16,9
21,nt,male,17,1
21,nt,female,0,112
21,nt,female,1,97
21,nt,female,2,87
21,nt,female,3,88
21,nt,female,4,92
21,nt,female,5,128
21,nt,female,6,114
21,nt,female,7,107
21,nt,female,8,104
21,nt,female,9,79
21,nt,female,10,78
21,nt,female,11,64
21,nt,female,12,49
21,nt,female,13,35
21,nt,female,14,23
21,nt,female,15,13
21,nt,female,16,5
21,nt,female,17,4
21,act,male,0,137
21,act,male,1,125
21,act,male,2,109
21,act,male,3,128
21,act,male,4,191
21,act,male,5,189
21,act,male,6,162
21,act,male,7,152
21,act,male,8,141
21,act,male,9,134
21,act,male,10,126
21,act,male,11,114
21,act,male,12,95
21,act,male,13,70
21,act,male,14,49
21,act,male,15,34
21,act,male,16,20
21,act,male,17,13
21,act,male,18,5
21,act,female,0,134
21,act,female,1,115
21,act,female,2,111
21,act,female,3,132
21,act,female,4,174
21,act,female,5,180
21,act,female,6,163
21,act,female,7,148
21,act,female,8,149
21,act,female,9,133
21,act,female,10,137
21,act,female,11,115
21,act,female,12,102
21,act,female,13,78
21,act,female,14,50
21,act,female,15,40
21,act,female,16,28
21,act,female,17,22
21,act,female,18,7
21,act,female,19,1
22,nsw,male,0,2489
22,nsw,male,1,2298
22,nsw,male,2,2246
22,nsw,male,3,2378
22,nsw,male,4,2679
22,nsw,male,5,2770
22,nsw,male,6,2590
22,nsw,male,7,2459
22,nsw,male,8,2480
22,nsw,male,9,2384
22,nsw,male,10,2392
22,nsw,male,11,2136
22,nsw,male,12,1940
22,nsw,male,13,1670
22,nsw,male,14,1174
22,nsw,male,15,876
22,nsw,male,16,653
22,nsw,male,17,360
22,nsw,male,18,119
22,nsw,male,19,22
22,nsw,male,20,1
22,nsw,female,0,2375
22,nsw,female,1,2183
22,nsw,female,2,2134
22,nsw,female,3,2240
22,nsw,female,4,2554
22,nsw,female,5,2732
22,nsw,female,6,2576
22,nsw,female,7,2518
22,nsw,female,8,2523
22,nsw,female,9,2436
22,nsw,female,10,2437
22,nsw,female,11,2170
22,nsw,female,12,1957
22,nsw,female,13,1700
22,nsw,female,14,1261
22,nsw,female,15,1009
22,nsw,female,16,869
22,nsw,female,17,587
22,nsw,female,18,267
22,nsw,female,19,77
22,nsw,female,20,7
22,vic,male,0,1797
22,vic,male,1,1704
22,vic,male,2,1657
22,vic,male,3,1807
22,vic,male,4,2195
22,vic,male,5,2271
22,vic,male,6,2027
22,vic,male,7,1925
22,vic,male,8,1970
22,vic,male,9,1823
22,vic,male,10,1760
22,vic,male,11,1592
22,vic,male,12,1436
22,vic,male,13,1208
22,vic,male,14,879
22,vic,male,15,641
22,vic,male,16,479
22,vic,male,17,256
22,vic,male,18,82
22,vic,male,19,21
22,vic,male,20,1
22,vic,female,0,1728
22,vic,female,1,1617
22,vic,female,2,1590
22,vic,female,3,1698
22,vic,female,4,2081
22,vic,female,5,2184
22,vic,female,6,1998
22,vic,female,7,1935
22,vic,female,8,2046
22,vic,female,9,1891
22,vic,female,10,1846
22,vic,female,11,1660
22,vic,female,12,1494
22,vic,female,13,1273
22,vic,female,14,945
22,vic,female,15,776
22,vic,female,16,642
22,vic,female,17,428
22,vic,female,18,189
22,vic,female,19,50
22,vic,female,20,7
22,qld,male,0,1576
22,qld,male,1,1487
22,qld,male,2,1474
22,qld,male,3,1538
22,qld,male,4,1685
22,qld,male,5,1756
22,qld,male,6,1564
22,qld,male,7,1538
22,qld,male,8,1597
22,qld,male,9,1481
22,qld,male,10,1459
22,qld,male,11,1317
22,qld,male,12,1211
22,qld,male,13,1012
22,qld,male,14,706
22,qld,male,15,477
22,qld,male,16,349
22,qld,male,17,182
22,qld,male,18,64
22,qld,male,19,13
22,qld,male,20,1
22,qld,female,0,1554
22,qld,female,1,1413
22,qld,female,2,1405
22,qld,female,3,1459
22,qld,female,4,1626
22,qld,female,5,1702
22,qld,female,6,1558
22,qld,female,7,1541
22,qld,female,8,1616
22,qld,female,9,1524
22,qld,female,10,1505
22,qld,female,11,1343
22,qld,female,12,1203
22,qld,female,13,1007
22,qld,female,14,704
22,qld,female,15,532
22,qld,female,16,436
22,qld,female,17,285
22,qld,female,18,133
22,qld,female,19,39
22,qld,female,20,6
22,sa,male,0,504
22,sa,male,1,487
22,sa,male,2,504
22,sa,male,3,544
22,sa,male,4,619
22,sa,male,5,624
22,sa,male,6,542
22,sa,male,7,520
22,sa,male,8,583
22,sa,male,9,565
22,sa,male,10,575
22,sa,male,11,516
22,sa,male,12,469
22,sa,male,13,395
22,sa,male,14,286
22,sa,male,15,221
22,sa,male,16,162
22,sa,male,17,100
22,sa,male,18,32
22,sa,male,19,7
22,sa,male,20,1
22,sa,female,0,510
22,sa,female,1,467
22,sa,female,2,480
22,sa,female,3,511
22,sa,female,4,582
22,sa,female,5,601
22,sa,female,6,532
22,sa,female,7,530
22,sa,female,8,577
22,sa,female,9,573
22,sa,female,10,584
22,sa,female,11,532
22,sa,female,12,495
22,sa,female,13,425
22,sa,female,14,315
22,sa,female,15,256
22,sa,female,16,214
22,sa,female,17,167
22,sa,female,18,66
22,sa,female,19,21
22,sa,female,20,4
22,wa,male,0,812
22,wa,male,1,765
22,wa,male,2,748
22,wa,male,3,795
22,wa,male,4,941
22,wa,male,5,1045
22,wa,male,6,879
22,wa,male,7,817
22,wa,male,8,895
22,wa,male,9,821
22,wa,male,10,789
22,wa,male,11,713
22,wa,male,12,635
22,wa,male,13,495
22,wa,male,14,346
22,wa,male,15,237
22,wa,male,16,170
22,wa,male,17,85
22,wa,male,18,31
22,wa,male,19,7
22,wa,male,20,1
22,wa,female,0,766
22,wa,female,1,737
22,wa,female,2,719
22,wa,female,3,750
22,wa,female,4,882
22,wa,female,5,963
22,wa,female,6,854
22,wa,female,7,833
22,wa,female,8,860
22,wa,female,9,806
22,wa,female,10,788
22,wa,female,11,722
22,wa,female,12,615
22,wa,female,13,495
22,wa,female,14,355
22,wa,female,15,271
22,wa,female,16,217
22,wa,female,17,139
22,wa,female,18,67
22,wa,female,19,17
22,wa,female,20,1
22,tas,male,0,174
22,tas,male,1,168
22,tas,male,2,178
22,tas,male,3,197
22,tas,male,4,196
22,tas,male,5,178
22,tas,male,6,161
22,tas,male,7,167
22,tas,male,8,186
22,tas,male,9,179
22,tas,male,10,194
22,tas,male,11,182
22,tas,male,12,171
22,tas,male,13,142
22,tas,male,14,97
22,tas,male,15,70
22,tas,male,16,52
22,tas,male,17,33
22,tas,male,18,4
22,tas,female,0,158
22,tas,female,1,160
22,tas,female,2,159
22,tas,female,3,182
22,tas,female,4,172
22,tas,female,5,174
22,tas,female,6,163
22,tas,female,7,174
22,tas,female,8,197
22,tas,female,9,188
22,tas,female,10,197
22,tas,female,11,184
22,tas,female,12,170
22,tas,female,13,132
22,tas,female,14,100
22,tas,female,15,81
22,tas,female,16,65
22,tas,female,17,46
22,tas,female,18,20
22,tas,female,19,7
22,tas,female,20,1
22,nt,male,0,123
22,nt,male,1,96
22,nt,male,2,105
22,nt,male,3,103
22,nt,male,4,124
22,nt,male,5,135
22,nt,male,6,122
22,nt,male,7,112
22,nt,male,8,111
22,nt,male,9,102
22,nt,male,10,85
22,nt,male,11,71
22,nt,male,12,65
22,nt,male,13,45
22,nt,male,14,29
22,nt,male,15,14
22,nt,male,16,9
22,nt,male,17,1
22,nt,female,0,114
22,nt,female,1,96
22,nt,female,2,87
22,nt,female,3,88
22,nt,female,4,91
22,nt,female,5,128
22,nt,female,6,116
22,nt,female,7,108
22,nt,female,8,104
22,nt,female,9,78
22,nt,female,10,79
22,nt,female,11,64
22,nt,female,12,49
22,nt,female,13,36
22,nt,female,14,23
22,nt,female,15,13
22,nt,female,16,5
22,nt,female,17,4
22,act,male,0,138
22,act,male,1,124
22,act,male,2,110
22,act,male,3,129
22,act,male,4,190
22,act,male,5,190
22,act,male,6,165
22,act,male,7,151
22,act,male,8,141
22,act,male,9,135
22,act,male,10,127
22,act,male,11,114
22,act,male,12,95
22,act,male,13,71
22,act,male,14,49
22,act,male,15,35
22,act,male,16,20
22,act,male,17,13
22,act,male,18,4
22,act,female,0,135
22,act,female,1,115
22,act,female,2,112
22,act,female,3,131
22,act,female,4,175
22,act,female,5,179
22,act,female,6,165
22,act,female,7,148
22,act,female,8,149
22,act,female,9,131
22,act,female,10,141
22,act,female,11,116
22,act,female,12,99
22,act,female,13,80
22,act,female,14,49
22,act,female,15,40
22,act,female,16,29
22,act,female,17,21
22,act,female,18,7
22,act,female,19,1
23,nsw,male,0,2485
23,nsw,male,1,2301
23,nsw,male,2,2239
23,nsw,male,3,2382
23,nsw,male,4,2691
23,nsw,male,5,2776
23,nsw,male,6,2597
23,nsw,male,7,2456
23,nsw,male,8,2483
23,nsw,male,9,2382
23,nsw,male,10,2392
23,nsw,male,11,2138
23,nsw,male,12,1933
23,nsw,male,13,1676
23,nsw,male,14,1178
23,nsw,male,15,878
23,nsw,male,16,652
23,nsw,male,17,360
23,nsw,male,18,118
23,nsw,male,19,24
23,nsw,male,20,1
23,nsw,female,0,2376
23,nsw,female,1,2180
23,nsw,female,2,2130
23,nsw,female,3,2237
23,nsw,female,4,2561
23,nsw,female,5,2742
23,nsw,female,6,2576
23,nsw,female,7,2513
23,nsw,female,8,2528
23,nsw,female,9,2435
23,nsw,female,10,2437
23,nsw,female,11,2169
23,nsw,female,12,1948
23,nsw,female,13,1713
23,nsw,female,14,1260
23,nsw,female,15,1009
23,nsw,female,16,870
23,nsw,female,17,586
23,nsw,female,18,270
23,nsw,female,19,79
23,nsw,female,20,7
23,vic,male,0,1798
23,vic,male,1,1709
23,vic,male,2,1653
23,vic,male,3,1803
23,vic,male,4,2195
23,vic,male,5,2278
23,vic,male,6,2026
23,vic,male,7,1921
23,vic,male,8,1971
23,vic,male,9,1819
23,vic,male,10,1763
23,vic,male,11,1592
23,vic,male,12,1430
23,vic,male,13,1217
23,vic,male,14,880
23,vic,male,15,642
23,vic,male,16,477
23,vic,male,17,259
23,vic,male,18,83
23,vic,male,19,21
23,vic,male,20,1
23,vic,female,0,1725
23,vic,female,1,1616
23,vic,female,2,1590
23,vic,female,3,1700
23,vic,female,4,2079
23,vic,female,5,2187
23,vic,female,6,2003
23,vic,female,7,1929
23,vic,female,8,2049
23,vic,female,9,1885
23,vic,female,10,1846
23,vic,female,11,1663
23,vic,female,12,1495
23,vic,female,13,1282
23,vic,female,14,941
23,vic,female,15,776
23,vic,female,16,642
23,vic,female,17,426
23,vic,female,18,190
23,vic,female,19,51
23,vic,female,20,8
23,qld,male,0,1569
23,qld,male,1,1488
23,qld,male,2,1477
23,qld,male,3,1539
23,qld,male,4,1685
23,qld,male,5,1762
23,qld,male,6,1565
23,qld,male,7,1539
23,qld,male,8,1607
23,qld,male,9,1481
23,qld,male,10,1460
23,qld,male,11,1318
23,qld,male,12,1207
23,qld,male,13,1018
23,qld,male,14,711
23,qld,male,15,477
23,qld,male,16,349
23,qld,male,17,183
23,qld,male,18,64
23,qld,male,19,13
23,qld,male,20,2
23,qld,female,0,1556
23,qld,female,1,1415
23,qld,female,2,1404
23,qld,female,3,1455
23,qld,female,4,1634
23,qld,female,5,1706
23,qld,female,6,1563
23,qld,female,7,1535
23,qld,female,8,1616
23,qld,female,9,1522
23,qld,female,10,1507
23,qld,female,11,1346
23,qld,female,12,1203
23,qld,female,13,1011
23,qld,female,14,707
23,qld,female,15,533
23,qld,female,16,430
23,qld,female,17,279
23,qld,female,18,136
23,qld,female,19,39
23,qld,female,20,7
23,sa,male,0,504
23,sa,male,1,487
23,sa,male,2,503
23,sa,male,3,545
23,sa,male,4,619
23,sa,male,5,621
23,sa,male,6,541
23,sa,male,7,520
23,sa,male,8,583
23,sa,male,9,563
23,sa,male,10,578
23,sa,male,11,516
23,sa,male,12,468
23,sa,male,13,399
23,sa,male,14,286
23,sa,male,15,221
23,sa,male,16,161
23,sa,male,17,100
23,sa,male,18,31
23,sa,male,19,8
23,sa,male,20,1
23,sa,female,0,509
23,sa,female,1,466
23,sa,female,2,479
23,sa,female,3,514
23,sa,female,4,581
23,sa,female,5,602
23,sa,female,6,534
23,sa,female,7,529
23,sa,female,8,577
23,sa,female,9,573
23,sa,female,10,584
23,sa,female,11,533
23,sa,female,12,495
23,sa,female,13,428
23,sa,female,14,315
23,sa,female,15,256
23,sa,female,16,214
23,sa,female,17,169
23,sa,female,18,65
23,sa,female,19,19
23,sa,female,20,4
23,wa,male,0,810
23,wa,male,1,768
23,wa,male,2,750
23,wa,male,3,796
23,wa,male,4,944
23,wa,male,5,1046
23,wa,male,6,886
23,wa,male,7,816
23,wa,male,8,898
23,wa,male,9,822
23,wa,male,10,787
23,wa,male,11,714
23,wa,male,12,635
23,wa,male,13,497
23,wa,male,14,349
23,wa,male,15,235
23,wa,male,16,169
23,wa,male,17,86
23,wa,male,18,29
23,wa,male,19,8
23,wa,male,20,1
23,wa,female,0,762
23,wa,female,1,738
23,wa,female,2,724
23,wa,female,3,748
23,wa,female,4,881
23,wa,female,5,966
23,wa,female,6,857
23,wa,female,7,836
23,wa,female,8,863
23,wa,female,9,805
23,wa,female,10,790
23,wa,female,11,726
23,wa,female,12,618
23,wa,female,13,499
23,wa,female,14,354
23,wa,female,15,273
23,wa,female,16,216
23,wa,female,17,136
23,wa,female,18,65
23,wa,female,19,16
23,wa,female,20,2
23,tas,male,0,175
23,tas,male,1,168
23,tas,male,2,179
23,tas,male,3,196
23,tas,male,4,199
23,tas,male,5,179
23,tas,male,6,161
23,tas,male,7,168
23,tas,male,8,186
23,tas,male,9,176
23,tas,male,10,196
23,tas,male,11,182
23,tas,male,12,170
23,tas,male,13,143
23,tas,male,14,96
23,tas,male,15,70
23,tas,male,16,53
23,tas,male,17,32
23,tas,male,18,5
23,tas,male,19,1
23,tas,female,0,156
23,tas,female,1,161
23,tas,female,2,160
23,tas,female,3,183
23,tas,female,4,174
23,tas,female,5,174
23,tas,female,6,163
23,tas,female,7,173
23,tas,female,8,199
23,tas,female,9,187
23,tas,female,10,198
23,tas,female,11,184
23,tas,female,12,170
23,tas,female,13,134
23,tas,female,14,100
23,tas,female,15,81
23,tas,female,16,65
23,tas,female,17,45
23,tas,female,18,19
23,tas,female,19,6
23,tas,female,20,1
23,nt,male,0,124
23,nt,male,1,94
23,nt,male,2,107
23,nt,male,3,102
23,nt,male,4,126
23,nt,male,5,137
23,nt,male,6,123
23,nt,male,7,114
23,nt,male,8,110
23,nt,male,9,103
23,nt,male,10,87
23,nt,male,11,71
23,nt,male,12,67
23,nt,male,13,45
23,nt,male,14,29
23,nt,male,15,14
23,nt,male,16,9
23,nt,male,17,2
23,nt,female,0,116
23,nt,female,1,97
23,nt,female,2,89
23,nt,female,3,88
23,nt,female,4,92
23,nt,female,5,129
23,nt,female,6,116
23,nt,female,7,110
23,nt,female,8,102
23,nt,female,9,81
23,nt,female,10,78
23,nt,female,11,65
23,nt,female,12,48
23,nt,female,13,36
23,nt,female,14,23
23,nt,female,15,13
23,nt,female,16,5
23,nt,female,17,5
23,act,male,0,136
23,act,male,1,124
23,act,male,2,110
23,act,male,3,131
23,act,male,4,189
23,act,male,5,190
23,act,male,6,165
23,act,male,7,152
23,act,male,8,142
23,act,male,9,133
23,act,male,10,127
23,act,male,11,115
23,act,male,12,96
23,act,male,13,71
23,act,male,14,50
23,act,male,15,35
23,act,male,16,20
23,act,male,17,13
23,act,male,18,4
23,act,female,0,134
23,act,female,1,115
23,act,female,2,113
23,act,female,3,133
23,act,female,4,175
23,act,female,5,179
23,act,female,6,166
23,act,female,7,150
23,act,female,8,152
23,act,female,9,130
23,act,female,10,142
23,act,female,11,116
23,act,female,12,99
23,act,female,13,81
23,act,female,14,49
23,act,female,15,40
23,act,female,16,29
23,act,female,17,23
23,act,female,18,7
23,act,female,19,1
