tick,area,sex,age_months,count
0,nsw,male,0,516
0,nsw,male,1,490
0,nsw,male,2,482
0,nsw,male,3,481
0,nsw,male,4,475
0,nsw,male,5,465
0,nsw,male,6,455
0,nsw,male,7,452
0,nsw,male,8,446
0,nsw,male,9,455
0,nsw,male,10,456
0,nsw,male,11,454
0,nsw,male,12,455
0,nsw,male,13,461
0,nsw,male,14,461
0,nsw,male,15,472
0,nsw,male,16,469
0,nsw,male,17,472
0,nsw,male,18,478
0,nsw,male,19,489
0,nsw,male,20,522
0,nsw,male,21,507
0,nsw,male,22,505
0,nsw,male,23,507
0,nsw,male,24,521
0,nsw,male,25,535
0,nsw,male,26,524
0,nsw,male,27,525
0,nsw,male,28,521
0,nsw,male,29,517
0,nsw,male,30,508
0,nsw,male,31,492
0,nsw,male,32,482
0,nsw,male,33,478
0,nsw,male,34,482
0,nsw,male,35,493
0,nsw,male,36,498
0,nsw,male,37,510
0,nsw,male,38,529
0,nsw,male,39,529
0,nsw,male,40,502
0,nsw,male,41,489
0,nsw,male,42,472
0,nsw,male,43,469
0,nsw,male,44,470
0,nsw,male,45,480
0,nsw,male,46,495
0,nsw,male,47,504
0,nsw,male,48,507
0,nsw,male,49,504
0,nsw,male,50,490
0,nsw,male,51,479
0,nsw,male,52,468
0,nsw,male,53,466
0,nsw,male,54,454
0,nsw,male,55,445
0,nsw,male,56,429
0,nsw,male,57,422
0,nsw,male,58,406
0,nsw,male,59,405
0,nsw,male,60,403
0,nsw,male,61,390
0,nsw,male,62,399
0,nsw,male,63,405
0,nsw,male,64,358
0,nsw,male,65,340
0,nsw,male,66,326
0,nsw,male,67,291
0,nsw,male,68,282
0,nsw,male,69,267
0,nsw,male,70,256
0,nsw,male,71,242
0,nsw,male,72,230
0,nsw,male,73,223
0,nsw,male,74,205
0,nsw,male,75,191
0,nsw,male,76,181
0,nsw,male,77,173
0,nsw,male,78,167
0,nsw,male,79,161
0,nsw,male,80,151
0,nsw,male,81,140
0,nsw,male,82,132
0,nsw,male,83,117
0,nsw,male,84,103
0,nsw,male,85,92
0,nsw,male,86,79
0,nsw,male,87,66
0,nsw,male,88,57
0,nsw,male,89,46
0,nsw,male,90,35
0,nsw,male,91,24
0,nsw,male,92,18
0,nsw,male,93,14
0,nsw,male,94,11
0,nsw,male,95,7
0,nsw,male,96,4
0,nsw,male,97,4
0,nsw,male,98,2
0,nsw,male,99,1
0,nsw,male,100,2
0,nsw,female,0,490
0,nsw,female,1,468
0,nsw,female,2,464
0,nsw,female,3,455
0,nsw,female,4,448
0,nsw,female,5,435
0,nsw,female,6,428
0,nsw,female,7,427
0,nsw,female,8,423
0,nsw,female,9,429
0,nsw,female,10,437
0,nsw,female,11,431
0,nsw,female,12,431
0,nsw,female,13,436
0,nsw,female,14,434
0,nsw,female,15,450
0,nsw,female,16,444
0,nsw,female,17,444
0,nsw,female,18,448
0,nsw,female,19,468
0,nsw,female,20,497
0,nsw,female,21,482
0,nsw,female,22,482
0,nsw,female,23,492
0,nsw,female,24,500
0,nsw,female,25,524
0,nsw,female,26,515
0,nsw,female,27,523
0,nsw,female,28,514
0,nsw,female,29,512
0,nsw,female,30,503
0,nsw,female,31,493
0,nsw,female,32,488
0,nsw,female,33,486
0,nsw,female,34,484
0,nsw,female,35,499
0,nsw,female,36,507
0,nsw,female,37,522
0,nsw,female,38,537
0,nsw,female,39,545
0,nsw,female,40,510
0,nsw,female,41,504
0,nsw,female,42,485
0,nsw,female,43,478
0,nsw,female,44,477
0,nsw,female,45,487
0,nsw,female,46,503
0,nsw,female,47,517
0,nsw,female,48,513
0,nsw,female,49,512
0,nsw,female,50,498
0,nsw,female,51,488
0,nsw,female,52,484
0,nsw,female,53,467
0,nsw,female,54,458
0,nsw,female,55,451
0,nsw,female,56,435
0,nsw,female,57,429
0,nsw,female,58,415
0,nsw,female,59,407
0,nsw,female,60,404
0,nsw,female,61,391
0,nsw,female,62,393
0,nsw,female,63,407
0,nsw,female,64,355
0,nsw,female,65,344
0,nsw,female,66,327
0,nsw,female,67,299
0,nsw,female,68,287
0,nsw,female,69,276
0,nsw,female,70,263
0,nsw,female,71,252
0,nsw,female,72,244
0,nsw,female,73,236
0,nsw,female,74,230
0,nsw,female,75,219
0,nsw,female,76,203
0,nsw,female,77,200
0,nsw,female,78,197
0,nsw,female,79,198
0,nsw,female,80,193
0,nsw,female,81,183
0,nsw,female,82,177
0,nsw,female,83,164
0,nsw,female,84,154
0,nsw,female,85,144
0,nsw,female,86,128
0,nsw,female,87,118
0,nsw,female,88,104
0,nsw,female,89,90
0,nsw,female,90,72
0,nsw,female,91,54
0,nsw,female,92,46
0,nsw,female,93,37
0,nsw,female,94,30
0,nsw,female,95,23
0,nsw,female,96,15
0,nsw,female,97,12
0,nsw,female,98,7
0,nsw,female,99,5
0,nsw,female,100,8
0,vic,male,0,377
0,vic,male,1,360
0,vic,male,2,361
0,vic,male,3,357
0,vic,male,4,349
0,vic,male,5,341
0,vic,male,6,337
0,vic,male,7,331
0,vic,male,8,329
0,vic,male,9,332
0,vic,male,10,336
0,vic,male,11,335
0,vic,male,12,338
0,vic,male,13,342
0,vic,male,14,345
0,vic,male,15,355
0,vic,male,16,357
0,vic,male,17,357
0,vic,male,18,369
0,vic,male,19,392
0,vic,male,20,427
0,vic,male,21,422
0,vic,male,22,425
0,vic,male,23,431
0,vic,male,24,431
0,vic,male,25,442
0,vic,male,26,428
0,vic,male,27,427
0,vic,male,28,416
0,vic,male,29,405
0,vic,male,30,397
0,vic,male,31,384
0,vic,male,32,379
0,vic,male,33,374
0,vic,male,34,373
0,vic,male,35,381
0,vic,male,36,385
0,vic,male,37,392
0,vic,male,38,406
0,vic,male,39,411
0,vic,male,40,400
0,vic,male,41,397
0,vic,male,42,386
0,vic,male,43,369
0,vic,male,44,366
0,vic,male,45,367
0,vic,male,46,372
0,vic,male,47,379
0,vic,male,48,379
0,vic,male,49,374
0,vic,male,50,365
0,vic,male,51,363
0,vic,male,52,349
0,vic,male,53,343
0,vic,male,54,344
0,vic,male,55,328
0,vic,male,56,318
0,vic,male,57,314
0,vic,male,58,305
0,vic,male,59,297
0,vic,male,60,292
0,vic,male,61,285
0,vic,male,62,288
0,vic,male,63,302
0,vic,male,64,260
0,vic,male,65,242
0,vic,male,66,231
0,vic,male,67,212
0,vic,male,68,208
0,vic,male,69,194
0,vic,male,70,190
0,vic,male,71,181
0,vic,male,72,169
0,vic,male,73,162
0,vic,male,74,153
0,vic,male,75,140
0,vic,male,76,136
0,vic,male,77,129
0,vic,male,78,119
0,vic,male,79,120
0,vic,male,80,115
0,vic,male,81,106
0,vic,male,82,96
0,vic,male,83,88
0,vic,male,84,78
0,vic,male,85,67
0,vic,male,86,57
0,vic,male,87,48
0,vic,male,88,42
0,vic,male,89,32
0,vic,male,90,25
0,vic,male,91,18
0,vic,male,92,13
0,vic,male,93,12
0,vic,male,94,8
0,vic,male,95,6
0,vic,male,96,4
0,vic,male,97,3
0,vic,male,98,2
0,vic,male,99,1
0,vic,male,100,1
0,vic,female,0,348
0,vic,female,1,344
0,vic,female,2,340
0,vic,female,3,336
0,vic,female,4,335
0,vic,female,5,326
0,vic,female,6,319
0,vic,female,7,315
0,vic,female,8,315
0,vic,female,9,315
0,vic,female,10,321
0,vic,female,11,320
0,vic,female,12,315
0,vic,female,13,323
0,vic,female,14,325
0,vic,female,15,339
0,vic,female,16,336
0,vic,female,17,345
0,vic,female,18,350
0,vic,female,19,371
0,vic,female,20,400
0,vic,female,21,396
0,vic,female,22,402
0,vic,female,23,400
0,vic,female,24,409
0,vic,female,25,426
0,vic,female,26,413
0,vic,female,27,411
0,vic,female,28,407
0,vic,female,29,402
0,vic,female,30,399
0,vic,female,31,384
0,vic,female,32,378
0,vic,female,33,375
0,vic,female,34,377
0,vic,female,35,383
0,vic,female,36,393
0,vic,female,37,401
0,vic,female,38,419
0,vic,female,39,433
0,vic,female,40,414
0,vic,female,41,406
0,vic,female,42,395
0,vic,female,43,378
0,vic,female,44,378
0,vic,female,45,381
0,vic,female,46,384
0,vic,female,47,388
0,vic,female,48,386
0,vic,female,49,387
0,vic,female,50,381
0,vic,female,51,369
0,vic,female,52,358
0,vic,female,53,354
0,vic,female,54,348
0,vic,female,55,339
0,vic,female,56,329
0,vic,female,57,326
0,vic,female,58,311
0,vic,female,59,311
0,vic,female,60,305
0,vic,female,61,296
0,vic,female,62,299
0,vic,female,63,311
0,vic,female,64,267
0,vic,female,65,252
0,vic,female,66,242
0,vic,female,67,221
0,vic,female,68,216
0,vic,female,69,203
0,vic,female,70,197
0,vic,female,71,191
0,vic,female,72,183
0,vic,female,73,175
0,vic,female,74,172
0,vic,female,75,163
0,vic,female,76,156
0,vic,female,77,152
0,vic,female,78,146
0,vic,female,79,148
0,vic,female,80,146
0,vic,female,81,137
0,vic,female,82,132
0,vic,female,83,124
0,vic,female,84,117
0,vic,female,85,106
0,vic,female,86,95
0,vic,female,87,86
0,vic,female,88,77
0,vic,female,89,67
0,vic,female,90,55
0,vic,female,91,40
0,vic,female,92,33
0,vic,female,93,26
0,vic,female,94,22
0,vic,female,95,15
0,vic,female,96,13
0,vic,female,97,9
0,vic,female,98,4
0,vic,female,99,4
0,vic,female,100,7
0,qld,male,0,338
0,qld,male,1,317
0,qld,male,2,315
0,qld,male,3,309
0,qld,male,4,308
0,qld,male,5,301
0,qld,male,6,292
0,qld,male,7,288
0,qld,male,8,292
0,qld,male,9,298
0,qld,male,10,296
0,qld,male,11,294
0,qld,male,12,298
0,qld,male,13,297
0,qld,male,14,301
0,qld,male,15,313
0,qld,male,16,306
0,qld,male,17,304
0,qld,male,18,307
0,qld,male,19,311
0,qld,male,20,329
0,qld,male,21,317
0,qld,male,22,318
0,qld,male,23,327
0,qld,male,24,332
0,qld,male,25,341
0,qld,male,26,330
0,qld,male,27,332
0,qld,male,28,323
0,qld,male,29,314
0,qld,male,30,311
0,qld,male,31,292
0,qld,male,32,287
0,qld,male,33,289
0,qld,male,34,291
0,qld,male,35,301
0,qld,male,36,311
0,qld,male,37,319
0,qld,male,38,330
0,qld,male,39,336
0,qld,male,40,322
0,qld,male,41,313
0,qld,male,42,299
0,qld,male,43,298
0,qld,male,44,295
0,qld,male,45,297
0,qld,male,46,307
0,qld,male,47,308
0,qld,male,48,310
0,qld,male,49,308
0,qld,male,50,300
0,qld,male,51,292
0,qld,male,52,283
0,qld,male,53,278
0,qld,male,54,275
0,qld,male,55,268
0,qld,male,56,259
0,qld,male,57,259
0,qld,male,58,255
0,qld,male,59,252
0,qld,male,60,248
0,qld,male,61,244
0,qld,male,62,246
0,qld,male,63,254
0,qld,male,64,218
0,qld,male,65,209
0,qld,male,66,196
0,qld,male,67,177
0,qld,male,68,171
0,qld,male,69,160
0,qld,male,70,153
0,qld,male,71,142
0,qld,male,72,131
0,qld,male,73,126
0,qld,male,74,116
0,qld,male,75,105
0,qld,male,76,96
0,qld,male,77,93
0,qld,male,78,88
0,qld,male,79,83
0,qld,male,80,81
0,qld,male,81,73
0,qld,male,82,66
0,qld,male,83,60
0,qld,male,84,53
0,qld,male,85,47
0,qld,male,86,39
0,qld,male,87,34
0,qld,male,88,28
0,qld,male,89,23
0,qld,male,90,18
0,qld,male,91,12
0,qld,male,92,10
0,qld,male,93,8
0,qld,male,94,5
0,qld,male,95,4
0,qld,male,96,3
0,qld,male,97,2
0,qld,male,98,1
0,qld,male,99,1
0,qld,male,100,1
0,qld,female,0,302
0,qld,female,1,299
0,qld,female,2,294
0,qld,female,3,289
0,qld,female,4,290
0,qld,female,5,284
0,qld,female,6,278
0,qld,female,7,274
0,qld,female,8,277
0,qld,female,9,283
0,qld,female,10,281
0,qld,female,11,282
0,qld,female,12,286
0,qld,female,13,286
0,qld,female,14,288
0,qld,female,15,294
0,qld,female,16,290
0,qld,female,17,287
0,qld,female,18,299
0,qld,female,19,304
0,qld,female,20,318
0,qld,female,21,311
0,qld,female,22,308
0,qld,female,23,315
0,qld,female,24,320
0,qld,female,25,329
0,qld,female,26,321
0,qld,female,27,322
0,qld,female,28,311
0,qld,female,29,307
0,qld,female,30,304
0,qld,female,31,296
0,qld,female,32,291
0,qld,female,33,293
0,qld,female,34,299
0,qld,female,35,304
0,qld,female,36,310
0,qld,female,37,324
0,qld,female,38,338
0,qld,female,39,344
0,qld,female,40,333
0,qld,female,41,318
0,qld,female,42,306
0,qld,female,43,304
0,qld,female,44,299
0,qld,female,45,307
0,qld,female,46,314
0,qld,female,47,320
0,qld,female,48,320
0,qld,female,49,315
0,qld,female,50,305
0,qld,female,51,300
0,qld,female,52,293
0,qld,female,53,283
0,qld,female,54,277
0,qld,female,55,275
0,qld,female,56,264
0,qld,female,57,261
0,qld,female,58,252
0,qld,female,59,251
0,qld,female,60,249
0,qld,female,61,240
0,qld,female,62,238
0,qld,female,63,247
0,qld,female,64,211
0,qld,female,65,208
0,qld,female,66,194
0,qld,female,67,175
0,qld,female,68,170
0,qld,female,69,157
0,qld,female,70,151
0,qld,female,71,143
0,qld,female,72,130
0,qld,female,73,126
0,qld,female,74,120
0,qld,female,75,115
0,qld,female,76,107
0,qld,female,77,104
0,qld,female,78,98
0,qld,female,79,102
0,qld,female,80,96
0,qld,female,81,93
0,qld,female,82,88
0,qld,female,83,81
0,qld,female,84,76
0,qld,female,85,72
0,qld,female,86,61
0,qld,female,87,55
0,qld,female,88,51
0,qld,female,89,45
0,qld,female,90,36
0,qld,female,91,28
0,qld,female,92,22
0,qld,female,93,18
0,qld,female,94,13
0,qld,female,95,12
0,qld,female,96,7
0,qld,female,97,5
0,qld,female,98,4
0,qld,female,99,3
0,qld,female,100,4
0,sa,male,0,105
0,sa,male,1,101
0,sa,male,2,99
0,sa,male,3,97
0,sa,male,4,99
0,sa,male,5,96
0,sa,male,6,97
0,sa,male,7,96
0,sa,male,8,95
0,sa,male,9,97
0,sa,male,10,100
0,sa,male,11,101
0,sa,male,12,101
0,sa,male,13,101
0,sa,male,14,105
0,sa,male,15,108
0,sa,male,16,106
0,sa,male,17,107
0,sa,male,18,111
0,sa,male,19,114
0,sa,male,20,123
0,sa,male,21,120
0,sa,male,22,117
0,sa,male,23,118
0,sa,male,24,118
0,sa,male,25,117
0,sa,male,26,117
0,sa,male,27,115
0,sa,male,28,109
0,sa,male,29,107
0,sa,male,30,104
0,sa,male,31,101
0,sa,male,32,99
0,sa,male,33,101
0,sa,male,34,101
0,sa,male,35,104
0,sa,male,36,104
0,sa,male,37,107
0,sa,male,38,115
0,sa,male,39,119
0,sa,male,40,116
0,sa,male,41,115
0,sa,male,42,112
0,sa,male,43,110
0,sa,male,44,111
0,sa,male,45,113
0,sa,male,46,116
0,sa,male,47,116
0,sa,male,48,117
0,sa,male,49,118
0,sa,male,50,114
0,sa,male,51,113
0,sa,male,52,111
0,sa,male,53,108
0,sa,male,54,108
0,sa,male,55,106
0,sa,male,56,102
0,sa,male,57,101
0,sa,male,58,98
0,sa,male,59,97
0,sa,male,60,98
0,sa,male,61,96
0,sa,male,62,93
0,sa,male,63,100
0,sa,male,64,85
0,sa,male,65,82
0,sa,male,66,75
0,sa,male,67,71
0,sa,male,68,66
0,sa,male,69,62
0,sa,male,70,60
0,sa,male,71,60
0,sa,male,72,55
0,sa,male,73,54
0,sa,male,74,50
0,sa,male,75,47
0,sa,male,76,46
0,sa,male,77,43
0,sa,male,78,40
0,sa,male,79,40
0,sa,male,80,37
0,sa,male,81,36
0,sa,male,82,35
0,sa,male,83,31
0,sa,male,84,28
0,sa,male,85,23
0,sa,male,86,21
0,sa,male,87,18
0,sa,male,88,15
0,sa,male,89,12
0,sa,male,90,11
0,sa,male,91,6
0,sa,male,92,5
0,sa,male,93,4
0,sa,male,94,3
0,sa,male,95,2
0,sa,male,96,1
0,sa,male,97,1
0,sa,male,98,1
0,sa,male,100,1
0,sa,female,0,98
0,sa,female,1,96
0,sa,female,2,97
0,sa,female,3,96
0,sa,female,4,93
0,sa,female,5,93
0,sa,female,6,91
0,sa,female,7,91
0,sa,female,8,92
0,sa,female,9,93
0,sa,female,10,94
0,sa,female,11,96
0,sa,female,12,96
0,sa,female,13,98
0,sa,female,14,99
0,sa,female,15,101
0,sa,female,16,101
0,sa,female,17,103
0,sa,female,18,106
0,sa,female,19,105
0,sa,female,20,113
0,sa,female,21,111
0,sa,female,22,111
0,sa,female,23,112
0,sa,female,24,113
0,sa,female,25,117
0,sa,female,26,112
0,sa,female,27,110
0,sa,female,28,107
0,sa,female,29,105
0,sa,female,30,101
0,sa,female,31,99
0,sa,female,32,98
0,sa,female,33,100
0,sa,female,34,99
0,sa,female,35,102
0,sa,female,36,104
0,sa,female,37,108
0,sa,female,38,116
0,sa,female,39,117
0,sa,female,40,116
0,sa,female,41,114
0,sa,female,42,111
0,sa,female,43,110
0,sa,female,44,112
0,sa,female,45,114
0,sa,female,46,116
0,sa,female,47,117
0,sa,female,48,119
0,sa,female,49,119
0,sa,female,50,118
0,sa,female,51,117
0,sa,female,52,112
0,sa,female,53,112
0,sa,female,54,110
0,sa,female,55,107
0,sa,female,56,106
0,sa,female,57,105
0,sa,female,58,103
0,sa,female,59,103
0,sa,female,60,100
0,sa,female,61,97
0,sa,female,62,98
0,sa,female,63,104
0,sa,female,64,89
0,sa,female,65,85
0,sa,female,66,80
0,sa,female,67,74
0,sa,female,68,71
0,sa,female,69,66
0,sa,female,70,64
0,sa,female,71,64
0,sa,female,72,61
0,sa,female,73,60
0,sa,female,74,56
0,sa,female,75,53
0,sa,female,76,51
0,sa,female,77,51
0,sa,female,78,50
0,sa,female,79,51
0,sa,female,80,49
0,sa,female,81,47
0,sa,female,82,47
0,sa,female,83,44
0,sa,female,84,42
0,sa,female,85,39
0,sa,female,86,35
0,sa,female,87,31
0,sa,female,88,29
0,sa,female,89,23
0,sa,female,90,19
0,sa,female,91,14
0,sa,female,92,13
0,sa,female,93,11
0,sa,female,94,8
0,sa,female,95,6
0,sa,female,96,5
0,sa,female,97,4
0,sa,female,98,2
0,sa,female,99,2
0,sa,female,100,2
0,wa,male,0,167
0,wa,male,1,157
0,wa,male,2,156
0,wa,male,3,157
0,wa,male,4,152
0,wa,male,5,147
0,wa,male,6,148
0,wa,male,7,144
0,wa,male,8,143
0,wa,male,9,147
0,wa,male,10,148
0,wa,male,11,153
0,wa,male,12,150
0,wa,male,13,149
0,wa,male,14,154
0,wa,male,15,159
0,wa,male,16,155
0,wa,male,17,156
0,wa,male,18,157
0,wa,male,19,165
0,wa,male,20,175
0,wa,male,21,175
0,wa,male,22,177
0,wa,male,23,182
0,wa,male,24,189
0,wa,male,25,194
0,wa,male,26,186
0,wa,male,27,187
0,wa,male,28,180
0,wa,male,29,172
0,wa,male,30,172
0,wa,male,31,162
0,wa,male,32,161
0,wa,male,33,156
0,wa,male,34,160
0,wa,male,35,163
0,wa,male,36,162
0,wa,male,37,169
0,wa,male,38,179
0,wa,male,39,183
0,wa,male,40,179
0,wa,male,41,173
0,wa,male,42,168
0,wa,male,43,164
0,wa,male,44,163
0,wa,male,45,163
0,wa,male,46,167
0,wa,male,47,169
0,wa,male,48,167
0,wa,male,49,164
0,wa,male,50,160
0,wa,male,51,157
0,wa,male,52,153
0,wa,male,53,150
0,wa,male,54,151
0,wa,male,55,143
0,wa,male,56,139
0,wa,male,57,137
0,wa,male,58,132
0,wa,male,59,132
0,wa,male,60,126
0,wa,male,61,123
0,wa,male,62,124
0,wa,male,63,128
0,wa,male,64,105
0,wa,male,65,99
0,wa,male,66,96
0,wa,male,67,83
0,wa,male,68,84
0,wa,male,69,77
0,wa,male,70,74
0,wa,male,71,71
0,wa,male,72,66
0,wa,male,73,61
0,wa,male,74,57
0,wa,male,75,53
0,wa,male,76,48
0,wa,male,77,47
0,wa,male,78,43
0,wa,male,79,43
0,wa,male,80,40
0,wa,male,81,36
0,wa,male,82,34
0,wa,male,83,30
0,wa,male,84,26
0,wa,male,85,23
0,wa,male,86,19
0,wa,male,87,16
0,wa,male,88,12
0,wa,male,89,12
0,wa,male,90,9
0,wa,male,91,6
0,wa,male,92,4
0,wa,male,93,3
0,wa,male,94,3
0,wa,male,95,2
0,wa,male,96,1
0,wa,male,97,1
0,wa,male,99,1
0,wa,female,0,154
0,wa,female,1,148
0,wa,female,2,154
0,wa,female,3,149
0,wa,female,4,149
0,wa,female,5,142
0,wa,female,6,139
0,wa,female,7,140
0,wa,female,8,139
0,wa,female,9,142
0,wa,female,10,146
0,wa,female,11,143
0,wa,female,12,144
0,wa,female,13,143
0,wa,female,14,145
0,wa,female,15,149
0,wa,female,16,148
0,wa,female,17,148
0,wa,female,18,150
0,wa,female,19,157
0,wa,female,20,167
0,wa,female,21,165
0,wa,female,22,165
0,wa,female,23,167
0,wa,female,24,170
0,wa,female,25,177
0,wa,female,26,170
0,wa,female,27,168
0,wa,female,28,165
0,wa,female,29,163
0,wa,female,30,160
0,wa,female,31,158
0,wa,female,32,153
0,wa,female,33,154
0,wa,female,34,156
0,wa,female,35,160
0,wa,female,36,160
0,wa,female,37,165
0,wa,female,38,174
0,wa,female,39,178
0,wa,female,40,170
0,wa,female,41,169
0,wa,female,42,164
0,wa,female,43,160
0,wa,female,44,160
0,wa,female,45,162
0,wa,female,46,163
0,wa,female,47,167
0,wa,female,48,164
0,wa,female,49,163
0,wa,female,50,160
0,wa,female,51,156
0,wa,female,52,152
0,wa,female,53,149
0,wa,female,54,150
0,wa,female,55,145
0,wa,female,56,140
0,wa,female,57,137
0,wa,female,58,132
0,wa,female,59,129
0,wa,female,60,126
0,wa,female,61,123
0,wa,female,62,119
0,wa,female,63,122
0,wa,female,64,99
0,wa,female,65,98
0,wa,female,66,94
0,wa,female,67,85
0,wa,female,68,84
0,wa,female,69,76
0,wa,female,70,74
0,wa,female,71,72
0,wa,female,72,69
0,wa,female,73,63
0,wa,female,74,62
0,wa,female,75,59
0,wa,female,76,55
0,wa,female,77,54
0,wa,female,78,52
0,wa,female,79,51
0,wa,female,80,49
0,wa,female,81,47
0,wa,female,82,44
0,wa,female,83,41
0,wa,female,84,38
0,wa,female,85,34
0,wa,female,86,30
0,wa,female,87,28
0,wa,female,88,25
0,wa,female,89,23
0,wa,female,90,17
0,wa,female,91,13
0,wa,female,92,11
0,wa,female,93,9
0,wa,female,94,8
0,wa,female,95,6
0,wa,female,96,4
0,wa,female,97,3
0,wa,female,98,1
0,wa,female,99,1
0,wa,female,100,2
0,tas,male,0,31
0,tas,male,1,34
0,tas,male,2,35
0,tas,male,3,33
0,tas,male,4,34
0,tas,male,5,33
0,tas,male,6,31
0,tas,male,7,31
0,tas,male,8,32
0,tas,male,9,33
0,tas,male,10,33
0,tas,male,11,35
0,tas,male,12,34
0,tas,male,13,35
0,tas,male,14,35
0,tas,male,15,35
0,tas,male,16,36
0,tas,male,17,36
0,tas,male,18,35
0,tas,male,19,35
0,tas,male,20,35
0,tas,male,21,34
0,tas,male,22,35
0,tas,male,23,33
0,tas,male,24,32
0,tas,male,25,32
0,tas,male,26,31
0,tas,male,27,30
0,tas,male,28,29
0,tas,male,29,28
0,tas,male,30,28
0,tas,male,31,28
0,tas,male,32,28
0,tas,male,33,27
0,tas,male,34,29
0,tas,male,35,30
0,tas,male,36,31
0,tas,male,37,31
0,tas,male,38,34
0,tas,male,39,36
0,tas,male,40,35
0,tas,male,41,35
0,tas,male,42,33
0,tas,male,43,32
0,tas,male,44,31
0,tas,male,45,34
0,tas,male,46,36
0,tas,male,47,36
0,tas,male,48,38
0,tas,male,49,39
0,tas,male,50,37
0,tas,male,51,37
0,tas,male,52,37
0,tas,male,53,36
0,tas,male,54,37
0,tas,male,55,35
0,tas,male,56,33
0,tas,male,57,35
0,tas,male,58,35
0,tas,male,59,34
0,tas,male,60,34
0,tas,male,61,32
0,tas,male,62,33
0,tas,male,63,35
0,tas,male,64,28
0,tas,male,65,27
0,tas,male,66,28
0,tas,male,67,25
0,tas,male,68,24
0,tas,male,69,23
0,tas,male,70,21
0,tas,male,71,20
0,tas,male,72,18
0,tas,male,73,18
0,tas,male,74,15
0,tas,male,75,15
0,tas,male,76,14
0,tas,male,77,13
0,tas,male,78,13
0,tas,male,79,13
0,tas,male,80,12
0,tas,male,81,12
0,tas,male,82,10
0,tas,male,83,9
0,tas,male,84,8
0,tas,male,85,7
0,tas,male,86,5
0,tas,male,87,5
0,tas,male,88,4
0,tas,male,89,3
0,tas,male,90,2
0,tas,male,91,2
0,tas,male,92,1
0,tas,male,93,1
0,tas,male,94,1
0,tas,female,0,32
0,tas,female,1,33
0,tas,female,2,32
0,tas,female,3,32
0,tas,female,4,31
0,tas,female,5,30
0,tas,female,6,29
0,tas,female,7,29
0,tas,female,8,31
0,tas,female,9,30
0,tas,female,10,32
0,tas,female,11,33
0,tas,female,12,31
0,tas,female,13,33
0,tas,female,14,33
0,tas,female,15,34
0,tas,female,16,32
0,tas,female,17,34
0,tas,female,18,33
0,tas,female,19,34
0,tas,female,20,33
0,tas,female,21,32
0,tas,female,22,31
0,tas,female,23,31
0,tas,female,24,31
0,tas,female,25,31
0,tas,female,26,30
0,tas,female,27,29
0,tas,female,28,30
0,tas,female,29,30
0,tas,female,30,29
0,tas,female,31,29
0,tas,female,32,29
0,tas,female,33,28
0,tas,female,34,29
0,tas,female,35,31
0,tas,female,36,32
0,tas,female,37,34
0,tas,female,38,35
0,tas,female,39,37
0,tas,female,40,37
0,tas,female,41,35
0,tas,female,42,35
0,tas,female,43,34
0,tas,female,44,33
0,tas,female,45,35
0,tas,female,46,37
0,tas,female,47,36
0,tas,female,48,38
0,tas,female,49,40
0,tas,female,50,39
0,tas,female,51,38
0,tas,female,52,37
0,tas,female,53,37
0,tas,female,54,36
0,tas,female,55,36
0,tas,female,56,35
0,tas,female,57,35
0,tas,female,58,33
0,tas,female,59,33
0,tas,female,60,33
0,tas,female,61,30
0,tas,female,62,32
0,tas,female,63,34
0,tas,female,64,29
0,tas,female,65,27
0,tas,female,66,26
0,tas,female,67,23
0,tas,female,68,24
0,tas,female,69,22
0,tas,female,70,21
0,tas,female,71,20
0,tas,female,72,19
0,tas,female,73,19
0,tas,female,74,18
0,tas,female,75,16
0,tas,female,76,16
0,tas,female,77,16
0,tas,female,78,15
0,tas,female,79,15
0,tas,female,80,14
0,tas,female,81,13
0,tas,female,82,13
0,tas,female,83,12
0,tas,female,84,12
0,tas,female,85,11
0,tas,female,86,10
0,tas,female,87,9
0,tas,female,88,8
0,tas,female,89,7
0,tas,female,90,5
0,tas,female,91,4
0,tas,female,92,3
0,tas,female,93,3
0,tas,female,94,2
0,tas,female,95,2
0,tas,female,96,1
0,tas,female,97,1
0,tas,female,98,1
0,tas,female,100,1
0,nt,male,0,21
0,nt,male,1,19
0,nt,male,2,20
0,nt,male,3,19
0,nt,male,4,19
0,nt,male,5,18
0,nt,male,6,17
0,nt,male,7,18
0,nt,male,8,17
0,nt,male,9,19
0,nt,male,10,17
0,nt,male,11,17
0,nt,male,12,17
0,nt,male,13,17
0,nt,male,14,17
0,nt,male,15,18
0,nt,male,16,17
0,nt,male,17,17
0,nt,male,18,17
0,nt,male,19,20
0,nt,male,20,21
0,nt,male,21,21
0,nt,male,22,21
0,nt,male,23,22
0,nt,male,24,23
0,nt,male,25,24
0,nt,male,26,24
0,nt,male,27,23
0,nt,male,28,22
0,nt,male,29,23
0,nt,male,30,20
0,nt,male,31,19
0,nt,male,32,18
0,nt,male,33,18
0,nt,male,34,20
0,nt,male,35,19
0,nt,male,36,19
0,nt,male,37,19
0,nt,male,38,20
0,nt,male,39,21
0,nt,male,40,19
0,nt,male,41,18
0,nt,male,42,17
0,nt,male,43,17
0,nt,male,44,17
0,nt,male,45,19
0,nt,male,46,17
0,nt,male,47,17
0,nt,male,48,17
0,nt,male,49,17
0,nt,male,50,16
0,nt,male,51,15
0,nt,male,52,15
0,nt,male,53,15
0,nt,male,54,15
0,nt,male,55,14
0,nt,male,56,14
0,nt,male,57,13
0,nt,male,58,13
0,nt,male,59,13
0,nt,male,60,12
0,nt,male,61,12
0,nt,male,62,10
0,nt,male,63,10
0,nt,male,64,9
0,nt,male,65,8
0,nt,male,66,7
0,nt,male,67,6
0,nt,male,68,6
0,nt,male,69,6
0,nt,male,70,5
0,nt,male,71,4
0,nt,male,72,4
0,nt,male,73,3
0,nt,male,74,3
0,nt,male,75,2
0,nt,male,76,2
0,nt,male,77,2
0,nt,male,78,2
0,nt,male,79,2
0,nt,male,80,2
0,nt,male,81,1
0,nt,male,82,1
0,nt,male,83,1
0,nt,male,84,1
0,nt,female,0,19
0,nt,female,1,19
0,nt,female,2,18
0,nt,female,3,18
0,nt,female,4,18
0,nt,female,5,17
0,nt,female,6,17
0,nt,female,7,18
0,nt,female,8,17
0,nt,female,9,17
0,nt,female,10,16
0,nt,female,11,15
0,nt,female,12,16
0,nt,female,13,16
0,nt,female,14,15
0,nt,female,15,16
0,nt,female,16,15
0,nt,female,17,16
0,nt,female,18,15
0,nt,female,19,16
0,nt,female,20,17
0,nt,female,21,16
0,nt,female,22,17
0,nt,female,23,19
0,nt,female,24,21
0,nt,female,25,23
0,nt,female,26,21
0,nt,female,27,22
0,nt,female,28,21
0,nt,female,29,21
0,nt,female,30,20
0,nt,female,31,18
0,nt,female,32,18
0,nt,female,33,19
0,nt,female,34,19
0,nt,female,35,17
0,nt,female,36,18
0,nt,female,37,18
0,nt,female,38,18
0,nt,female,39,20
0,nt,female,40,18
0,nt,female,41,17
0,nt,female,42,16
0,nt,female,43,16
0,nt,female,44,16
0,nt,female,45,15
0,nt,female,46,15
0,nt,female,47,16
0,nt,female,48,15
0,nt,female,49,16
0,nt,female,50,14
0,nt,female,51,14
0,nt,female,52,14
0,nt,female,53,15
0,nt,female,54,13
0,nt,female,55,13
0,nt,female,56,12
0,nt,female,57,11
0,nt,female,58,11
0,nt,female,59,11
0,nt,female,60,9
0,nt,female,61,9
0,nt,female,62,8
0,nt,female,63,8
0,nt,female,64,7
0,nt,female,65,6
0,nt,female,66,5
0,nt,female,67,4
0,nt,female,68,4
0,nt,female,69,4
0,nt,female,70,4
0,nt,female,71,3
0,nt,female,72,3
0,nt,female,73,2
0,nt,female,74,2
0,nt,female,75,2
0,nt,female,76,2
0,nt,female,77,2
0,nt,female,78,1
0,nt,female,79,1
0,nt,female,80,1
0,nt,female,81,1
0,nt,female,82,1
0,nt,female,83,1
0,nt,female,84,1
0,nt,female,85,1
0,nt,female,86,1
0,nt,female,87,1
0,act,male,0,25
0,act,male,1,25
0,act,male,2,24
0,act,male,3,24
0,act,male,4,23
0,act,male,5,24
0,act,male,6,22
0,act,male,7,22
0,act,male,8,20
0,act,male,9,21
0,act,male,10,21
0,act,male,11,21
0,act,male,12,21
0,act,male,13,21
0,act,male,14,21
0,act,male,15,23
0,act,male,16,23
0,act,male,17,26
0,act,male,18,28
0,act,male,19,33
0,act,male,20,34
0,act,male,21,33
0,act,male,22,34
0,act,male,23,33
0,act,male,24,34
0,act,male,25,35
0,act,male,26,34
0,act,male,27,33
0,act,male,28,30
0,act,male,29,30
0,act,male,30,30
0,act,male,31,28
0,act,male,32,28
0,act,male,33,29
0,act,male,34,27
0,act,male,35,27
0,act,male,36,27
0,act,male,37,27
0,act,male,38,28
0,act,male,39,30
0,act,male,40,28
0,act,male,41,26
0,act,male,42,25
0,act,male,43,25
0,act,male,44,24
0,act,male,45,24
0,act,male,46,24
0,act,male,47,24
0,act,male,48,25
0,act,male,49,23
0,act,male,50,25
0,act,male,51,24
0,act,male,52,24
0,act,male,53,22
0,act,male,54,21
0,act,male,55,21
0,act,male,56,21
0,act,male,57,20
0,act,male,58,20
0,act,male,59,19
0,act,male,60,19
0,act,male,61,18
0,act,male,62,18
0,act,male,63,19
0,act,male,64,15
0,act,male,65,14
0,act,male,66,13
0,act,male,67,12
0,act,male,68,12
0,act,male,69,11
0,act,male,70,10
0,act,male,71,9
0,act,male,72,9
0,act,male,73,8
0,act,male,74,7
0,act,male,75,7
0,act,male,76,6
0,act,male,77,6
0,act,male,78,5
0,act,male,79,5
0,act,male,80,5
0,act,male,81,4
0,act,male,82,4
0,act,male,83,3
0,act,male,84,4
0,act,male,85,3
0,act,male,86,3
0,act,male,87,2
0,act,male,88,2
0,act,male,89,2
0,act,male,90,1
0,act,male,91,1
0,act,male,92,1
0,act,female,0,26
0,act,female,1,24
0,act,female,2,22
0,act,female,3,22
0,act,female,4,22
0,act,female,5,21
0,act,female,6,21
0,act,female,7,20
0,act,female,8,20
0,act,female,9,22
0,act,female,10,21
0,act,female,11,20
0,act,female,12,20
0,act,female,13,21
0,act,female,14,21
0,act,female,15,22
0,act,female,16,23
0,act,female,17,23
0,act,female,18,26
0,act,female,19,31
0,act,female,20,34
0,act,female,21,33
0,act,female,22,32
0,act,female,23,32
0,act,female,24,32
0,act,female,25,32
0,act,female,26,32
0,act,female,27,31
0,act,female,28,32
0,act,female,29,31
0,act,female,30,32
0,act,female,31,28
0,act,female,32,28
0,act,female,33,27
0,act,female,34,25
0,act,female,35,27
0,act,female,36,28
0,act,female,37,29
0,act,female,38,29
0,act,female,39,29
0,act,female,40,27
0,act,female,41,28
0,act,female,42,25
0,act,female,43,24
0,act,female,44,25
0,act,female,45,25
0,act,female,46,26
0,act,female,47,25
0,act,female,48,26
0,act,female,49,26
0,act,female,50,25
0,act,female,51,25
0,act,female,52,24
0,act,female,53,24
0,act,female,54,24
0,act,female,55,22
0,act,female,56,21
0,act,female,57,22
0,act,female,58,21
0,act,female,59,21
0,act,female,60,19
0,act,female,61,19
0,act,female,62,19
0,act,female,63,19
0,act,female,64,15
0,act,female,65,16
0,act,female,66,14
0,act,female,67,12
0,act,female,68,12
0,act,female,69,12
0,act,female,70,10
0,act,female,71,10
0,act,female,72,9
0,act,female,73,9
0,act,female,74,8
0,act,female,75,8
0,act,female,76,8
0,act,female,77,7
0,act,female,78,7
0,act,female,79,6
0,act,female,80,6
0,act,female,81,6
0,act,female,82,6
0,act,female,83,6
0,act,female,84,6
0,act,female,85,5
0,act,female,86,5
0,act,female,87,4
0,act,female,88,4
0,act,female,89,3
0,act,female,90,2
0,act,female,91,2
0,act,female,92,1
0,act,female,93,1
0,act,female,94,1
0,act,female,95,1
1,nsw,male,0,508
1,nsw,male,1,490
1,nsw,male,2,481
1,nsw,male,3,481
1,nsw,male,4,473
1,nsw,male,5,468
1,nsw,male,6,456
1,nsw,male,7,453
1,nsw,male,8,447
1,nsw,male,9,454
1,nsw,male,10,460
1,nsw,male,11,454
1,nsw,male,12,455
1,nsw,male,13,460
1,nsw,male,14,462
1,nsw,male,15,479
1,nsw,male,16,469
1,nsw,male,17,469
1,nsw,male,18,477
1,nsw,male,19,488
1,nsw,male,20,528
1,nsw,male,21,508
1,nsw,male,22,506
1,nsw,male,23,507
1,nsw,male,24,519
1,nsw,male,25,547
1,nsw,male,26,524
1,nsw,male,27,526
1,nsw,male,28,520
1,nsw,male,29,516
1,nsw,male,30,514
1,nsw,male,31,491
1,nsw,male,32,482
1,nsw,male,33,478
1,nsw,male,34,482
1,nsw,male,35,494
1,nsw,male,36,496
1,nsw,male,37,508
1,nsw,male,38,526
1,nsw,male,39,528
1,nsw,male,40,506
1,nsw,male,41,488
1,nsw,male,42,472
1,nsw,male,43,466
1,nsw,male,44,470
1,nsw,male,45,481
1,nsw,male,46,492
1,nsw,male,47,502
1,nsw,male,48,507
1,nsw,male,49,502
1,nsw,male,50,491
1,nsw,male,51,480
1,nsw,male,52,470
1,nsw,male,53,465
1,nsw,male,54,454
1,nsw,male,55,447
1,nsw,male,56,428
1,nsw,male,57,422
1,nsw,male,58,407
1,nsw,male,59,404
1,nsw,male,60,405
1,nsw,male,61,390
1,nsw,male,62,399
1,nsw,male,63,403
1,nsw,male,64,362
1,nsw,male,65,344
1,nsw,male,66,326
1,nsw,male,67,294
1,nsw,male,68,282
1,nsw,male,69,266
1,nsw,male,70,257
1,nsw,male,71,243
1,nsw,male,72,228
1,nsw,male,73,223
1,nsw,male,74,208
1,nsw,male,75,191
1,nsw,male,76,181
1,nsw,male,77,173
1,nsw,male,78,165
1,nsw,male,79,161
1,nsw,male,80,150
1,nsw,male,81,140
1,nsw,male,82,132
1,nsw,male,83,117
1,nsw,male,84,104
1,nsw,male,85,91
1,nsw,male,86,78
1,nsw,male,87,67
1,nsw,male,88,58
1,nsw,male,89,46
1,nsw,male,90,36
1,nsw,male,91,25
1,nsw,male,92,19
1,nsw,male,93,14
1,nsw,male,94,10
1,nsw,male,95,7
1,nsw,male,96,5
1,nsw,male,97,4
1,nsw,male,98,2
1,nsw,male,99,1
1,nsw,male,100,2
1,nsw,female,0,493
1,nsw,female,1,469
1,nsw,female,2,463
1,nsw,female,3,455
1,nsw,female,4,447
1,nsw,female,5,439
1,nsw,female,6,428
1,nsw,female,7,427
1,nsw,female,8,424
1,nsw,female,9,426
1,nsw,female,10,441
1,nsw,female,11,430
1,nsw,female,12,429
1,nsw,female,13,436
1,nsw,female,14,434
1,nsw,female,15,449
1,nsw,female,16,444
1,nsw,female,17,443
1,nsw,female,18,447
1,nsw,female,19,466
1,nsw,female,20,514
1,nsw,female,21,480
1,nsw,female,22,482
1,nsw,female,23,490
1,nsw,female,24,498
1,nsw,female,25,539
1,nsw,female,26,515
1,nsw,female,27,521
1,nsw,female,28,513
1,nsw,female,29,511
1,nsw,female,30,513
1,nsw,female,31,492
1,nsw,female,32,486
1,nsw,female,33,487
1,nsw,female,34,483
1,nsw,female,35,504
1,nsw,female,36,505
1,nsw,female,37,520
1,nsw,female,38,536
1,nsw,female,39,544
1,nsw,female,40,515
1,nsw,female,41,502
1,nsw,female,42,486
1,nsw,female,43,477
1,nsw,female,44,475
1,nsw,female,45,487
1,nsw,female,46,500
1,nsw,female,47,515
1,nsw,female,48,512
1,nsw,female,49,510
1,nsw,female,50,498
1,nsw,female,51,489
1,nsw,female,52,485
1,nsw,female,53,467
1,nsw,female,54,457
1,nsw,female,55,451
1,nsw,female,56,436
1,nsw,female,57,429
1,nsw,female,58,415
1,nsw,female,59,408
1,nsw,female,60,403
1,nsw,female,61,390
1,nsw,female,62,393
1,nsw,female,63,404
1,nsw,female,64,359
1,nsw,female,65,346
1,nsw,female,66,325
1,nsw,female,67,301
1,nsw,female,68,286
1,nsw,female,69,277
1,nsw,female,70,264
1,nsw,female,71,251
1,nsw,female,72,245
1,nsw,female,73,235
1,nsw,female,74,231
1,nsw,female,75,216
1,nsw,female,76,203
1,nsw,female,77,200
1,nsw,female,78,197
1,nsw,female,79,197
1,nsw,female,80,194
1,nsw,female,81,184
1,nsw,female,82,177
1,nsw,female,83,164
1,nsw,female,84,153
1,nsw,female,85,144
1,nsw,female,86,129
1,nsw,female,87,117
1,nsw,female,88,104
1,nsw,female,89,91
1,nsw,female,90,73
1,nsw,female,91,54
1,nsw,female,92,45
1,nsw,female,93,37
1,nsw,female,94,31
1,nsw,female,95,22
1,nsw,female,96,16
1,nsw,female,97,12
1,nsw,female,98,7
1,nsw,female,99,6
1,nsw,female,100,7
1,nsw,female,101,1
1,vic,male,0,379
1,vic,male,1,361
1,vic,male,2,360
1,vic,male,3,357
1,vic,male,4,350
1,vic,male,5,345
1,vic,male,6,337
1,vic,male,7,331
1,vic,male,8,329
1,vic,male,9,332
1,vic,male,10,337
1,vic,male,11,334
1,vic,male,12,338
1,vic,male,13,341
1,vic,male,14,345
1,vic,male,15,357
1,vic,male,16,354
1,vic,male,17,357
1,vic,male,18,367
1,vic,male,19,390
1,vic,male,20,437
1,vic,male,21,422
1,vic,male,22,422
1,vic,male,23,431
1,vic,male,24,429
1,vic,male,25,448
1,vic,male,26,428
1,vic,male,27,427
1,vic,male,28,416
1,vic,male,29,405
1,vic,male,30,406
1,vic,male,31,385
1,vic,male,32,378
1,vic,male,33,374
1,vic,male,34,373
1,vic,male,35,383
1,vic,male,36,385
1,vic,male,37,391
1,vic,male,38,405
1,vic,male,39,412
1,vic,male,40,402
1,vic,male,41,395
1,vic,male,42,384
1,vic,male,43,370
1,vic,male,44,365
1,vic,male,45,369
1,vic,male,46,371
1,vic,male,47,376
1,vic,male,48,378
1,vic,male,49,374
1,vic,male,50,367
1,vic,male,51,361
1,vic,male,52,348
1,vic,male,53,343
1,vic,male,54,344
1,vic,male,55,330
1,vic,male,56,319
1,vic,male,57,314
1,vic,male,58,305
1,vic,male,59,296
1,vic,male,60,294
1,vic,male,61,285
1,vic,male,62,288
1,vic,male,63,301
1,vic,male,64,262
1,vic,male,65,243
1,vic,male,66,231
1,vic,male,67,212
1,vic,male,68,208
1,vic,male,69,196
1,vic,male,70,190
1,vic,male,71,182
1,vic,male,72,170
1,vic,male,73,162
1,vic,male,74,154
1,vic,male,75,140
1,vic,male,76,134
1,vic,male,77,129
1,vic,male,78,121
1,vic,male,79,118
1,vic,male,80,115
1,vic,male,81,107
1,vic,male,82,96
1,vic,male,83,89
1,vic,male,84,77
1,vic,male,85,67
1,vic,male,86,57
1,vic,male,87,49
1,vic,male,88,42
1,vic,male,89,32
1,vic,male,90,26
1,vic,male,91,18
1,vic,male,92,13
1,vic,male,93,12
1,vic,male,94,8
1,vic,male,95,6
1,vic,male,96,5
1,vic,male,97,3
1,vic,male,98,2
1,vic,male,99,1
1,vic,male,100,1
1,vic,female,0,355
1,vic,female,1,344
1,vic,female,2,340
1,vic,female,3,334
1,vic,female,4,335
1,vic,female,5,328
1,vic,female,6,320
1,vic,female,7,314
1,vic,female,8,314
1,vic,female,9,315
1,vic,female,10,321
1,vic,female,11,319
1,vic,female,12,314
1,vic,female,13,321
1,vic,female,14,325
1,vic,female,15,341
1,vic,female,16,336
1,vic,female,17,344
1,vic,female,18,349
1,vic,female,19,368
1,vic,female,20,405
1,vic,female,21,396
1,vic,female,22,400
1,vic,female,23,399
1,vic,female,24,406
1,vic,female,25,435
1,vic,female,26,413
1,vic,female,27,410
1,vic,female,28,407
1,vic,female,29,403
1,vic,female,30,404
1,vic,female,31,385
1,vic,female,32,378
1,vic,female,33,375
1,vic,female,34,375
1,vic,female,35,381
1,vic,female,36,390
1,vic,female,37,398
1,vic,female,38,417
1,vic,female,39,433
1,vic,female,40,415
1,vic,female,41,406
1,vic,female,42,396
1,vic,female,43,378
1,vic,female,44,378
1,vic,female,45,382
1,vic,female,46,384
1,vic,female,47,387
1,vic,female,48,387
1,vic,female,49,386
1,vic,female,50,383
1,vic,female,51,369
1,vic,female,52,357
1,vic,female,53,354
1,vic,female,54,348
1,vic,female,55,341
1,vic,female,56,330
1,vic,female,57,326
1,vic,female,58,312
1,vic,female,59,312
1,vic,female,60,308
1,vic,female,61,297
1,vic,female,62,299
1,vic,female,63,310
1,vic,female,64,270
1,vic,female,65,256
1,vic,female,66,243
1,vic,female,67,223
1,vic,female,68,215
1,vic,female,69,203
1,vic,female,70,198
1,vic,female,71,191
1,vic,female,72,184
1,vic,female,73,175
1,vic,female,74,172
1,vic,female,75,163
1,vic,female,76,155
1,vic,female,77,151
1,vic,female,78,146
1,vic,female,79,147
1,vic,female,80,146
1,vic,female,81,137
1,vic,female,82,132
1,vic,female,83,124
1,vic,female,84,115
1,vic,female,85,108
1,vic,female,86,95
1,vic,female,87,87
1,vic,female,88,78
1,vic,female,89,67
1,vic,female,90,56
1,vic,female,91,42
1,vic,female,92,33
1,vic,female,93,27
1,vic,female,94,22
1,vic,female,95,16
1,vic,female,96,13
1,vic,female,97,9
1,vic,female,98,5
1,vic,female,99,4
1,vic,female,100,5
1,vic,female,101,1
1,qld,male,0,341
1,qld,male,1,318
1,qld,male,2,314
1,qld,male,3,309
1,qld,male,4,308
1,qld,male,5,302
1,qld,male,6,292
1,qld,male,7,287
1,qld,male,8,291
1,qld,male,9,297
1,qld,male,10,300
1,qld,male,11,295
1,qld,male,12,297
1,qld,male,13,297
1,qld,male,14,300
1,qld,male,15,316
1,qld,male,16,304
1,qld,male,17,304
1,qld,male,18,307
1,qld,male,19,310
1,qld,male,20,337
1,qld,male,21,318
1,qld,male,22,317
1,qld,male,23,323
1,qld,male,24,329
1,qld,male,25,344
1,qld,male,26,330
1,qld,male,27,331
1,qld,male,28,323
1,qld,male,29,315
1,qld,male,30,315
1,qld,male,31,293
1,qld,male,32,287
1,qld,male,33,289
1,qld,male,34,292
1,qld,male,35,304
1,qld,male,36,310
1,qld,male,37,318
1,qld,male,38,329
1,qld,male,39,337
1,qld,male,40,326
1,qld,male,41,314
1,qld,male,42,300
1,qld,male,43,296
1,qld,male,44,295
1,qld,male,45,299
1,qld,male,46,305
1,qld,male,47,307
1,qld,male,48,308
1,qld,male,49,308
1,qld,male,50,302
1,qld,male,51,293
1,qld,male,52,283
1,qld,male,53,279
1,qld,male,54,274
1,qld,male,55,272
1,qld,male,56,259
1,qld,male,57,259
1,qld,male,58,255
1,qld,male,59,252
1,qld,male,60,246
1,qld,male,61,245
1,qld,male,62,245
1,qld,male,63,254
1,qld,male,64,220
1,qld,male,65,212
1,qld,male,66,195
1,qld,male,67,178
1,qld,male,68,171
1,qld,male,69,161
1,qld,male,70,152
1,qld,male,71,143
1,qld,male,72,132
1,qld,male,73,127
1,qld,male,74,116
1,qld,male,75,105
1,qld,male,76,97
1,qld,male,77,92
1,qld,male,78,89
1,qld,male,79,82
1,qld,male,80,81
1,qld,male,81,74
1,qld,male,82,67
1,qld,male,83,60
1,qld,male,84,53
1,qld,male,85,47
1,qld,male,86,39
1,qld,male,87,33
1,qld,male,88,28
1,qld,male,89,23
1,qld,male,90,18
1,qld,male,91,13
1,qld,male,92,9
1,qld,male,93,8
1,qld,male,94,6
1,qld,male,95,4
1,qld,male,96,2
1,qld,male,97,2
1,qld,male,98,1
1,qld,male,99,1
1,qld,male,100,1
1,qld,female,0,309
1,qld,female,1,299
1,qld,female,2,294
1,qld,female,3,290
1,qld,female,4,290
1,qld,female,5,284
1,qld,female,6,279
1,qld,female,7,273
1,qld,female,8,277
1,qld,female,9,283
1,qld,female,10,283
1,qld,female,11,281
1,qld,female,12,286
1,qld,female,13,285
1,qld,female,14,287
1,qld,female,15,296
1,qld,female,16,291
1,qld,female,17,288
1,qld,female,18,296
1,qld,female,19,304
1,qld,female,20,324
1,qld,female,21,310
1,qld,female,22,306
1,qld,female,23,314
1,qld,female,24,319
1,qld,female,25,338
1,qld,female,26,321
1,qld,female,27,322
1,qld,female,28,312
1,qld,female,29,307
1,qld,female,30,308
1,qld,female,31,295
1,qld,female,32,292
1,qld,female,33,291
1,qld,female,34,300
1,qld,female,35,304
1,qld,female,36,310
1,qld,female,37,324
1,qld,female,38,337
1,qld,female,39,341
1,qld,female,40,336
1,qld,female,41,318
1,qld,female,42,307
1,qld,female,43,305
1,qld,female,44,298
1,qld,female,45,307
1,qld,female,46,313
1,qld,female,47,319
1,qld,female,48,320
1,qld,female,49,316
1,qld,female,50,312
1,qld,female,51,300
1,qld,female,52,293
1,qld,female,53,282
1,qld,female,54,278
1,qld,female,55,277
1,qld,female,56,265
1,qld,female,57,261
1,qld,female,58,253
1,qld,female,59,251
1,qld,female,60,255
1,qld,female,61,241
1,qld,female,62,237
1,qld,female,63,246
1,qld,female,64,214
1,qld,female,65,210
1,qld,female,66,195
1,qld,female,67,174
1,qld,female,68,171
1,qld,female,69,157
1,qld,female,70,151
1,qld,female,71,144
1,qld,female,72,131
1,qld,female,73,126
1,qld,female,74,120
1,qld,female,75,115
1,qld,female,76,108
1,qld,female,77,104
1,qld,female,78,99
1,qld,female,79,101
1,qld,female,80,97
1,qld,female,81,93
1,qld,female,82,89
1,qld,female,83,80
1,qld,female,84,76
1,qld,female,85,71
1,qld,female,86,62
1,qld,female,87,54
1,qld,female,88,50
1,qld,female,89,45
1,qld,female,90,36
1,qld,female,91,28
1,qld,female,92,22
1,qld,female,93,18
1,qld,female,94,14
1,qld,female,95,12
1,qld,female,96,7
1,qld,female,97,6
1,qld,female,98,4
1,qld,female,99,3
1,qld,female,100,3
1,sa,male,0,100
1,sa,male,1,102
1,sa,male,2,99
1,sa,male,3,97
1,sa,male,4,99
1,sa,male,5,97
1,sa,male,6,97
1,sa,male,7,96
1,sa,male,8,95
1,sa,male,9,96
1,sa,male,10,102
1,sa,male,11,101
1,sa,male,12,100
1,sa,male,13,101
1,sa,male,14,104
1,sa,male,15,109
1,sa,male,16,106
1,sa,male,17,108
1,sa,male,18,111
1,sa,male,19,113
1,sa,male,20,125
1,sa,male,21,119
1,sa,male,22,118
1,sa,male,23,117
1,sa,male,24,118
1,sa,male,25,118
1,sa,male,26,118
1,sa,male,27,115
1,sa,male,28,111
1,sa,male,29,107
1,sa,male,30,104
1,sa,male,31,101
1,sa,male,32,100
1,sa,male,33,100
1,sa,male,34,101
1,sa,male,35,103
1,sa,male,36,104
1,sa,male,37,107
1,sa,male,38,114
1,sa,male,39,119
1,sa,male,40,116
1,sa,male,41,115
1,sa,male,42,114
1,sa,male,43,110
1,sa,male,44,111
1,sa,male,45,112
1,sa,male,46,115
1,sa,male,47,115
1,sa,male,48,117
1,sa,male,49,118
1,sa,male,50,114
1,sa,male,51,114
1,sa,male,52,111
1,sa,male,53,108
1,sa,male,54,108
1,sa,male,55,106
1,sa,male,56,102
1,sa,male,57,102
1,sa,male,58,98
1,sa,male,59,97
1,sa,male,60,98
1,sa,male,61,96
1,sa,male,62,93
1,sa,male,63,100
1,sa,male,64,86
1,sa,male,65,82
1,sa,male,66,76
1,sa,male,67,71
1,sa,male,68,66
1,sa,male,69,63
1,sa,male,70,60
1,sa,male,71,60
1,sa,male,72,55
1,sa,male,73,54
1,sa,male,74,51
1,sa,male,75,47
1,sa,male,76,46
1,sa,male,77,43
1,sa,male,78,40
1,sa,male,79,40
1,sa,male,80,37
1,sa,male,81,35
1,sa,male,82,34
1,sa,male,83,31
1,sa,male,84,29
1,sa,male,85,23
1,sa,male,86,21
1,sa,male,87,18
1,sa,male,88,16
1,sa,male,89,12
1,sa,male,90,11
1,sa,male,91,6
1,sa,male,92,5
1,sa,male,93,4
1,sa,male,94,3
1,sa,male,95,2
1,sa,male,96,1
1,sa,male,97,1
1,sa,male,100,1
1,sa,female,0,98
1,sa,female,1,96
1,sa,female,2,97
1,sa,female,3,96
1,sa,female,4,93
1,sa,female,5,93
1,sa,female,6,91
1,sa,female,7,91
1,sa,female,8,92
1,sa,female,9,93
1,sa,female,10,95
1,sa,female,11,96
1,sa,female,12,95
1,sa,female,13,98
1,sa,female,14,99
1,sa,female,15,103
1,sa,female,16,100
1,sa,female,17,102
1,sa,female,18,106
1,sa,female,19,105
1,sa,female,20,113
1,sa,female,21,111
1,sa,female,22,111
1,sa,female,23,112
1,sa,female,24,113
1,sa,female,25,121
1,sa,female,26,112
1,sa,female,27,110
1,sa,female,28,107
1,sa,female,29,105
1,sa,female,30,102
1,sa,female,31,99
1,sa,female,32,97
1,sa,female,33,100
1,sa,female,34,99
1,sa,female,35,103
1,sa,female,36,103
1,sa,female,37,108
1,sa,female,38,115
1,sa,female,39,117
1,sa,female,40,116
1,sa,female,41,114
1,sa,female,42,113
1,sa,female,43,110
1,sa,female,44,112
1,sa,female,45,114
1,sa,female,46,116
1,sa,female,47,117
1,sa,female,48,118
1,sa,female,49,120
1,sa,female,50,119
1,sa,female,51,115
1,sa,female,52,113
1,sa,female,53,112
1,sa,female,54,110
1,sa,female,55,107
1,sa,female,56,106
1,sa,female,57,104
1,sa,female,58,102
1,sa,female,59,102
1,sa,female,60,102
1,sa,female,61,97
1,sa,female,62,97
1,sa,female,63,103
1,sa,female,64,91
1,sa,female,65,86
1,sa,female,66,80
1,sa,female,67,76
1,sa,female,68,71
1,sa,female,69,66
1,sa,female,70,65
1,sa,female,71,64
1,sa,female,72,61
1,sa,female,73,60
1,sa,female,74,56
1,sa,female,75,54
1,sa,female,76,51
1,sa,female,77,51
1,sa,female,78,50
1,sa,female,79,51
1,sa,female,80,49
1,sa,female,81,47
1,sa,female,82,47
1,sa,female,83,44
1,sa,female,84,42
1,sa,female,85,40
1,sa,female,86,35
1,sa,female,87,31
1,sa,female,88,30
1,sa,female,89,23
1,sa,female,90,20
1,sa,female,91,14
1,sa,female,92,13
1,sa,female,93,10
1,sa,female,94,8
1,sa,female,95,6
1,sa,female,96,6
1,sa,female,97,4
1,sa,female,98,2
1,sa,female,99,2
1,sa,female,100,2
1,wa,male,0,170
1,wa,male,1,157
1,wa,male,2,156
1,wa,male,3,157
1,wa,male,4,152
1,wa,male,5,151
1,wa,male,6,146
1,wa,male,7,144
1,wa,male,8,143
1,wa,male,9,147
1,wa,male,10,149
1,wa,male,11,152
1,wa,male,12,150
1,wa,male,13,151
1,wa,male,14,153
1,wa,male,15,163
1,wa,male,16,154
1,wa,male,17,156
1,wa,male,18,157
1,wa,male,19,164
1,wa,male,20,174
1,wa,male,21,175
1,wa,male,22,176
1,wa,male,23,182
1,wa,male,24,188
1,wa,male,25,198
1,wa,male,26,185
1,wa,male,27,187
1,wa,male,28,179
1,wa,male,29,172
1,wa,male,30,176
1,wa,male,31,161
1,wa,male,32,162
1,wa,male,33,156
1,wa,male,34,159
1,wa,male,35,165
1,wa,male,36,162
1,wa,male,37,168
1,wa,male,38,178
1,wa,male,39,183
1,wa,male,40,181
1,wa,male,41,174
1,wa,male,42,167
1,wa,male,43,164
1,wa,male,44,163
1,wa,male,45,164
1,wa,male,46,167
1,wa,male,47,169
1,wa,male,48,167
1,wa,male,49,164
1,wa,male,50,162
1,wa,male,51,157
1,wa,male,52,153
1,wa,male,53,150
1,wa,male,54,151
1,wa,male,55,144
1,wa,male,56,139
1,wa,male,57,138
1,wa,male,58,132
1,wa,male,59,132
1,wa,male,60,128
1,wa,male,61,124
1,wa,male,62,124
1,wa,male,63,127
1,wa,male,64,107
1,wa,male,65,100
1,wa,male,66,96
1,wa,male,67,84
1,wa,male,68,84
1,wa,male,69,78
1,wa,male,70,74
1,wa,male,71,71
1,wa,male,72,66
1,wa,male,73,62
1,wa,male,74,57
1,wa,male,75,54
1,wa,male,76,47
1,wa,male,77,47
1,wa,male,78,43
1,wa,male,79,43
1,wa,male,80,41
1,wa,male,81,36
1,wa,male,82,34
1,wa,male,83,30
1,wa,male,84,26
1,wa,male,85,23
1,wa,male,86,18
1,wa,male,87,17
1,wa,male,88,12
1,wa,male,89,12
1,wa,male,90,8
1,wa,male,91,6
1,wa,male,92,5
1,wa,male,93,3
1,wa,male,94,3
1,wa,male,95,2
1,wa,male,96,1
1,wa,male,97,1
1,wa,male,99,1
1,wa,female,0,158
1,wa,female,1,149
1,wa,female,2,153
1,wa,female,3,150
1,wa,female,4,149
1,wa,female,5,144
1,wa,female,6,139
1,wa,female,7,139
1,wa,female,8,139
1,wa,female,9,143
1,wa,female,10,147
1,wa,female,11,143
1,wa,female,12,144
1,wa,female,13,143
1,wa,female,14,144
1,wa,female,15,154
1,wa,female,16,148
1,wa,female,17,148
1,wa,female,18,148
1,wa,female,19,156
1,wa,female,20,170
1,wa,female,21,165
1,wa,female,22,166
1,wa,female,23,166
1,wa,female,24,170
1,wa,female,25,183
1,wa,female,26,170
1,wa,female,27,168
1,wa,female,28,165
1,wa,female,29,163
1,wa,female,30,165
1,wa,female,31,159
1,wa,female,32,153
1,wa,female,33,154
1,wa,female,34,156
1,wa,female,35,161
1,wa,female,36,160
1,wa,female,37,164
1,wa,female,38,173
1,wa,female,39,177
1,wa,female,40,174
1,wa,female,41,169
1,wa,female,42,164
1,wa,female,43,160
1,wa,female,44,160
1,wa,female,45,161
1,wa,female,46,162
1,wa,female,47,167
1,wa,female,48,165
1,wa,female,49,163
1,wa,female,50,161
1,wa,female,51,157
1,wa,female,52,150
1,wa,female,53,151
1,wa,female,54,148
1,wa,female,55,147
1,wa,female,56,140
1,wa,female,57,138
1,wa,female,58,132
1,wa,female,59,129
1,wa,female,60,127
1,wa,female,61,123
1,wa,female,62,119
1,wa,female,63,123
1,wa,female,64,101
1,wa,female,65,98
1,wa,female,66,94
1,wa,female,67,86
1,wa,female,68,84
1,wa,female,69,77
1,wa,female,70,74
1,wa,female,71,71
1,wa,female,72,69
1,wa,female,73,64
1,wa,female,74,62
1,wa,female,75,59
1,wa,female,76,55
1,wa,female,77,54
1,wa,female,78,52
1,wa,female,79,51
1,wa,female,80,49
1,wa,female,81,47
1,wa,female,82,44
1,wa,female,83,41
1,wa,female,84,37
1,wa,female,85,34
1,wa,female,86,30
1,wa,female,87,29
1,wa,female,88,25
1,wa,female,89,22
1,wa,female,90,17
1,wa,female,91,14
1,wa,female,92,11
1,wa,female,93,9
1,wa,female,94,8
1,wa,female,95,6
1,wa,female,96,5
1,wa,female,97,3
1,wa,female,98,1
1,wa,female,99,1
1,wa,female,100,2
1,tas,male,0,32
1,tas,male,1,34
1,tas,male,2,35
1,tas,male,3,33
1,tas,male,4,34
1,tas,male,5,33
1,tas,male,6,31
1,tas,male,7,31
1,tas,male,8,33
1,tas,male,9,33
1,tas,male,10,33
1,tas,male,11,34
1,tas,male,12,35
1,tas,male,13,35
1,tas,male,14,35
1,tas,male,15,35
1,tas,male,16,36
1,tas,male,17,37
1,tas,male,18,35
1,tas,male,19,35
1,tas,male,20,35
1,tas,male,21,34
1,tas,male,22,34
1,tas,male,23,34
1,tas,male,24,32
1,tas,male,25,33
1,tas,male,26,32
1,tas,male,27,30
1,tas,male,28,31
1,tas,male,29,28
1,tas,male,30,28
1,tas,male,31,28
1,tas,male,32,29
1,tas,male,33,27
1,tas,male,34,29
1,tas,male,35,30
1,tas,male,36,30
1,tas,male,37,31
1,tas,male,38,34
1,tas,male,39,35
1,tas,male,40,36
1,tas,male,41,36
1,tas,male,42,33
1,tas,male,43,32
1,tas,male,44,32
1,tas,male,45,33
1,tas,male,46,35
1,tas,male,47,36
1,tas,male,48,38
1,tas,male,49,39
1,tas,male,50,37
1,tas,male,51,37
1,tas,male,52,37
1,tas,male,53,36
1,tas,male,54,37
1,tas,male,55,35
1,tas,male,56,33
1,tas,male,57,35
1,tas,male,58,35
1,tas,male,59,34
1,tas,male,60,34
1,tas,male,61,32
1,tas,male,62,33
1,tas,male,63,35
1,tas,male,64,29
1,tas,male,65,27
1,tas,male,66,28
1,tas,male,67,25
1,tas,male,68,24
1,tas,male,69,23
1,tas,male,70,21
1,tas,male,71,20
1,tas,male,72,18
1,tas,male,73,18
1,tas,male,74,16
1,tas,male,75,15
1,tas,male,76,14
1,tas,male,77,13
1,tas,male,78,13
1,tas,male,79,13
1,tas,male,80,12
1,tas,male,81,12
1,tas,male,82,10
1,tas,male,83,9
1,tas,male,84,8
1,tas,male,85,7
1,tas,male,86,6
1,tas,male,87,5
1,tas,male,88,4
1,tas,male,89,3
1,tas,male,90,2
1,tas,male,91,2
1,tas,male,92,1
1,tas,male,93,1
1,tas,male,94,1
1,tas,female,0,32
1,tas,female,1,33
1,tas,female,2,32
1,tas,female,3,32
1,tas,female,4,31
1,tas,female,5,31
1,tas,female,6,30
1,tas,female,7,29
1,tas,female,8,30
1,tas,female,9,31
1,tas,female,10,31
1,tas,female,11,33
1,tas,female,12,31
1,tas,female,13,33
1,tas,female,14,33
1,tas,female,15,34
1,tas,female,16,33
1,tas,female,17,34
1,tas,female,18,34
1,tas,female,19,34
1,tas,female,20,34
1,tas,female,21,32
1,tas,female,22,31
1,tas,female,23,32
1,tas,female,24,31
1,tas,female,25,31
1,tas,female,26,30
1,tas,female,27,30
1,tas,female,28,29
1,tas,female,29,30
1,tas,female,30,31
1,tas,female,31,29
1,tas,female,32,29
1,tas,female,33,28
1,tas,female,34,29
1,tas,female,35,31
1,tas,female,36,32
1,tas,female,37,34
1,tas,female,38,35
1,tas,female,39,37
1,tas,female,40,37
1,tas,female,41,35
1,tas,female,42,35
1,tas,female,43,34
1,tas,female,44,33
1,tas,female,45,35
1,tas,female,46,37
1,tas,female,47,37
1,tas,female,48,38
1,tas,female,49,40
1,tas,female,50,39
1,tas,female,51,38
1,tas,female,52,38
1,tas,female,53,37
1,tas,female,54,36
1,tas,female,55,36
1,tas,female,56,34
1,tas,female,57,35
1,tas,female,58,34
1,tas,female,59,33
1,tas,female,60,33
1,tas,female,61,29
1,tas,female,62,33
1,tas,female,63,34
1,tas,female,64,30
1,tas,female,65,27
1,tas,female,66,26
1,tas,female,67,23
1,tas,female,68,24
1,tas,female,69,22
1,tas,female,70,21
1,tas,female,71,20
1,tas,female,72,19
1,tas,female,73,19
1,tas,female,74,18
1,tas,female,75,17
1,tas,female,76,16
1,tas,female,77,16
1,tas,female,78,15
1,tas,female,79,15
1,tas,female,80,14
1,tas,female,81,13
1,tas,female,82,13
1,tas,female,83,12
1,tas,female,84,12
1,tas,female,85,11
1,tas,female,86,10
1,tas,female,87,9
1,tas,female,88,8
1,tas,female,89,7
1,tas,female,90,6
1,tas,female,91,4
1,tas,female,92,3
1,tas,female,93,3
1,tas,female,94,2
1,tas,female,95,2
1,tas,female,96,1
1,tas,female,97,1
1,tas,female,98,1
1,tas,female,100,1
1,nt,male,0,21
1,nt,male,1,19
1,nt,male,2,20
1,nt,male,3,19
1,nt,male,4,20
1,nt,male,5,18
1,nt,male,6,17
1,nt,male,7,17
1,nt,male,8,18
1,nt,male,9,18
1,nt,male,10,18
1,nt,male,11,17
1,nt,male,12,16
1,nt,male,13,18
1,nt,male,14,17
1,nt,male,15,19
1,nt,male,16,18
1,nt,male,17,17
1,nt,male,18,16
1,nt,male,19,19
1,nt,male,20,22
1,nt,male,21,21
1,nt,male,22,21
1,nt,male,23,22
1,nt,male,24,23
1,nt,male,25,24
1,nt,male,26,24
1,nt,male,27,23
1,nt,male,28,22
1,nt,male,29,23
1,nt,male,30,21
1,nt,male,31,20
1,nt,male,32,18
1,nt,male,33,18
1,nt,male,34,20
1,nt,male,35,20
1,nt,male,36,19
1,nt,male,37,19
1,nt,male,38,20
1,nt,male,39,21
1,nt,male,40,19
1,nt,male,41,19
1,nt,male,42,18
1,nt,male,43,17
1,nt,male,44,17
1,nt,male,45,19
1,nt,male,46,19
1,nt,male,47,17
1,nt,male,48,17
1,nt,male,49,17
1,nt,male,50,16
1,nt,male,51,15
1,nt,male,52,15
1,nt,male,53,14
1,nt,male,54,15
1,nt,male,55,14
1,nt,male,56,14
1,nt,male,57,13
1,nt,male,58,13
1,nt,male,59,14
1,nt,male,60,12
1,nt,male,61,12
1,nt,male,62,9
1,nt,male,63,10
1,nt,male,64,9
1,nt,male,65,8
1,nt,male,66,7
1,nt,male,67,6
1,nt,male,68,6
1,nt,male,69,7
1,nt,male,70,6
1,nt,male,71,4
1,nt,male,72,4
1,nt,male,73,3
1,nt,male,74,3
1,nt,male,75,2
1,nt,male,76,2
1,nt,male,77,2
1,nt,male,78,2
1,nt,male,79,2
1,nt,male,80,2
1,nt,male,81,1
1,nt,male,82,1
1,nt,male,83,1
1,nt,male,84,1
1,nt,female,0,18
1,nt,female,1,19
1,nt,female,2,18
1,nt,female,3,18
1,nt,female,4,18
1,nt,female,5,18
1,nt,female,6,17
1,nt,female,7,17
1,nt,female,8,18
1,nt,female,9,17
1,nt,female,10,16
1,nt,female,11,15
1,nt,female,12,16
1,nt,female,13,16
1,nt,female,14,15
1,nt,female,15,16
1,nt,female,16,15
1,nt,female,17,16
1,nt,female,18,16
1,nt,female,19,16
1,nt,female,20,17
1,nt,female,21,17
1,nt,female,22,17
1,nt,female,23,18
1,nt,female,24,21
1,nt,female,25,23
1,nt,female,26,21
1,nt,female,27,22
1,nt,female,28,21
1,nt,female,29,22
1,nt,female,30,20
1,nt,female,31,18
1,nt,female,32,18
1,nt,female,33,19
1,nt,female,34,18
1,nt,female,35,19
1,nt,female,36,18
1,nt,female,37,18
1,nt,female,38,18
1,nt,female,39,20
1,nt,female,40,18
1,nt,female,41,18
1,nt,female,42,16
1,nt,female,43,16
1,nt,female,44,16
1,nt,female,45,15
1,nt,female,46,15
1,nt,female,47,15
1,nt,female,48,15
1,nt,female,49,16
1,nt,female,50,14
1,nt,female,51,14
1,nt,female,52,14
1,nt,female,53,15
1,nt,female,54,13
1,nt,female,55,13
1,nt,female,56,12
1,nt,female,57,12
1,nt,female,58,11
1,nt,female,59,11
1,nt,female,60,9
1,nt,female,61,9
1,nt,female,62,8
1,nt,female,63,8
1,nt,female,64,7
1,nt,female,65,6
1,nt,female,66,6
1,nt,female,67,4
1,nt,female,68,4
1,nt,female,69,4
1,nt,female,70,4
1,nt,female,71,3
1,nt,female,72,3
1,nt,female,73,2
1,nt,female,74,2
1,nt,female,75,2
1,nt,female,76,2
1,nt,female,77,2
1,nt,female,78,1
1,nt,female,79,1
1,nt,female,80,1
1,nt,female,81,1
1,nt,female,82,1
1,nt,female,83,1
1,nt,female,84,1
1,nt,female,85,1
1,nt,female,86,1
1,nt,female,87,1
1,act,male,0,27
1,act,male,1,24
1,act,male,2,24
1,act,male,3,24
1,act,male,4,23
1,act,male,5,24
1,act,male,6,22
1,act,male,7,22
1,act,male,8,20
1,act,male,9,21
1,act,male,10,21
1,act,male,11,21
1,act,male,12,22
1,act,male,13,20
1,act,male,14,21
1,act,male,15,24
1,act,male,16,23
1,act,male,17,26
1,act,male,18,28
1,act,male,19,32
1,act,male,20,34
1,act,male,21,34
1,act,male,22,34
1,act,male,23,34
1,act,male,24,34
1,act,male,25,35
1,act,male,26,34
1,act,male,27,33
1,act,male,28,31
1,act,male,29,30
1,act,male,30,33
1,act,male,31,28
1,act,male,32,26
1,act,male,33,29
1,act,male,34,27
1,act,male,35,28
1,act,male,36,27
1,act,male,37,27
1,act,male,38,28
1,act,male,39,29
1,act,male,40,28
1,act,male,41,26
1,act,male,42,25
1,act,male,43,25
1,act,male,44,24
1,act,male,45,24
1,act,male,46,24
1,act,male,47,24
1,act,male,48,25
1,act,male,49,23
1,act,male,50,25
1,act,male,51,24
1,act,male,52,23
1,act,male,53,22
1,act,male,54,21
1,act,male,55,21
1,act,male,56,21
1,act,male,57,20
1,act,male,58,21
1,act,male,59,19
1,act,male,60,19
1,act,male,61,18
1,act,male,62,18
1,act,male,63,19
1,act,male,64,16
1,act,male,65,14
1,act,male,66,13
1,act,male,67,12
1,act,male,68,12
1,act,male,69,11
1,act,male,70,10
1,act,male,71,9
1,act,male,72,9
1,act,male,73,8
1,act,male,74,7
1,act,male,75,7
1,act,male,76,6
1,act,male,77,6
1,act,male,78,6
1,act,male,79,5
1,act,male,80,5
1,act,male,81,4
1,act,male,82,4
1,act,male,83,3
1,act,male,84,4
1,act,male,85,3
1,act,male,86,3
1,act,male,87,2
1,act,male,88,2
1,act,male,89,2
1,act,male,90,1
1,act,male,91,1
1,act,male,92,2
1,act,female,0,24
1,act,female,1,24
1,act,female,2,22
1,act,female,3,22
1,act,female,4,21
1,act,female,5,21
1,act,female,6,21
1,act,female,7,20
1,act,female,8,20
1,act,female,9,21
1,act,female,10,22
1,act,female,11,20
1,act,female,12,20
1,act,female,13,21
1,act,female,14,21
1,act,female,15,21
1,act,female,16,23
1,act,female,17,23
1,act,female,18,26
1,act,female,19,30
1,act,female,20,34
1,act,female,21,33
1,act,female,22,32
1,act,female,23,32
1,act,female,24,31
1,act,female,25,32
1,act,female,26,32
1,act,female,27,31
1,act,female,28,33
1,act,female,29,31
1,act,female,30,33
1,act,female,31,29
1,act,female,32,28
1,act,female,33,27
1,act,female,34,25
1,act,female,35,27
1,act,female,36,28
1,act,female,37,30
1,act,female,38,28
1,act,female,39,29
1,act,female,40,27
1,act,female,41,28
1,act,female,42,25
1,act,female,43,24
1,act,female,44,24
1,act,female,45,25
1,act,female,46,26
1,act,female,47,25
1,act,female,48,26
1,act,female,49,26
1,act,female,50,25
1,act,female,51,25
1,act,female,52,24
1,act,female,53,24
1,act,female,54,24
1,act,female,55,22
1,act,female,56,21
1,act,female,57,22
1,act,female,58,21
1,act,female,59,21
1,act,female,60,19
1,act,female,61,19
1,act,female,62,19
1,act,female,63,19
1,act,female,64,16
1,act,female,65,16
1,act,female,66,14
1,act,female,67,12
1,act,female,68,12
1,act,female,69,12
1,act,female,70,10
1,act,female,71,10
1,act,female,72,9
1,act,female,73,9
1,act,female,74,8
1,act,female,75,8
1,act,female,76,8
1,act,female,77,7
1,act,female,78,8
1,act,female,79,6
1,act,female,80,6
1,act,female,81,6
1,act,female,82,6
1,act,female,83,6
1,act,female,84,6
1,act,female,85,6
1,act,female,86,5
1,act,female,87,4
1,act,female,88,4
1,act,female,89,3
1,act,female,90,2
1,act,female,91,2
1,act,female,92,1
1,act,female,93,1
1,act,female,94,1
1,act,female,95,1
2,nsw,male,0,519
2,nsw,male,1,491
2,nsw,male,2,480
2,nsw,male,3,480
2,nsw,male,4,473
2,nsw,male,5,469
2,nsw,male,6,456
2,nsw,male,7,453
2,nsw,male,8,449
2,nsw,male,9,452
2,nsw,male,10,460
2,nsw,male,11,454
2,nsw,male,12,454
2,nsw,male,13,458
2,nsw,male,14,460
2,nsw,male,15,483
2,nsw,male,16,470
2,nsw,male,17,467
2,nsw,male,18,475
2,nsw,male,19,485
2,nsw,male,20,538
2,nsw,male,21,509
2,nsw,male,22,505
2,nsw,male,23,503
2,nsw,male,24,516
2,nsw,male,25,558
2,nsw,male,26,525
2,nsw,male,27,522
2,nsw,male,28,519
2,nsw,male,29,517
2,nsw,male,30,525
2,nsw,male,31,492
2,nsw,male,32,482
2,nsw,male,33,477
2,nsw,male,34,482
2,nsw,male,35,494
2,nsw,male,36,495
2,nsw,male,37,509
2,nsw,male,38,524
2,nsw,male,39,528
2,nsw,male,40,513
2,nsw,male,41,489
2,nsw,male,42,474
2,nsw,male,43,467
2,nsw,male,44,469
2,nsw,male,45,486
2,nsw,male,46,490
2,nsw,male,47,499
2,nsw,male,48,505
2,nsw,male,49,503
2,nsw,male,50,492
2,nsw,male,51,480
2,nsw,male,52,471
2,nsw,male,53,464
2,nsw,male,54,455
2,nsw,male,55,449
2,nsw,male,56,429
2,nsw,male,57,418
2,nsw,male,58,407
2,nsw,male,59,404
2,nsw,male,60,407
2,nsw,male,61,390
2,nsw,male,62,398
2,nsw,male,63,402
2,nsw,male,64,364
2,nsw,male,65,348
2,nsw,male,66,326
2,nsw,male,67,297
2,nsw,male,68,283
2,nsw,male,69,267
2,nsw,male,70,257
2,nsw,male,71,244
2,nsw,male,72,228
2,nsw,male,73,221
2,nsw,male,74,209
2,nsw,male,75,191
2,nsw,male,76,182
2,nsw,male,77,172
2,nsw,male,78,165
2,nsw,male,79,161
2,nsw,male,80,149
2,nsw,male,81,140
2,nsw,male,82,133
2,nsw,male,83,118
2,nsw,male,84,104
2,nsw,male,85,94
2,nsw,male,86,78
2,nsw,male,87,68
2,nsw,male,88,57
2,nsw,male,89,47
2,nsw,male,90,36
2,nsw,male,91,25
2,nsw,male,92,19
2,nsw,male,93,14
2,nsw,male,94,11
2,nsw,male,95,7
2,nsw,male,96,5
2,nsw,male,97,2
2,nsw,male,98,3
2,nsw,male,99,1
2,nsw,male,100,2
2,nsw,female,0,500
2,nsw,female,1,469
2,nsw,female,2,464
2,nsw,female,3,454
2,nsw,female,4,446
2,nsw,female,5,443
2,nsw,female,6,429
2,nsw,female,7,427
2,nsw,female,8,424
2,nsw,female,9,424
2,nsw,female,10,443
2,nsw,female,11,430
2,nsw,female,12,427
2,nsw,female,13,435
2,nsw,female,14,436
2,nsw,female,15,447
2,nsw,female,16,443
2,nsw,female,17,443
2,nsw,female,18,446
2,nsw,female,19,464
2,nsw,female,20,531
2,nsw,female,21,480
2,nsw,female,22,481
2,nsw,female,23,487
2,nsw,female,24,496
2,nsw,female,25,551
2,nsw,female,26,514
2,nsw,female,27,521
2,nsw,female,28,512
2,nsw,female,29,510
2,nsw,female,30,526
2,nsw,female,31,491
2,nsw,female,32,488
2,nsw,female,33,486
2,nsw,female,34,482
2,nsw,female,35,507
2,nsw,female,36,502
2,nsw,female,37,516
2,nsw,female,38,536
2,nsw,female,39,542
2,nsw,female,40,519
2,nsw,female,41,501
2,nsw,female,42,486
2,nsw,female,43,478
2,nsw,female,44,474
2,nsw,female,45,490
2,nsw,female,46,498
2,nsw,female,47,513
2,nsw,female,48,511
2,nsw,female,49,510
2,nsw,female,50,501
2,nsw,female,51,489
2,nsw,female,52,482
2,nsw,female,53,468
2,nsw,female,54,456
2,nsw,female,55,452
2,nsw,female,56,437
2,nsw,female,57,429
2,nsw,female,58,415
2,nsw,female,59,409
2,nsw,female,60,403
2,nsw,female,61,393
2,nsw,female,62,391
2,nsw,female,63,403
2,nsw,female,64,365
2,nsw,female,65,345
2,nsw,female,66,328
2,nsw,female,67,302
2,nsw,female,68,287
2,nsw,female,69,277
2,nsw,female,70,264
2,nsw,female,71,253
2,nsw,female,72,243
2,nsw,female,73,236
2,nsw,female,74,230
2,nsw,female,75,216
2,nsw,female,76,204
2,nsw,female,77,200
2,nsw,female,78,197
2,nsw,female,79,197
2,nsw,female,80,193
2,nsw,female,81,182
2,nsw,female,82,177
2,nsw,female,83,164
2,nsw,female,84,153
2,nsw,female,85,145
2,nsw,female,86,129
2,nsw,female,87,117
2,nsw,female,88,102
2,nsw,female,89,92
2,nsw,female,90,72
2,nsw,female,91,55
2,nsw,female,92,45
2,nsw,female,93,38
2,nsw,female,94,29
2,nsw,female,95,23
2,nsw,female,96,16
2,nsw,female,97,13
2,nsw,female,98,7
2,nsw,female,99,6
2,nsw,female,100,7
2,nsw,female,101,2
2,vic,male,0,385
2,vic,male,1,361
2,vic,male,2,358
2,vic,male,3,356
2,vic,male,4,350
2,vic,male,5,346
2,vic,male,6,336
2,vic,male,7,332
2,vic,male,8,328
2,vic,male,9,333
2,vic,male,10,341
2,vic,male,11,333
2,vic,male,12,338
2,vic,male,13,341
2,vic,male,14,344
2,vic,male,15,359
2,vic,male,16,353
2,vic,male,17,358
2,vic,male,18,367
2,vic,male,19,388
2,vic,male,20,450
2,vic,male,21,423
2,vic,male,22,422
2,vic,male,23,430
2,vic,male,24,429
2,vic,male,25,455
2,vic,male,26,428
2,vic,male,27,427
2,vic,male,28,417
2,vic,male,29,404
2,vic,male,30,412
2,vic,male,31,387
2,vic,male,32,381
2,vic,male,33,374
2,vic,male,34,372
2,vic,male,35,389
2,vic,male,36,384
2,vic,male,37,390
2,vic,male,38,404
2,vic,male,39,410
2,vic,male,40,407
2,vic,male,41,395
2,vic,male,42,385
2,vic,male,43,371
2,vic,male,44,365
2,vic,male,45,368
2,vic,male,46,371
2,vic,male,47,374
2,vic,male,48,374
2,vic,male,49,375
2,vic,male,50,369
2,vic,male,51,362
2,vic,male,52,349
2,vic,male,53,343
2,vic,male,54,343
2,vic,male,55,332
2,vic,male,56,319
2,vic,male,57,315
2,vic,male,58,305
2,vic,male,59,297
2,vic,male,60,294
2,vic,male,61,285
2,vic,male,62,285
2,vic,male,63,299
2,vic,male,64,266
2,vic,male,65,243
2,vic,male,66,231
2,vic,male,67,213
2,vic,male,68,208
2,vic,male,69,196
2,vic,male,70,191
2,vic,male,71,184
2,vic,male,72,170
2,vic,male,73,163
2,vic,male,74,155
2,vic,male,75,140
2,vic,male,76,132
2,vic,male,77,129
2,vic,male,78,121
2,vic,male,79,118
2,vic,male,80,113
2,vic,male,81,104
2,vic,male,82,96
2,vic,male,83,90
2,vic,male,84,78
2,vic,male,85,67
2,vic,male,86,55
2,vic,male,87,50
2,vic,male,88,42
2,vic,male,89,32
2,vic,male,90,26
2,vic,male,91,19
2,vic,male,92,13
2,vic,male,93,12
2,vic,male,94,8
2,vic,male,95,7
2,vic,male,96,4
2,vic,male,97,4
2,vic,male,98,2
2,vic,male,99,1
2,vic,male,100,1
2,vic,female,0,356
2,vic,female,1,344
2,vic,female,2,339
2,vic,female,3,336
2,vic,female,4,331
2,vic,female,5,328
2,vic,female,6,320
2,vic,female,7,315
2,vic,female,8,314
2,vic,female,9,315
2,vic,female,10,320
2,vic,female,11,319
2,vic,female,12,315
2,vic,female,13,320
2,vic,female,14,323
2,vic,female,15,343
2,vic,female,16,334
2,vic,female,17,342
2,vic,female,18,346
2,vic,female,19,366
2,vic,female,20,411
2,vic,female,21,396
2,vic,female,22,399
2,vic,female,23,399
2,vic,female,24,406
2,vic,female,25,444
2,vic,female,26,412
2,vic,female,27,412
2,vic,female,28,406
2,vic,female,29,403
2,vic,female,30,412
2,vic,female,31,384
2,vic,female,32,379
2,vic,female,33,372
2,vic,female,34,373
2,vic,female,35,383
2,vic,female,36,387
2,vic,female,37,396
2,vic,female,38,413
2,vic,female,39,430
2,vic,female,40,419
2,vic,female,41,406
2,vic,female,42,395
2,vic,female,43,380
2,vic,female,44,376
2,vic,female,45,384
2,vic,female,46,383
2,vic,female,47,385
2,vic,female,48,387
2,vic,female,49,387
2,vic,female,50,382
2,vic,female,51,370
2,vic,female,52,358
2,vic,female,53,354
2,vic,female,54,349
2,vic,female,55,347
2,vic,female,56,329
2,vic,female,57,326
2,vic,female,58,313
2,vic,female,59,312
2,vic,female,60,311
2,vic,female,61,297
2,vic,female,62,299
2,vic,female,63,307
2,vic,female,64,274
2,vic,female,65,260
2,vic,female,66,244
2,vic,female,67,225
2,vic,female,68,215
2,vic,female,69,204
2,vic,female,70,198
2,vic,female,71,192
2,vic,female,72,185
2,vic,female,73,176
2,vic,female,74,171
2,vic,female,75,164
2,vic,female,76,156
2,vic,female,77,150
2,vic,female,78,147
2,vic,female,79,146
2,vic,female,80,147
2,vic,female,81,136
2,vic,female,82,132
2,vic,female,83,123
2,vic,female,84,116
2,vic,female,85,109
2,vic,female,86,95
2,vic,female,87,87
2,vic,female,88,78
2,vic,female,89,69
2,vic,female,90,56
2,vic,female,91,41
2,vic,female,92,33
2,vic,female,93,28
2,vic,female,94,21
2,vic,female,95,16
2,vic,female,96,14
2,vic,female,97,9
2,vic,female,98,6
2,vic,female,99,3
2,vic,female,100,5
2,vic,female,101,1
2,qld,male,0,339
2,qld,male,1,316
2,qld,male,2,315
2,qld,male,3,308
2,qld,male,4,308
2,qld,male,5,304
2,qld,male,6,292
2,qld,male,7,288
2,qld,male,8,288
2,qld,male,9,297
2,qld,male,10,302
2,qld,male,11,295
2,qld,male,12,296
2,qld,male,13,297
2,qld,male,14,300
2,qld,male,15,314
2,qld,male,16,305
2,qld,male,17,304
2,qld,male,18,307
2,qld,male,19,309
2,qld,male,20,345
2,qld,male,21,316
2,qld,male,22,318
2,qld,male,23,322
2,qld,male,24,328
2,qld,male,25,352
2,qld,male,26,330
2,qld,male,27,331
2,qld,male,28,325
2,qld,male,29,316
2,qld,male,30,316
2,qld,male,31,292
2,qld,male,32,287
2,qld,male,33,289
2,qld,male,34,291
2,qld,male,35,308
2,qld,male,36,310
2,qld,male,37,314
2,qld,male,38,329
2,qld,male,39,336
2,qld,male,40,334
2,qld,male,41,315
2,qld,male,42,301
2,qld,male,43,295
2,qld,male,44,296
2,qld,male,45,298
2,qld,male,46,304
2,qld,male,47,306
2,qld,male,48,307
2,qld,male,49,309
2,qld,male,50,301
2,qld,male,51,293
2,qld,male,52,284
2,qld,male,53,278
2,qld,male,54,273
2,qld,male,55,271
2,qld,male,56,261
2,qld,male,57,258
2,qld,male,58,256
2,qld,male,59,252
2,qld,male,60,247
2,qld,male,61,245
2,qld,male,62,245
2,qld,male,63,253
2,qld,male,64,223
2,qld,male,65,212
2,qld,male,66,197
2,qld,male,67,179
2,qld,male,68,170
2,qld,male,69,161
2,qld,male,70,153
2,qld,male,71,142
2,qld,male,72,133
2,qld,male,73,127
2,qld,male,74,117
2,qld,male,75,105
2,qld,male,76,98
2,qld,male,77,92
2,qld,male,78,89
2,qld,male,79,83
2,qld,male,80,80
2,qld,male,81,75
2,qld,male,82,67
2,qld,male,83,61
2,qld,male,84,52
2,qld,male,85,47
2,qld,male,86,40
2,qld,male,87,33
2,qld,male,88,28
2,qld,male,89,24
2,qld,male,90,18
2,qld,male,91,13
2,qld,male,92,8
2,qld,male,93,7
2,qld,male,94,6
2,qld,male,95,4
2,qld,male,96,3
2,qld,male,97,2
2,qld,male,98,1
2,qld,male,99,1
2,qld,male,100,1
2,qld,female,0,313
2,qld,female,1,299
2,qld,female,2,293
2,qld,female,3,291
2,qld,female,4,290
2,qld,female,5,287
2,qld,female,6,279
2,qld,female,7,274
2,qld,female,8,275
2,qld,female,9,283
2,qld,female,10,283
2,qld,female,11,282
2,qld,female,12,285
2,qld,female,13,285
2,qld,female,14,286
2,qld,female,15,300
2,qld,female,16,291
2,qld,female,17,288
2,qld,female,18,292
2,qld,female,19,301
2,qld,female,20,333
2,qld,female,21,310
2,qld,female,22,307
2,qld,female,23,311
2,qld,female,24,319
2,qld,female,25,344
2,qld,female,26,321
2,qld,female,27,321
2,qld,female,28,312
2,qld,female,29,308
2,qld,female,30,313
2,qld,female,31,296
2,qld,female,32,290
2,qld,female,33,292
2,qld,female,34,299
2,qld,female,35,306
2,qld,female,36,308
2,qld,female,37,321
2,qld,female,38,334
2,qld,female,39,342
2,qld,female,40,339
2,qld,female,41,317
2,qld,female,42,308
2,qld,female,43,304
2,qld,female,44,298
2,qld,female,45,305
2,qld,female,46,311
2,qld,female,47,317
2,qld,female,48,320
2,qld,female,49,316
2,qld,female,50,310
2,qld,female,51,301
2,qld,female,52,293
2,qld,female,53,284
2,qld,female,54,278
2,qld,female,55,274
2,qld,female,56,266
2,qld,female,57,262
2,qld,female,58,253
2,qld,female,59,251
2,qld,female,60,255
2,qld,female,61,241
2,qld,female,62,236
2,qld,female,63,245
2,qld,female,64,218
2,qld,female,65,212
2,qld,female,66,196
2,qld,female,67,176
2,qld,female,68,171
2,qld,female,69,157
2,qld,female,70,152
2,qld,female,71,144
2,qld,female,72,132
2,qld,female,73,127
2,qld,female,74,120
2,qld,female,75,116
2,qld,female,76,108
2,qld,female,77,104
2,qld,female,78,99
2,qld,female,79,102
2,qld,female,80,96
2,qld,female,81,92
2,qld,female,82,89
2,qld,female,83,80
2,qld,female,84,75
2,qld,female,85,71
2,qld,female,86,62
2,qld,female,87,53
2,qld,female,88,52
2,qld,female,89,44
2,qld,female,90,36
2,qld,female,91,29
2,qld,female,92,22
2,qld,female,93,19
2,qld,female,94,14
2,qld,female,95,12
2,qld,female,96,7
2,qld,female,97,6
2,qld,female,98,3
2,qld,female,99,4
2,qld,female,100,2
2,sa,male,0,101
2,sa,male,1,101
2,sa,male,2,100
2,sa,male,3,96
2,sa,male,4,99
2,sa,male,5,99
2,sa,male,6,97
2,sa,male,7,96
2,sa,male,8,95
2,sa,male,9,96
2,sa,male,10,101
2,sa,male,11,101
2,sa,male,12,101
2,sa,male,13,101
2,sa,male,14,104
2,sa,male,15,110
2,sa,male,16,106
2,sa,male,17,108
2,sa,male,18,111
2,sa,male,19,114
2,sa,male,20,129
2,sa,male,21,119
2,sa,male,22,118
2,sa,male,23,119
2,sa,male,24,117
2,sa,male,25,118
2,sa,male,26,118
2,sa,male,27,117
2,sa,male,28,111
2,sa,male,29,107
2,sa,male,30,105
2,sa,male,31,102
2,sa,male,32,99
2,sa,male,33,99
2,sa,male,34,101
2,sa,male,35,107
2,sa,male,36,104
2,sa,male,37,106
2,sa,male,38,114
2,sa,male,39,118
2,sa,male,40,117
2,sa,male,41,116
2,sa,male,42,111
2,sa,male,43,112
2,sa,male,44,110
2,sa,male,45,111
2,sa,male,46,115
2,sa,male,47,115
2,sa,male,48,118
2,sa,male,49,118
2,sa,male,50,115
2,sa,male,51,113
2,sa,male,52,112
2,sa,male,53,108
2,sa,male,54,108
2,sa,male,55,106
2,sa,male,56,103
2,sa,male,57,102
2,sa,male,58,99
2,sa,male,59,97
2,sa,male,60,98
2,sa,male,61,96
2,sa,male,62,93
2,sa,male,63,99
2,sa,male,64,88
2,sa,male,65,83
2,sa,male,66,76
2,sa,male,67,72
2,sa,male,68,67
2,sa,male,69,63
2,sa,male,70,60
2,sa,male,71,60
2,sa,male,72,56
2,sa,male,73,54
2,sa,male,74,51
2,sa,male,75,47
2,sa,male,76,46
2,sa,male,77,44
2,sa,male,78,39
2,sa,male,79,40
2,sa,male,80,38
2,sa,male,81,35
2,sa,male,82,34
2,sa,male,83,32
2,sa,male,84,28
2,sa,male,85,24
2,sa,male,86,21
2,sa,male,87,18
2,sa,male,88,16
2,sa,male,89,12
2,sa,male,90,11
2,sa,male,91,7
2,sa,male,92,5
2,sa,male,93,3
2,sa,male,94,4
2,sa,male,95,2
2,sa,male,96,1
2,sa,male,97,1
2,sa,male,100,1
2,sa,female,0,104
2,sa,female,1,96
2,sa,female,2,97
2,sa,female,3,96
2,sa,female,4,93
2,sa,female,5,93
2,sa,female,6,91
2,sa,female,7,91
2,sa,female,8,91
2,sa,female,9,93
2,sa,female,10,96
2,sa,female,11,96
2,sa,female,12,95
2,sa,female,13,98
2,sa,female,14,100
2,sa,female,15,103
2,sa,female,16,100
2,sa,female,17,102
2,sa,female,18,105
2,sa,female,19,106
2,sa,female,20,112
2,sa,female,21,113
2,sa,female,22,110
2,sa,female,23,111
2,sa,female,24,113
2,sa,female,25,128
2,sa,female,26,112
2,sa,female,27,110
2,sa,female,28,107
2,sa,female,29,104
2,sa,female,30,101
2,sa,female,31,100
2,sa,female,32,98
2,sa,female,33,99
2,sa,female,34,100
2,sa,female,35,101
2,sa,female,36,104
2,sa,female,37,108
2,sa,female,38,116
2,sa,female,39,116
2,sa,female,40,117
2,sa,female,41,114
2,sa,female,42,112
2,sa,female,43,111
2,sa,female,44,111
2,sa,female,45,117
2,sa,female,46,115
2,sa,female,47,117
2,sa,female,48,117
2,sa,female,49,120
2,sa,female,50,119
2,sa,female,51,114
2,sa,female,52,113
2,sa,female,53,112
2,sa,female,54,111
2,sa,female,55,107
2,sa,female,56,106
2,sa,female,57,104
2,sa,female,58,103
2,sa,female,59,102
2,sa,female,60,101
2,sa,female,61,98
2,sa,female,62,97
2,sa,female,63,102
2,sa,female,64,92
2,sa,female,65,87
2,sa,female,66,81
2,sa,female,67,76
2,sa,female,68,71
2,sa,female,69,67
2,sa,female,70,64
2,sa,female,71,64
2,sa,female,72,62
2,sa,female,73,60
2,sa,female,74,56
2,sa,female,75,54
2,sa,female,76,50
2,sa,female,77,52
2,sa,female,78,50
2,sa,female,79,51
2,sa,female,80,49
2,sa,female,81,47
2,sa,female,82,47
2,sa,female,83,44
2,sa,female,84,43
2,sa,female,85,40
2,sa,female,86,34
2,sa,female,87,32
2,sa,female,88,29
2,sa,female,89,24
2,sa,female,90,21
2,sa,female,91,14
2,sa,female,92,13
2,sa,female,93,10
2,sa,female,94,8
2,sa,female,95,7
2,sa,female,96,4
2,sa,female,97,4
2,sa,female,98,1
2,sa,female,99,2
2,sa,female,100,2
2,wa,male,0,175
2,wa,male,1,157
2,wa,male,2,156
2,wa,male,3,157
2,wa,male,4,152
2,wa,male,5,152
2,wa,male,6,146
2,wa,male,7,144
2,wa,male,8,143
2,wa,male,9,147
2,wa,male,10,147
2,wa,male,11,152
2,wa,male,12,151
2,wa,male,13,151
2,wa,male,14,152
2,wa,male,15,164
2,wa,male,16,154
2,wa,male,17,156
2,wa,male,18,157
2,wa,male,19,162
2,wa,male,20,176
2,wa,male,21,174
2,wa,male,22,176
2,wa,male,23,181
2,wa,male,24,187
2,wa,male,25,199
2,wa,male,26,186
2,wa,male,27,187
2,wa,male,28,179
2,wa,male,29,172
2,wa,male,30,178
2,wa,male,31,161
2,wa,male,32,160
2,wa,male,33,157
2,wa,male,34,157
2,wa,male,35,167
2,wa,male,36,161
2,wa,male,37,167
2,wa,male,38,177
2,wa,male,39,180
2,wa,male,40,185
2,wa,male,41,173
2,wa,male,42,168
2,wa,male,43,164
2,wa,male,44,164
2,wa,male,45,164
2,wa,male,46,164
2,wa,male,47,167
2,wa,male,48,166
2,wa,male,49,164
2,wa,male,50,165
2,wa,male,51,157
2,wa,male,52,154
2,wa,male,53,151
2,wa,male,54,149
2,wa,male,55,144
2,wa,male,56,140
2,wa,male,57,137
2,wa,male,58,133
2,wa,male,59,132
2,wa,male,60,129
2,wa,male,61,124
2,wa,male,62,123
2,wa,male,63,126
2,wa,male,64,108
2,wa,male,65,101
2,wa,male,66,96
2,wa,male,67,85
2,wa,male,68,84
2,wa,male,69,79
2,wa,male,70,75
2,wa,male,71,71
2,wa,male,72,66
2,wa,male,73,61
2,wa,male,74,57
2,wa,male,75,54
2,wa,male,76,48
2,wa,male,77,47
2,wa,male,78,44
2,wa,male,79,43
2,wa,male,80,40
2,wa,male,81,36
2,wa,male,82,33
2,wa,male,83,31
2,wa,male,84,26
2,wa,male,85,23
2,wa,male,86,19
2,wa,male,87,16
2,wa,male,88,13
2,wa,male,89,12
2,wa,male,90,8
2,wa,male,91,6
2,wa,male,92,4
2,wa,male,93,4
2,wa,male,94,3
2,wa,male,95,2
2,wa,male,96,1
2,wa,male,97,1
2,wa,male,99,1
2,wa,female,0,162
2,wa,female,1,148
2,wa,female,2,152
2,wa,female,3,150
2,wa,female,4,149
2,wa,female,5,146
2,wa,female,6,140
2,wa,female,7,138
2,wa,female,8,140
2,wa,female,9,142
2,wa,female,10,148
2,wa,female,11,143
2,wa,female,12,143
2,wa,female,13,142
2,wa,female,14,144
2,wa,female,15,155
2,wa,female,16,147
2,wa,female,17,148
2,wa,female,18,149
2,wa,female,19,155
2,wa,female,20,174
2,wa,female,21,163
2,wa,female,22,166
2,wa,female,23,168
2,wa,female,24,170
2,wa,female,25,185
2,wa,female,26,171
2,wa,female,27,168
2,wa,female,28,165
2,wa,female,29,164
2,wa,female,30,170
2,wa,female,31,160
2,wa,female,32,153
2,wa,female,33,154
2,wa,female,34,156
2,wa,female,35,163
2,wa,female,36,160
2,wa,female,37,163
2,wa,female,38,170
2,wa,female,39,176
2,wa,female,40,176
2,wa,female,41,169
2,wa,female,42,164
2,wa,female,43,159
2,wa,female,44,160
2,wa,female,45,163
2,wa,female,46,161
2,wa,female,47,167
2,wa,female,48,165
2,wa,female,49,163
2,wa,female,50,162
2,wa,female,51,159
2,wa,female,52,150
2,wa,female,53,150
2,wa,female,54,149
2,wa,female,55,148
2,wa,female,56,141
2,wa,female,57,137
2,wa,female,58,133
2,wa,female,59,128
2,wa,female,60,127
2,wa,female,61,124
2,wa,female,62,119
2,wa,female,63,123
2,wa,female,64,103
2,wa,female,65,96
2,wa,female,66,94
2,wa,female,67,87
2,wa,female,68,84
2,wa,female,69,77
2,wa,female,70,75
2,wa,female,71,71
2,wa,female,72,69
2,wa,female,73,65
2,wa,female,74,62
2,wa,female,75,59
2,wa,female,76,56
2,wa,female,77,54
2,wa,female,78,51
2,wa,female,79,52
2,wa,female,80,48
2,wa,female,81,46
2,wa,female,82,44
2,wa,female,83,42
2,wa,female,84,36
2,wa,female,85,34
2,wa,female,86,31
2,wa,female,87,28
2,wa,female,88,26
2,wa,female,89,22
2,wa,female,90,16
2,wa,female,91,13
2,wa,female,92,11
2,wa,female,93,9
2,wa,female,94,8
2,wa,female,95,7
2,wa,female,96,4
2,wa,female,97,4
2,wa,female,98,1
2,wa,female,99,1
2,wa,female,100,2
2,tas,male,0,32
2,tas,male,1,34
2,tas,male,2,35
2,tas,male,3,33
2,tas,male,4,35
2,tas,male,5,33
2,tas,male,6,32
2,tas,male,7,31
2,tas,male,8,32
2,tas,male,9,33
2,tas,male,10,33
2,tas,male,11,34
2,tas,male,12,35
2,tas,male,13,35
2,tas,male,14,35
2,tas,male,15,36
2,tas,male,16,35
2,tas,male,17,37
2,tas,male,18,35
2,tas,male,19,35
2,tas,male,20,35
2,tas,male,21,34
2,tas,male,22,34
2,tas,male,23,34
2,tas,male,24,32
2,tas,male,25,34
2,tas,male,26,32
2,tas,male,27,30
2,tas,male,28,30
2,tas,male,29,29
2,tas,male,30,28
2,tas,male,31,28
2,tas,male,32,29
2,tas,male,33,28
2,tas,male,34,28
2,tas,male,35,30
2,tas,male,36,31
2,tas,male,37,31
2,tas,male,38,33
2,tas,male,39,35
2,tas,male,40,36
2,tas,male,41,36
2,tas,male,42,33
2,tas,male,43,32
2,tas,male,44,32
2,tas,male,45,34
2,tas,male,46,36
2,tas,male,47,37
2,tas,male,48,38
2,tas,male,49,39
2,tas,male,50,38
2,tas,male,51,37
2,tas,male,52,37
2,tas,male,53,36
2,tas,male,54,37
2,tas,male,55,35
2,tas,male,56,33
2,tas,male,57,35
2,tas,male,58,34
2,tas,male,59,34
2,tas,male,60,35
2,tas,male,61,32
2,tas,male,62,33
2,tas,male,63,35
2,tas,male,64,29
2,tas,male,65,28
2,tas,male,66,27
2,tas,male,67,26
2,tas,male,68,24
2,tas,male,69,23
2,tas,male,70,21
2,tas,male,71,20
2,tas,male,72,19
2,tas,male,73,18
2,tas,male,74,16
2,tas,male,75,15
2,tas,male,76,14
2,tas,male,77,12
2,tas,male,78,13
2,tas,male,79,13
2,tas,male,80,12
2,tas,male,81,12
2,tas,male,82,10
2,tas,male,83,9
2,tas,male,84,8
2,tas,male,85,8
2,tas,male,86,5
2,tas,male,87,5
2,tas,male,88,3
2,tas,male,89,3
2,tas,male,90,2
2,tas,male,91,2
2,tas,male,92,1
2,tas,male,93,1
2,tas,male,94,1
2,tas,female,0,33
2,tas,female,1,32
2,tas,female,2,32
2,tas,female,3,32
2,tas,female,4,32
2,tas,female,5,32
2,tas,female,6,30
2,tas,female,7,29
2,tas,female,8,31
2,tas,female,9,31
2,tas,female,10,30
2,tas,female,11,33
2,tas,female,12,32
2,tas,female,13,33
2,tas,female,14,33
2,tas,female,15,34
2,tas,female,16,34
2,tas,female,17,34
2,tas,female,18,34
2,tas,female,19,34
2,tas,female,20,33
2,tas,female,21,32
2,tas,female,22,32
2,tas,female,23,32
2,tas,female,24,31
2,tas,female,25,32
2,tas,female,26,30
2,tas,female,27,29
2,tas,female,28,30
2,tas,female,29,30
2,tas,female,30,30
2,tas,female,31,29
2,tas,female,32,29
2,tas,female,33,28
2,tas,female,34,29
2,tas,female,35,32
2,tas,female,36,31
2,tas,female,37,34
2,tas,female,38,35
2,tas,female,39,37
2,tas,female,40,37
2,tas,female,41,36
2,tas,female,42,35
2,tas,female,43,34
2,tas,female,44,33
2,tas,female,45,35
2,tas,female,46,37
2,tas,female,47,37
2,tas,female,48,38
2,tas,female,49,39
2,tas,female,50,40
2,tas,female,51,38
2,tas,female,52,38
2,tas,female,53,37
2,tas,female,54,37
2,tas,female,55,37
2,tas,female,56,34
2,tas,female,57,35
2,tas,female,58,34
2,tas,female,59,33
2,tas,female,60,33
2,tas,female,61,28
2,tas,female,62,33
2,tas,female,63,34
2,tas,female,64,30
2,tas,female,65,27
2,tas,female,66,27
2,tas,female,67,23
2,tas,female,68,24
2,tas,female,69,22
2,tas,female,70,21
2,tas,female,71,20
2,tas,female,72,20
2,tas,female,73,19
2,tas,female,74,18
2,tas,female,75,16
2,tas,female,76,16
2,tas,female,77,15
2,tas,female,78,16
2,tas,female,79,15
2,tas,female,80,14
2,tas,female,81,13
2,tas,female,82,13
2,tas,female,83,12
2,tas,female,84,12
2,tas,female,85,11
2,tas,female,86,10
2,tas,female,87,9
2,tas,female,88,8
2,tas,female,89,8
2,tas,female,90,5
2,tas,female,91,4
2,tas,female,92,4
2,tas,female,93,3
2,tas,female,94,2
2,tas,female,95,2
2,tas,female,96,1
2,tas,female,97,1
2,tas,female,98,1
2,tas,female,100,1
2,nt,male,0,21
2,nt,male,1,20
2,nt,male,2,19
2,nt,male,3,21
2,nt,male,4,20
2,nt,male,5,18
2,nt,male,6,17
2,nt,male,7,17
2,nt,male,8,17
2,nt,male,9,19
2,nt,male,10,18
2,nt,male,11,17
2,nt,male,12,17
2,nt,male,13,17
2,nt,male,14,17
2,nt,male,15,21
2,nt,male,16,17
2,nt,male,17,17
2,nt,male,18,17
2,nt,male,19,20
2,nt,male,20,21
2,nt,male,21,21
2,nt,male,22,21
2,nt,male,23,22
2,nt,male,24,23
2,nt,male,25,25
2,nt,male,26,24
2,nt,male,27,22
2,nt,male,28,22
2,nt,male,29,23
2,nt,male,30,23
2,nt,male,31,21
2,nt,male,32,18
2,nt,male,33,18
2,nt,male,34,19
2,nt,male,35,22
2,nt,male,36,19
2,nt,male,37,19
2,nt,male,38,19
2,nt,male,39,21
2,nt,male,40,20
2,nt,male,41,19
2,nt,male,42,17
2,nt,male,43,17
2,nt,male,44,17
2,nt,male,45,20
2,nt,male,46,19
2,nt,male,47,17
2,nt,male,48,17
2,nt,male,49,16
2,nt,male,50,15
2,nt,male,51,16
2,nt,male,52,15
2,nt,male,53,15
2,nt,male,54,14
2,nt,male,55,14
2,nt,male,56,14
2,nt,male,57,13
2,nt,male,58,13
2,nt,male,59,14
2,nt,male,60,12
2,nt,male,61,12
2,nt,male,62,11
2,nt,male,63,9
2,nt,male,64,9
2,nt,male,65,8
2,nt,male,66,8
2,nt,male,67,6
2,nt,male,68,6
2,nt,male,69,7
2,nt,male,70,5
2,nt,male,71,4
2,nt,male,72,4
2,nt,male,73,4
2,nt,male,74,3
2,nt,male,75,2
2,nt,male,76,2
2,nt,male,77,2
2,nt,male,78,2
2,nt,male,79,2
2,nt,male,80,2
2,nt,male,81,1
2,nt,male,82,1
2,nt,male,83,1
2,nt,male,84,1
2,nt,female,0,19
2,nt,female,1,19
2,nt,female,2,18
2,nt,female,3,18
2,nt,female,4,18
2,nt,female,5,17
2,nt,female,6,17
2,nt,female,7,18
2,nt,female,8,17
2,nt,female,9,17
2,nt,female,10,16
2,nt,female,11,16
2,nt,female,12,16
2,nt,female,13,15
2,nt,female,14,16
2,nt,female,15,15
2,nt,female,16,16
2,nt,female,17,15
2,nt,female,18,16
2,nt,female,19,16
2,nt,female,20,17
2,nt,female,21,17
2,nt,female,22,18
2,nt,female,23,19
2,nt,female,24,21
2,nt,female,25,23
2,nt,female,26,21
2,nt,female,27,22
2,nt,female,28,21
2,nt,female,29,22
2,nt,female,30,22
2,nt,female,31,18
2,nt,female,32,18
2,nt,female,33,19
2,nt,female,34,18
2,nt,female,35,18
2,nt,female,36,19
2,nt,female,37,18
2,nt,female,38,18
2,nt,female,39,20
2,nt,female,40,18
2,nt,female,41,18
2,nt,female,42,16
2,nt,female,43,16
2,nt,female,44,16
2,nt,female,45,17
2,nt,female,46,15
2,nt,female,47,14
2,nt,female,48,16
2,nt,female,49,15
2,nt,female,50,15
2,nt,female,51,15
2,nt,female,52,14
2,nt,female,53,15
2,nt,female,54,13
2,nt,female,55,13
2,nt,female,56,12
2,nt,female,57,12
2,nt,female,58,11
2,nt,female,59,11
2,nt,female,60,9
2,nt,female,61,9
2,nt,female,62,8
2,nt,female,63,8
2,nt,female,64,8
2,nt,female,65,7
2,nt,female,66,5
2,nt,female,67,4
2,nt,female,68,4
2,nt,female,69,4
2,nt,female,70,4
2,nt,female,71,4
2,nt,female,72,3
2,nt,female,73,2
2,nt,female,74,2
2,nt,female,75,2
2,nt,female,76,2
2,nt,female,77,2
2,nt,female,78,1
2,nt,female,79,1
2,nt,female,80,1
2,nt,female,81,1
2,nt,female,82,1
2,nt,female,83,1
2,nt,female,84,1
2,nt,female,85,1
2,nt,female,86,1
2,nt,female,87,1
2,act,male,0,26
2,act,male,1,24
2,act,male,2,24
2,act,male,3,24
2,act,male,4,23
2,act,male,5,24
2,act,male,6,22
2,act,male,7,22
2,act,male,8,20
2,act,male,9,21
2,act,male,10,21
2,act,male,11,21
2,act,male,12,22
2,act,male,13,20
2,act,male,14,21
2,act,male,15,24
2,act,male,16,23
2,act,male,17,26
2,act,male,18,27
2,act,male,19,33
2,act,male,20,34
2,act,male,21,34
2,act,male,22,34
2,act,male,23,34
2,act,male,24,34
2,act,male,25,36
2,act,male,26,33
2,act,male,27,33
2,act,male,28,32
2,act,male,29,30
2,act,male,30,34
2,act,male,31,28
2,act,male,32,26
2,act,male,33,29
2,act,male,34,28
2,act,male,35,27
2,act,male,36,28
2,act,male,37,27
2,act,male,38,27
2,act,male,39,30
2,act,male,40,29
2,act,male,41,26
2,act,male,42,25
2,act,male,43,25
2,act,male,44,25
2,act,male,45,24
2,act,male,46,25
2,act,male,47,24
2,act,male,48,25
2,act,male,49,22
2,act,male,50,25
2,act,male,51,24
2,act,male,52,23
2,act,male,53,22
2,act,male,54,22
2,act,male,55,22
2,act,male,56,21
2,act,male,57,20
2,act,male,58,21
2,act,male,59,20
2,act,male,60,19
2,act,male,61,18
2,act,male,62,18
2,act,male,63,19
2,act,male,64,16
2,act,male,65,13
2,act,male,66,13
2,act,male,67,12
2,act,male,68,12
2,act,male,69,11
2,act,male,70,10
2,act,male,71,9
2,act,male,72,9
2,act,male,73,8
2,act,male,74,8
2,act,male,75,7
2,act,male,76,6
2,act,male,77,6
2,act,male,78,5
2,act,male,79,6
2,act,male,80,4
2,act,male,81,4
2,act,male,82,4
2,act,male,83,3
2,act,male,84,4
2,act,male,85,4
2,act,male,86,3
2,act,male,87,2
2,act,male,88,2
2,act,male,89,2
2,act,male,90,1
2,act,male,91,1
2,act,male,92,1
2,act,male,93,1
2,act,female,0,25
2,act,female,1,25
2,act,female,2,22
2,act,female,3,22
2,act,female,4,22
2,act,female,5,20
2,act,female,6,21
2,act,female,7,20
2,act,female,8,20
2,act,female,9,21
2,act,female,10,22
2,act,female,11,20
2,act,female,12,20
2,act,female,13,22
2,act,female,14,21
2,act,female,15,22
2,act,female,16,23
2,act,female,17,23
2,act,female,18,27
2,act,female,19,30
2,act,female,20,34
2,act,female,21,33
2,act,female,22,31
2,act,female,23,32
2,act,female,24,32
2,act,female,25,32
2,act,female,26,32
2,act,female,27,32
2,act,female,28,32
2,act,female,29,32
2,act,female,30,33
2,act,female,31,28
2,act,female,32,29
2,act,female,33,27
2,act,female,34,25
2,act,female,35,28
2,act,female,36,27
2,act,female,37,29
2,act,female,38,28
2,act,female,39,27
2,act,female,40,28
2,act,female,41,28
2,act,female,42,25
2,act,female,43,24
2,act,female,44,24
2,act,female,45,24
2,act,female,46,26
2,act,female,47,25
2,act,female,48,26
2,act,female,49,26
2,act,female,50,26
2,act,female,51,25
2,act,female,52,25
2,act,female,53,24
2,act,female,54,24
2,act,female,55,22
2,act,female,56,21
2,act,female,57,22
2,act,female,58,20
2,act,female,59,21
2,act,female,60,20
2,act,female,61,19
2,act,female,62,19
2,act,female,63,19
2,act,female,64,16
2,act,female,65,16
2,act,female,66,14
2,act,female,67,12
2,act,female,68,11
2,act,female,69,12
2,act,female,70,10
2,act,female,71,10
2,act,female,72,9
2,act,female,73,9
2,act,female,74,8
2,act,female,75,8
2,act,female,76,8
2,act,female,77,8
2,act,female,78,8
2,act,female,79,6
2,act,female,80,6
2,act,female,81,6
2,act,female,82,6
2,act,female,83,6
2,act,female,84,6
2,act,female,85,5
2,act,female,86,5
2,act,female,87,4
2,act,female,88,4
2,act,female,89,4
2,act,female,90,2
2,act,female,91,2
2,act,female,92,1
2,act,female,93,1
2,act,female,95,1
3,nsw,male,0,534
3,nsw,male,1,492
3,nsw,male,2,480
3,nsw,male,3,478
3,nsw,male,4,473
3,nsw,male,5,472
3,nsw,male,6,456
3,nsw,male,7,453
3,nsw,male,8,447
3,nsw,male,9,450
3,nsw,male,10,462
3,nsw,male,11,450
3,nsw,male,12,453
3,nsw,male,13,457
3,nsw,male,14,461
3,nsw,male,15,489
3,nsw,male,16,469
3,nsw,male,17,466
3,nsw,male,18,469
3,nsw,male,19,484
3,nsw,male,20,547
3,nsw,male,21,509
3,nsw,male,22,506
3,nsw,male,23,501
3,nsw,male,24,515
3,nsw,male,25,564
3,nsw,male,26,523
3,nsw,male,27,521
3,nsw,male,28,518
3,nsw,male,29,516
3,nsw,male,30,537
3,nsw,male,31,493
3,nsw,male,32,478
3,nsw,male,33,477
3,nsw,male,34,481
3,nsw,male,35,493
3,nsw,male,36,491
3,nsw,male,37,506
3,nsw,male,38,520
3,nsw,male,39,527
3,nsw,male,40,517
3,nsw,male,41,488
3,nsw,male,42,474
3,nsw,male,43,466
3,nsw,male,44,467
3,nsw,male,45,486
3,nsw,male,46,487
3,nsw,male,47,499
3,nsw,male,48,503
3,nsw,male,49,503
3,nsw,male,50,493
3,nsw,male,51,481
3,nsw,male,52,471
3,nsw,male,53,464
3,nsw,male,54,455
3,nsw,male,55,447
3,nsw,male,56,429
3,nsw,male,57,419
3,nsw,male,58,408
3,nsw,male,59,402
3,nsw,male,60,405
3,nsw,male,61,389
3,nsw,male,62,396
3,nsw,male,63,401
3,nsw,male,64,369
3,nsw,male,65,349
3,nsw,male,66,326
3,nsw,male,67,301
3,nsw,male,68,283
3,nsw,male,69,268
3,nsw,male,70,255
3,nsw,male,71,244
3,nsw,male,72,230
3,nsw,male,73,217
3,nsw,male,74,210
3,nsw,male,75,193
3,nsw,male,76,182
3,nsw,male,77,173
3,nsw,male,78,163
3,nsw,male,79,160
3,nsw,male,80,149
3,nsw,male,81,141
3,nsw,male,82,132
3,nsw,male,83,119
3,nsw,male,84,107
3,nsw,male,85,88
3,nsw,male,86,78
3,nsw,male,87,68
3,nsw,male,88,58
3,nsw,male,89,47
3,nsw,male,90,38
3,nsw,male,91,25
3,nsw,male,92,19
3,nsw,male,93,15
3,nsw,male,94,11
3,nsw,male,95,6
3,nsw,male,96,5
3,nsw,male,97,2
3,nsw,male,98,3
3,nsw,male,99,1
3,nsw,male,100,2
3,nsw,female,0,503
3,nsw,female,1,468
3,nsw,female,2,463
3,nsw,female,3,454
3,nsw,female,4,445
3,nsw,female,5,450
3,nsw,female,6,427
3,nsw,female,7,427
3,nsw,female,8,424
3,nsw,female,9,424
3,nsw,female,10,444
3,nsw,female,11,430
3,nsw,female,12,425
3,nsw,female,13,434
3,nsw,female,14,434
3,nsw,female,15,451
3,nsw,female,16,442
3,nsw,female,17,444
3,nsw,female,18,445
3,nsw,female,19,460
3,nsw,female,20,540
3,nsw,female,21,480
3,nsw,female,22,481
3,nsw,female,23,484
3,nsw,female,24,494
3,nsw,female,25,560
3,nsw,female,26,513
3,nsw,female,27,517
3,nsw,female,28,513
3,nsw,female,29,509
3,nsw,female,30,531
3,nsw,female,31,490
3,nsw,female,32,487
3,nsw,female,33,486
3,nsw,female,34,483
3,nsw,female,35,512
3,nsw,female,36,499
3,nsw,female,37,514
3,nsw,female,38,532
3,nsw,female,39,537
3,nsw,female,40,524
3,nsw,female,41,499
3,nsw,female,42,488
3,nsw,female,43,477
3,nsw,female,44,475
3,nsw,female,45,488
3,nsw,female,46,496
3,nsw,female,47,509
3,nsw,female,48,512
3,nsw,female,49,509
3,nsw,female,50,505
3,nsw,female,51,490
3,nsw,female,52,482
3,nsw,female,53,468
3,nsw,female,54,457
3,nsw,female,55,450
3,nsw,female,56,436
3,nsw,female,57,430
3,nsw,female,58,417
3,nsw,female,59,408
3,nsw,female,60,400
3,nsw,female,61,392
3,nsw,female,62,392
3,nsw,female,63,401
3,nsw,female,64,369
3,nsw,female,65,346
3,nsw,female,66,328
3,nsw,female,67,305
3,nsw,female,68,284
3,nsw,female,69,277
3,nsw,female,70,265
3,nsw,female,71,253
3,nsw,female,72,242
3,nsw,female,73,236
3,nsw,female,74,231
3,nsw,female,75,218
3,nsw,female,76,204
3,nsw,female,77,201
3,nsw,female,78,194
3,nsw,female,79,194
3,nsw,female,80,194
3,nsw,female,81,184
3,nsw,female,82,177
3,nsw,female,83,162
3,nsw,female,84,154
3,nsw,female,85,143
3,nsw,female,86,130
3,nsw,female,87,116
3,nsw,female,88,104
3,nsw,female,89,92
3,nsw,female,90,73
3,nsw,female,91,55
3,nsw,female,92,42
3,nsw,female,93,39
3,nsw,female,94,30
3,nsw,female,95,22
3,nsw,female,96,16
3,nsw,female,97,13
3,nsw,female,98,8
3,nsw,female,99,6
3,nsw,female,100,7
3,nsw,female,101,2
3,vic,male,0,390
3,vic,male,1,362
3,vic,male,2,358
3,vic,male,3,357
3,vic,male,4,350
3,vic,male,5,348
3,vic,male,6,336
3,vic,male,7,333
3,vic,male,8,328
3,vic,male,9,331
3,vic,male,10,341
3,vic,male,11,331
3,vic,male,12,337
3,vic,male,13,341
3,vic,male,14,343
3,vic,male,15,368
3,vic,male,16,351
3,vic,male,17,357
3,vic,male,18,366
3,vic,male,19,385
3,vic,male,20,458
3,vic,male,21,419
3,vic,male,22,419
3,vic,male,23,429
3,vic,male,24,431
3,vic,male,25,455
3,vic,male,26,430
3,vic,male,27,424
3,vic,male,28,418
3,vic,male,29,405
3,vic,male,30,418
3,vic,male,31,387
3,vic,male,32,379
3,vic,male,33,373
3,vic,male,34,372
3,vic,male,35,390
3,vic,male,36,383
3,vic,male,37,388
3,vic,male,38,403
3,vic,male,39,408
3,vic,male,40,408
3,vic,male,41,396
3,vic,male,42,386
3,vic,male,43,374
3,vic,male,44,364
3,vic,male,45,368
3,vic,male,46,368
3,vic,male,47,373
3,vic,male,48,374
3,vic,male,49,374
3,vic,male,50,371
3,vic,male,51,360
3,vic,male,52,351
3,vic,male,53,342
3,vic,male,54,342
3,vic,male,55,335
3,vic,male,56,320
3,vic,male,57,314
3,vic,male,58,306
3,vic,male,59,296
3,vic,male,60,296
3,vic,male,61,284
3,vic,male,62,283
3,vic,male,63,296
3,vic,male,64,269
3,vic,male,65,246
3,vic,male,66,230
3,vic,male,67,214
3,vic,male,68,208
3,vic,male,69,198
3,vic,male,70,190
3,vic,male,71,185
3,vic,male,72,171
3,vic,male,73,163
3,vic,male,74,155
3,vic,male,75,141
3,vic,male,76,134
3,vic,male,77,128
3,vic,male,78,121
3,vic,male,79,119
3,vic,male,80,112
3,vic,male,81,104
3,vic,male,82,96
3,vic,male,83,90
3,vic,male,84,78
3,vic,male,85,68
3,vic,male,86,54
3,vic,male,87,51
3,vic,male,88,42
3,vic,male,89,33
3,vic,male,90,27
3,vic,male,91,20
3,vic,male,92,13
3,vic,male,93,10
3,vic,male,94,8
3,vic,male,95,6
3,vic,male,96,5
3,vic,male,97,3
3,vic,male,98,3
3,vic,male,99,1
3,vic,male,100,1
3,vic,female,0,355
3,vic,female,1,344
3,vic,female,2,339
3,vic,female,3,335
3,vic,female,4,332
3,vic,female,5,329
3,vic,female,6,320
3,vic,female,7,313
3,vic,female,8,313
3,vic,female,9,314
3,vic,female,10,322
3,vic,female,11,320
3,vic,female,12,314
3,vic,female,13,318
3,vic,female,14,323
3,vic,female,15,344
3,vic,female,16,332
3,vic,female,17,340
3,vic,female,18,343
3,vic,female,19,366
3,vic,female,20,425
3,vic,female,21,395
3,vic,female,22,398
3,vic,female,23,400
3,vic,female,24,403
3,vic,female,25,452
3,vic,female,26,411
3,vic,female,27,412
3,vic,female,28,407
3,vic,female,29,402
3,vic,female,30,415
3,vic,female,31,384
3,vic,female,32,378
3,vic,female,33,371
3,vic,female,34,369
3,vic,female,35,385
3,vic,female,36,386
3,vic,female,37,394
3,vic,female,38,412
3,vic,female,39,427
3,vic,female,40,423
3,vic,female,41,406
3,vic,female,42,397
3,vic,female,43,380
3,vic,female,44,378
3,vic,female,45,384
3,vic,female,46,381
3,vic,female,47,387
3,vic,female,48,386
3,vic,female,49,386
3,vic,female,50,383
3,vic,female,51,370
3,vic,female,52,359
3,vic,female,53,355
3,vic,female,54,348
3,vic,female,55,347
3,vic,female,56,329
3,vic,female,57,326
3,vic,female,58,313
3,vic,female,59,311
3,vic,female,60,312
3,vic,female,61,298
3,vic,female,62,297
3,vic,female,63,305
3,vic,female,64,278
3,vic,female,65,263
3,vic,female,66,244
3,vic,female,67,227
3,vic,female,68,216
3,vic,female,69,205
3,vic,female,70,198
3,vic,female,71,191
3,vic,female,72,185
3,vic,female,73,175
3,vic,female,74,171
3,vic,female,75,164
3,vic,female,76,157
3,vic,female,77,152
3,vic,female,78,146
3,vic,female,79,146
3,vic,female,80,146
3,vic,female,81,137
3,vic,female,82,132
3,vic,female,83,124
3,vic,female,84,117
3,vic,female,85,109
3,vic,female,86,96
3,vic,female,87,88
3,vic,female,88,79
3,vic,female,89,69
3,vic,female,90,57
3,vic,female,91,43
3,vic,female,92,34
3,vic,female,93,26
3,vic,female,94,21
3,vic,female,95,16
3,vic,female,96,13
3,vic,female,97,10
3,vic,female,98,5
3,vic,female,99,4
3,vic,female,100,5
3,vic,female,101,1
3,qld,male,0,336
3,qld,male,1,316
3,qld,male,2,314
3,qld,male,3,309
3,qld,male,4,308
3,qld,male,5,305
3,qld,male,6,293
3,qld,male,7,288
3,qld,male,8,288
3,qld,male,9,296
3,qld,male,10,302
3,qld,male,11,295
3,qld,male,12,295
3,qld,male,13,297
3,qld,male,14,300
3,qld,male,15,319
3,qld,male,16,304
3,qld,male,17,303
3,qld,male,18,307
3,qld,male,19,309
3,qld,male,20,349
3,qld,male,21,317
3,qld,male,22,317
3,qld,male,23,320
3,qld,male,24,330
3,qld,male,25,359
3,qld,male,26,329
3,qld,male,27,330
3,qld,male,28,323
3,qld,male,29,317
3,qld,male,30,326
3,qld,male,31,291
3,qld,male,32,288
3,qld,male,33,288
3,qld,male,34,290
3,qld,male,35,310
3,qld,male,36,309
3,qld,male,37,314
3,qld,male,38,326
3,qld,male,39,336
3,qld,male,40,335
3,qld,male,41,316
3,qld,male,42,301
3,qld,male,43,295
3,qld,male,44,295
3,qld,male,45,298
3,qld,male,46,304
3,qld,male,47,307
3,qld,male,48,306
3,qld,male,49,309
3,qld,male,50,302
3,qld,male,51,294
3,qld,male,52,283
3,qld,male,53,278
3,qld,male,54,273
3,qld,male,55,273
3,qld,male,56,259
3,qld,male,57,259
3,qld,male,58,255
3,qld,male,59,254
3,qld,male,60,250
3,qld,male,61,244
3,qld,male,62,244
3,qld,male,63,252
3,qld,male,64,227
3,qld,male,65,215
3,qld,male,66,197
3,qld,male,67,180
3,qld,male,68,171
3,qld,male,69,163
3,qld,male,70,153
3,qld,male,71,142
3,qld,male,72,133
3,qld,male,73,128
3,qld,male,74,117
3,qld,male,75,105
3,qld,male,76,98
3,qld,male,77,93
3,qld,male,78,88
3,qld,male,79,83
3,qld,male,80,81
3,qld,male,81,75
3,qld,male,82,68
3,qld,male,83,60
3,qld,male,84,53
3,qld,male,85,46
3,qld,male,86,40
3,qld,male,87,33
3,qld,male,88,29
3,qld,male,89,24
3,qld,male,90,18
3,qld,male,91,14
3,qld,male,92,8
3,qld,male,93,8
3,qld,male,94,6
3,qld,male,95,4
3,qld,male,96,3
3,qld,male,97,2
3,qld,male,98,1
3,qld,male,99,1
3,qld,male,100,1
3,qld,female,0,312
3,qld,female,1,298
3,qld,female,2,295
3,qld,female,3,292
3,qld,female,4,290
3,qld,female,5,287
3,qld,female,6,279
3,qld,female,7,275
3,qld,female,8,275
3,qld,female,9,281
3,qld,female,10,284
3,qld,female,11,281
3,qld,female,12,285
3,qld,female,13,285
3,qld,female,14,285
3,qld,female,15,300
3,qld,female,16,291
3,qld,female,17,288
3,qld,female,18,291
3,qld,female,19,301
3,qld,female,20,330
3,qld,female,21,308
3,qld,female,22,306
3,qld,female,23,311
3,qld,female,24,318
3,qld,female,25,345
3,qld,female,26,322
3,qld,female,27,321
3,qld,female,28,311
3,qld,female,29,308
3,qld,female,30,318
3,qld,female,31,295
3,qld,female,32,292
3,qld,female,33,290
3,qld,female,34,298
3,qld,female,35,309
3,qld,female,36,307
3,qld,female,37,318
3,qld,female,38,335
3,qld,female,39,339
3,qld,female,40,339
3,qld,female,41,318
3,qld,female,42,307
3,qld,female,43,303
3,qld,female,44,298
3,qld,female,45,304
3,qld,female,46,309
3,qld,female,47,317
3,qld,female,48,320
3,qld,female,49,315
3,qld,female,50,314
3,qld,female,51,299
3,qld,female,52,291
3,qld,female,53,284
3,qld,female,54,279
3,qld,female,55,277
3,qld,female,56,265
3,qld,female,57,262
3,qld,female,58,252
3,qld,female,59,250
3,qld,female,60,256
3,qld,female,61,240
3,qld,female,62,236
3,qld,female,63,245
3,qld,female,64,220
3,qld,female,65,215
3,qld,female,66,195
3,qld,female,67,177
3,qld,female,68,172
3,qld,female,69,158
3,qld,female,70,152
3,qld,female,71,145
3,qld,female,72,132
3,qld,female,73,127
3,qld,female,74,121
3,qld,female,75,116
3,qld,female,76,109
3,qld,female,77,105
3,qld,female,78,98
3,qld,female,79,99
3,qld,female,80,96
3,qld,female,81,92
3,qld,female,82,89
3,qld,female,83,81
3,qld,female,84,75
3,qld,female,85,69
3,qld,female,86,62
3,qld,female,87,54
3,qld,female,88,50
3,qld,female,89,46
3,qld,female,90,37
3,qld,female,91,26
3,qld,female,92,23
3,qld,female,93,19
3,qld,female,94,15
3,qld,female,95,12
3,qld,female,96,8
3,qld,female,97,6
3,qld,female,98,3
3,qld,female,99,3
3,qld,female,100,3
3,sa,male,0,101
3,sa,male,1,102
3,sa,male,2,99
3,sa,male,3,97
3,sa,male,4,97
3,sa,male,5,99
3,sa,male,6,97
3,sa,male,7,95
3,sa,male,8,95
3,sa,male,9,97
3,sa,male,10,101
3,sa,male,11,101
3,sa,male,12,101
3,sa,male,13,100
3,sa,male,14,103
3,sa,male,15,111
3,sa,male,16,106
3,sa,male,17,108
3,sa,male,18,110
3,sa,male,19,114
3,sa,male,20,131
3,sa,male,21,119
3,sa,male,22,119
3,sa,male,23,118
3,sa,male,24,117
3,sa,male,25,120
3,sa,male,26,118
3,sa,male,27,117
3,sa,male,28,113
3,sa,male,29,107
3,sa,male,30,105
3,sa,male,31,102
3,sa,male,32,99
3,sa,male,33,99
3,sa,male,34,101
3,sa,male,35,108
3,sa,male,36,105
3,sa,male,37,107
3,sa,male,38,112
3,sa,male,39,118
3,sa,male,40,118
3,sa,male,41,116
3,sa,male,42,112
3,sa,male,43,112
3,sa,male,44,108
3,sa,male,45,112
3,sa,male,46,116
3,sa,male,47,115
3,sa,male,48,118
3,sa,male,49,118
3,sa,male,50,113
3,sa,male,51,115
3,sa,male,52,111
3,sa,male,53,109
3,sa,male,54,107
3,sa,male,55,105
3,sa,male,56,103
3,sa,male,57,101
3,sa,male,58,100
3,sa,male,59,97
3,sa,male,60,98
3,sa,male,61,96
3,sa,male,62,93
3,sa,male,63,99
3,sa,male,64,89
3,sa,male,65,84
3,sa,male,66,75
3,sa,male,67,72
3,sa,male,68,67
3,sa,male,69,63
3,sa,male,70,60
3,sa,male,71,60
3,sa,male,72,56
3,sa,male,73,55
3,sa,male,74,52
3,sa,male,75,47
3,sa,male,76,45
3,sa,male,77,44
3,sa,male,78,40
3,sa,male,79,40
3,sa,male,80,37
3,sa,male,81,38
3,sa,male,82,32
3,sa,male,83,32
3,sa,male,84,29
3,sa,male,85,25
3,sa,male,86,20
3,sa,male,87,17
3,sa,male,88,16
3,sa,male,89,13
3,sa,male,90,11
3,sa,male,91,7
3,sa,male,92,6
3,sa,male,93,3
3,sa,male,94,3
3,sa,male,95,3
3,sa,male,96,1
3,sa,male,97,1
3,sa,male,100,1
3,sa,female,0,105
3,sa,female,1,95
3,sa,female,2,97
3,sa,female,3,95
3,sa,female,4,93
3,sa,female,5,93
3,sa,female,6,91
3,sa,female,7,91
3,sa,female,8,90
3,sa,female,9,92
3,sa,female,10,97
3,sa,female,11,96
3,sa,female,12,95
3,sa,female,13,98
3,sa,female,14,99
3,sa,female,15,104
3,sa,female,16,100
3,sa,female,17,101
3,sa,female,18,105
3,sa,female,19,106
3,sa,female,20,113
3,sa,female,21,112
3,sa,female,22,110
3,sa,female,23,113
3,sa,female,24,112
3,sa,female,25,127
3,sa,female,26,112
3,sa,female,27,110
3,sa,female,28,107
3,sa,female,29,104
3,sa,female,30,103
3,sa,female,31,99
3,sa,female,32,99
3,sa,female,33,100
3,sa,female,34,98
3,sa,female,35,105
3,sa,female,36,104
3,sa,female,37,107
3,sa,female,38,114
3,sa,female,39,116
3,sa,female,40,117
3,sa,female,41,114
3,sa,female,42,113
3,sa,female,43,111
3,sa,female,44,111
3,sa,female,45,117
3,sa,female,46,116
3,sa,female,47,116
3,sa,female,48,117
3,sa,female,49,120
3,sa,female,50,118
3,sa,female,51,115
3,sa,female,52,113
3,sa,female,53,111
3,sa,female,54,111
3,sa,female,55,106
3,sa,female,56,106
3,sa,female,57,104
3,sa,female,58,103
3,sa,female,59,103
3,sa,female,60,102
3,sa,female,61,98
3,sa,female,62,97
3,sa,female,63,101
3,sa,female,64,93
3,sa,female,65,87
3,sa,female,66,81
3,sa,female,67,77
3,sa,female,68,71
3,sa,female,69,67
3,sa,female,70,65
3,sa,female,71,64
3,sa,female,72,62
3,sa,female,73,60
3,sa,female,74,57
3,sa,female,75,53
3,sa,female,76,51
3,sa,female,77,50
3,sa,female,78,51
3,sa,female,79,49
3,sa,female,80,50
3,sa,female,81,48
3,sa,female,82,46
3,sa,female,83,45
3,sa,female,84,42
3,sa,female,85,40
3,sa,female,86,35
3,sa,female,87,33
3,sa,female,88,29
3,sa,female,89,24
3,sa,female,90,21
3,sa,female,91,15
3,sa,female,92,13
3,sa,female,93,10
3,sa,female,94,9
3,sa,female,95,5
3,sa,female,96,5
3,sa,female,97,4
3,sa,female,98,1
3,sa,female,99,2
3,sa,female,100,2
3,wa,male,0,177
3,wa,male,1,157
3,wa,male,2,155
3,wa,male,3,157
3,wa,male,4,153
3,wa,male,5,152
3,wa,male,6,146
3,wa,male,7,144
3,wa,male,8,143
3,wa,male,9,146
3,wa,male,10,148
3,wa,male,11,151
3,wa,male,12,151
3,wa,male,13,151
3,wa,male,14,152
3,wa,male,15,165
3,wa,male,16,155
3,wa,male,17,156
3,wa,male,18,157
3,wa,male,19,161
3,wa,male,20,177
3,wa,male,21,176
3,wa,male,22,175
3,wa,male,23,180
3,wa,male,24,185
3,wa,male,25,206
3,wa,male,26,186
3,wa,male,27,186
3,wa,male,28,181
3,wa,male,29,172
3,wa,male,30,181
3,wa,male,31,162
3,wa,male,32,160
3,wa,male,33,159
3,wa,male,34,156
3,wa,male,35,169
3,wa,male,36,160
3,wa,male,37,166
3,wa,male,38,176
3,wa,male,39,181
3,wa,male,40,186
3,wa,male,41,174
3,wa,male,42,167
3,wa,male,43,164
3,wa,male,44,162
3,wa,male,45,165
3,wa,male,46,164
3,wa,male,47,166
3,wa,male,48,166
3,wa,male,49,165
3,wa,male,50,166
3,wa,male,51,158
3,wa,male,52,154
3,wa,male,53,149
3,wa,male,54,148
3,wa,male,55,145
3,wa,male,56,140
3,wa,male,57,137
3,wa,male,58,133
3,wa,male,59,132
3,wa,male,60,130
3,wa,male,61,124
3,wa,male,62,124
3,wa,male,63,126
3,wa,male,64,109
3,wa,male,65,101
3,wa,male,66,96
3,wa,male,67,86
3,wa,male,68,83
3,wa,male,69,79
3,wa,male,70,75
3,wa,male,71,71
3,wa,male,72,66
3,wa,male,73,62
3,wa,male,74,57
3,wa,male,75,55
3,wa,male,76,47
3,wa,male,77,47
3,wa,male,78,44
3,wa,male,79,43
3,wa,male,80,41
3,wa,male,81,36
3,wa,male,82,32
3,wa,male,83,31
3,wa,male,84,27
3,wa,male,85,23
3,wa,male,86,18
3,wa,male,87,17
3,wa,male,88,12
3,wa,male,89,11
3,wa,male,90,8
3,wa,male,91,6
3,wa,male,92,5
3,wa,male,93,3
3,wa,male,94,3
3,wa,male,95,3
3,wa,male,96,1
3,wa,male,97,1
3,wa,male,99,1
3,wa,female,0,169
3,wa,female,1,148
3,wa,female,2,149
3,wa,female,3,151
3,wa,female,4,149
3,wa,female,5,148
3,wa,female,6,139
3,wa,female,7,139
3,wa,female,8,139
3,wa,female,9,141
3,wa,female,10,148
3,wa,female,11,144
3,wa,female,12,143
3,wa,female,13,142
3,wa,female,14,144
3,wa,female,15,156
3,wa,female,16,148
3,wa,female,17,148
3,wa,female,18,148
3,wa,female,19,155
3,wa,female,20,182
3,wa,female,21,163
3,wa,female,22,166
3,wa,female,23,168
3,wa,female,24,170
3,wa,female,25,190
3,wa,female,26,171
3,wa,female,27,168
3,wa,female,28,167
3,wa,female,29,164
3,wa,female,30,173
3,wa,female,31,161
3,wa,female,32,154
3,wa,female,33,154
3,wa,female,34,156
3,wa,female,35,163
3,wa,female,36,159
3,wa,female,37,164
3,wa,female,38,170
3,wa,female,39,176
3,wa,female,40,181
3,wa,female,41,168
3,wa,female,42,163
3,wa,female,43,160
3,wa,female,44,160
3,wa,female,45,161
3,wa,female,46,163
3,wa,female,47,164
3,wa,female,48,163
3,wa,female,49,164
3,wa,female,50,162
3,wa,female,51,159
3,wa,female,52,149
3,wa,female,53,152
3,wa,female,54,148
3,wa,female,55,151
3,wa,female,56,141
3,wa,female,57,139
3,wa,female,58,133
3,wa,female,59,128
3,wa,female,60,128
3,wa,female,61,123
3,wa,female,62,120
3,wa,female,63,122
3,wa,female,64,106
3,wa,female,65,97
3,wa,female,66,94
3,wa,female,67,87
3,wa,female,68,84
3,wa,female,69,78
3,wa,female,70,74
3,wa,female,71,71
3,wa,female,72,70
3,wa,female,73,64
3,wa,female,74,62
3,wa,female,75,59
3,wa,female,76,56
3,wa,female,77,53
3,wa,female,78,52
3,wa,female,79,50
3,wa,female,80,49
3,wa,female,81,46
3,wa,female,82,45
3,wa,female,83,42
3,wa,female,84,36
3,wa,female,85,33
3,wa,female,86,32
3,wa,female,87,28
3,wa,female,88,26
3,wa,female,89,21
3,wa,female,90,16
3,wa,female,91,15
3,wa,female,92,10
3,wa,female,93,9
3,wa,female,94,9
3,wa,female,95,6
3,wa,female,96,5
3,wa,female,97,3
3,wa,female,98,2
3,wa,female,99,1
3,wa,female,100,1
3,tas,male,0,29
3,tas,male,1,34
3,tas,male,2,35
3,tas,male,3,33
3,tas,male,4,35
3,tas,male,5,34
3,tas,male,6,32
3,tas,male,7,31
3,tas,male,8,33
3,tas,male,9,32
3,tas,male,10,34
3,tas,male,11,34
3,tas,male,12,36
3,tas,male,13,35
3,tas,male,14,35
3,tas,male,15,36
3,tas,male,16,35
3,tas,male,17,37
3,tas,male,18,35
3,tas,male,19,35
3,tas,male,20,37
3,tas,male,21,34
3,tas,male,22,35
3,tas,male,23,34
3,tas,male,24,33
3,tas,male,25,34
3,tas,male,26,32
3,tas,male,27,31
3,tas,male,28,32
3,tas,male,29,29
3,tas,male,30,28
3,tas,male,31,28
3,tas,male,32,28
3,tas,male,33,28
3,tas,male,34,29
3,tas,male,35,31
3,tas,male,36,30
3,tas,male,37,31
3,tas,male,38,34
3,tas,male,39,35
3,tas,male,40,36
3,tas,male,41,36
3,tas,male,42,33
3,tas,male,43,33
3,tas,male,44,33
3,tas,male,45,33
3,tas,male,46,35
3,tas,male,47,37
3,tas,male,48,38
3,tas,male,49,39
3,tas,male,50,39
3,tas,male,51,37
3,tas,male,52,37
3,tas,male,53,36
3,tas,male,54,37
3,tas,male,55,35
3,tas,male,56,33
3,tas,male,57,35
3,tas,male,58,34
3,tas,male,59,34
3,tas,male,60,35
3,tas,male,61,33
3,tas,male,62,32
3,tas,male,63,35
3,tas,male,64,30
3,tas,male,65,27
3,tas,male,66,27
3,tas,male,67,26
3,tas,male,68,24
3,tas,male,69,23
3,tas,male,70,21
3,tas,male,71,21
3,tas,male,72,18
3,tas,male,73,18
3,tas,male,74,17
3,tas,male,75,14
3,tas,male,76,15
3,tas,male,77,13
3,tas,male,78,12
3,tas,male,79,13
3,tas,male,80,12
3,tas,male,81,12
3,tas,male,82,10
3,tas,male,83,9
3,tas,male,84,9
3,tas,male,85,7
3,tas,male,86,6
3,tas,male,87,5
3,tas,male,88,4
3,tas,male,89,3
3,tas,male,90,2
3,tas,male,91,1
3,tas,male,92,1
3,tas,male,93,1
3,tas,male,94,1
3,tas,female,0,33
3,tas,female,1,33
3,tas,female,2,32
3,tas,female,3,32
3,tas,female,4,32
3,tas,female,5,31
3,tas,female,6,32
3,tas,female,7,29
3,tas,female,8,31
3,tas,female,9,31
3,tas,female,10,32
3,tas,female,11,31
3,tas,female,12,32
3,tas,female,13,33
3,tas,female,14,33
3,tas,female,15,34
3,tas,female,16,35
3,tas,female,17,33
3,tas,female,18,34
3,tas,female,19,34
3,tas,female,20,34
3,tas,female,21,32
3,tas,female,22,31
3,tas,female,23,32
3,tas,female,24,32
3,tas,female,25,32
3,tas,female,26,31
3,tas,female,27,30
3,tas,female,28,30
3,tas,female,29,30
3,tas,female,30,31
3,tas,female,31,29
3,tas,female,32,29
3,tas,female,33,29
3,tas,female,34,30
3,tas,female,35,31
3,tas,female,36,33
3,tas,female,37,33
3,tas,female,38,35
3,tas,female,39,37
3,tas,female,40,37
3,tas,female,41,36
3,tas,female,42,35
3,tas,female,43,34
3,tas,female,44,33
3,tas,female,45,35
3,tas,female,46,37
3,tas,female,47,37
3,tas,female,48,38
3,tas,female,49,39
3,tas,female,50,39
3,tas,female,51,39
3,tas,female,52,38
3,tas,female,53,37
3,tas,female,54,36
3,tas,female,55,37
3,tas,female,56,34
3,tas,female,57,35
3,tas,female,58,34
3,tas,female,59,33
3,tas,female,60,33
3,tas,female,61,30
3,tas,female,62,33
3,tas,female,63,33
3,tas,female,64,31
3,tas,female,65,26
3,tas,female,66,27
3,tas,female,67,24
3,tas,female,68,23
3,tas,female,69,22
3,tas,female,70,21
3,tas,female,71,21
3,tas,female,72,19
3,tas,female,73,19
3,tas,female,74,18
3,tas,female,75,17
3,tas,female,76,17
3,tas,female,77,14
3,tas,female,78,15
3,tas,female,79,15
3,tas,female,80,15
3,tas,female,81,13
3,tas,female,82,13
3,tas,female,83,12
3,tas,female,84,12
3,tas,female,85,11
3,tas,female,86,10
3,tas,female,87,9
3,tas,female,88,9
3,tas,female,89,7
3,tas,female,90,6
3,tas,female,91,4
3,tas,female,92,3
3,tas,female,93,2
3,tas,female,94,3
3,tas,female,95,3
3,tas,female,96,1
3,tas,female,97,1
3,tas,female,98,1
3,tas,female,100,1
3,nt,male,0,22
3,nt,male,1,19
3,nt,male,2,20
3,nt,male,3,20
3,nt,male,4,20
3,nt,male,5,18
3,nt,male,6,18
3,nt,male,7,16
3,nt,male,8,18
3,nt,male,9,18
3,nt,male,10,21
3,nt,male,11,17
3,nt,male,12,16
3,nt,male,13,18
3,nt,male,14,16
3,nt,male,15,19
3,nt,male,16,18
3,nt,male,17,17
3,nt,male,18,18
3,nt,male,19,19
3,nt,male,20,22
3,nt,male,21,20
3,nt,male,22,22
3,nt,male,23,23
3,nt,male,24,23
3,nt,male,25,24
3,nt,male,26,25
3,nt,male,27,24
3,nt,male,28,22
3,nt,male,29,24
3,nt,male,30,25
3,nt,male,31,21
3,nt,male,32,19
3,nt,male,33,18
3,nt,male,34,21
3,nt,male,35,21
3,nt,male,36,19
3,nt,male,37,19
3,nt,male,38,20
3,nt,male,39,20
3,nt,male,40,20
3,nt,male,41,20
3,nt,male,42,18
3,nt,male,43,17
3,nt,male,44,17
3,nt,male,45,21
3,nt,male,46,19
3,nt,male,47,17
3,nt,male,48,17
3,nt,male,49,16
3,nt,male,50,15
3,nt,male,51,15
3,nt,male,52,15
3,nt,male,53,15
3,nt,male,54,14
3,nt,male,55,15
3,nt,male,56,14
3,nt,male,57,13
3,nt,male,58,13
3,nt,male,59,14
3,nt,male,60,12
3,nt,male,61,12
3,nt,male,62,11
3,nt,male,63,10
3,nt,male,64,9
3,nt,male,65,9
3,nt,male,66,7
3,nt,male,67,6
3,nt,male,68,6
3,nt,male,69,7
3,nt,male,70,6
3,nt,male,71,4
3,nt,male,72,4
3,nt,male,73,3
3,nt,male,74,3
3,nt,male,75,3
3,nt,male,76,2
3,nt,male,77,2
3,nt,male,78,2
3,nt,male,79,2
3,nt,male,80,2
3,nt,male,81,1
3,nt,male,82,1
3,nt,male,83,1
3,nt,male,84,1
3,nt,female,0,18
3,nt,female,1,20
3,nt,female,2,19
3,nt,female,3,18
3,nt,female,4,18
3,nt,female,5,18
3,nt,female,6,17
3,nt,female,7,17
3,nt,female,8,17
3,nt,female,9,17
3,nt,female,10,16
3,nt,female,11,15
3,nt,female,12,17
3,nt,female,13,15
3,nt,female,14,16
3,nt,female,15,16
3,nt,female,16,16
3,nt,female,17,16
3,nt,female,18,15
3,nt,female,19,17
3,nt,female,20,16
3,nt,female,21,17
3,nt,female,22,18
3,nt,female,23,18
3,nt,female,24,22
3,nt,female,25,23
3,nt,female,26,20
3,nt,female,27,23
3,nt,female,28,20
3,nt,female,29,22
3,nt,female,30,22
3,nt,female,31,18
3,nt,female,32,18
3,nt,female,33,19
3,nt,female,34,19
3,nt,female,35,19
3,nt,female,36,18
3,nt,female,37,19
3,nt,female,38,18
3,nt,female,39,20
3,nt,female,40,19
3,nt,female,41,19
3,nt,female,42,17
3,nt,female,43,16
3,nt,female,44,16
3,nt,female,45,16
3,nt,female,46,15
3,nt,female,47,15
3,nt,female,48,16
3,nt,female,49,16
3,nt,female,50,15
3,nt,female,51,15
3,nt,female,52,14
3,nt,female,53,15
3,nt,female,54,13
3,nt,female,55,12
3,nt,female,56,12
3,nt,female,57,12
3,nt,female,58,11
3,nt,female,59,11
3,nt,female,60,10
3,nt,female,61,9
3,nt,female,62,9
3,nt,female,63,8
3,nt,female,64,7
3,nt,female,65,7
3,nt,female,66,6
3,nt,female,67,4
3,nt,female,68,4
3,nt,female,69,5
3,nt,female,70,4
3,nt,female,71,3
3,nt,female,72,3
3,nt,female,73,3
3,nt,female,74,2
3,nt,female,75,2
3,nt,female,76,2
3,nt,female,77,2
3,nt,female,78,1
3,nt,female,79,1
3,nt,female,80,1
3,nt,female,81,1
3,nt,female,82,1
3,nt,female,83,1
3,nt,female,84,1
3,nt,female,85,1
3,nt,female,86,1
3,nt,female,87,1
3,act,male,0,27
3,act,male,1,24
3,act,male,2,24
3,act,male,3,24
3,act,male,4,23
3,act,male,5,24
3,act,male,6,22
3,act,male,7,22
3,act,male,8,21
3,act,male,9,20
3,act,male,10,21
3,act,male,11,21
3,act,male,12,22
3,act,male,13,20
3,act,male,14,21
3,act,male,15,25
3,act,male,16,24
3,act,male,17,26
3,act,male,18,28
3,act,male,19,32
3,act,male,20,34
3,act,male,21,34
3,act,male,22,34
3,act,male,23,34
3,act,male,24,34
3,act,male,25,36
3,act,male,26,33
3,act,male,27,33
3,act,male,28,32
3,act,male,29,30
3,act,male,30,35
3,act,male,31,28
3,act,male,32,27
3,act,male,33,29
3,act,male,34,27
3,act,male,35,30
3,act,male,36,27
3,act,male,37,27
3,act,male,38,28
3,act,male,39,29
3,act,male,40,29
3,act,male,41,27
3,act,male,42,25
3,act,male,43,24
3,act,male,44,26
3,act,male,45,24
3,act,male,46,25
3,act,male,47,24
3,act,male,48,25
3,act,male,49,22
3,act,male,50,25
3,act,male,51,24
3,act,male,52,23
3,act,male,53,23
3,act,male,54,23
3,act,male,55,21
3,act,male,56,22
3,act,male,57,21
3,act,male,58,21
3,act,male,59,19
3,act,male,60,19
3,act,male,61,18
3,act,male,62,18
3,act,male,63,19
3,act,male,64,17
3,act,male,65,13
3,act,male,66,13
3,act,male,67,12
3,act,male,68,12
3,act,male,69,11
3,act,male,70,10
3,act,male,71,9
3,act,male,72,9
3,act,male,73,9
3,act,male,74,7
3,act,male,75,7
3,act,male,76,6
3,act,male,77,6
3,act,male,78,6
3,act,male,79,5
3,act,male,80,5
3,act,male,81,4
3,act,male,82,4
3,act,male,83,3
3,act,male,84,4
3,act,male,85,3
3,act,male,86,3
3,act,male,87,3
3,act,male,88,2
3,act,male,89,2
3,act,male,90,1
3,act,male,91,1
3,act,male,92,1
3,act,male,93,1
3,act,female,0,25
3,act,female,1,25
3,act,female,2,22
3,act,female,3,22
3,act,female,4,22
3,act,female,5,20
3,act,female,6,21
3,act,female,7,21
3,act,female,8,20
3,act,female,9,21
3,act,female,10,22
3,act,female,11,20
3,act,female,12,21
3,act,female,13,21
3,act,female,14,21
3,act,female,15,23
3,act,female,16,23
3,act,female,17,23
3,act,female,18,27
3,act,female,19,29
3,act,female,20,36
3,act,female,21,33
3,act,female,22,32
3,act,female,23,32
3,act,female,24,34
3,act,female,25,32
3,act,female,26,32
3,act,female,27,31
3,act,female,28,33
3,act,female,29,31
3,act,female,30,33
3,act,female,31,29
3,act,female,32,28
3,act,female,33,27
3,act,female,34,26
3,act,female,35,27
3,act,female,36,28
3,act,female,37,29
3,act,female,38,28
3,act,female,39,27
3,act,female,40,28
3,act,female,41,28
3,act,female,42,26
3,act,female,43,24
3,act,female,44,25
3,act,female,45,24
3,act,female,46,26
3,act,female,47,25
3,act,female,48,26
3,act,female,49,26
3,act,female,50,27
3,act,female,51,25
3,act,female,52,25
3,act,female,53,24
3,act,female,54,24
3,act,female,55,23
3,act,female,56,21
3,act,female,57,22
3,act,female,58,21
3,act,female,59,20
3,act,female,60,20
3,act,female,61,19
3,act,female,62,19
3,act,female,63,19
3,act,female,64,17
3,act,female,65,16
3,act,female,66,15
3,act,female,67,12
3,act,female,68,11
3,act,female,69,12
3,act,female,70,10
3,act,female,71,10
3,act,female,72,9
3,act,female,73,9
3,act,female,74,9
3,act,female,75,7
3,act,female,76,8
3,act,female,77,7
3,act,female,78,8
3,act,female,79,6
3,act,female,80,6
3,act,female,81,6
3,act,female,82,5
3,act,female,83,6
3,act,female,84,6
3,act,female,85,6
3,act,female,86,5
3,act,female,87,4
3,act,female,88,4
3,act,female,89,3
3,act,female,90,2
3,act,female,91,2
3,act,female,92,1
3,act,female,93,1
3,act,female,95,1
4,nsw,male,0,530
4,nsw,male,1,493
4,nsw,male,2,480
4,nsw,male,3,478
4,nsw,male,4,473
4,nsw,male,5,474
4,nsw,male,6,456
4,nsw,male,7,452
4,nsw,male,8,448
4,nsw,male,9,450
4,nsw,male,10,463
4,nsw,male,11,452
4,nsw,male,12,451
4,nsw,male,13,457
4,nsw,male,14,459
4,nsw,male,15,494
4,nsw,male,16,468
4,nsw,male,17,465
4,nsw,male,18,468
4,nsw,male,19,483
4,nsw,male,20,556
4,nsw,male,21,505
4,nsw,male,22,504
4,nsw,male,23,500
4,nsw,male,24,512
4,nsw,male,25,575
4,nsw,male,26,524
4,nsw,male,27,518
4,nsw,male,28,518
4,nsw,male,29,515
4,nsw,male,30,546
4,nsw,male,31,494
4,nsw,male,32,478
4,nsw,male,33,477
4,nsw,male,34,479
4,nsw,male,35,497
4,nsw,male,36,491
4,nsw,male,37,504
4,nsw,male,38,515
4,nsw,male,39,525
4,nsw,male,40,522
4,nsw,male,41,489
4,nsw,male,42,474
4,nsw,male,43,465
4,nsw,male,44,466
4,nsw,male,45,485
4,nsw,male,46,486
4,nsw,male,47,497
4,nsw,male,48,502
4,nsw,male,49,502
4,nsw,male,50,497
4,nsw,male,51,479
4,nsw,male,52,472
4,nsw,male,53,463
4,nsw,male,54,456
4,nsw,male,55,448
4,nsw,male,56,430
4,nsw,male,57,418
4,nsw,male,58,408
4,nsw,male,59,403
4,nsw,male,60,405
4,nsw,male,61,388
4,nsw,male,62,395
4,nsw,male,63,398
4,nsw,male,64,371
4,nsw,male,65,352
4,nsw,male,66,327
4,nsw,male,67,302
4,nsw,male,68,284
4,nsw,male,69,269
4,nsw,male,70,256
4,nsw,male,71,243
4,nsw,male,72,231
4,nsw,male,73,218
4,nsw,male,74,213
4,nsw,male,75,192
4,nsw,male,76,183
4,nsw,male,77,171
4,nsw,male,78,162
4,nsw,male,79,160
4,nsw,male,80,149
4,nsw,male,81,141
4,nsw,male,82,133
4,nsw,male,83,119
4,nsw,male,84,108
4,nsw,male,85,89
4,nsw,male,86,79
4,nsw,male,87,68
4,nsw,male,88,57
4,nsw,male,89,49
4,nsw,male,90,38
4,nsw,male,91,25
4,nsw,male,92,18
4,nsw,male,93,15
4,nsw,male,94,11
4,nsw,male,95,7
4,nsw,male,96,5
4,nsw,male,97,2
4,nsw,male,98,2
4,nsw,male,100,2
4,nsw,female,0,514
4,nsw,female,1,468
4,nsw,female,2,463
4,nsw,female,3,454
4,nsw,female,4,446
4,nsw,female,5,454
4,nsw,female,6,428
4,nsw,female,7,427
4,nsw,female,8,424
4,nsw,female,9,423
4,nsw,female,10,447
4,nsw,female,11,429
4,nsw,female,12,424
4,nsw,female,13,431
4,nsw,female,14,431
4,nsw,female,15,458
4,nsw,female,16,440
4,nsw,female,17,444
4,nsw,female,18,443
4,nsw,female,19,459
4,nsw,female,20,552
4,nsw,female,21,481
4,nsw,female,22,480
4,nsw,female,23,483
4,nsw,female,24,492
4,nsw,female,25,576
4,nsw,female,26,511
4,nsw,female,27,517
4,nsw,female,28,513
4,nsw,female,29,507
4,nsw,female,30,533
4,nsw,female,31,487
4,nsw,female,32,487
4,nsw,female,33,486
4,nsw,female,34,482
4,nsw,female,35,514
4,nsw,female,36,499
4,nsw,female,37,511
4,nsw,female,38,530
4,nsw,female,39,538
4,nsw,female,40,525
4,nsw,female,41,500
4,nsw,female,42,490
4,nsw,female,43,477
4,nsw,female,44,474
4,nsw,female,45,488
4,nsw,female,46,494
4,nsw,female,47,508
4,nsw,female,48,514
4,nsw,female,49,507
4,nsw,female,50,508
4,nsw,female,51,489
4,nsw,female,52,482
4,nsw,female,53,468
4,nsw,female,54,455
4,nsw,female,55,451
4,nsw,female,56,437
4,nsw,female,57,430
4,nsw,female,58,418
4,nsw,female,59,409
4,nsw,female,60,401
4,nsw,female,61,393
4,nsw,female,62,391
4,nsw,female,63,397
4,nsw,female,64,373
4,nsw,female,65,347
4,nsw,female,66,327
4,nsw,female,67,307
4,nsw,female,68,284
4,nsw,female,69,278
4,nsw,female,70,264
4,nsw,female,71,253
4,nsw,female,72,242
4,nsw,female,73,236
4,nsw,female,74,230
4,nsw,female,75,219
4,nsw,female,76,205
4,nsw,female,77,200
4,nsw,female,78,193
4,nsw,female,79,195
4,nsw,female,80,193
4,nsw,female,81,183
4,nsw,female,82,176
4,nsw,female,83,164
4,nsw,female,84,153
4,nsw,female,85,142
4,nsw,female,86,130
4,nsw,female,87,115
4,nsw,female,88,102
4,nsw,female,89,93
4,nsw,female,90,75
4,nsw,female,91,56
4,nsw,female,92,43
4,nsw,female,93,39
4,nsw,female,94,29
4,nsw,female,95,23
4,nsw,female,96,16
4,nsw,female,97,13
4,nsw,female,98,7
4,nsw,female,99,6
4,nsw,female,100,7
4,nsw,female,101,3
4,vic,male,0,382
4,vic,male,1,361
4,vic,male,2,359
4,vic,male,3,355
4,vic,male,4,350
4,vic,male,5,351
4,vic,male,6,336
4,vic,male,7,334
4,vic,male,8,327
4,vic,male,9,331
4,vic,male,10,341
4,vic,male,11,329
4,vic,male,12,336
4,vic,male,13,340
4,vic,male,14,343
4,vic,male,15,369
4,vic,male,16,352
4,vic,male,17,355
4,vic,male,18,364
4,vic,male,19,382
4,vic,male,20,464
4,vic,male,21,420
4,vic,male,22,418
4,vic,male,23,427
4,vic,male,24,431
4,vic,male,25,466
4,vic,male,26,428
4,vic,male,27,425
4,vic,male,28,417
4,vic,male,29,404
4,vic,male,30,425
4,vic,male,31,385
4,vic,male,32,379
4,vic,male,33,372
4,vic,male,34,369
4,vic,male,35,392
4,vic,male,36,380
4,vic,male,37,388
4,vic,male,38,400
4,vic,male,39,406
4,vic,male,40,411
4,vic,male,41,395
4,vic,male,42,386
4,vic,male,43,375
4,vic,male,44,365
4,vic,male,45,367
4,vic,male,46,368
4,vic,male,47,373
4,vic,male,48,372
4,vic,male,49,374
4,vic,male,50,374
4,vic,male,51,357
4,vic,male,52,350
4,vic,male,53,342
4,vic,male,54,340
4,vic,male,55,338
4,vic,male,56,318
4,vic,male,57,314
4,vic,male,58,307
4,vic,male,59,298
4,vic,male,60,296
4,vic,male,61,286
4,vic,male,62,283
4,vic,male,63,294
4,vic,male,64,274
4,vic,male,65,246
4,vic,male,66,231
4,vic,male,67,216
4,vic,male,68,207
4,vic,male,69,198
4,vic,male,70,190
4,vic,male,71,185
4,vic,male,72,171
4,vic,male,73,164
4,vic,male,74,155
4,vic,male,75,141
4,vic,male,76,135
4,vic,male,77,128
4,vic,male,78,121
4,vic,male,79,118
4,vic,male,80,115
4,vic,male,81,103
4,vic,male,82,94
4,vic,male,83,89
4,vic,male,84,78
4,vic,male,85,68
4,vic,male,86,56
4,vic,male,87,49
4,vic,male,88,40
4,vic,male,89,34
4,vic,male,90,27
4,vic,male,91,19
4,vic,male,92,14
4,vic,male,93,10
4,vic,male,94,9
4,vic,male,95,6
4,vic,male,96,5
4,vic,male,97,3
4,vic,male,98,3
4,vic,male,99,1
4,vic,male,100,1
4,vic,female,0,352
4,vic,female,1,345
4,vic,female,2,338
4,vic,female,3,336
4,vic,female,4,333
4,vic,female,5,331
4,vic,female,6,319
4,vic,female,7,314
4,vic,female,8,314
4,vic,female,9,313
4,vic,female,10,323
4,vic,female,11,320
4,vic,female,12,315
4,vic,female,13,318
4,vic,female,14,322
4,vic,female,15,346
4,vic,female,16,331
4,vic,female,17,339
4,vic,female,18,342
4,vic,female,19,364
4,vic,female,20,435
4,vic,female,21,395
4,vic,female,22,398
4,vic,female,23,398
4,vic,female,24,403
4,vic,female,25,461
4,vic,female,26,411
4,vic,female,27,413
4,vic,female,28,406
4,vic,female,29,402
4,vic,female,30,418
4,vic,female,31,382
4,vic,female,32,380
4,vic,female,33,371
4,vic,female,34,365
4,vic,female,35,387
4,vic,female,36,385
4,vic,female,37,392
4,vic,female,38,410
4,vic,female,39,423
4,vic,female,40,426
4,vic,female,41,407
4,vic,female,42,397
4,vic,female,43,383
4,vic,female,44,377
4,vic,female,45,386
4,vic,female,46,378
4,vic,female,47,389
4,vic,female,48,385
4,vic,female,49,385
4,vic,female,50,386
4,vic,female,51,367
4,vic,female,52,359
4,vic,female,53,353
4,vic,female,54,349
4,vic,female,55,348
4,vic,female,56,329
4,vic,female,57,326
4,vic,female,58,314
4,vic,female,59,311
4,vic,female,60,313
4,vic,female,61,299
4,vic,female,62,296
4,vic,female,63,303
4,vic,female,64,281
4,vic,female,65,264
4,vic,female,66,246
4,vic,female,67,229
4,vic,female,68,216
4,vic,female,69,209
4,vic,female,70,195
4,vic,female,71,192
4,vic,female,72,186
4,vic,female,73,176
4,vic,female,74,170
4,vic,female,75,164
4,vic,female,76,157
4,vic,female,77,152
4,vic,female,78,147
4,vic,female,79,146
4,vic,female,80,146
4,vic,female,81,137
4,vic,female,82,132
4,vic,female,83,124
4,vic,female,84,118
4,vic,female,85,109
4,vic,female,86,95
4,vic,female,87,89
4,vic,female,88,79
4,vic,female,89,71
4,vic,female,90,57
4,vic,female,91,42
4,vic,female,92,34
4,vic,female,93,27
4,vic,female,94,22
4,vic,female,95,15
4,vic,female,96,14
4,vic,female,97,10
4,vic,female,98,6
4,vic,female,99,4
4,vic,female,100,5
4,vic,female,101,1
4,qld,male,0,342
4,qld,male,1,316
4,qld,male,2,313
4,qld,male,3,309
4,qld,male,4,306
4,qld,male,5,308
4,qld,male,6,293
4,qld,male,7,288
4,qld,male,8,285
4,qld,male,9,295
4,qld,male,10,304
4,qld,male,11,295
4,qld,male,12,294
4,qld,male,13,297
4,qld,male,14,300
4,qld,male,15,318
4,qld,male,16,302
4,qld,male,17,304
4,qld,male,18,304
4,qld,male,19,307
4,qld,male,20,358
4,qld,male,21,315
4,qld,male,22,318
4,qld,male,23,319
4,qld,male,24,329
4,qld,male,25,368
4,qld,male,26,330
4,qld,male,27,328
4,qld,male,28,322
4,qld,male,29,318
4,qld,male,30,337
4,qld,male,31,292
4,qld,male,32,288
4,qld,male,33,288
4,qld,male,34,290
4,qld,male,35,312
4,qld,male,36,307
4,qld,male,37,314
4,qld,male,38,325
4,qld,male,39,334
4,qld,male,40,338
4,qld,male,41,316
4,qld,male,42,302
4,qld,male,43,295
4,qld,male,44,295
4,qld,male,45,296
4,qld,male,46,303
4,qld,male,47,305
4,qld,male,48,306
4,qld,male,49,309
4,qld,male,50,301
4,qld,male,51,295
4,qld,male,52,283
4,qld,male,53,276
4,qld,male,54,273
4,qld,male,55,276
4,qld,male,56,258
4,qld,male,57,258
4,qld,male,58,256
4,qld,male,59,253
4,qld,male,60,248
4,qld,male,61,244
4,qld,male,62,244
4,qld,male,63,249
4,qld,male,64,229
4,qld,male,65,217
4,qld,male,66,200
4,qld,male,67,182
4,qld,male,68,167
4,qld,male,69,165
4,qld,male,70,154
4,qld,male,71,143
4,qld,male,72,133
4,qld,male,73,128
4,qld,male,74,117
4,qld,male,75,106
4,qld,male,76,98
4,qld,male,77,93
4,qld,male,78,89
4,qld,male,79,82
4,qld,male,80,81
4,qld,male,81,76
4,qld,male,82,68
4,qld,male,83,62
4,qld,male,84,52
4,qld,male,85,47
4,qld,male,86,40
4,qld,male,87,33
4,qld,male,88,29
4,qld,male,89,24
4,qld,male,90,19
4,qld,male,91,14
4,qld,male,92,9
4,qld,male,93,6
4,qld,male,94,6
4,qld,male,95,3
4,qld,male,96,3
4,qld,male,97,2
4,qld,male,98,1
4,qld,male,99,1
4,qld,male,100,1
4,qld,female,0,319
4,qld,female,1,298
4,qld,female,2,295
4,qld,female,3,293
4,qld,female,4,290
4,qld,female,5,292
4,qld,female,6,279
4,qld,female,7,276
4,qld,female,8,274
4,qld,female,9,281
4,qld,female,10,286
4,qld,female,11,281
4,qld,female,12,284
4,qld,female,13,283
4,qld,female,14,285
4,qld,female,15,300
4,qld,female,16,291
4,qld,female,17,288
4,qld,female,18,291
4,qld,female,19,300
4,qld,female,20,342
4,qld,female,21,308
4,qld,female,22,306
4,qld,female,23,312
4,qld,female,24,317
4,qld,female,25,354
4,qld,female,26,321
4,qld,female,27,322
4,qld,female,28,311
4,qld,female,29,308
4,qld,female,30,323
4,qld,female,31,298
4,qld,female,32,291
4,qld,female,33,291
4,qld,female,34,297
4,qld,female,35,311
4,qld,female,36,306
4,qld,female,37,317
4,qld,female,38,334
4,qld,female,39,338
4,qld,female,40,343
4,qld,female,41,319
4,qld,female,42,307
4,qld,female,43,302
4,qld,female,44,298
4,qld,female,45,304
4,qld,female,46,308
4,qld,female,47,315
4,qld,female,48,319
4,qld,female,49,316
4,qld,female,50,314
4,qld,female,51,299
4,qld,female,52,291
4,qld,female,53,286
4,qld,female,54,279
4,qld,female,55,277
4,qld,female,56,266
4,qld,female,57,261
4,qld,female,58,254
4,qld,female,59,249
4,qld,female,60,256
4,qld,female,61,240
4,qld,female,62,236
4,qld,female,63,243
4,qld,female,64,223
4,qld,female,65,215
4,qld,female,66,196
4,qld,female,67,179
4,qld,female,68,171
4,qld,female,69,159
4,qld,female,70,151
4,qld,female,71,145
4,qld,female,72,134
4,qld,female,73,126
4,qld,female,74,121
4,qld,female,75,117
4,qld,female,76,109
4,qld,female,77,105
4,qld,female,78,99
4,qld,female,79,99
4,qld,female,80,95
4,qld,female,81,92
4,qld,female,82,90
4,qld,female,83,81
4,qld,female,84,76
4,qld,female,85,69
4,qld,female,86,64
4,qld,female,87,52
4,qld,female,88,51
4,qld,female,89,46
4,qld,female,90,38
4,qld,female,91,27
4,qld,female,92,23
4,qld,female,93,19
4,qld,female,94,16
4,qld,female,95,11
4,qld,female,96,8
4,qld,female,97,5
4,qld,female,98,4
4,qld,female,99,3
4,qld,female,100,3
4,sa,male,0,102
4,sa,male,1,101
4,sa,male,2,100
4,sa,male,3,97
4,sa,male,4,98
4,sa,male,5,100
4,sa,male,6,96
4,sa,male,7,95
4,sa,male,8,95
4,sa,male,9,97
4,sa,male,10,102
4,sa,male,11,100
4,sa,male,12,101
4,sa,male,13,100
4,sa,male,14,104
4,sa,male,15,111
4,sa,male,16,107
4,sa,male,17,107
4,sa,male,18,110
4,sa,male,19,114
4,sa,male,20,132
4,sa,male,21,119
4,sa,male,22,119
4,sa,male,23,119
4,sa,male,24,116
4,sa,male,25,122
4,sa,male,26,117
4,sa,male,27,117
4,sa,male,28,113
4,sa,male,29,107
4,sa,male,30,107
4,sa,male,31,103
4,sa,male,32,98
4,sa,male,33,98
4,sa,male,34,99
4,sa,male,35,109
4,sa,male,36,103
4,sa,male,37,108
4,sa,male,38,112
4,sa,male,39,117
4,sa,male,40,119
4,sa,male,41,117
4,sa,male,42,112
4,sa,male,43,112
4,sa,male,44,109
4,sa,male,45,110
4,sa,male,46,116
4,sa,male,47,115
4,sa,male,48,119
4,sa,male,49,118
4,sa,male,50,114
4,sa,male,51,114
4,sa,male,52,112
4,sa,male,53,109
4,sa,male,54,107
4,sa,male,55,104
4,sa,male,56,104
4,sa,male,57,101
4,sa,male,58,100
4,sa,male,59,97
4,sa,male,60,98
4,sa,male,61,96
4,sa,male,62,92
4,sa,male,63,98
4,sa,male,64,91
4,sa,male,65,84
4,sa,male,66,76
4,sa,male,67,72
4,sa,male,68,68
4,sa,male,69,63
4,sa,male,70,60
4,sa,male,71,60
4,sa,male,72,56
4,sa,male,73,55
4,sa,male,74,52
4,sa,male,75,47
4,sa,male,76,45
4,sa,male,77,44
4,sa,male,78,39
4,sa,male,79,41
4,sa,male,80,37
4,sa,male,81,38
4,sa,male,82,32
4,sa,male,83,33
4,sa,male,84,29
4,sa,male,85,25
4,sa,male,86,19
4,sa,male,87,18
4,sa,male,88,16
4,sa,male,89,13
4,sa,male,90,11
4,sa,male,91,8
4,sa,male,92,5
4,sa,male,93,4
4,sa,male,94,3
4,sa,male,95,3
4,sa,male,96,1
4,sa,male,97,1
4,sa,male,100,1
4,sa,female,0,108
4,sa,female,1,95
4,sa,female,2,96
4,sa,female,3,95
4,sa,female,4,94
4,sa,female,5,93
4,sa,female,6,90
4,sa,female,7,91
4,sa,female,8,89
4,sa,female,9,93
4,sa,female,10,96
4,sa,female,11,96
4,sa,female,12,95
4,sa,female,13,98
4,sa,female,14,99
4,sa,female,15,106
4,sa,female,16,99
4,sa,female,17,102
4,sa,female,18,104
4,sa,female,19,106
4,sa,female,20,114
4,sa,female,21,112
4,sa,female,22,110
4,sa,female,23,112
4,sa,female,24,111
4,sa,female,25,130
4,sa,female,26,112
4,sa,female,27,110
4,sa,female,28,107
4,sa,female,29,105
4,sa,female,30,102
4,sa,female,31,99
4,sa,female,32,96
4,sa,female,33,100
4,sa,female,34,99
4,sa,female,35,105
4,sa,female,36,104
4,sa,female,37,106
4,sa,female,38,112
4,sa,female,39,117
4,sa,female,40,120
4,sa,female,41,112
4,sa,female,42,113
4,sa,female,43,111
4,sa,female,44,111
4,sa,female,45,118
4,sa,female,46,115
4,sa,female,47,117
4,sa,female,48,117
4,sa,female,49,119
4,sa,female,50,119
4,sa,female,51,116
4,sa,female,52,115
4,sa,female,53,111
4,sa,female,54,111
4,sa,female,55,106
4,sa,female,56,106
4,sa,female,57,105
4,sa,female,58,104
4,sa,female,59,102
4,sa,female,60,102
4,sa,female,61,98
4,sa,female,62,97
4,sa,female,63,100
4,sa,female,64,95
4,sa,female,65,87
4,sa,female,66,82
4,sa,female,67,77
4,sa,female,68,71
4,sa,female,69,68
4,sa,female,70,64
4,sa,female,71,65
4,sa,female,72,62
4,sa,female,73,60
4,sa,female,74,57
4,sa,female,75,53
4,sa,female,76,52
4,sa,female,77,50
4,sa,female,78,51
4,sa,female,79,49
4,sa,female,80,50
4,sa,female,81,47
4,sa,female,82,46
4,sa,female,83,44
4,sa,female,84,43
4,sa,female,85,40
4,sa,female,86,35
4,sa,female,87,32
4,sa,female,88,28
4,sa,female,89,25
4,sa,female,90,21
4,sa,female,91,14
4,sa,female,92,13
4,sa,female,93,9
4,sa,female,94,9
4,sa,female,95,5
4,sa,female,96,4
4,sa,female,97,5
4,sa,female,98,1
4,sa,female,99,2
4,sa,female,100,2
4,wa,male,0,176
4,wa,male,1,158
4,wa,male,2,155
4,wa,male,3,156
4,wa,male,4,153
4,wa,male,5,153
4,wa,male,6,144
4,wa,male,7,143
4,wa,male,8,144
4,wa,male,9,146
4,wa,male,10,149
4,wa,male,11,151
4,wa,male,12,152
4,wa,male,13,151
4,wa,male,14,151
4,wa,male,15,165
4,wa,male,16,154
4,wa,male,17,155
4,wa,male,18,157
4,wa,male,19,161
4,wa,male,20,183
4,wa,male,21,174
4,wa,male,22,176
4,wa,male,23,179
4,wa,male,24,184
4,wa,male,25,212
4,wa,male,26,188
4,wa,male,27,185
4,wa,male,28,179
4,wa,male,29,173
4,wa,male,30,185
4,wa,male,31,162
4,wa,male,32,158
4,wa,male,33,161
4,wa,male,34,154
4,wa,male,35,172
4,wa,male,36,159
4,wa,male,37,166
4,wa,male,38,175
4,wa,male,39,182
4,wa,male,40,187
4,wa,male,41,174
4,wa,male,42,168
4,wa,male,43,164
4,wa,male,44,164
4,wa,male,45,165
4,wa,male,46,164
4,wa,male,47,166
4,wa,male,48,164
4,wa,male,49,164
4,wa,male,50,165
4,wa,male,51,160
4,wa,male,52,155
4,wa,male,53,149
4,wa,male,54,149
4,wa,male,55,145
4,wa,male,56,141
4,wa,male,57,136
4,wa,male,58,134
4,wa,male,59,131
4,wa,male,60,131
4,wa,male,61,124
4,wa,male,62,123
4,wa,male,63,126
4,wa,male,64,112
4,wa,male,65,101
4,wa,male,66,96
4,wa,male,67,86
4,wa,male,68,83
4,wa,male,69,80
4,wa,male,70,75
4,wa,male,71,70
4,wa,male,72,65
4,wa,male,73,61
4,wa,male,74,58
4,wa,male,75,54
4,wa,male,76,48
4,wa,male,77,47
4,wa,male,78,45
4,wa,male,79,43
4,wa,male,80,41
4,wa,male,81,36
4,wa,male,82,33
4,wa,male,83,31
4,wa,male,84,28
4,wa,male,85,22
4,wa,male,86,18
4,wa,male,87,17
4,wa,male,88,12
4,wa,male,89,12
4,wa,male,90,8
4,wa,male,91,6
4,wa,male,92,5
4,wa,male,93,3
4,wa,male,94,3
4,wa,male,95,3
4,wa,male,96,1
4,wa,male,97,1
4,wa,male,99,1
4,wa,female,0,179
4,wa,female,1,148
4,wa,female,2,150
4,wa,female,3,150
4,wa,female,4,149
4,wa,female,5,151
4,wa,female,6,139
4,wa,female,7,138
4,wa,female,8,140
4,wa,female,9,141
4,wa,female,10,148
4,wa,female,11,144
4,wa,female,12,143
4,wa,female,13,141
4,wa,female,14,144
4,wa,female,15,158
4,wa,female,16,149
4,wa,female,17,148
4,wa,female,18,146
4,wa,female,19,155
4,wa,female,20,184
4,wa,female,21,162
4,wa,female,22,167
4,wa,female,23,164
4,wa,female,24,170
4,wa,female,25,194
4,wa,female,26,171
4,wa,female,27,166
4,wa,female,28,168
4,wa,female,29,164
4,wa,female,30,180
4,wa,female,31,159
4,wa,female,32,156
4,wa,female,33,152
4,wa,female,34,157
4,wa,female,35,166
4,wa,female,36,158
4,wa,female,37,163
4,wa,female,38,171
4,wa,female,39,174
4,wa,female,40,183
4,wa,female,41,167
4,wa,female,42,163
4,wa,female,43,161
4,wa,female,44,158
4,wa,female,45,160
4,wa,female,46,163
4,wa,female,47,163
4,wa,female,48,163
4,wa,female,49,165
4,wa,female,50,166
4,wa,female,51,159
4,wa,female,52,151
4,wa,female,53,149
4,wa,female,54,150
4,wa,female,55,152
4,wa,female,56,142
4,wa,female,57,138
4,wa,female,58,134
4,wa,female,59,129
4,wa,female,60,126
4,wa,female,61,124
4,wa,female,62,120
4,wa,female,63,122
4,wa,female,64,108
4,wa,female,65,99
4,wa,female,66,95
4,wa,female,67,87
4,wa,female,68,84
4,wa,female,69,77
4,wa,female,70,75
4,wa,female,71,71
4,wa,female,72,70
4,wa,female,73,65
4,wa,female,74,62
4,wa,female,75,59
4,wa,female,76,56
4,wa,female,77,52
4,wa,female,78,51
4,wa,female,79,50
4,wa,female,80,49
4,wa,female,81,46
4,wa,female,82,45
4,wa,female,83,42
4,wa,female,84,36
4,wa,female,85,33
4,wa,female,86,33
4,wa,female,87,28
4,wa,female,88,26
4,wa,female,89,22
4,wa,female,90,16
4,wa,female,91,14
4,wa,female,92,9
4,wa,female,93,9
4,wa,female,94,8
4,wa,female,95,7
4,wa,female,96,5
4,wa,female,97,3
4,wa,female,98,2
4,wa,female,99,1
4,wa,female,100,1
4,tas,male,0,30
4,tas,male,1,33
4,tas,male,2,35
4,tas,male,3,34
4,tas,male,4,35
4,tas,male,5,35
4,tas,male,6,32
4,tas,male,7,31
4,tas,male,8,33
4,tas,male,9,34
4,tas,male,10,35
4,tas,male,11,34
4,tas,male,12,36
4,tas,male,13,35
4,tas,male,14,35
4,tas,male,15,36
4,tas,male,16,35
4,tas,male,17,38
4,tas,male,18,36
4,tas,male,19,35
4,tas,male,20,38
4,tas,male,21,35
4,tas,male,22,35
4,tas,male,23,35
4,tas,male,24,32
4,tas,male,25,36
4,tas,male,26,32
4,tas,male,27,32
4,tas,male,28,31
4,tas,male,29,31
4,tas,male,30,28
4,tas,male,31,28
4,tas,male,32,28
4,tas,male,33,28
4,tas,male,34,28
4,tas,male,35,30
4,tas,male,36,32
4,tas,male,37,31
4,tas,male,38,34
4,tas,male,39,35
4,tas,male,40,36
4,tas,male,41,36
4,tas,male,42,35
4,tas,male,43,32
4,tas,male,44,33
4,tas,male,45,33
4,tas,male,46,35
4,tas,male,47,37
4,tas,male,48,39
4,tas,male,49,39
4,tas,male,50,39
4,tas,male,51,37
4,tas,male,52,37
4,tas,male,53,37
4,tas,male,54,37
4,tas,male,55,35
4,tas,male,56,34
4,tas,male,57,33
4,tas,male,58,35
4,tas,male,59,33
4,tas,male,60,35
4,tas,male,61,31
4,tas,male,62,33
4,tas,male,63,34
4,tas,male,64,31
4,tas,male,65,27
4,tas,male,66,27
4,tas,male,67,26
4,tas,male,68,24
4,tas,male,69,23
4,tas,male,70,22
4,tas,male,71,20
4,tas,male,72,19
4,tas,male,73,18
4,tas,male,74,17
4,tas,male,75,14
4,tas,male,76,15
4,tas,male,77,13
4,tas,male,78,12
4,tas,male,79,13
4,tas,male,80,12
4,tas,male,81,12
4,tas,male,82,9
4,tas,male,83,10
4,tas,male,84,8
4,tas,male,85,8
4,tas,male,86,5
4,tas,male,87,5
4,tas,male,88,5
4,tas,male,89,3
4,tas,male,90,2
4,tas,male,91,1
4,tas,male,92,1
4,tas,male,93,1
4,tas,male,94,1
4,tas,female,0,32
4,tas,female,1,32
4,tas,female,2,32
4,tas,female,3,32
4,tas,female,4,33
4,tas,female,5,31
4,tas,female,6,31
4,tas,female,7,29
4,tas,female,8,32
4,tas,female,9,31
4,tas,female,10,31
4,tas,female,11,32
4,tas,female,12,32
4,tas,female,13,34
4,tas,female,14,33
4,tas,female,15,33
4,tas,female,16,35
4,tas,female,17,34
4,tas,female,18,34
4,tas,female,19,34
4,tas,female,20,34
4,tas,female,21,31
4,tas,female,22,32
4,tas,female,23,32
4,tas,female,24,32
4,tas,female,25,32
4,tas,female,26,31
4,tas,female,27,29
4,tas,female,28,31
4,tas,female,29,30
4,tas,female,30,30
4,tas,female,31,30
4,tas,female,32,29
4,tas,female,33,30
4,tas,female,34,29
4,tas,female,35,33
4,tas,female,36,32
4,tas,female,37,33
4,tas,female,38,35
4,tas,female,39,37
4,tas,female,40,37
4,tas,female,41,36
4,tas,female,42,35
4,tas,female,43,34
4,tas,female,44,34
4,tas,female,45,34
4,tas,female,46,37
4,tas,female,47,37
4,tas,female,48,38
4,tas,female,49,39
4,tas,female,50,39
4,tas,female,51,39
4,tas,female,52,38
4,tas,female,53,37
4,tas,female,54,36
4,tas,female,55,37
4,tas,female,56,33
4,tas,female,57,35
4,tas,female,58,35
4,tas,female,59,33
4,tas,female,60,33
4,tas,female,61,29
4,tas,female,62,33
4,tas,female,63,33
4,tas,female,64,31
4,tas,female,65,27
4,tas,female,66,27
4,tas,female,67,24
4,tas,female,68,23
4,tas,female,69,22
4,tas,female,70,22
4,tas,female,71,20
4,tas,female,72,20
4,tas,female,73,19
4,tas,female,74,18
4,tas,female,75,17
4,tas,female,76,16
4,tas,female,77,15
4,tas,female,78,15
4,tas,female,79,15
4,tas,female,80,15
4,tas,female,81,13
4,tas,female,82,13
4,tas,female,83,12
4,tas,female,84,12
4,tas,female,85,11
4,tas,female,86,10
4,tas,female,87,10
4,tas,female,88,8
4,tas,female,89,8
4,tas,female,90,5
4,tas,female,91,5
4,tas,female,92,3
4,tas,female,93,2
4,tas,female,94,3
4,tas,female,95,3
4,tas,female,96,1
4,tas,female,97,1
4,tas,female,98,1
4,tas,female,100,1
4,nt,male,0,21
4,nt,male,1,20
4,nt,male,2,19
4,nt,male,3,21
4,nt,male,4,20
4,nt,male,5,19
4,nt,male,6,17
4,nt,male,7,16
4,nt,male,8,17
4,nt,male,9,19
4,nt,male,10,19
4,nt,male,11,18
4,nt,male,12,17
4,nt,male,13,17
4,nt,male,14,16
4,nt,male,15,20
4,nt,male,16,18
4,nt,male,17,17
4,nt,male,18,19
4,nt,male,19,19
4,nt,male,20,23
4,nt,male,21,21
4,nt,male,22,23
4,nt,male,23,22
4,nt,male,24,23
4,nt,male,25,24
4,nt,male,26,27
4,nt,male,27,24
4,nt,male,28,23
4,nt,male,29,25
4,nt,male,30,25
4,nt,male,31,22
4,nt,male,32,19
4,nt,male,33,18
4,nt,male,34,21
4,nt,male,35,22
4,nt,male,36,21
4,nt,male,37,18
4,nt,male,38,19
4,nt,male,39,20
4,nt,male,40,20
4,nt,male,41,20
4,nt,male,42,17
4,nt,male,43,17
4,nt,male,44,17
4,nt,male,45,21
4,nt,male,46,20
4,nt,male,47,16
4,nt,male,48,17
4,nt,male,49,16
4,nt,male,50,16
4,nt,male,51,15
4,nt,male,52,15
4,nt,male,53,15
4,nt,male,54,14
4,nt,male,55,15
4,nt,male,56,14
4,nt,male,57,13
4,nt,male,58,13
4,nt,male,59,14
4,nt,male,60,12
4,nt,male,61,13
4,nt,male,62,11
4,nt,male,63,10
4,nt,male,64,10
4,nt,male,65,8
4,nt,male,66,8
4,nt,male,67,6
4,nt,male,68,6
4,nt,male,69,7
4,nt,male,70,5
4,nt,male,71,5
4,nt,male,72,4
4,nt,male,73,3
4,nt,male,74,4
4,nt,male,75,3
4,nt,male,76,1
4,nt,male,77,2
4,nt,male,78,2
4,nt,male,79,2
4,nt,male,80,2
4,nt,male,81,1
4,nt,male,82,1
4,nt,male,83,1
4,nt,male,84,1
4,nt,female,0,17
4,nt,female,1,19
4,nt,female,2,19
4,nt,female,3,18
4,nt,female,4,18
4,nt,female,5,17
4,nt,female,6,17
4,nt,female,7,18
4,nt,female,8,17
4,nt,female,9,16
4,nt,female,10,17
4,nt,female,11,15
4,nt,female,12,18
4,nt,female,13,15
4,nt,female,14,16
4,nt,female,15,17
4,nt,female,16,16
4,nt,female,17,16
4,nt,female,18,15
4,nt,female,19,17
4,nt,female,20,16
4,nt,female,21,17
4,nt,female,22,17
4,nt,female,23,19
4,nt,female,24,21
4,nt,female,25,24
4,nt,female,26,20
4,nt,female,27,22
4,nt,female,28,21
4,nt,female,29,22
4,nt,female,30,21
4,nt,female,31,19
4,nt,female,32,18
4,nt,female,33,20
4,nt,female,34,19
4,nt,female,35,18
4,nt,female,36,20
4,nt,female,37,19
4,nt,female,38,18
4,nt,female,39,19
4,nt,female,40,19
4,nt,female,41,20
4,nt,female,42,19
4,nt,female,43,16
4,nt,female,44,16
4,nt,female,45,16
4,nt,female,46,15
4,nt,female,47,15
4,nt,female,48,15
4,nt,female,49,17
4,nt,female,50,15
4,nt,female,51,15
4,nt,female,52,14
4,nt,female,53,15
4,nt,female,54,12
4,nt,female,55,12
4,nt,female,56,12
4,nt,female,57,13
4,nt,female,58,10
4,nt,female,59,11
4,nt,female,60,11
4,nt,female,61,9
4,nt,female,62,8
4,nt,female,63,8
4,nt,female,64,8
4,nt,female,65,7
4,nt,female,66,5
4,nt,female,67,5
4,nt,female,68,4
4,nt,female,69,5
4,nt,female,70,4
4,nt,female,71,3
4,nt,female,72,3
4,nt,female,73,3
4,nt,female,74,2
4,nt,female,75,2
4,nt,female,76,2
4,nt,female,77,2
4,nt,female,78,1
4,nt,female,79,1
4,nt,female,80,1
4,nt,female,81,1
4,nt,female,82,1
4,nt,female,83,1
4,nt,female,84,1
4,nt,female,85,1
4,nt,female,86,1
4,nt,female,87,1
4,act,male,0,28
4,act,male,1,24
4,act,male,2,25
4,act,male,3,23
4,act,male,4,23
4,act,male,5,25
4,act,male,6,22
4,act,male,7,22
4,act,male,8,21
4,act,male,9,21
4,act,male,10,21
4,act,male,11,21
4,act,male,12,22
4,act,male,13,20
4,act,male,14,21
4,act,male,15,24
4,act,male,16,24
4,act,male,17,25
4,act,male,18,29
4,act,male,19,32
4,act,male,20,35
4,act,male,21,33
4,act,male,22,34
4,act,male,23,35
4,act,male,24,34
4,act,male,25,36
4,act,male,26,33
4,act,male,27,34
4,act,male,28,32
4,act,male,29,30
4,act,male,30,33
4,act,male,31,29
4,act,male,32,29
4,act,male,33,28
4,act,male,34,28
4,act,male,35,30
4,act,male,36,28
4,act,male,37,27
4,act,male,38,29
4,act,male,39,28
4,act,male,40,30
4,act,male,41,26
4,act,male,42,25
4,act,male,43,24
4,act,male,44,26
4,act,male,45,25
4,act,male,46,25
4,act,male,47,25
4,act,male,48,26
4,act,male,49,23
4,act,male,50,24
4,act,male,51,24
4,act,male,52,24
4,act,male,53,22
4,act,male,54,24
4,act,male,55,21
4,act,male,56,22
4,act,male,57,20
4,act,male,58,21
4,act,male,59,20
4,act,male,60,19
4,act,male,61,17
4,act,male,62,18
4,act,male,63,19
4,act,male,64,17
4,act,male,65,13
4,act,male,66,13
4,act,male,67,11
4,act,male,68,12
4,act,male,69,11
4,act,male,70,10
4,act,male,71,10
4,act,male,72,9
4,act,male,73,8
4,act,male,74,8
4,act,male,75,7
4,act,male,76,6
4,act,male,77,6
4,act,male,78,5
4,act,male,79,6
4,act,male,80,4
4,act,male,81,4
4,act,male,82,4
4,act,male,83,3
4,act,male,84,4
4,act,male,85,3
4,act,male,86,3
4,act,male,87,3
4,act,male,88,2
4,act,male,89,2
4,act,male,90,1
4,act,male,92,1
4,act,male,93,1
4,act,female,0,27
4,act,female,1,25
4,act,female,2,22
4,act,female,3,22
4,act,female,4,22
4,act,female,5,21
4,act,female,6,21
4,act,female,7,20
4,act,female,8,20
4,act,female,9,22
4,act,female,10,22
4,act,female,11,20
4,act,female,12,20
4,act,female,13,22
4,act,female,14,21
4,act,female,15,23
4,act,female,16,22
4,act,female,17,23
4,act,female,18,27
4,act,female,19,29
4,act,female,20,35
4,act,female,21,35
4,act,female,22,32
4,act,female,23,31
4,act,female,24,33
4,act,female,25,33
4,act,female,26,32
4,act,female,27,33
4,act,female,28,32
4,act,female,29,32
4,act,female,30,34
4,act,female,31,29
4,act,female,32,28
4,act,female,33,27
4,act,female,34,27
4,act,female,35,27
4,act,female,36,28
4,act,female,37,29
4,act,female,38,27
4,act,female,39,27
4,act,female,40,30
4,act,female,41,28
4,act,female,42,26
4,act,female,43,25
4,act,female,44,25
4,act,female,45,25
4,act,female,46,28
4,act,female,47,25
4,act,female,48,26
4,act,female,49,26
4,act,female,50,28
4,act,female,51,26
4,act,female,52,25
4,act,female,53,24
4,act,female,54,24
4,act,female,55,23
4,act,female,56,22
4,act,female,57,22
4,act,female,58,21
4,act,female,59,19
4,act,female,60,20
4,act,female,61,19
4,act,female,62,19
4,act,female,63,21
4,act,female,64,17
4,act,female,65,16
4,act,female,66,15
4,act,female,67,12
4,act,female,68,11
4,act,female,69,12
4,act,female,70,10
4,act,female,71,10
4,act,female,72,10
4,act,female,73,9
4,act,female,74,8
4,act,female,75,7
4,act,female,76,8
4,act,female,77,8
4,act,female,78,8
4,act,female,79,6
4,act,female,80,6
4,act,female,81,6
4,act,female,82,5
4,act,female,83,6
4,act,female,84,5
4,act,female,85,5
4,act,female,86,5
4,act,female,87,5
4,act,female,88,4
4,act,female,89,3
4,act,female,90,2
4,act,female,91,2
4,act,female,92,1
4,act,female,95,1
5,nsw,male,0,539
5,nsw,male,1,493
5,nsw,male,2,481
5,nsw,male,3,478
5,nsw,male,4,473
5,nsw,male,5,472
5,nsw,male,6,456
5,nsw,male,7,451
5,nsw,male,8,447
5,nsw,male,9,447
5,nsw,male,10,466
5,nsw,male,11,451
5,nsw,male,12,450
5,nsw,male,13,454
5,nsw,male,14,460
5,nsw,male,15,492
5,nsw,male,16,469
5,nsw,male,17,464
5,nsw,male,18,469
5,nsw,male,19,481
5,nsw,male,20,559
5,nsw,male,21,505
5,nsw,male,22,503
5,nsw,male,23,499
5,nsw,male,24,511
5,nsw,male,25,586
5,nsw,male,26,524
5,nsw,male,27,518
5,nsw,male,28,520
5,nsw,male,29,514
5,nsw,male,30,553
5,nsw,male,31,493
5,nsw,male,32,478
5,nsw,male,33,476
5,nsw,male,34,478
5,nsw,male,35,499
5,nsw,male,36,489
5,nsw,male,37,505
5,nsw,male,38,512
5,nsw,male,39,523
5,nsw,male,40,532
5,nsw,male,41,486
5,nsw,male,42,475
5,nsw,male,43,465
5,nsw,male,44,466
5,nsw,male,45,486
5,nsw,male,46,484
5,nsw,male,47,495
5,nsw,male,48,500
5,nsw,male,49,501
5,nsw,male,50,499
5,nsw,male,51,480
5,nsw,male,52,469
5,nsw,male,53,463
5,nsw,male,54,457
5,nsw,male,55,450
5,nsw,male,56,429
5,nsw,male,57,418
5,nsw,male,58,408
5,nsw,male,59,401
5,nsw,male,60,406
5,nsw,male,61,388
5,nsw,male,62,394
5,nsw,male,63,400
5,nsw,male,64,374
5,nsw,male,65,353
5,nsw,male,66,328
5,nsw,male,67,302
5,nsw,male,68,285
5,nsw,male,69,270
5,nsw,male,70,255
5,nsw,male,71,244
5,nsw,male,72,230
5,nsw,male,73,219
5,nsw,male,74,213
5,nsw,male,75,193
5,nsw,male,76,183
5,nsw,male,77,169
5,nsw,male,78,160
5,nsw,male,79,159
5,nsw,male,80,149
5,nsw,male,81,142
5,nsw,male,82,132
5,nsw,male,83,119
5,nsw,male,84,109
5,nsw,male,85,91
5,nsw,male,86,80
5,nsw,male,87,68
5,nsw,male,88,57
5,nsw,male,89,49
5,nsw,male,90,39
5,nsw,male,91,26
5,nsw,male,92,18
5,nsw,male,93,15
5,nsw,male,94,12
5,nsw,male,95,7
5,nsw,male,96,5
5,nsw,male,97,1
5,nsw,male,98,2
5,nsw,male,99,1
5,nsw,male,100,1
5,nsw,male,101,1
5,nsw,female,0,524
5,nsw,female,1,467
5,nsw,female,2,463
5,nsw,female,3,454
5,nsw,female,4,444
5,nsw,female,5,456
5,nsw,female,6,429
5,nsw,female,7,428
5,nsw,female,8,425
5,nsw,female,9,422
5,nsw,female,10,448
5,nsw,female,11,429
5,nsw,female,12,423
5,nsw,female,13,430
5,nsw,female,14,432
5,nsw,female,15,458
5,nsw,female,16,440
5,nsw,female,17,444
5,nsw,female,18,443
5,nsw,female,19,456
5,nsw,female,20,556
5,nsw,female,21,480
5,nsw,female,22,479
5,nsw,female,23,478
5,nsw,female,24,492
5,nsw,female,25,585
5,nsw,female,26,509
5,nsw,female,27,519
5,nsw,female,28,512
5,nsw,female,29,505
5,nsw,female,30,540
5,nsw,female,31,488
5,nsw,female,32,487
5,nsw,female,33,484
5,nsw,female,34,481
5,nsw,female,35,515
5,nsw,female,36,499
5,nsw,female,37,511
5,nsw,female,38,527
5,nsw,female,39,538
5,nsw,female,40,528
5,nsw,female,41,500
5,nsw,female,42,490
5,nsw,female,43,477
5,nsw,female,44,474
5,nsw,female,45,487
5,nsw,female,46,492
5,nsw,female,47,507
5,nsw,female,48,512
5,nsw,female,49,507
5,nsw,female,50,511
5,nsw,female,51,490
5,nsw,female,52,479
5,nsw,female,53,470
5,nsw,female,54,455
5,nsw,female,55,451
5,nsw,female,56,441
5,nsw,female,57,427
5,nsw,female,58,416
5,nsw,female,59,410
5,nsw,female,60,401
5,nsw,female,61,390
5,nsw,female,62,390
5,nsw,female,63,396
5,nsw,female,64,378
5,nsw,female,65,349
5,nsw,female,66,329
5,nsw,female,67,308
5,nsw,female,68,285
5,nsw,female,69,278
5,nsw,female,70,264
5,nsw,female,71,254
5,nsw,female,72,243
5,nsw,female,73,236
5,nsw,female,74,229
5,nsw,female,75,221
5,nsw,female,76,205
5,nsw,female,77,200
5,nsw,female,78,193
5,nsw,female,79,194
5,nsw,female,80,195
5,nsw,female,81,182
5,nsw,female,82,178
5,nsw,female,83,162
5,nsw,female,84,153
5,nsw,female,85,145
5,nsw,female,86,128
5,nsw,female,87,115
5,nsw,female,88,102
5,nsw,female,89,95
5,nsw,female,90,75
5,nsw,female,91,56
5,nsw,female,92,43
5,nsw,female,93,40
5,nsw,female,94,30
5,nsw,female,95,24
5,nsw,female,96,16
5,nsw,female,97,12
5,nsw,female,98,7
5,nsw,female,99,7
5,nsw,female,100,5
5,nsw,female,101,4
5,vic,male,0,384
5,vic,male,1,362
5,vic,male,2,359
5,vic,male,3,355
5,vic,male,4,350
5,vic,male,5,355
5,vic,male,6,336
5,vic,male,7,332
5,vic,male,8,328
5,vic,male,9,329
5,vic,male,10,340
5,vic,male,11,330
5,vic,male,12,336
5,vic,male,13,339
5,vic,male,14,343
5,vic,male,15,373
5,vic,male,16,350
5,vic,male,17,356
5,vic,male,18,360
5,vic,male,19,380
5,vic,male,20,470
5,vic,male,21,420
5,vic,male,22,417
5,vic,male,23,427
5,vic,male,24,429
5,vic,male,25,480
5,vic,male,26,427
5,vic,male,27,424
5,vic,male,28,417
5,vic,male,29,404
5,vic,male,30,429
5,vic,male,31,384
5,vic,male,32,379
5,vic,male,33,374
5,vic,male,34,368
5,vic,male,35,393
5,vic,male,36,378
5,vic,male,37,389
5,vic,male,38,397
5,vic,male,39,406
5,vic,male,40,415
5,vic,male,41,394
5,vic,male,42,387
5,vic,male,43,376
5,vic,male,44,364
5,vic,male,45,370
5,vic,male,46,367
5,vic,male,47,371
5,vic,male,48,372
5,vic,male,49,374
5,vic,male,50,376
5,vic,male,51,358
5,vic,male,52,350
5,vic,male,53,342
5,vic,male,54,338
5,vic,male,55,341
5,vic,male,56,318
5,vic,male,57,313
5,vic,male,58,309
5,vic,male,59,298
5,vic,male,60,298
5,vic,male,61,285
5,vic,male,62,283
5,vic,male,63,293
5,vic,male,64,276
5,vic,male,65,249
5,vic,male,66,232
5,vic,male,67,218
5,vic,male,68,206
5,vic,male,69,199
5,vic,male,70,190
5,vic,male,71,183
5,vic,male,72,172
5,vic,male,73,163
5,vic,male,74,154
5,vic,male,75,142
5,vic,male,76,135
5,vic,male,77,129
5,vic,male,78,122
5,vic,male,79,117
5,vic,male,80,113
5,vic,male,81,105
5,vic,male,82,94
5,vic,male,83,90
5,vic,male,84,77
5,vic,male,85,68
5,vic,male,86,57
5,vic,male,87,47
5,vic,male,88,41
5,vic,male,89,34
5,vic,male,90,27
5,vic,male,91,21
5,vic,male,92,14
5,vic,male,93,10
5,vic,male,94,9
5,vic,male,95,6
5,vic,male,96,5
5,vic,male,97,4
5,vic,male,98,2
5,vic,male,99,2
5,vic,male,100,1
5,vic,female,0,350
5,vic,female,1,346
5,vic,female,2,339
5,vic,female,3,337
5,vic,female,4,331
5,vic,female,5,330
5,vic,female,6,318
5,vic,female,7,316
5,vic,female,8,313
5,vic,female,9,313
5,vic,female,10,326
5,vic,female,11,320
5,vic,female,12,317
5,vic,female,13,316
5,vic,female,14,321
5,vic,female,15,350
5,vic,female,16,332
5,vic,female,17,336
5,vic,female,18,342
5,vic,female,19,360
5,vic,female,20,444
5,vic,female,21,396
5,vic,female,22,397
5,vic,female,23,399
5,vic,female,24,402
5,vic,female,25,469
5,vic,female,26,412
5,vic,female,27,412
5,vic,female,28,406
5,vic,female,29,402
5,vic,female,30,426
5,vic,female,31,384
5,vic,female,32,379
5,vic,female,33,372
5,vic,female,34,366
5,vic,female,35,387
5,vic,female,36,382
5,vic,female,37,392
5,vic,female,38,407
5,vic,female,39,424
5,vic,female,40,429
5,vic,female,41,405
5,vic,female,42,398
5,vic,female,43,384
5,vic,female,44,376
5,vic,female,45,389
5,vic,female,46,376
5,vic,female,47,389
5,vic,female,48,384
5,vic,female,49,385
5,vic,female,50,386
5,vic,female,51,368
5,vic,female,52,361
5,vic,female,53,354
5,vic,female,54,348
5,vic,female,55,347
5,vic,female,56,330
5,vic,female,57,326
5,vic,female,58,317
5,vic,female,59,310
5,vic,female,60,312
5,vic,female,61,300
5,vic,female,62,295
5,vic,female,63,302
5,vic,female,64,284
5,vic,female,65,266
5,vic,female,66,247
5,vic,female,67,231
5,vic,female,68,217
5,vic,female,69,207
5,vic,female,70,197
5,vic,female,71,192
5,vic,female,72,186
5,vic,female,73,176
5,vic,female,74,169
5,vic,female,75,165
5,vic,female,76,158
5,vic,female,77,152
5,vic,female,78,147
5,vic,female,79,145
5,vic,female,80,144
5,vic,female,81,139
5,vic,female,82,133
5,vic,female,83,124
5,vic,female,84,118
5,vic,female,85,109
5,vic,female,86,95
5,vic,female,87,90
5,vic,female,88,79
5,vic,female,89,68
5,vic,female,90,54
5,vic,female,91,42
5,vic,female,92,32
5,vic,female,93,27
5,vic,female,94,22
5,vic,female,95,16
5,vic,female,96,13
5,vic,female,97,10
5,vic,female,98,6
5,vic,female,99,3
5,vic,female,100,5
5,vic,female,101,2
5,qld,male,0,333
5,qld,male,1,316
5,qld,male,2,313
5,qld,male,3,309
5,qld,male,4,306
5,qld,male,5,310
5,qld,male,6,291
5,qld,male,7,289
5,qld,male,8,285
5,qld,male,9,295
5,qld,male,10,304
5,qld,male,11,295
5,qld,male,12,294
5,qld,male,13,295
5,qld,male,14,300
5,qld,male,15,321
5,qld,male,16,299
5,qld,male,17,304
5,qld,male,18,303
5,qld,male,19,306
5,qld,male,20,364
5,qld,male,21,315
5,qld,male,22,316
5,qld,male,23,319
5,qld,male,24,326
5,qld,male,25,372
5,qld,male,26,329
5,qld,male,27,327
5,qld,male,28,323
5,qld,male,29,319
5,qld,male,30,340
5,qld,male,31,292
5,qld,male,32,289
5,qld,male,33,287
5,qld,male,34,292
5,qld,male,35,317
5,qld,male,36,306
5,qld,male,37,312
5,qld,male,38,323
5,qld,male,39,333
5,qld,male,40,341
5,qld,male,41,314
5,qld,male,42,303
5,qld,male,43,295
5,qld,male,44,292
5,qld,male,45,299
5,qld,male,46,302
5,qld,male,47,304
5,qld,male,48,305
5,qld,male,49,308
5,qld,male,50,303
5,qld,male,51,295
5,qld,male,52,284
5,qld,male,53,275
5,qld,male,54,275
5,qld,male,55,276
5,qld,male,56,259
5,qld,male,57,258
5,qld,male,58,258
5,qld,male,59,254
5,qld,male,60,247
5,qld,male,61,244
5,qld,male,62,244
5,qld,male,63,249
5,qld,male,64,232
5,qld,male,65,218
5,qld,male,66,200
5,qld,male,67,182
5,qld,male,68,167
5,qld,male,69,165
5,qld,male,70,154
5,qld,male,71,144
5,qld,male,72,134
5,qld,male,73,128
5,qld,male,74,118
5,qld,male,75,104
5,qld,male,76,99
5,qld,male,77,93
5,qld,male,78,89
5,qld,male,79,83
5,qld,male,80,80
5,qld,male,81,77
5,qld,male,82,69
5,qld,male,83,62
5,qld,male,84,52
5,qld,male,85,48
5,qld,male,86,40
5,qld,male,87,33
5,qld,male,88,28
5,qld,male,89,25
5,qld,male,90,19
5,qld,male,91,15
5,qld,male,92,10
5,qld,male,93,6
5,qld,male,94,6
5,qld,male,95,3
5,qld,male,96,3
5,qld,male,97,1
5,qld,male,98,2
5,qld,male,99,1
5,qld,male,100,1
5,qld,female,0,329
5,qld,female,1,298
5,qld,female,2,295
5,qld,female,3,293
5,qld,female,4,290
5,qld,female,5,296
5,qld,female,6,279
5,qld,female,7,276
5,qld,female,8,272
5,qld,female,9,280
5,qld,female,10,289
5,qld,female,11,278
5,qld,female,12,283
5,qld,female,13,283
5,qld,female,14,285
5,qld,female,15,303
5,qld,female,16,290
5,qld,female,17,288
5,qld,female,18,291
5,qld,female,19,299
5,qld,female,20,350
5,qld,female,21,307
5,qld,female,22,305
5,qld,female,23,311
5,qld,female,24,317
5,qld,female,25,358
5,qld,female,26,321
5,qld,female,27,321
5,qld,female,28,312
5,qld,female,29,307
5,qld,female,30,330
5,qld,female,31,297
5,qld,female,32,290
5,qld,female,33,292
5,qld,female,34,297
5,qld,female,35,315
5,qld,female,36,306
5,qld,female,37,317
5,qld,female,38,330
5,qld,female,39,339
5,qld,female,40,343
5,qld,female,41,319
5,qld,female,42,308
5,qld,female,43,303
5,qld,female,44,296
5,qld,female,45,304
5,qld,female,46,307
5,qld,female,47,315
5,qld,female,48,318
5,qld,female,49,317
5,qld,female,50,315
5,qld,female,51,299
5,qld,female,52,292
5,qld,female,53,286
5,qld,female,54,280
5,qld,female,55,278
5,qld,female,56,266
5,qld,female,57,259
5,qld,female,58,254
5,qld,female,59,248
5,qld,female,60,256
5,qld,female,61,239
5,qld,female,62,236
5,qld,female,63,242
5,qld,female,64,226
5,qld,female,65,215
5,qld,female,66,198
5,qld,female,67,180
5,qld,female,68,171
5,qld,female,69,162
5,qld,female,70,150
5,qld,female,71,145
5,qld,female,72,135
5,qld,female,73,124
5,qld,female,74,122
5,qld,female,75,117
5,qld,female,76,108
5,qld,female,77,105
5,qld,female,78,100
5,qld,female,79,98
5,qld,female,80,97
5,qld,female,81,91
5,qld,female,82,89
5,qld,female,83,82
5,qld,female,84,76
5,qld,female,85,68
5,qld,female,86,63
5,qld,female,87,51
5,qld,female,88,51
5,qld,female,89,46
5,qld,female,90,38
5,qld,female,91,28
5,qld,female,92,23
5,qld,female,93,18
5,qld,female,94,16
5,qld,female,95,11
5,qld,female,96,9
5,qld,female,97,5
5,qld,female,98,3
5,qld,female,99,4
5,qld,female,100,3
5,sa,male,0,101
5,sa,male,1,102
5,sa,male,2,100
5,sa,male,3,97
5,sa,male,4,98
5,sa,male,5,102
5,sa,male,6,96
5,sa,male,7,96
5,sa,male,8,95
5,sa,male,9,97
5,sa,male,10,101
5,sa,male,11,101
5,sa,male,12,101
5,sa,male,13,100
5,sa,male,14,104
5,sa,male,15,109
5,sa,male,16,106
5,sa,male,17,107
5,sa,male,18,110
5,sa,male,19,113
5,sa,male,20,136
5,sa,male,21,119
5,sa,male,22,119
5,sa,male,23,119
5,sa,male,24,116
5,sa,male,25,125
5,sa,male,26,117
5,sa,male,27,117
5,sa,male,28,115
5,sa,male,29,107
5,sa,male,30,108
5,sa,male,31,103
5,sa,male,32,97
5,sa,male,33,98
5,sa,male,34,99
5,sa,male,35,110
5,sa,male,36,102
5,sa,male,37,106
5,sa,male,38,113
5,sa,male,39,117
5,sa,male,40,116
5,sa,male,41,120
5,sa,male,42,113
5,sa,male,43,111
5,sa,male,44,111
5,sa,male,45,109
5,sa,male,46,115
5,sa,male,47,115
5,sa,male,48,119
5,sa,male,49,118
5,sa,male,50,114
5,sa,male,51,115
5,sa,male,52,113
5,sa,male,53,109
5,sa,male,54,107
5,sa,male,55,105
5,sa,male,56,103
5,sa,male,57,101
5,sa,male,58,100
5,sa,male,59,98
5,sa,male,60,97
5,sa,male,61,97
5,sa,male,62,92
5,sa,male,63,98
5,sa,male,64,92
5,sa,male,65,84
5,sa,male,66,76
5,sa,male,67,73
5,sa,male,68,67
5,sa,male,69,62
5,sa,male,70,61
5,sa,male,71,61
5,sa,male,72,56
5,sa,male,73,55
5,sa,male,74,52
5,sa,male,75,48
5,sa,male,76,43
5,sa,male,77,44
5,sa,male,78,40
5,sa,male,79,40
5,sa,male,80,38
5,sa,male,81,36
5,sa,male,82,32
5,sa,male,83,33
5,sa,male,84,29
5,sa,male,85,26
5,sa,male,86,20
5,sa,male,87,17
5,sa,male,88,17
5,sa,male,89,13
5,sa,male,90,10
5,sa,male,91,8
5,sa,male,92,5
5,sa,male,93,3
5,sa,male,94,4
5,sa,male,95,2
5,sa,male,96,1
5,sa,male,97,1
5,sa,male,100,1
5,sa,female,0,113
5,sa,female,1,96
5,sa,female,2,95
5,sa,female,3,95
5,sa,female,4,94
5,sa,female,5,94
5,sa,female,6,90
5,sa,female,7,91
5,sa,female,8,89
5,sa,female,9,93
5,sa,female,10,96
5,sa,female,11,95
5,sa,female,12,96
5,sa,female,13,96
5,sa,female,14,100
5,sa,female,15,104
5,sa,female,16,101
5,sa,female,17,100
5,sa,female,18,104
5,sa,female,19,106
5,sa,female,20,114
5,sa,female,21,112
5,sa,female,22,111
5,sa,female,23,111
5,sa,female,24,114
5,sa,female,25,129
5,sa,female,26,112
5,sa,female,27,109
5,sa,female,28,108
5,sa,female,29,105
5,sa,female,30,105
5,sa,female,31,100
5,sa,female,32,95
5,sa,female,33,100
5,sa,female,34,100
5,sa,female,35,105
5,sa,female,36,103
5,sa,female,37,106
5,sa,female,38,111
5,sa,female,39,117
5,sa,female,40,120
5,sa,female,41,113
5,sa,female,42,112
5,sa,female,43,111
5,sa,female,44,111
5,sa,female,45,118
5,sa,female,46,115
5,sa,female,47,117
5,sa,female,48,116
5,sa,female,49,119
5,sa,female,50,120
5,sa,female,51,116
5,sa,female,52,115
5,sa,female,53,111
5,sa,female,54,111
5,sa,female,55,108
5,sa,female,56,105
5,sa,female,57,105
5,sa,female,58,104
5,sa,female,59,102
5,sa,female,60,102
5,sa,female,61,99
5,sa,female,62,96
5,sa,female,63,101
5,sa,female,64,95
5,sa,female,65,90
5,sa,female,66,82
5,sa,female,67,77
5,sa,female,68,72
5,sa,female,69,68
5,sa,female,70,65
5,sa,female,71,64
5,sa,female,72,63
5,sa,female,73,60
5,sa,female,74,57
5,sa,female,75,54
5,sa,female,76,51
5,sa,female,77,51
5,sa,female,78,50
5,sa,female,79,49
5,sa,female,80,50
5,sa,female,81,48
5,sa,female,82,45
5,sa,female,83,44
5,sa,female,84,43
5,sa,female,85,41
5,sa,female,86,35
5,sa,female,87,32
5,sa,female,88,29
5,sa,female,89,25
5,sa,female,90,21
5,sa,female,91,14
5,sa,female,92,13
5,sa,female,93,9
5,sa,female,94,8
5,sa,female,95,6
5,sa,female,96,4
5,sa,female,97,4
5,sa,female,98,1
5,sa,female,99,2
5,sa,female,100,2
5,sa,female,101,1
5,wa,male,0,183
5,wa,male,1,159
5,wa,male,2,155
5,wa,male,3,155
5,wa,male,4,153
5,wa,male,5,155
5,wa,male,6,144
5,wa,male,7,143
5,wa,male,8,145
5,wa,male,9,144
5,wa,male,10,148
5,wa,male,11,150
5,wa,male,12,152
5,wa,male,13,151
5,wa,male,14,151
5,wa,male,15,167
5,wa,male,16,154
5,wa,male,17,154
5,wa,male,18,156
5,wa,male,19,162
5,wa,male,20,185
5,wa,male,21,173
5,wa,male,22,176
5,wa,male,23,178
5,wa,male,24,184
5,wa,male,25,223
5,wa,male,26,188
5,wa,male,27,185
5,wa,male,28,181
5,wa,male,29,171
5,wa,male,30,188
5,wa,male,31,161
5,wa,male,32,159
5,wa,male,33,160
5,wa,male,34,153
5,wa,male,35,176
5,wa,male,36,160
5,wa,male,37,163
5,wa,male,38,172
5,wa,male,39,181
5,wa,male,40,189
5,wa,male,41,173
5,wa,male,42,167
5,wa,male,43,165
5,wa,male,44,162
5,wa,male,45,165
5,wa,male,46,165
5,wa,male,47,165
5,wa,male,48,163
5,wa,male,49,164
5,wa,male,50,166
5,wa,male,51,160
5,wa,male,52,155
5,wa,male,53,148
5,wa,male,54,148
5,wa,male,55,145
5,wa,male,56,141
5,wa,male,57,137
5,wa,male,58,134
5,wa,male,59,131
5,wa,male,60,131
5,wa,male,61,125
5,wa,male,62,123
5,wa,male,63,125
5,wa,male,64,114
5,wa,male,65,104
5,wa,male,66,96
5,wa,male,67,87
5,wa,male,68,83
5,wa,male,69,80
5,wa,male,70,76
5,wa,male,71,70
5,wa,male,72,65
5,wa,male,73,61
5,wa,male,74,58
5,wa,male,75,54
5,wa,male,76,48
5,wa,male,77,47
5,wa,male,78,44
5,wa,male,79,43
5,wa,male,80,41
5,wa,male,81,37
5,wa,male,82,32
5,wa,male,83,31
5,wa,male,84,28
5,wa,male,85,23
5,wa,male,86,18
5,wa,male,87,17
5,wa,male,88,13
5,wa,male,89,11
5,wa,male,90,8
5,wa,male,91,6
5,wa,male,92,5
5,wa,male,93,4
5,wa,male,94,2
5,wa,male,95,2
5,wa,male,96,2
5,wa,male,97,1
5,wa,male,99,1
5,wa,female,0,179
5,wa,female,1,148
5,wa,female,2,150
5,wa,female,3,151
5,wa,female,4,150
5,wa,female,5,152
5,wa,female,6,140
5,wa,female,7,138
5,wa,female,8,139
5,wa,female,9,142
5,wa,female,10,152
5,wa,female,11,144
5,wa,female,12,143
5,wa,female,13,141
5,wa,female,14,144
5,wa,female,15,159
5,wa,female,16,146
5,wa,female,17,148
5,wa,female,18,147
5,wa,female,19,155
5,wa,female,20,186
5,wa,female,21,160
5,wa,female,22,166
5,wa,female,23,163
5,wa,female,24,170
5,wa,female,25,201
5,wa,female,26,171
5,wa,female,27,166
5,wa,female,28,167
5,wa,female,29,165
5,wa,female,30,180
5,wa,female,31,157
5,wa,female,32,157
5,wa,female,33,152
5,wa,female,34,157
5,wa,female,35,167
5,wa,female,36,157
5,wa,female,37,162
5,wa,female,38,170
5,wa,female,39,174
5,wa,female,40,183
5,wa,female,41,168
5,wa,female,42,163
5,wa,female,43,162
5,wa,female,44,157
5,wa,female,45,160
5,wa,female,46,164
5,wa,female,47,163
5,wa,female,48,163
5,wa,female,49,165
5,wa,female,50,164
5,wa,female,51,160
5,wa,female,52,152
5,wa,female,53,149
5,wa,female,54,149
5,wa,female,55,153
5,wa,female,56,142
5,wa,female,57,139
5,wa,female,58,133
5,wa,female,59,129
5,wa,female,60,128
5,wa,female,61,124
5,wa,female,62,120
5,wa,female,63,122
5,wa,female,64,109
5,wa,female,65,102
5,wa,female,66,95
5,wa,female,67,88
5,wa,female,68,84
5,wa,female,69,77
5,wa,female,70,75
5,wa,female,71,71
5,wa,female,72,70
5,wa,female,73,64
5,wa,female,74,61
5,wa,female,75,58
5,wa,female,76,56
5,wa,female,77,52
5,wa,female,78,51
5,wa,female,79,51
5,wa,female,80,49
5,wa,female,81,45
5,wa,female,82,44
5,wa,female,83,43
5,wa,female,84,34
5,wa,female,85,35
5,wa,female,86,32
5,wa,female,87,28
5,wa,female,88,27
5,wa,female,89,22
5,wa,female,90,18
5,wa,female,91,13
5,wa,female,92,9
5,wa,female,93,9
5,wa,female,94,8
5,wa,female,95,7
5,wa,female,96,5
5,wa,female,97,4
5,wa,female,98,2
5,wa,female,99,1
5,wa,female,101,1
5,tas,male,0,32
5,tas,male,1,33
5,tas,male,2,35
5,tas,male,3,34
5,tas,male,4,34
5,tas,male,5,36
5,tas,male,6,32
5,tas,male,7,31
5,tas,male,8,33
5,tas,male,9,34
5,tas,male,10,34
5,tas,male,11,35
5,tas,male,12,36
5,tas,male,13,35
5,tas,male,14,35
5,tas,male,15,36
5,tas,male,16,35
5,tas,male,17,38
5,tas,male,18,36
5,tas,male,19,35
5,tas,male,20,38
5,tas,male,21,35
5,tas,male,22,35
5,tas,male,23,35
5,tas,male,24,32
5,tas,male,25,37
5,tas,male,26,32
5,tas,male,27,32
5,tas,male,28,32
5,tas,male,29,29
5,tas,male,30,29
5,tas,male,31,28
5,tas,male,32,29
5,tas,male,33,28
5,tas,male,34,28
5,tas,male,35,30
5,tas,male,36,31
5,tas,male,37,31
5,tas,male,38,34
5,tas,male,39,36
5,tas,male,40,35
5,tas,male,41,38
5,tas,male,42,35
5,tas,male,43,32
5,tas,male,44,33
5,tas,male,45,33
5,tas,male,46,35
5,tas,male,47,38
5,tas,male,48,38
5,tas,male,49,39
5,tas,male,50,40
5,tas,male,51,37
5,tas,male,52,37
5,tas,male,53,36
5,tas,male,54,37
5,tas,male,55,36
5,tas,male,56,34
5,tas,male,57,33
5,tas,male,58,35
5,tas,male,59,34
5,tas,male,60,35
5,tas,male,61,31
5,tas,male,62,33
5,tas,male,63,34
5,tas,male,64,31
5,tas,male,65,28
5,tas,male,66,26
5,tas,male,67,27
5,tas,male,68,24
5,tas,male,69,23
5,tas,male,70,22
5,tas,male,71,20
5,tas,male,72,19
5,tas,male,73,18
5,tas,male,74,17
5,tas,male,75,15
5,tas,male,76,14
5,tas,male,77,14
5,tas,male,78,12
5,tas,male,79,13
5,tas,male,80,12
5,tas,male,81,12
5,tas,male,82,9
5,tas,male,83,10
5,tas,male,84,8
5,tas,male,85,8
5,tas,male,86,5
5,tas,male,87,5
5,tas,male,88,4
5,tas,male,89,4
5,tas,male,90,1
5,tas,male,91,1
5,tas,male,92,1
5,tas,male,93,1
5,tas,male,94,1
5,tas,female,0,31
5,tas,female,1,32
5,tas,female,2,32
5,tas,female,3,32
5,tas,female,4,33
5,tas,female,5,31
5,tas,female,6,33
5,tas,female,7,28
5,tas,female,8,31
5,tas,female,9,31
5,tas,female,10,31
5,tas,female,11,32
5,tas,female,12,33
5,tas,female,13,34
5,tas,female,14,33
5,tas,female,15,33
5,tas,female,16,34
5,tas,female,17,36
5,tas,female,18,32
5,tas,female,19,35
5,tas,female,20,34
5,tas,female,21,31
5,tas,female,22,32
5,tas,female,23,32
5,tas,female,24,32
5,tas,female,25,32
5,tas,female,26,31
5,tas,female,27,30
5,tas,female,28,30
5,tas,female,29,30
5,tas,female,30,31
5,tas,female,31,30
5,tas,female,32,29
5,tas,female,33,29
5,tas,female,34,30
5,tas,female,35,32
5,tas,female,36,32
5,tas,female,37,33
5,tas,female,38,35
5,tas,female,39,37
5,tas,female,40,38
5,tas,female,41,36
5,tas,female,42,35
5,tas,female,43,34
5,tas,female,44,35
5,tas,female,45,34
5,tas,female,46,37
5,tas,female,47,38
5,tas,female,48,37
5,tas,female,49,39
5,tas,female,50,40
5,tas,female,51,38
5,tas,female,52,39
5,tas,female,53,37
5,tas,female,54,36
5,tas,female,55,37
5,tas,female,56,35
5,tas,female,57,33
5,tas,female,58,36
5,tas,female,59,33
5,tas,female,60,33
5,tas,female,61,30
5,tas,female,62,33
5,tas,female,63,33
5,tas,female,64,32
5,tas,female,65,26
5,tas,female,66,26
5,tas,female,67,25
5,tas,female,68,23
5,tas,female,69,22
5,tas,female,70,22
5,tas,female,71,20
5,tas,female,72,20
5,tas,female,73,19
5,tas,female,74,18
5,tas,female,75,17
5,tas,female,76,17
5,tas,female,77,14
5,tas,female,78,16
5,tas,female,79,15
5,tas,female,80,14
5,tas,female,81,12
5,tas,female,82,13
5,tas,female,83,12
5,tas,female,84,12
5,tas,female,85,11
5,tas,female,86,10
5,tas,female,87,10
5,tas,female,88,8
5,tas,female,89,8
5,tas,female,90,6
5,tas,female,91,4
5,tas,female,92,4
5,tas,female,93,2
5,tas,female,94,2
5,tas,female,95,2
5,tas,female,96,3
5,tas,female,97,1
5,tas,female,98,1
5,tas,female,100,1
5,nt,male,0,22
5,nt,male,1,20
5,nt,male,2,19
5,nt,male,3,21
5,nt,male,4,20
5,nt,male,5,19
5,nt,male,6,18
5,nt,male,7,15
5,nt,male,8,18
5,nt,male,9,19
5,nt,male,10,21
5,nt,male,11,18
5,nt,male,12,16
5,nt,male,13,19
5,nt,male,14,16
5,nt,male,15,20
5,nt,male,16,19
5,nt,male,17,17
5,nt,male,18,20
5,nt,male,19,17
5,nt,male,20,22
5,nt,male,21,22
5,nt,male,22,23
5,nt,male,23,22
5,nt,male,24,24
5,nt,male,25,24
5,nt,male,26,27
5,nt,male,27,24
5,nt,male,28,23
5,nt,male,29,25
5,nt,male,30,26
5,nt,male,31,22
5,nt,male,32,19
5,nt,male,33,18
5,nt,male,34,22
5,nt,male,35,22
5,nt,male,36,20
5,nt,male,37,18
5,nt,male,38,20
5,nt,male,39,20
5,nt,male,40,20
5,nt,male,41,19
5,nt,male,42,18
5,nt,male,43,16
5,nt,male,44,18
5,nt,male,45,21
5,nt,male,46,19
5,nt,male,47,16
5,nt,male,48,17
5,nt,male,49,17
5,nt,male,50,16
5,nt,male,51,15
5,nt,male,52,15
5,nt,male,53,15
5,nt,male,54,14
5,nt,male,55,14
5,nt,male,56,15
5,nt,male,57,14
5,nt,male,58,13
5,nt,male,59,14
5,nt,male,60,12
5,nt,male,61,13
5,nt,male,62,11
5,nt,male,63,9
5,nt,male,64,11
5,nt,male,65,8
5,nt,male,66,8
5,nt,male,67,6
5,nt,male,68,6
5,nt,male,69,7
5,nt,male,70,7
5,nt,male,71,4
5,nt,male,72,4
5,nt,male,73,4
5,nt,male,74,4
5,nt,male,75,2
5,nt,male,76,1
5,nt,male,77,2
5,nt,male,78,2
5,nt,male,79,2
5,nt,male,80,2
5,nt,male,81,2
5,nt,male,82,1
5,nt,male,83,1
5,nt,male,84,1
5,nt,female,0,15
5,nt,female,1,20
5,nt,female,2,18
5,nt,female,3,19
5,nt,female,4,18
5,nt,female,5,19
5,nt,female,6,16
5,nt,female,7,17
5,nt,female,8,18
5,nt,female,9,16
5,nt,female,10,16
5,nt,female,11,16
5,nt,female,12,17
5,nt,female,13,16
5,nt,female,14,16
5,nt,female,15,16
5,nt,female,16,17
5,nt,female,17,15
5,nt,female,18,16
5,nt,female,19,16
5,nt,female,20,16
5,nt,female,21,17
5,nt,female,22,18
5,nt,female,23,18
5,nt,female,24,20
5,nt,female,25,25
5,nt,female,26,21
5,nt,female,27,22
5,nt,female,28,21
5,nt,female,29,22
5,nt,female,30,22
5,nt,female,31,20
5,nt,female,32,18
5,nt,female,33,20
5,nt,female,34,19
5,nt,female,35,19
5,nt,female,36,19
5,nt,female,37,19
5,nt,female,38,20
5,nt,female,39,18
5,nt,female,40,21
5,nt,female,41,21
5,nt,female,42,18
5,nt,female,43,16
5,nt,female,44,16
5,nt,female,45,17
5,nt,female,46,15
5,nt,female,47,14
5,nt,female,48,15
5,nt,female,49,16
5,nt,female,50,15
5,nt,female,51,15
5,nt,female,52,14
5,nt,female,53,15
5,nt,female,54,13
5,nt,female,55,12
5,nt,female,56,12
5,nt,female,57,13
5,nt,female,58,10
5,nt,female,59,12
5,nt,female,60,10
5,nt,female,61,9
5,nt,female,62,8
5,nt,female,63,8
5,nt,female,64,8
5,nt,female,65,7
5,nt,female,66,7
5,nt,female,67,4
5,nt,female,68,4
5,nt,female,69,5
5,nt,female,70,4
5,nt,female,71,4
5,nt,female,72,3
5,nt,female,73,2
5,nt,female,74,2
5,nt,female,75,2
5,nt,female,76,2
5,nt,female,77,2
5,nt,female,78,2
5,nt,female,79,1
5,nt,female,80,1
5,nt,female,81,1
5,nt,female,82,1
5,nt,female,83,1
5,nt,female,84,1
5,nt,female,85,1
5,nt,female,86,1
5,nt,female,87,1
5,act,male,0,31
5,act,male,1,23
5,act,male,2,24
5,act,male,3,24
5,act,male,4,23
5,act,male,5,25
5,act,male,6,22
5,act,male,7,22
5,act,male,8,21
5,act,male,9,21
5,act,male,10,22
5,act,male,11,21
5,act,male,12,22
5,act,male,13,20
5,act,male,14,21
5,act,male,15,24
5,act,male,16,24
5,act,male,17,24
5,act,male,18,28
5,act,male,19,33
5,act,male,20,35
5,act,male,21,33
5,act,male,22,34
5,act,male,23,35
5,act,male,24,34
5,act,male,25,37
5,act,male,26,33
5,act,male,27,34
5,act,male,28,32
5,act,male,29,30
5,act,male,30,34
5,act,male,31,30
5,act,male,32,28
5,act,male,33,28
5,act,male,34,29
5,act,male,35,29
5,act,male,36,29
5,act,male,37,27
5,act,male,38,28
5,act,male,39,29
5,act,male,40,29
5,act,male,41,25
5,act,male,42,26
5,act,male,43,24
5,act,male,44,26
5,act,male,45,26
5,act,male,46,25
5,act,male,47,26
5,act,male,48,26
5,act,male,49,23
5,act,male,50,24
5,act,male,51,24
5,act,male,52,25
5,act,male,53,22
5,act,male,54,23
5,act,male,55,21
5,act,male,56,22
5,act,male,57,20
5,act,male,58,21
5,act,male,59,20
5,act,male,60,19
5,act,male,61,17
5,act,male,62,18
5,act,male,63,19
5,act,male,64,17
5,act,male,65,13
5,act,male,66,14
5,act,male,67,11
5,act,male,68,12
5,act,male,69,10
5,act,male,70,10
5,act,male,71,10
5,act,male,72,9
5,act,male,73,7
5,act,male,74,8
5,act,male,75,7
5,act,male,76,6
5,act,male,77,6
5,act,male,78,6
5,act,male,79,5
5,act,male,80,5
5,act,male,81,3
5,act,male,82,4
5,act,male,83,3
5,act,male,84,4
5,act,male,85,4
5,act,male,86,3
5,act,male,87,2
5,act,male,88,2
5,act,male,89,2
5,act,male,90,2
5,act,male,92,1
5,act,male,93,1
5,act,female,0,26
5,act,female,1,25
5,act,female,2,22
5,act,female,3,22
5,act,female,4,22
5,act,female,5,21
5,act,female,6,21
5,act,female,7,20
5,act,female,8,21
5,act,female,9,22
5,act,female,10,22
5,act,female,11,20
5,act,female,12,20
5,act,female,13,21
5,act,female,14,22
5,act,female,15,24
5,act,female,16,22
5,act,female,17,23
5,act,female,18,26
5,act,female,19,29
5,act,female,20,35
5,act,female,21,35
5,act,female,22,32
5,act,female,23,32
5,act,female,24,33
5,act,female,25,33
5,act,female,26,32
5,act,female,27,34
5,act,female,28,32
5,act,female,29,32
5,act,female,30,34
5,act,female,31,29
5,act,female,32,29
5,act,female,33,27
5,act,female,34,27
5,act,female,35,27
5,act,female,36,27
5,act,female,37,28
5,act,female,38,29
5,act,female,39,27
5,act,female,40,29
5,act,female,41,29
5,act,female,42,26
5,act,female,43,25
5,act,female,44,25
5,act,female,45,25
5,act,female,46,28
5,act,female,47,26
5,act,female,48,25
5,act,female,49,26
5,act,female,50,29
5,act,female,51,26
5,act,female,52,25
5,act,female,53,24
5,act,female,54,24
5,act,female,55,22
5,act,female,56,23
5,act,female,57,22
5,act,female,58,21
5,act,female,59,19
5,act,female,60,20
5,act,female,61,18
5,act,female,62,19
5,act,female,63,21
5,act,female,64,18
5,act,female,65,16
5,act,female,66,14
5,act,female,67,13
5,act,female,68,11
5,act,female,69,12
5,act,female,70,10
5,act,female,71,10
5,act,female,72,10
5,act,female,73,9
5,act,female,74,8
5,act,female,75,7
5,act,female,76,8
5,act,female,77,8
5,act,female,78,8
5,act,female,79,6
5,act,female,80,6
5,act,female,81,6
5,act,female,82,6
5,act,female,83,5
5,act,female,84,5
5,act,female,85,6
5,act,female,86,5
5,act,female,87,4
5,act,female,88,4
5,act,female,89,4
5,act,female,90,1
5,act,female,91,2
5,act,female,92,2
5,act,female,95,1
6,nsw,male,0,545
6,nsw,male,1,493
6,nsw,male,2,480
6,nsw,male,3,477
6,nsw,male,4,472
6,nsw,male,5,473
6,nsw,male,6,457
6,nsw,male,7,452
6,nsw,male,8,446
6,nsw,male,9,447
6,nsw,male,10,467
6,nsw,male,11,451
6,nsw,male,12,447
6,nsw,male,13,454
6,nsw,male,14,461
6,nsw,male,15,493
6,nsw,male,16,467
6,nsw,male,17,463
6,nsw,male,18,466
6,nsw,male,19,481
6,nsw,male,20,568
6,nsw,male,21,505
6,nsw,male,22,501
6,nsw,male,23,500
6,nsw,male,24,510
6,nsw,male,25,592
6,nsw,male,26,520
6,nsw,male,27,518
6,nsw,male,28,521
6,nsw,male,29,514
6,nsw,male,30,558
6,nsw,male,31,493
6,nsw,male,32,480
6,nsw,male,33,476
6,nsw,male,34,474
6,nsw,male,35,505
6,nsw,male,36,484
6,nsw,male,37,504
6,nsw,male,38,514
6,nsw,male,39,521
6,nsw,male,40,538
6,nsw,male,41,487
6,nsw,male,42,475
6,nsw,male,43,464
6,nsw,male,44,466
6,nsw,male,45,488
6,nsw,male,46,483
6,nsw,male,47,493
6,nsw,male,48,498
6,nsw,male,49,502
6,nsw,male,50,499
6,nsw,male,51,482
6,nsw,male,52,470
6,nsw,male,53,463
6,nsw,male,54,456
6,nsw,male,55,450
6,nsw,male,56,429
6,nsw,male,57,419
6,nsw,male,58,410
6,nsw,male,59,397
6,nsw,male,60,408
6,nsw,male,61,388
6,nsw,male,62,393
6,nsw,male,63,399
6,nsw,male,64,377
6,nsw,male,65,354
6,nsw,male,66,329
6,nsw,male,67,303
6,nsw,male,68,286
6,nsw,male,69,271
6,nsw,male,70,256
6,nsw,male,71,244
6,nsw,male,72,228
6,nsw,male,73,218
6,nsw,male,74,213
6,nsw,male,75,194
6,nsw,male,76,180
6,nsw,male,77,169
6,nsw,male,78,158
6,nsw,male,79,159
6,nsw,male,80,150
6,nsw,male,81,143
6,nsw,male,82,132
6,nsw,male,83,120
6,nsw,male,84,109
6,nsw,male,85,90
6,nsw,male,86,80
6,nsw,male,87,70
6,nsw,male,88,57
6,nsw,male,89,49
6,nsw,male,90,38
6,nsw,male,91,27
6,nsw,male,92,17
6,nsw,male,93,16
6,nsw,male,94,13
6,nsw,male,95,6
6,nsw,male,96,5
6,nsw,male,97,1
6,nsw,male,98,2
6,nsw,male,99,1
6,nsw,male,100,1
6,nsw,male,101,1
6,nsw,female,0,533
6,nsw,female,1,466
6,nsw,female,2,463
6,nsw,female,3,455
6,nsw,female,4,444
6,nsw,female,5,457
6,nsw,female,6,428
6,nsw,female,7,428
6,nsw,female,8,425
6,nsw,female,9,421
6,nsw,female,10,448
6,nsw,female,11,431
6,nsw,female,12,421
6,nsw,female,13,430
6,nsw,female,14,431
6,nsw,female,15,457
6,nsw,female,16,440
6,nsw,female,17,442
6,nsw,female,18,443
6,nsw,female,19,455
6,nsw,female,20,565
6,nsw,female,21,480
6,nsw,female,22,479
6,nsw,female,23,477
6,nsw,female,24,490
6,nsw,female,25,592
6,nsw,female,26,509
6,nsw,female,27,517
6,nsw,female,28,513
6,nsw,female,29,507
6,nsw,female,30,541
6,nsw,female,31,488
6,nsw,female,32,487
6,nsw,female,33,483
6,nsw,female,34,480
6,nsw,female,35,516
6,nsw,female,36,498
6,nsw,female,37,508
6,nsw,female,38,525
6,nsw,female,39,537
6,nsw,female,40,531
6,nsw,female,41,499
6,nsw,female,42,490
6,nsw,female,43,478
6,nsw,female,44,473
6,nsw,female,45,487
6,nsw,female,46,490
6,nsw,female,47,505
6,nsw,female,48,512
6,nsw,female,49,505
6,nsw,female,50,516
6,nsw,female,51,491
6,nsw,female,52,478
6,nsw,female,53,471
6,nsw,female,54,454
6,nsw,female,55,452
6,nsw,female,56,441
6,nsw,female,57,426
6,nsw,female,58,419
6,nsw,female,59,408
6,nsw,female,60,402
6,nsw,female,61,391
6,nsw,female,62,388
6,nsw,female,63,396
6,nsw,female,64,382
6,nsw,female,65,353
6,nsw,female,66,329
6,nsw,female,67,311
6,nsw,female,68,286
6,nsw,female,69,279
6,nsw,female,70,265
6,nsw,female,71,253
6,nsw,female,72,242
6,nsw,female,73,236
6,nsw,female,74,229
6,nsw,female,75,223
6,nsw,female,76,203
6,nsw,female,77,201
6,nsw,female,78,190
6,nsw,female,79,193
6,nsw,female,80,196
6,nsw,female,81,181
6,nsw,female,82,179
6,nsw,female,83,161
6,nsw,female,84,153
6,nsw,female,85,145
6,nsw,female,86,128
6,nsw,female,87,114
6,nsw,female,88,107
6,nsw,female,89,92
6,nsw,female,90,76
6,nsw,female,91,58
6,nsw,female,92,41
6,nsw,female,93,40
6,nsw,female,94,31
6,nsw,female,95,24
6,nsw,female,96,17
6,nsw,female,97,12
6,nsw,female,98,8
6,nsw,female,99,7
6,nsw,female,100,5
6,nsw,female,101,4
6,vic,male,0,382
6,vic,male,1,364
6,vic,male,2,358
6,vic,male,3,356
6,vic,male,4,349
6,vic,male,5,358
6,vic,male,6,336
6,vic,male,7,332
6,vic,male,8,328
6,vic,male,9,328
6,vic,male,10,342
6,vic,male,11,329
6,vic,male,12,336
6,vic,male,13,338
6,vic,male,14,343
6,vic,male,15,375
6,vic,male,16,349
6,vic,male,17,357
6,vic,male,18,358
6,vic,male,19,378
6,vic,male,20,478
6,vic,male,21,419
6,vic,male,22,414
6,vic,male,23,426
6,vic,male,24,429
6,vic,male,25,488
6,vic,male,26,426
6,vic,male,27,423
6,vic,male,28,417
6,vic,male,29,405
6,vic,male,30,438
6,vic,male,31,383
6,vic,male,32,381
6,vic,male,33,374
6,vic,male,34,367
6,vic,male,35,393
6,vic,male,36,376
6,vic,male,37,388
6,vic,male,38,395
6,vic,male,39,405
6,vic,male,40,417
6,vic,male,41,395
6,vic,male,42,386
6,vic,male,43,377
6,vic,male,44,366
6,vic,male,45,368
6,vic,male,46,364
6,vic,male,47,371
6,vic,male,48,373
6,vic,male,49,373
6,vic,male,50,375
6,vic,male,51,357
6,vic,male,52,352
6,vic,male,53,338
6,vic,male,54,335
6,vic,male,55,343
6,vic,male,56,319
6,vic,male,57,313
6,vic,male,58,308
6,vic,male,59,299
6,vic,male,60,298
6,vic,male,61,286
6,vic,male,62,282
6,vic,male,63,292
6,vic,male,64,279
6,vic,male,65,251
6,vic,male,66,234
6,vic,male,67,219
6,vic,male,68,206
6,vic,male,69,198
6,vic,male,70,190
6,vic,male,71,182
6,vic,male,72,173
6,vic,male,73,164
6,vic,male,74,154
6,vic,male,75,143
6,vic,male,76,137
6,vic,male,77,128
6,vic,male,78,121
6,vic,male,79,118
6,vic,male,80,110
6,vic,male,81,106
6,vic,male,82,96
6,vic,male,83,90
6,vic,male,84,77
6,vic,male,85,68
6,vic,male,86,55
6,vic,male,87,46
6,vic,male,88,42
6,vic,male,89,35
6,vic,male,90,27
6,vic,male,91,22
6,vic,male,92,14
6,vic,male,93,10
6,vic,male,94,10
6,vic,male,95,6
6,vic,male,96,5
6,vic,male,97,4
6,vic,male,98,2
6,vic,male,99,2
6,vic,male,100,1
6,vic,female,0,354
6,vic,female,1,346
6,vic,female,2,340
6,vic,female,3,336
6,vic,female,4,332
6,vic,female,5,329
6,vic,female,6,318
6,vic,female,7,315
6,vic,female,8,313
6,vic,female,9,313
6,vic,female,10,327
6,vic,female,11,318
6,vic,female,12,319
6,vic,female,13,314
6,vic,female,14,320
6,vic,female,15,355
6,vic,female,16,330
6,vic,female,17,335
6,vic,female,18,342
6,vic,female,19,356
6,vic,female,20,450
6,vic,female,21,396
6,vic,female,22,395
6,vic,female,23,399
6,vic,female,24,399
6,vic,female,25,476
6,vic,female,26,411
6,vic,female,27,416
6,vic,female,28,404
6,vic,female,29,403
6,vic,female,30,433
6,vic,female,31,383
6,vic,female,32,378
6,vic,female,33,372
6,vic,female,34,366
6,vic,female,35,391
6,vic,female,36,380
6,vic,female,37,387
6,vic,female,38,404
6,vic,female,39,422
6,vic,female,40,431
6,vic,female,41,404
6,vic,female,42,400
6,vic,female,43,383
6,vic,female,44,375
6,vic,female,45,389
6,vic,female,46,376
6,vic,female,47,388
6,vic,female,48,383
6,vic,female,49,386
6,vic,female,50,387
6,vic,female,51,367
6,vic,female,52,363
6,vic,female,53,354
6,vic,female,54,348
6,vic,female,55,348
6,vic,female,56,328
6,vic,female,57,326
6,vic,female,58,318
6,vic,female,59,311
6,vic,female,60,314
6,vic,female,61,300
6,vic,female,62,297
6,vic,female,63,298
6,vic,female,64,288
6,vic,female,65,267
6,vic,female,66,247
6,vic,female,67,233
6,vic,female,68,216
6,vic,female,69,208
6,vic,female,70,198
6,vic,female,71,191
6,vic,female,72,185
6,vic,female,73,177
6,vic,female,74,169
6,vic,female,75,166
6,vic,female,76,157
6,vic,female,77,154
6,vic,female,78,146
6,vic,female,79,144
6,vic,female,80,146
6,vic,female,81,137
6,vic,female,82,133
6,vic,female,83,123
6,vic,female,84,118
6,vic,female,85,111
6,vic,female,86,95
6,vic,female,87,91
6,vic,female,88,78
6,vic,female,89,68
6,vic,female,90,56
6,vic,female,91,40
6,vic,female,92,32
6,vic,female,93,27
6,vic,female,94,22
6,vic,female,95,18
6,vic,female,96,12
6,vic,female,97,11
6,vic,female,98,6
6,vic,female,99,3
6,vic,female,100,4
6,vic,female,101,3
6,qld,male,0,333
6,qld,male,1,316
6,qld,male,2,312
6,qld,male,3,309
6,qld,male,4,307
6,qld,male,5,313
6,qld,male,6,291
6,qld,male,7,288
6,qld,male,8,286
6,qld,male,9,292
6,qld,male,10,307
6,qld,male,11,294
6,qld,male,12,295
6,qld,male,13,295
6,qld,male,14,297
6,qld,male,15,325
6,qld,male,16,299
6,qld,male,17,301
6,qld,male,18,303
6,qld,male,19,306
6,qld,male,20,370
6,qld,male,21,318
6,qld,male,22,314
6,qld,male,23,318
6,qld,male,24,326
6,qld,male,25,380
6,qld,male,26,328
6,qld,male,27,326
6,qld,male,28,325
6,qld,male,29,319
6,qld,male,30,342
6,qld,male,31,294
6,qld,male,32,289
6,qld,male,33,286
6,qld,male,34,291
6,qld,male,35,317
6,qld,male,36,307
6,qld,male,37,311
6,qld,male,38,321
6,qld,male,39,332
6,qld,male,40,345
6,qld,male,41,313
6,qld,male,42,305
6,qld,male,43,297
6,qld,male,44,290
6,qld,male,45,301
6,qld,male,46,298
6,qld,male,47,307
6,qld,male,48,304
6,qld,male,49,308
6,qld,male,50,306
6,qld,male,51,296
6,qld,male,52,284
6,qld,male,53,275
6,qld,male,54,274
6,qld,male,55,277
6,qld,male,56,259
6,qld,male,57,259
6,qld,male,58,258
6,qld,male,59,254
6,qld,male,60,246
6,qld,male,61,244
6,qld,male,62,244
6,qld,male,63,248
6,qld,male,64,234
6,qld,male,65,218
6,qld,male,66,201
6,qld,male,67,183
6,qld,male,68,166
6,qld,male,69,164
6,qld,male,70,154
6,qld,male,71,146
6,qld,male,72,133
6,qld,male,73,129
6,qld,male,74,118
6,qld,male,75,106
6,qld,male,76,98
6,qld,male,77,95
6,qld,male,78,87
6,qld,male,79,82
6,qld,male,80,81
6,qld,male,81,76
6,qld,male,82,70
6,qld,male,83,61
6,qld,male,84,53
6,qld,male,85,48
6,qld,male,86,40
6,qld,male,87,33
6,qld,male,88,28
6,qld,male,89,25
6,qld,male,90,19
6,qld,male,91,15
6,qld,male,92,10
6,qld,male,93,7
6,qld,male,94,6
6,qld,male,95,3
6,qld,male,96,3
6,qld,male,97,1
6,qld,male,98,2
6,qld,male,99,1
6,qld,male,100,1
6,qld,female,0,334
6,qld,female,1,297
6,qld,female,2,297
6,qld,female,3,291
6,qld,female,4,289
6,qld,female,5,298
6,qld,female,6,280
6,qld,female,7,276
6,qld,female,8,272
6,qld,female,9,278
6,qld,female,10,291
6,qld,female,11,279
6,qld,female,12,282
6,qld,female,13,281
6,qld,female,14,285
6,qld,female,15,305
6,qld,female,16,289
6,qld,female,17,288
6,qld,female,18,290
6,qld,female,19,298
6,qld,female,20,356
6,qld,female,21,307
6,qld,female,22,304
6,qld,female,23,310
6,qld,female,24,315
6,qld,female,25,371
6,qld,female,26,321
6,qld,female,27,317
6,qld,female,28,313
6,qld,female,29,306
6,qld,female,30,332
6,qld,female,31,296
6,qld,female,32,291
6,qld,female,33,292
6,qld,female,34,297
6,qld,female,35,315
6,qld,female,36,304
6,qld,female,37,316
6,qld,female,38,326
6,qld,female,39,339
6,qld,female,40,344
6,qld,female,41,319
6,qld,female,42,311
6,qld,female,43,301
6,qld,female,44,294
6,qld,female,45,303
6,qld,female,46,306
6,qld,female,47,316
6,qld,female,48,315
6,qld,female,49,317
6,qld,female,50,316
6,qld,female,51,301
6,qld,female,52,292
6,qld,female,53,287
6,qld,female,54,279
6,qld,female,55,282
6,qld,female,56,265
6,qld,female,57,259
6,qld,female,58,252
6,qld,female,59,249
6,qld,female,60,255
6,qld,female,61,239
6,qld,female,62,238
6,qld,female,63,239
6,qld,female,64,230
6,qld,female,65,214
6,qld,female,66,198
6,qld,female,67,182
6,qld,female,68,170
6,qld,female,69,162
6,qld,female,70,149
6,qld,female,71,146
6,qld,female,72,136
6,qld,female,73,124
6,qld,female,74,122
6,qld,female,75,116
6,qld,female,76,111
6,qld,female,77,104
6,qld,female,78,100
6,qld,female,79,98
6,qld,female,80,96
6,qld,female,81,92
6,qld,female,82,88
6,qld,female,83,83
6,qld,female,84,75
6,qld,female,85,68
6,qld,female,86,63
6,qld,female,87,52
6,qld,female,88,50
6,qld,female,89,47
6,qld,female,90,37
6,qld,female,91,30
6,qld,female,92,22
6,qld,female,93,17
6,qld,female,94,15
6,qld,female,95,11
6,qld,female,96,9
6,qld,female,97,5
6,qld,female,98,3
6,qld,female,99,4
6,qld,female,100,3
6,sa,male,0,99
6,sa,male,1,102
6,sa,male,2,100
6,sa,male,3,97
6,sa,male,4,98
6,sa,male,5,102
6,sa,male,6,96
6,sa,male,7,96
6,sa,male,8,95
6,sa,male,9,97
6,sa,male,10,101
6,sa,male,11,101
6,sa,male,12,102
6,sa,male,13,100
6,sa,male,14,102
6,sa,male,15,110
6,sa,male,16,107
6,sa,male,17,105
6,sa,male,18,111
6,sa,male,19,113
6,sa,male,20,135
6,sa,male,21,118
6,sa,male,22,120
6,sa,male,23,118
6,sa,male,24,117
6,sa,male,25,126
6,sa,male,26,117
6,sa,male,27,119
6,sa,male,28,116
6,sa,male,29,109
6,sa,male,30,107
6,sa,male,31,103
6,sa,male,32,98
6,sa,male,33,97
6,sa,male,34,99
6,sa,male,35,110
6,sa,male,36,103
6,sa,male,37,104
6,sa,male,38,111
6,sa,male,39,117
6,sa,male,40,117
6,sa,male,41,119
6,sa,male,42,114
6,sa,male,43,111
6,sa,male,44,111
6,sa,male,45,109
6,sa,male,46,115
6,sa,male,47,115
6,sa,male,48,118
6,sa,male,49,118
6,sa,male,50,117
6,sa,male,51,114
6,sa,male,52,113
6,sa,male,53,109
6,sa,male,54,107
6,sa,male,55,106
6,sa,male,56,103
6,sa,male,57,100
6,sa,male,58,100
6,sa,male,59,96
6,sa,male,60,97
6,sa,male,61,97
6,sa,male,62,93
6,sa,male,63,97
6,sa,male,64,93
6,sa,male,65,85
6,sa,male,66,77
6,sa,male,67,73
6,sa,male,68,66
6,sa,male,69,63
6,sa,male,70,61
6,sa,male,71,60
6,sa,male,72,55
6,sa,male,73,56
6,sa,male,74,52
6,sa,male,75,48
6,sa,male,76,43
6,sa,male,77,43
6,sa,male,78,41
6,sa,male,79,40
6,sa,male,80,38
6,sa,male,81,37
6,sa,male,82,32
6,sa,male,83,32
6,sa,male,84,30
6,sa,male,85,26
6,sa,male,86,21
6,sa,male,87,17
6,sa,male,88,16
6,sa,male,89,12
6,sa,male,90,11
6,sa,male,91,8
6,sa,male,92,4
6,sa,male,93,3
6,sa,male,94,4
6,sa,male,95,1
6,sa,male,96,1
6,sa,male,97,1
6,sa,male,100,1
6,sa,female,0,116
6,sa,female,1,96
6,sa,female,2,95
6,sa,female,3,95
6,sa,female,4,95
6,sa,female,5,96
6,sa,female,6,90
6,sa,female,7,91
6,sa,female,8,88
6,sa,female,9,92
6,sa,female,10,97
6,sa,female,11,95
6,sa,female,12,96
6,sa,female,13,96
6,sa,female,14,100
6,sa,female,15,106
6,sa,female,16,100
6,sa,female,17,98
6,sa,female,18,105
6,sa,female,19,105
6,sa,female,20,114
6,sa,female,21,112
6,sa,female,22,111
6,sa,female,23,111
6,sa,female,24,114
6,sa,female,25,131
6,sa,female,26,113
6,sa,female,27,108
6,sa,female,28,109
6,sa,female,29,104
6,sa,female,30,107
6,sa,female,31,101
6,sa,female,32,96
6,sa,female,33,99
6,sa,female,34,101
6,sa,female,35,105
6,sa,female,36,103
6,sa,female,37,106
6,sa,female,38,111
6,sa,female,39,118
6,sa,female,40,120
6,sa,female,41,114
6,sa,female,42,112
6,sa,female,43,111
6,sa,female,44,111
6,sa,female,45,117
6,sa,female,46,116
6,sa,female,47,116
6,sa,female,48,116
6,sa,female,49,119
6,sa,female,50,122
6,sa,female,51,115
6,sa,female,52,116
6,sa,female,53,111
6,sa,female,54,111
6,sa,female,55,109
6,sa,female,56,105
6,sa,female,57,104
6,sa,female,58,104
6,sa,female,59,102
6,sa,female,60,103
6,sa,female,61,99
6,sa,female,62,97
6,sa,female,63,100
6,sa,female,64,96
6,sa,female,65,90
6,sa,female,66,82
6,sa,female,67,78
6,sa,female,68,72
6,sa,female,69,68
6,sa,female,70,65
6,sa,female,71,63
6,sa,female,72,63
6,sa,female,73,60
6,sa,female,74,58
6,sa,female,75,54
6,sa,female,76,52
6,sa,female,77,50
6,sa,female,78,50
6,sa,female,79,49
6,sa,female,80,50
6,sa,female,81,48
6,sa,female,82,45
6,sa,female,83,43
6,sa,female,84,43
6,sa,female,85,41
6,sa,female,86,35
6,sa,female,87,32
6,sa,female,88,28
6,sa,female,89,25
6,sa,female,90,21
6,sa,female,91,15
6,sa,female,92,13
6,sa,female,93,10
6,sa,female,94,8
6,sa,female,95,6
6,sa,female,96,4
6,sa,female,97,4
6,sa,female,99,2
6,sa,female,100,2
6,sa,female,101,1
6,wa,male,0,186
6,wa,male,1,159
6,wa,male,2,155
6,wa,male,3,155
6,wa,male,4,154
6,wa,male,5,158
6,wa,male,6,144
6,wa,male,7,142
6,wa,male,8,145
6,wa,male,9,143
6,wa,male,10,153
6,wa,male,11,149
6,wa,male,12,153
6,wa,male,13,149
6,wa,male,14,153
6,wa,male,15,167
6,wa,male,16,154
6,wa,male,17,154
6,wa,male,18,156
6,wa,male,19,161
6,wa,male,20,186
6,wa,male,21,172
6,wa,male,22,176
6,wa,male,23,178
6,wa,male,24,184
6,wa,male,25,229
6,wa,male,26,188
6,wa,male,27,184
6,wa,male,28,180
6,wa,male,29,171
6,wa,male,30,194
6,wa,male,31,161
6,wa,male,32,158
6,wa,male,33,160
6,wa,male,34,153
6,wa,male,35,177
6,wa,male,36,159
6,wa,male,37,162
6,wa,male,38,171
6,wa,male,39,181
6,wa,male,40,189
6,wa,male,41,174
6,wa,male,42,167
6,wa,male,43,166
6,wa,male,44,160
6,wa,male,45,165
6,wa,male,46,164
6,wa,male,47,164
6,wa,male,48,164
6,wa,male,49,164
6,wa,male,50,166
6,wa,male,51,160
6,wa,male,52,155
6,wa,male,53,148
6,wa,male,54,147
6,wa,male,55,148
6,wa,male,56,140
6,wa,male,57,137
6,wa,male,58,133
6,wa,male,59,131
6,wa,male,60,135
6,wa,male,61,124
6,wa,male,62,123
6,wa,male,63,125
6,wa,male,64,115
6,wa,male,65,104
6,wa,male,66,95
6,wa,male,67,88
6,wa,male,68,84
6,wa,male,69,80
6,wa,male,70,75
6,wa,male,71,72
6,wa,male,72,63
6,wa,male,73,61
6,wa,male,74,58
6,wa,male,75,54
6,wa,male,76,48
6,wa,male,77,48
6,wa,male,78,43
6,wa,male,79,42
6,wa,male,80,42
6,wa,male,81,37
6,wa,male,82,32
6,wa,male,83,31
6,wa,male,84,28
6,wa,male,85,23
6,wa,male,86,17
6,wa,male,87,18
6,wa,male,88,12
6,wa,male,89,11
6,wa,male,90,8
6,wa,male,91,7
6,wa,male,92,5
6,wa,male,93,4
6,wa,male,94,2
6,wa,male,95,2
6,wa,male,96,2
6,wa,male,97,1
6,wa,male,99,1
6,wa,female,0,180
6,wa,female,1,148
6,wa,female,2,149
6,wa,female,3,151
6,wa,female,4,150
6,wa,female,5,154
6,wa,female,6,140
6,wa,female,7,138
6,wa,female,8,138
6,wa,female,9,143
6,wa,female,10,153
6,wa,female,11,144
6,wa,female,12,143
6,wa,female,13,141
6,wa,female,14,144
6,wa,female,15,160
6,wa,female,16,146
6,wa,female,17,148
6,wa,female,18,149
6,wa,female,19,153
6,wa,female,20,188
6,wa,female,21,162
6,wa,female,22,163
6,wa,female,23,163
6,wa,female,24,170
6,wa,female,25,214
6,wa,female,26,168
6,wa,female,27,167
6,wa,female,28,168
6,wa,female,29,162
6,wa,female,30,187
6,wa,female,31,157
6,wa,female,32,155
6,wa,female,33,153
6,wa,female,34,156
6,wa,female,35,169
6,wa,female,36,156
6,wa,female,37,162
6,wa,female,38,171
6,wa,female,39,172
6,wa,female,40,182
6,wa,female,41,168
6,wa,female,42,163
6,wa,female,43,163
6,wa,female,44,157
6,wa,female,45,159
6,wa,female,46,164
6,wa,female,47,161
6,wa,female,48,164
6,wa,female,49,165
6,wa,female,50,163
6,wa,female,51,160
6,wa,female,52,152
6,wa,female,53,150
6,wa,female,54,149
6,wa,female,55,153
6,wa,female,56,141
6,wa,female,57,140
6,wa,female,58,133
6,wa,female,59,129
6,wa,female,60,130
6,wa,female,61,122
6,wa,female,62,120
6,wa,female,63,122
6,wa,female,64,111
6,wa,female,65,103
6,wa,female,66,95
6,wa,female,67,89
6,wa,female,68,83
6,wa,female,69,78
6,wa,female,70,74
6,wa,female,71,71
6,wa,female,72,71
6,wa,female,73,64
6,wa,female,74,61
6,wa,female,75,59
6,wa,female,76,54
6,wa,female,77,53
6,wa,female,78,51
6,wa,female,79,51
6,wa,female,80,49
6,wa,female,81,46
6,wa,female,82,44
6,wa,female,83,42
6,wa,female,84,33
6,wa,female,85,35
6,wa,female,86,32
6,wa,female,87,29
6,wa,female,88,27
6,wa,female,89,23
6,wa,female,90,17
6,wa,female,91,14
6,wa,female,92,10
6,wa,female,93,8
6,wa,female,94,9
6,wa,female,95,7
6,wa,female,96,5
6,wa,female,97,4
6,wa,female,98,2
6,wa,female,99,1
6,wa,female,101,1
6,tas,male,0,33
6,tas,male,1,34
6,tas,male,2,35
6,tas,male,3,33
6,tas,male,4,34
6,tas,male,5,36
6,tas,male,6,32
6,tas,male,7,31
6,tas,male,8,34
6,tas,male,9,33
6,tas,male,10,34
6,tas,male,11,36
6,tas,male,12,36
6,tas,male,13,34
6,tas,male,14,35
6,tas,male,15,36
6,tas,male,16,35
6,tas,male,17,38
6,tas,male,18,36
6,tas,male,19,35
6,tas,male,20,40
6,tas,male,21,36
6,tas,male,22,35
6,tas,male,23,35
6,tas,male,24,33
6,tas,male,25,36
6,tas,male,26,32
6,tas,male,27,33
6,tas,male,28,32
6,tas,male,29,29
6,tas,male,30,29
6,tas,male,31,28
6,tas,male,32,29
6,tas,male,33,28
6,tas,male,34,28
6,tas,male,35,31
6,tas,male,36,31
6,tas,male,37,31
6,tas,male,38,35
6,tas,male,39,35
6,tas,male,40,36
6,tas,male,41,37
6,tas,male,42,36
6,tas,male,43,33
6,tas,male,44,33
6,tas,male,45,33
6,tas,male,46,35
6,tas,male,47,37
6,tas,male,48,38
6,tas,male,49,39
6,tas,male,50,38
6,tas,male,51,39
6,tas,male,52,37
6,tas,male,53,36
6,tas,male,54,37
6,tas,male,55,37
6,tas,male,56,33
6,tas,male,57,34
6,tas,male,58,34
6,tas,male,59,35
6,tas,male,60,33
6,tas,male,61,33
6,tas,male,62,32
6,tas,male,63,34
6,tas,male,64,33
6,tas,male,65,28
6,tas,male,66,27
6,tas,male,67,26
6,tas,male,68,23
6,tas,male,69,24
6,tas,male,70,21
6,tas,male,71,20
6,tas,male,72,18
6,tas,male,73,19
6,tas,male,74,17
6,tas,male,75,15
6,tas,male,76,14
6,tas,male,77,13
6,tas,male,78,12
6,tas,male,79,13
6,tas,male,80,12
6,tas,male,81,12
6,tas,male,82,10
6,tas,male,83,9
6,tas,male,84,9
6,tas,male,85,7
6,tas,male,86,6
6,tas,male,87,5
6,tas,male,88,4
6,tas,male,89,4
6,tas,male,90,1
6,tas,male,91,1
6,tas,male,92,1
6,tas,male,93,1
6,tas,male,94,1
6,tas,female,0,31
6,tas,female,1,34
6,tas,female,2,32
6,tas,female,3,32
6,tas,female,4,32
6,tas,female,5,32
6,tas,female,6,33
6,tas,female,7,28
6,tas,female,8,30
6,tas,female,9,31
6,tas,female,10,32
6,tas,female,11,31
6,tas,female,12,33
6,tas,female,13,34
6,tas,female,14,33
6,tas,female,15,34
6,tas,female,16,35
6,tas,female,17,35
6,tas,female,18,33
6,tas,female,19,34
6,tas,female,20,35
6,tas,female,21,31
6,tas,female,22,31
6,tas,female,23,32
6,tas,female,24,33
6,tas,female,25,32
6,tas,female,26,32
6,tas,female,27,29
6,tas,female,28,30
6,tas,female,29,30
6,tas,female,30,32
6,tas,female,31,30
6,tas,female,32,29
6,tas,female,33,29
6,tas,female,34,30
6,tas,female,35,33
6,tas,female,36,33
6,tas,female,37,34
6,tas,female,38,34
6,tas,female,39,38
6,tas,female,40,39
6,tas,female,41,37
6,tas,female,42,36
6,tas,female,43,34
6,tas,female,44,34
6,tas,female,45,34
6,tas,female,46,37
6,tas,female,47,38
6,tas,female,48,37
6,tas,female,49,39
6,tas,female,50,40
6,tas,female,51,37
6,tas,female,52,39
6,tas,female,53,37
6,tas,female,54,36
6,tas,female,55,38
6,tas,female,56,36
6,tas,female,57,34
6,tas,female,58,35
6,tas,female,59,34
6,tas,female,60,34
6,tas,female,61,32
6,tas,female,62,31
6,tas,female,63,34
6,tas,female,64,32
6,tas,female,65,26
6,tas,female,66,26
6,tas,female,67,25
6,tas,female,68,23
6,tas,female,69,22
6,tas,female,70,21
6,tas,female,71,20
6,tas,female,72,19
6,tas,female,73,19
6,tas,female,74,19
6,tas,female,75,17
6,tas,female,76,17
6,tas,female,77,14
6,tas,female,78,16
6,tas,female,79,15
6,tas,female,80,14
6,tas,female,81,13
6,tas,female,82,12
6,tas,female,83,13
6,tas,female,84,12
6,tas,female,85,11
6,tas,female,86,11
6,tas,female,87,9
6,tas,female,88,9
6,tas,female,89,7
6,tas,female,90,7
6,tas,female,91,4
6,tas,female,92,4
6,tas,female,93,2
6,tas,female,94,2
6,tas,female,95,2
6,tas,female,96,3
6,tas,female,97,1
6,tas,female,98,1
6,tas,female,100,1
6,nt,male,0,23
6,nt,male,1,19
6,nt,male,2,21
6,nt,male,3,20
6,nt,male,4,20
6,nt,male,5,20
6,nt,male,6,18
6,nt,male,7,15
6,nt,male,8,18
6,nt,male,9,20
6,nt,male,10,21
6,nt,male,11,18
6,nt,male,12,16
6,nt,male,13,18
6,nt,male,14,16
6,nt,male,15,21
6,nt,male,16,19
6,nt,male,17,18
6,nt,male,18,20
6,nt,male,19,18
6,nt,male,20,25
6,nt,male,21,21
6,nt,male,22,23
6,nt,male,23,23
6,nt,male,24,23
6,nt,male,25,24
6,nt,male,26,28
6,nt,male,27,24
6,nt,male,28,24
6,nt,male,29,24
6,nt,male,30,26
6,nt,male,31,22
6,nt,male,32,20
6,nt,male,33,18
6,nt,male,34,22
6,nt,male,35,22
6,nt,male,36,20
6,nt,male,37,18
6,nt,male,38,21
6,nt,male,39,19
6,nt,male,40,20
6,nt,male,41,19
6,nt,male,42,19
6,nt,male,43,16
6,nt,male,44,18
6,nt,male,45,21
6,nt,male,46,19
6,nt,male,47,16
6,nt,male,48,17
6,nt,male,49,18
6,nt,male,50,15
6,nt,male,51,15
6,nt,male,52,14
6,nt,male,53,15
6,nt,male,54,14
6,nt,male,55,14
6,nt,male,56,15
6,nt,male,57,14
6,nt,male,58,13
6,nt,male,59,13
6,nt,male,60,13
6,nt,male,61,13
6,nt,male,62,12
6,nt,male,63,9
6,nt,male,64,10
6,nt,male,65,9
6,nt,male,66,7
6,nt,male,67,7
6,nt,male,68,6
6,nt,male,69,7
6,nt,male,70,7
6,nt,male,71,4
6,nt,male,72,4
6,nt,male,73,4
6,nt,male,74,4
6,nt,male,75,3
6,nt,male,76,2
6,nt,male,77,2
6,nt,male,78,2
6,nt,male,79,2
6,nt,male,80,2
6,nt,male,81,2
6,nt,male,82,1
6,nt,male,83,1
6,nt,male,84,1
6,nt,female,0,15
6,nt,female,1,19
6,nt,female,2,19
6,nt,female,3,19
6,nt,female,4,18
6,nt,female,5,18
6,nt,female,6,17
6,nt,female,7,17
6,nt,female,8,18
6,nt,female,9,16
6,nt,female,10,16
6,nt,female,11,16
6,nt,female,12,17
6,nt,female,13,16
6,nt,female,14,16
6,nt,female,15,16
6,nt,female,16,17
6,nt,female,17,15
6,nt,female,18,16
6,nt,female,19,16
6,nt,female,20,17
6,nt,female,21,17
6,nt,female,22,18
6,nt,female,23,17
6,nt,female,24,21
6,nt,female,25,24
6,nt,female,26,21
6,nt,female,27,23
6,nt,female,28,21
6,nt,female,29,22
6,nt,female,30,22
6,nt,female,31,21
6,nt,female,32,18
6,nt,female,33,20
6,nt,female,34,17
6,nt,female,35,21
6,nt,female,36,20
6,nt,female,37,20
6,nt,female,38,19
6,nt,female,39,19
6,nt,female,40,21
6,nt,female,41,21
6,nt,female,42,18
6,nt,female,43,16
6,nt,female,44,16
6,nt,female,45,17
6,nt,female,46,15
6,nt,female,47,14
6,nt,female,48,15
6,nt,female,49,16
6,nt,female,50,15
6,nt,female,51,15
6,nt,female,52,14
6,nt,female,53,14
6,nt,female,54,14
6,nt,female,55,12
6,nt,female,56,12
6,nt,female,57,13
6,nt,female,58,11
6,nt,female,59,12
6,nt,female,60,9
6,nt,female,61,9
6,nt,female,62,9
6,nt,female,63,8
6,nt,female,64,7
6,nt,female,65,8
6,nt,female,66,7
6,nt,female,67,4
6,nt,female,68,4
6,nt,female,69,6
6,nt,female,70,4
6,nt,female,71,5
6,nt,female,72,3
6,nt,female,73,2
6,nt,female,74,2
6,nt,female,75,2
6,nt,female,76,2
6,nt,female,77,2
6,nt,female,78,2
6,nt,female,79,1
6,nt,female,80,1
6,nt,female,81,1
6,nt,female,83,1
6,nt,female,84,1
6,nt,female,85,1
6,nt,female,86,1
6,nt,female,87,1
6,act,male,0,31
6,act,male,1,23
6,act,male,2,24
6,act,male,3,24
6,act,male,4,23
6,act,male,5,26
6,act,male,6,23
6,act,male,7,22
6,act,male,8,21
6,act,male,9,20
6,act,male,10,21
6,act,male,11,22
6,act,male,12,22
6,act,male,13,22
6,act,male,14,20
6,act,male,15,24
6,act,male,16,24
6,act,male,17,25
6,act,male,18,28
6,act,male,19,32
6,act,male,20,37
6,act,male,21,32
6,act,male,22,35
6,act,male,23,34
6,act,male,24,35
6,act,male,25,37
6,act,male,26,33
6,act,male,27,33
6,act,male,28,32
6,act,male,29,31
6,act,male,30,35
6,act,male,31,30
6,act,male,32,29
6,act,male,33,28
6,act,male,34,30
6,act,male,35,29
6,act,male,36,29
6,act,male,37,27
6,act,male,38,28
6,act,male,39,29
6,act,male,40,29
6,act,male,41,25
6,act,male,42,26
6,act,male,43,24
6,act,male,44,25
6,act,male,45,29
6,act,male,46,25
6,act,male,47,26
6,act,male,48,26
6,act,male,49,24
6,act,male,50,24
6,act,male,51,24
6,act,male,52,23
6,act,male,53,24
6,act,male,54,21
6,act,male,55,21
6,act,male,56,22
6,act,male,57,21
6,act,male,58,21
6,act,male,59,19
6,act,male,60,19
6,act,male,61,19
6,act,male,62,17
6,act,male,63,18
6,act,male,64,18
6,act,male,65,14
6,act,male,66,13
6,act,male,67,11
6,act,male,68,13
6,act,male,69,11
6,act,male,70,10
6,act,male,71,9
6,act,male,72,9
6,act,male,73,8
6,act,male,74,7
6,act,male,75,7
6,act,male,76,7
6,act,male,77,6
6,act,male,78,6
6,act,male,79,5
6,act,male,80,5
6,act,male,81,3
6,act,male,82,4
6,act,male,83,3
6,act,male,84,4
6,act,male,85,4
6,act,male,86,3
6,act,male,87,2
6,act,male,88,2
6,act,male,89,2
6,act,male,90,2
6,act,male,92,1
6,act,male,93,1
6,act,female,0,26
6,act,female,1,25
6,act,female,2,23
6,act,female,3,22
6,act,female,4,22
6,act,female,5,21
6,act,female,6,21
6,act,female,7,21
6,act,female,8,22
6,act,female,9,21
6,act,female,10,22
6,act,female,11,21
6,act,female,12,21
6,act,female,13,20
6,act,female,14,22
6,act,female,15,24
6,act,female,16,22
6,act,female,17,23
6,act,female,18,26
6,act,female,19,29
6,act,female,20,35
6,act,female,21,35
6,act,female,22,33
6,act,female,23,32
6,act,female,24,32
6,act,female,25,36
6,act,female,26,32
6,act,female,27,33
6,act,female,28,33
6,act,female,29,32
6,act,female,30,37
6,act,female,31,29
6,act,female,32,29
6,act,female,33,27
6,act,female,34,27
6,act,female,35,28
6,act,female,36,27
6,act,female,37,29
6,act,female,38,30
6,act,female,39,27
6,act,female,40,29
6,act,female,41,29
6,act,female,42,26
6,act,female,43,25
6,act,female,44,26
6,act,female,45,25
6,act,female,46,27
6,act,female,47,27
6,act,female,48,25
6,act,female,49,26
6,act,female,50,29
6,act,female,51,26
6,act,female,52,25
6,act,female,53,24
6,act,female,54,24
6,act,female,55,23
6,act,female,56,22
6,act,female,57,22
6,act,female,58,21
6,act,female,59,19
6,act,female,60,20
6,act,female,61,18
6,act,female,62,19
6,act,female,63,20
6,act,female,64,20
6,act,female,65,16
6,act,female,66,14
6,act,female,67,13
6,act,female,68,11
6,act,female,69,12
6,act,female,70,11
6,act,female,71,10
6,act,female,72,9
6,act,female,73,9
6,act,female,74,9
6,act,female,75,7
6,act,female,76,8
6,act,female,77,7
6,act,female,78,8
6,act,female,79,7
6,act,female,80,6
6,act,female,81,7
6,act,female,82,6
6,act,female,83,5
6,act,female,84,5
6,act,female,85,6
6,act,female,86,5
6,act,female,87,4
6,act,female,88,4
6,act,female,89,2
6,act,female,90,1
6,act,female,91,2
6,act,female,92,2
6,act,female,95,1
7,nsw,male,0,548
7,nsw,male,1,492
7,nsw,male,2,481
7,nsw,male,3,473
7,nsw,male,4,472
7,nsw,male,5,476
7,nsw,male,6,457
7,nsw,male,7,452
7,nsw,male,8,444
7,nsw,male,9,446
7,nsw,male,10,466
7,nsw,male,11,451
7,nsw,male,12,445
7,nsw,male,13,453
7,nsw,male,14,461
7,nsw,male,15,499
7,nsw,male,16,467
7,nsw,male,17,462
7,nsw,male,18,464
7,nsw,male,19,478
7,nsw,male,20,576
7,nsw,male,21,506
7,nsw,male,22,500
7,nsw,male,23,498
7,nsw,male,24,508
7,nsw,male,25,606
7,nsw,male,26,521
7,nsw,male,27,517
7,nsw,male,28,519
7,nsw,male,29,513
7,nsw,male,30,565
7,nsw,male,31,494
7,nsw,male,32,479
7,nsw,male,33,476
7,nsw,male,34,475
7,nsw,male,35,508
7,nsw,male,36,484
7,nsw,male,37,499
7,nsw,male,38,511
7,nsw,male,39,522
7,nsw,male,40,545
7,nsw,male,41,488
7,nsw,male,42,475
7,nsw,male,43,463
7,nsw,male,44,466
7,nsw,male,45,487
7,nsw,male,46,482
7,nsw,male,47,494
7,nsw,male,48,496
7,nsw,male,49,499
7,nsw,male,50,504
7,nsw,male,51,482
7,nsw,male,52,471
7,nsw,male,53,462
7,nsw,male,54,456
7,nsw,male,55,452
7,nsw,male,56,427
7,nsw,male,57,418
7,nsw,male,58,410
7,nsw,male,59,397
7,nsw,male,60,406
7,nsw,male,61,389
7,nsw,male,62,392
7,nsw,male,63,399
7,nsw,male,64,381
7,nsw,male,65,356
7,nsw,male,66,328
7,nsw,male,67,306
7,nsw,male,68,285
7,nsw,male,69,274
7,nsw,male,70,255
7,nsw,male,71,246
7,nsw,male,72,226
7,nsw,male,73,217
7,nsw,male,74,211
7,nsw,male,75,195
7,nsw,male,76,182
7,nsw,male,77,167
7,nsw,male,78,158
7,nsw,male,79,158
7,nsw,male,80,151
7,nsw,male,81,142
7,nsw,male,82,133
7,nsw,male,83,122
7,nsw,male,84,106
7,nsw,male,85,91
7,nsw,male,86,79
7,nsw,male,87,71
7,nsw,male,88,57
7,nsw,male,89,50
7,nsw,male,90,38
7,nsw,male,91,28
7,nsw,male,92,17
7,nsw,male,93,16
7,nsw,male,94,13
7,nsw,male,95,7
7,nsw,male,96,4
7,nsw,male,97,2
7,nsw,male,98,2
7,nsw,male,99,1
7,nsw,male,100,1
7,nsw,male,101,1
7,nsw,female,0,538
7,nsw,female,1,467
7,nsw,female,2,462
7,nsw,female,3,453
7,nsw,female,4,445
7,nsw,female,5,460
7,nsw,female,6,429
7,nsw,female,7,427
7,nsw,female,8,423
7,nsw,female,9,421
7,nsw,female,10,446
7,nsw,female,11,430
7,nsw,female,12,422
7,nsw,female,13,426
7,nsw,female,14,429
7,nsw,female,15,462
7,nsw,female,16,438
7,nsw,female,17,443
7,nsw,female,18,441
7,nsw,female,19,453
7,nsw,female,20,575
7,nsw,female,21,478
7,nsw,female,22,480
7,nsw,female,23,476
7,nsw,female,24,485
7,nsw,female,25,604
7,nsw,female,26,506
7,nsw,female,27,519
7,nsw,female,28,512
7,nsw,female,29,508
7,nsw,female,30,546
7,nsw,female,31,487
7,nsw,female,32,489
7,nsw,female,33,482
7,nsw,female,34,477
7,nsw,female,35,519
7,nsw,female,36,496
7,nsw,female,37,507
7,nsw,female,38,524
7,nsw,female,39,536
7,nsw,female,40,534
7,nsw,female,41,499
7,nsw,female,42,490
7,nsw,female,43,479
7,nsw,female,44,472
7,nsw,female,45,487
7,nsw,female,46,488
7,nsw,female,47,503
7,nsw,female,48,511
7,nsw,female,49,504
7,nsw,female,50,519
7,nsw,female,51,490
7,nsw,female,52,478
7,nsw,female,53,469
7,nsw,female,54,453
7,nsw,female,55,458
7,nsw,female,56,440
7,nsw,female,57,426
7,nsw,female,58,420
7,nsw,female,59,408
7,nsw,female,60,407
7,nsw,female,61,392
7,nsw,female,62,386
7,nsw,female,63,391
7,nsw,female,64,385
7,nsw,female,65,357
7,nsw,female,66,329
7,nsw,female,67,312
7,nsw,female,68,287
7,nsw,female,69,280
7,nsw,female,70,264
7,nsw,female,71,254
7,nsw,female,72,242
7,nsw,female,73,237
7,nsw,female,74,229
7,nsw,female,75,224
7,nsw,female,76,203
7,nsw,female,77,200
7,nsw,female,78,189
7,nsw,female,79,194
7,nsw,female,80,195
7,nsw,female,81,182
7,nsw,female,82,179
7,nsw,female,83,162
7,nsw,female,84,152
7,nsw,female,85,147
7,nsw,female,86,128
7,nsw,female,87,115
7,nsw,female,88,108
7,nsw,female,89,91
7,nsw,female,90,75
7,nsw,female,91,59
7,nsw,female,92,43
7,nsw,female,93,40
7,nsw,female,94,31
7,nsw,female,95,22
7,nsw,female,96,17
7,nsw,female,97,13
7,nsw,female,98,8
7,nsw,female,99,7
7,nsw,female,100,5
7,nsw,female,101,4
7,vic,male,0,385
7,vic,male,1,363
7,vic,male,2,358
7,vic,male,3,355
7,vic,male,4,350
7,vic,male,5,358
7,vic,male,6,337
7,vic,male,7,332
7,vic,male,8,328
7,vic,male,9,326
7,vic,male,10,344
7,vic,male,11,327
7,vic,male,12,333
7,vic,male,13,338
7,vic,male,14,340
7,vic,male,15,377
7,vic,male,16,350
7,vic,male,17,355
7,vic,male,18,357
7,vic,male,19,376
7,vic,male,20,489
7,vic,male,21,417
7,vic,male,22,416
7,vic,male,23,424
7,vic,male,24,429
7,vic,male,25,493
7,vic,male,26,426
7,vic,male,27,425
7,vic,male,28,417
7,vic,male,29,405
7,vic,male,30,444
7,vic,male,31,385
7,vic,male,32,381
7,vic,male,33,373
7,vic,male,34,368
7,vic,male,35,395
7,vic,male,36,377
7,vic,male,37,385
7,vic,male,38,394
7,vic,male,39,405
7,vic,male,40,417
7,vic,male,41,395
7,vic,male,42,388
7,vic,male,43,377
7,vic,male,44,366
7,vic,male,45,369
7,vic,male,46,361
7,vic,male,47,372
7,vic,male,48,375
7,vic,male,49,373
7,vic,male,50,375
7,vic,male,51,357
7,vic,male,52,352
7,vic,male,53,337
7,vic,male,54,337
7,vic,male,55,341
7,vic,male,56,320
7,vic,male,57,315
7,vic,male,58,308
7,vic,male,59,299
7,vic,male,60,297
7,vic,male,61,287
7,vic,male,62,282
7,vic,male,63,289
7,vic,male,64,284
7,vic,male,65,252
7,vic,male,66,234
7,vic,male,67,221
7,vic,male,68,204
7,vic,male,69,200
7,vic,male,70,191
7,vic,male,71,182
7,vic,male,72,174
7,vic,male,73,164
7,vic,male,74,156
7,vic,male,75,143
7,vic,male,76,137
7,vic,male,77,128
7,vic,male,78,122
7,vic,male,79,118
7,vic,male,80,112
7,vic,male,81,103
7,vic,male,82,96
7,vic,male,83,90
7,vic,male,84,80
7,vic,male,85,68
7,vic,male,86,55
7,vic,male,87,46
7,vic,male,88,42
7,vic,male,89,35
7,vic,male,90,28
7,vic,male,91,21
7,vic,male,92,15
7,vic,male,93,10
7,vic,male,94,9
7,vic,male,95,6
7,vic,male,96,6
7,vic,male,97,3
7,vic,male,98,3
7,vic,male,99,2
7,vic,male,100,1
7,vic,female,0,372
7,vic,female,1,346
7,vic,female,2,340
7,vic,female,3,336
7,vic,female,4,332
7,vic,female,5,333
7,vic,female,6,319
7,vic,female,7,314
7,vic,female,8,313
7,vic,female,9,313
7,vic,female,10,329
7,vic,female,11,317
7,vic,female,12,319
7,vic,female,13,316
7,vic,female,14,319
7,vic,female,15,357
7,vic,female,16,332
7,vic,female,17,331
7,vic,female,18,341
7,vic,female,19,355
7,vic,female,20,456
7,vic,female,21,395
7,vic,female,22,394
7,vic,female,23,396
7,vic,female,24,399
7,vic,female,25,486
7,vic,female,26,412
7,vic,female,27,414
7,vic,female,28,406
7,vic,female,29,403
7,vic,female,30,436
7,vic,female,31,381
7,vic,female,32,378
7,vic,female,33,371
7,vic,female,34,368
7,vic,female,35,395
7,vic,female,36,380
7,vic,female,37,385
7,vic,female,38,401
7,vic,female,39,421
7,vic,female,40,434
7,vic,female,41,402
7,vic,female,42,399
7,vic,female,43,382
7,vic,female,44,374
7,vic,female,45,387
7,vic,female,46,376
7,vic,female,47,385
7,vic,female,48,383
7,vic,female,49,383
7,vic,female,50,390
7,vic,female,51,368
7,vic,female,52,363
7,vic,female,53,353
7,vic,female,54,349
7,vic,female,55,348
7,vic,female,56,329
7,vic,female,57,326
7,vic,female,58,318
7,vic,female,59,310
7,vic,female,60,315
7,vic,female,61,301
7,vic,female,62,296
7,vic,female,63,296
7,vic,female,64,292
7,vic,female,65,269
7,vic,female,66,247
7,vic,female,67,235
7,vic,female,68,217
7,vic,female,69,209
7,vic,female,70,199
7,vic,female,71,191
7,vic,female,72,184
7,vic,female,73,178
7,vic,female,74,170
7,vic,female,75,166
7,vic,female,76,159
7,vic,female,77,153
7,vic,female,78,148
7,vic,female,79,143
7,vic,female,80,144
7,vic,female,81,135
7,vic,female,82,133
7,vic,female,83,123
7,vic,female,84,119
7,vic,female,85,112
7,vic,female,86,92
7,vic,female,87,91
7,vic,female,88,78
7,vic,female,89,70
7,vic,female,90,56
7,vic,female,91,42
7,vic,female,92,31
7,vic,female,93,26
7,vic,female,94,24
7,vic,female,95,17
7,vic,female,96,13
7,vic,female,97,11
7,vic,female,98,6
7,vic,female,99,3
7,vic,female,100,4
7,vic,female,101,3
7,qld,male,0,341
7,qld,male,1,316
7,qld,male,2,312
7,qld,male,3,309
7,qld,male,4,307
7,qld,male,5,315
7,qld,male,6,293
7,qld,male,7,287
7,qld,male,8,286
7,qld,male,9,292
7,qld,male,10,307
7,qld,male,11,293
7,qld,male,12,293
7,qld,male,13,296
7,qld,male,14,295
7,qld,male,15,326
7,qld,male,16,301
7,qld,male,17,301
7,qld,male,18,301
7,qld,male,19,305
7,qld,male,20,381
7,qld,male,21,315
7,qld,male,22,314
7,qld,male,23,317
7,qld,male,24,324
7,qld,male,25,389
7,qld,male,26,329
7,qld,male,27,324
7,qld,male,28,330
7,qld,male,29,317
7,qld,male,30,347
7,qld,male,31,295
7,qld,male,32,289
7,qld,male,33,284
7,qld,male,34,291
7,qld,male,35,319
7,qld,male,36,304
7,qld,male,37,312
7,qld,male,38,318
7,qld,male,39,332
7,qld,male,40,347
7,qld,male,41,314
7,qld,male,42,306
7,qld,male,43,300
7,qld,male,44,288
7,qld,male,45,302
7,qld,male,46,296
7,qld,male,47,306
7,qld,male,48,304
7,qld,male,49,308
7,qld,male,50,308
7,qld,male,51,298
7,qld,male,52,284
7,qld,male,53,276
7,qld,male,54,273
7,qld,male,55,277
7,qld,male,56,260
7,qld,male,57,259
7,qld,male,58,257
7,qld,male,59,254
7,qld,male,60,248
7,qld,male,61,244
7,qld,male,62,243
7,qld,male,63,246
7,qld,male,64,239
7,qld,male,65,219
7,qld,male,66,200
7,qld,male,67,186
7,qld,male,68,164
7,qld,male,69,166
7,qld,male,70,153
7,qld,male,71,147
7,qld,male,72,134
7,qld,male,73,128
7,qld,male,74,120
7,qld,male,75,105
7,qld,male,76,99
7,qld,male,77,95
7,qld,male,78,88
7,qld,male,79,81
7,qld,male,80,81
7,qld,male,81,75
7,qld,male,82,70
7,qld,male,83,62
7,qld,male,84,52
7,qld,male,85,49
7,qld,male,86,40
7,qld,male,87,34
7,qld,male,88,30
7,qld,male,89,24
7,qld,male,90,18
7,qld,male,91,16
7,qld,male,92,11
7,qld,male,93,7
7,qld,male,94,5
7,qld,male,95,4
7,qld,male,96,2
7,qld,male,97,2
7,qld,male,98,2
7,qld,male,99,1
7,qld,male,100,1
7,qld,female,0,334
7,qld,female,1,295
7,qld,female,2,297
7,qld,female,3,292
7,qld,female,4,288
7,qld,female,5,300
7,qld,female,6,278
7,qld,female,7,277
7,qld,female,8,271
7,qld,female,9,279
7,qld,female,10,291
7,qld,female,11,279
7,qld,female,12,281
7,qld,female,13,281
7,qld,female,14,283
7,qld,female,15,309
7,qld,female,16,289
7,qld,female,17,287
7,qld,female,18,289
7,qld,female,19,297
7,qld,female,20,356
7,qld,female,21,310
7,qld,female,22,303
7,qld,female,23,310
7,qld,female,24,314
7,qld,female,25,376
7,qld,female,26,324
7,qld,female,27,315
7,qld,female,28,314
7,qld,female,29,305
7,qld,female,30,336
7,qld,female,31,297
7,qld,female,32,290
7,qld,female,33,291
7,qld,female,34,296
7,qld,female,35,315
7,qld,female,36,303
7,qld,female,37,315
7,qld,female,38,324
7,qld,female,39,338
7,qld,female,40,348
7,qld,female,41,320
7,qld,female,42,310
7,qld,female,43,300
7,qld,female,44,295
7,qld,female,45,303
7,qld,female,46,305
7,qld,female,47,316
7,qld,female,48,315
7,qld,female,49,318
7,qld,female,50,316
7,qld,female,51,300
7,qld,female,52,292
7,qld,female,53,289
7,qld,female,54,279
7,qld,female,55,281
7,qld,female,56,267
7,qld,female,57,258
7,qld,female,58,254
7,qld,female,59,249
7,qld,female,60,257
7,qld,female,61,238
7,qld,female,62,239
7,qld,female,63,237
7,qld,female,64,232
7,qld,female,65,215
7,qld,female,66,198
7,qld,female,67,182
7,qld,female,68,170
7,qld,female,69,163
7,qld,female,70,150
7,qld,female,71,146
7,qld,female,72,136
7,qld,female,73,123
7,qld,female,74,123
7,qld,female,75,116
7,qld,female,76,111
7,qld,female,77,102
7,qld,female,78,103
7,qld,female,79,96
7,qld,female,80,95
7,qld,female,81,92
7,qld,female,82,88
7,qld,female,83,83
7,qld,female,84,75
7,qld,female,85,68
7,qld,female,86,64
7,qld,female,87,52
7,qld,female,88,50
7,qld,female,89,45
7,qld,female,90,38
7,qld,female,91,31
7,qld,female,92,23
7,qld,female,93,17
7,qld,female,94,15
7,qld,female,95,11
7,qld,female,96,9
7,qld,female,97,5
7,qld,female,98,4
7,qld,female,99,3
7,qld,female,100,4
7,sa,male,0,104
7,sa,male,1,102
7,sa,male,2,100
7,sa,male,3,98
7,sa,male,4,97
7,sa,male,5,103
7,sa,male,6,96
7,sa,male,7,94
7,sa,male,8,95
7,sa,male,9,97
7,sa,male,10,101
7,sa,male,11,100
7,sa,male,12,102
7,sa,male,13,100
7,sa,male,14,102
7,sa,male,15,110
7,sa,male,16,107
7,sa,male,17,106
7,sa,male,18,110
7,sa,male,19,112
7,sa,male,20,136
7,sa,male,21,117
7,sa,male,22,120
7,sa,male,23,117
7,sa,male,24,118
7,sa,male,25,131
7,sa,male,26,117
7,sa,male,27,119
7,sa,male,28,116
7,sa,male,29,110
7,sa,male,30,110
7,sa,male,31,102
7,sa,male,32,98
7,sa,male,33,98
7,sa,male,34,99
7,sa,male,35,112
7,sa,male,36,101
7,sa,male,37,103
7,sa,male,38,113
7,sa,male,39,115
7,sa,male,40,117
7,sa,male,41,119
7,sa,male,42,115
7,sa,male,43,111
7,sa,male,44,110
7,sa,male,45,109
7,sa,male,46,114
7,sa,male,47,115
7,sa,male,48,117
7,sa,male,49,119
7,sa,male,50,117
7,sa,male,51,114
7,sa,male,52,113
7,sa,male,53,110
7,sa,male,54,107
7,sa,male,55,106
7,sa,male,56,103
7,sa,male,57,100
7,sa,male,58,101
7,sa,male,59,96
7,sa,male,60,96
7,sa,male,61,97
7,sa,male,62,93
7,sa,male,63,96
7,sa,male,64,94
7,sa,male,65,84
7,sa,male,66,78
7,sa,male,67,73
7,sa,male,68,68
7,sa,male,69,62
7,sa,male,70,61
7,sa,male,71,59
7,sa,male,72,56
7,sa,male,73,55
7,sa,male,74,53
7,sa,male,75,48
7,sa,male,76,43
7,sa,male,77,43
7,sa,male,78,41
7,sa,male,79,40
7,sa,male,80,37
7,sa,male,81,38
7,sa,male,82,33
7,sa,male,83,32
7,sa,male,84,30
7,sa,male,85,26
7,sa,male,86,21
7,sa,male,87,17
7,sa,male,88,16
7,sa,male,89,12
7,sa,male,90,10
7,sa,male,91,8
7,sa,male,92,4
7,sa,male,93,4
7,sa,male,94,3
7,sa,male,95,2
7,sa,male,96,1
7,sa,male,97,1
7,sa,male,100,1
7,sa,female,0,111
7,sa,female,1,96
7,sa,female,2,95
7,sa,female,3,95
7,sa,female,4,95
7,sa,female,5,96
7,sa,female,6,91
7,sa,female,7,91
7,sa,female,8,87
7,sa,female,9,93
7,sa,female,10,98
7,sa,female,11,95
7,sa,female,12,97
7,sa,female,13,96
7,sa,female,14,100
7,sa,female,15,107
7,sa,female,16,99
7,sa,female,17,99
7,sa,female,18,104
7,sa,female,19,106
7,sa,female,20,112
7,sa,female,21,112
7,sa,female,22,110
7,sa,female,23,113
7,sa,female,24,113
7,sa,female,25,132
7,sa,female,26,112
7,sa,female,27,110
7,sa,female,28,108
7,sa,female,29,104
7,sa,female,30,109
7,sa,female,31,102
7,sa,female,32,97
7,sa,female,33,99
7,sa,female,34,100
7,sa,female,35,105
7,sa,female,36,104
7,sa,female,37,106
7,sa,female,38,110
7,sa,female,39,118
7,sa,female,40,122
7,sa,female,41,113
7,sa,female,42,113
7,sa,female,43,111
7,sa,female,44,111
7,sa,female,45,117
7,sa,female,46,115
7,sa,female,47,116
7,sa,female,48,116
7,sa,female,49,120
7,sa,female,50,123
7,sa,female,51,114
7,sa,female,52,117
7,sa,female,53,111
7,sa,female,54,111
7,sa,female,55,109
7,sa,female,56,106
7,sa,female,57,104
7,sa,female,58,104
7,sa,female,59,102
7,sa,female,60,103
7,sa,female,61,99
7,sa,female,62,96
7,sa,female,63,100
7,sa,female,64,98
7,sa,female,65,91
7,sa,female,66,83
7,sa,female,67,78
7,sa,female,68,72
7,sa,female,69,68
7,sa,female,70,66
7,sa,female,71,62
7,sa,female,72,63
7,sa,female,73,60
7,sa,female,74,58
7,sa,female,75,54
7,sa,female,76,53
7,sa,female,77,50
7,sa,female,78,51
7,sa,female,79,48
7,sa,female,80,51
7,sa,female,81,47
7,sa,female,82,45
7,sa,female,83,43
7,sa,female,84,43
7,sa,female,85,41
7,sa,female,86,36
7,sa,female,87,32
7,sa,female,88,28
7,sa,female,89,27
7,sa,female,90,21
7,sa,female,91,15
7,sa,female,92,13
7,sa,female,93,10
7,sa,female,94,7
7,sa,female,95,7
7,sa,female,96,4
7,sa,female,97,4
7,sa,female,99,2
7,sa,female,100,2
7,sa,female,101,1
7,wa,male,0,188
7,wa,male,1,159
7,wa,male,2,155
7,wa,male,3,155
7,wa,male,4,154
7,wa,male,5,159
7,wa,male,6,143
7,wa,male,7,142
7,wa,male,8,145
7,wa,male,9,142
7,wa,male,10,154
7,wa,male,11,148
7,wa,male,12,154
7,wa,male,13,148
7,wa,male,14,152
7,wa,male,15,172
7,wa,male,16,155
7,wa,male,17,153
7,wa,male,18,156
7,wa,male,19,161
7,wa,male,20,190
7,wa,male,21,172
7,wa,male,22,176
7,wa,male,23,178
7,wa,male,24,186
7,wa,male,25,229
7,wa,male,26,188
7,wa,male,27,186
7,wa,male,28,178
7,wa,male,29,173
7,wa,male,30,196
7,wa,male,31,162
7,wa,male,32,157
7,wa,male,33,158
7,wa,male,34,154
7,wa,male,35,178
7,wa,male,36,157
7,wa,male,37,162
7,wa,male,38,169
7,wa,male,39,181
7,wa,male,40,195
7,wa,male,41,174
7,wa,male,42,168
7,wa,male,43,166
7,wa,male,44,161
7,wa,male,45,169
7,wa,male,46,163
7,wa,male,47,163
7,wa,male,48,164
7,wa,male,49,164
7,wa,male,50,165
7,wa,male,51,160
7,wa,male,52,155
7,wa,male,53,149
7,wa,male,54,148
7,wa,male,55,149
7,wa,male,56,141
7,wa,male,57,136
7,wa,male,58,135
7,wa,male,59,130
7,wa,male,60,136
7,wa,male,61,124
7,wa,male,62,123
7,wa,male,63,125
7,wa,male,64,116
7,wa,male,65,105
7,wa,male,66,95
7,wa,male,67,89
7,wa,male,68,84
7,wa,male,69,81
7,wa,male,70,75
7,wa,male,71,72
7,wa,male,72,65
7,wa,male,73,60
7,wa,male,74,59
7,wa,male,75,53
7,wa,male,76,49
7,wa,male,77,48
7,wa,male,78,44
7,wa,male,79,43
7,wa,male,80,40
7,wa,male,81,37
7,wa,male,82,32
7,wa,male,83,30
7,wa,male,84,29
7,wa,male,85,23
7,wa,male,86,18
7,wa,male,87,18
7,wa,male,88,12
7,wa,male,89,11
7,wa,male,90,8
7,wa,male,91,7
7,wa,male,92,6
7,wa,male,93,3
7,wa,male,94,3
7,wa,male,95,2
7,wa,male,96,2
7,wa,male,97,1
7,wa,male,99,1
7,wa,female,0,175
7,wa,female,1,149
7,wa,female,2,148
7,wa,female,3,152
7,wa,female,4,149
7,wa,female,5,156
7,wa,female,6,141
7,wa,female,7,138
7,wa,female,8,138
7,wa,female,9,141
7,wa,female,10,154
7,wa,female,11,144
7,wa,female,12,143
7,wa,female,13,141
7,wa,female,14,144
7,wa,female,15,160
7,wa,female,16,146
7,wa,female,17,148
7,wa,female,18,146
7,wa,female,19,153
7,wa,female,20,195
7,wa,female,21,161
7,wa,female,22,163
7,wa,female,23,163
7,wa,female,24,170
7,wa,female,25,222
7,wa,female,26,169
7,wa,female,27,165
7,wa,female,28,168
7,wa,female,29,163
7,wa,female,30,189
7,wa,female,31,157
7,wa,female,32,154
7,wa,female,33,154
7,wa,female,34,156
7,wa,female,35,174
7,wa,female,36,155
7,wa,female,37,161
7,wa,female,38,169
7,wa,female,39,171
7,wa,female,40,186
7,wa,female,41,169
7,wa,female,42,165
7,wa,female,43,162
7,wa,female,44,157
7,wa,female,45,158
7,wa,female,46,164
7,wa,female,47,162
7,wa,female,48,165
7,wa,female,49,164
7,wa,female,50,163
7,wa,female,51,159
7,wa,female,52,153
7,wa,female,53,148
7,wa,female,54,149
7,wa,female,55,155
7,wa,female,56,142
7,wa,female,57,139
7,wa,female,58,134
7,wa,female,59,130
7,wa,female,60,131
7,wa,female,61,120
7,wa,female,62,120
7,wa,female,63,121
7,wa,female,64,113
7,wa,female,65,105
7,wa,female,66,95
7,wa,female,67,90
7,wa,female,68,83
7,wa,female,69,78
7,wa,female,70,75
7,wa,female,71,70
7,wa,female,72,71
7,wa,female,73,64
7,wa,female,74,61
7,wa,female,75,60
7,wa,female,76,55
7,wa,female,77,54
7,wa,female,78,50
7,wa,female,79,50
7,wa,female,80,49
7,wa,female,81,46
7,wa,female,82,44
7,wa,female,83,43
7,wa,female,84,34
7,wa,female,85,35
7,wa,female,86,32
7,wa,female,87,29
7,wa,female,88,27
7,wa,female,89,22
7,wa,female,90,18
7,wa,female,91,14
7,wa,female,92,10
7,wa,female,93,8
7,wa,female,94,9
7,wa,female,95,7
7,wa,female,96,6
7,wa,female,97,3
7,wa,female,98,3
7,wa,female,99,1
7,wa,female,101,1
7,tas,male,0,33
7,tas,male,1,34
7,tas,male,2,34
7,tas,male,3,34
7,tas,male,4,33
7,tas,male,5,37
7,tas,male,6,33
7,tas,male,7,31
7,tas,male,8,32
7,tas,male,9,34
7,tas,male,10,34
7,tas,male,11,37
7,tas,male,12,37
7,tas,male,13,34
7,tas,male,14,36
7,tas,male,15,36
7,tas,male,16,35
7,tas,male,17,38
7,tas,male,18,36
7,tas,male,19,35
7,tas,male,20,39
7,tas,male,21,37
7,tas,male,22,35
7,tas,male,23,35
7,tas,male,24,34
7,tas,male,25,37
7,tas,male,26,32
7,tas,male,27,32
7,tas,male,28,32
7,tas,male,29,31
7,tas,male,30,30
7,tas,male,31,28
7,tas,male,32,29
7,tas,male,33,29
7,tas,male,34,28
7,tas,male,35,32
7,tas,male,36,32
7,tas,male,37,31
7,tas,male,38,34
7,tas,male,39,35
7,tas,male,40,36
7,tas,male,41,37
7,tas,male,42,36
7,tas,male,43,33
7,tas,male,44,33
7,tas,male,45,32
7,tas,male,46,36
7,tas,male,47,37
7,tas,male,48,38
7,tas,male,49,39
7,tas,male,50,38
7,tas,male,51,38
7,tas,male,52,37
7,tas,male,53,36
7,tas,male,54,37
7,tas,male,55,37
7,tas,male,56,33
7,tas,male,57,34
7,tas,male,58,34
7,tas,male,59,35
7,tas,male,60,33
7,tas,male,61,33
7,tas,male,62,32
7,tas,male,63,33
7,tas,male,64,34
7,tas,male,65,27
7,tas,male,66,28
7,tas,male,67,26
7,tas,male,68,23
7,tas,male,69,24
7,tas,male,70,20
7,tas,male,71,20
7,tas,male,72,19
7,tas,male,73,18
7,tas,male,74,18
7,tas,male,75,14
7,tas,male,76,14
7,tas,male,77,13
7,tas,male,78,12
7,tas,male,79,13
7,tas,male,80,12
7,tas,male,81,12
7,tas,male,82,10
7,tas,male,83,9
7,tas,male,84,9
7,tas,male,85,8
7,tas,male,86,6
7,tas,male,87,4
7,tas,male,88,5
7,tas,male,89,3
7,tas,male,90,2
7,tas,male,91,1
7,tas,male,92,1
7,tas,male,93,1
7,tas,male,94,1
7,tas,female,0,30
7,tas,female,1,33
7,tas,female,2,33
7,tas,female,3,33
7,tas,female,4,33
7,tas,female,5,31
7,tas,female,6,32
7,tas,female,7,29
7,tas,female,8,31
7,tas,female,9,31
7,tas,female,10,31
7,tas,female,11,31
7,tas,female,12,33
7,tas,female,13,34
7,tas,female,14,33
7,tas,female,15,34
7,tas,female,16,36
7,tas,female,17,35
7,tas,female,18,34
7,tas,female,19,34
7,tas,female,20,35
7,tas,female,21,31
7,tas,female,22,32
7,tas,female,23,32
7,tas,female,24,33
7,tas,female,25,32
7,tas,female,26,31
7,tas,female,27,30
7,tas,female,28,30
7,tas,female,29,30
7,tas,female,30,34
7,tas,female,31,30
7,tas,female,32,30
7,tas,female,33,30
7,tas,female,34,29
7,tas,female,35,34
7,tas,female,36,32
7,tas,female,37,35
7,tas,female,38,35
7,tas,female,39,38
7,tas,female,40,39
7,tas,female,41,37
7,tas,female,42,36
7,tas,female,43,34
7,tas,female,44,34
7,tas,female,45,34
7,tas,female,46,37
7,tas,female,47,38
7,tas,female,48,37
7,tas,female,49,40
7,tas,female,50,39
7,tas,female,51,38
7,tas,female,52,39
7,tas,female,53,38
7,tas,female,54,37
7,tas,female,55,37
7,tas,female,56,36
7,tas,female,57,34
7,tas,female,58,35
7,tas,female,59,34
7,tas,female,60,35
7,tas,female,61,32
7,tas,female,62,31
7,tas,female,63,34
7,tas,female,64,32
7,tas,female,65,27
7,tas,female,66,26
7,tas,female,67,25
7,tas,female,68,23
7,tas,female,69,22
7,tas,female,70,21
7,tas,female,71,20
7,tas,female,72,20
7,tas,female,73,19
7,tas,female,74,18
7,tas,female,75,18
7,tas,female,76,16
7,tas,female,77,15
7,tas,female,78,15
7,tas,female,79,15
7,tas,female,80,15
7,tas,female,81,13
7,tas,female,82,12
7,tas,female,83,13
7,tas,female,84,12
7,tas,female,85,11
7,tas,female,86,11
7,tas,female,87,9
7,tas,female,88,9
7,tas,female,89,8
7,tas,female,90,6
7,tas,female,91,5
7,tas,female,92,2
7,tas,female,93,2
7,tas,female,94,3
7,tas,female,95,2
7,tas,female,96,3
7,tas,female,97,1
7,tas,female,98,1
7,tas,female,100,1
7,nt,male,0,21
7,nt,male,1,20
7,nt,male,2,20
7,nt,male,3,21
7,nt,male,4,19
7,nt,male,5,19
7,nt,male,6,18
7,nt,male,7,16
7,nt,male,8,18
7,nt,male,9,19
7,nt,male,10,21
7,nt,male,11,19
7,nt,male,12,16
7,nt,male,13,18
7,nt,male,14,18
7,nt,male,15,20
7,nt,male,16,19
7,nt,male,17,18
7,nt,male,18,20
7,nt,male,19,20
7,nt,male,20,25
7,nt,male,21,20
7,nt,male,22,23
7,nt,male,23,25
7,nt,male,24,23
7,nt,male,25,25
7,nt,male,26,28
7,nt,male,27,24
7,nt,male,28,24
7,nt,male,29,24
7,nt,male,30,26
7,nt,male,31,23
7,nt,male,32,19
7,nt,male,33,18
7,nt,male,34,21
7,nt,male,35,27
7,nt,male,36,21
7,nt,male,37,17
7,nt,male,38,20
7,nt,male,39,18
7,nt,male,40,21
7,nt,male,41,19
7,nt,male,42,19
7,nt,male,43,16
7,nt,male,44,18
7,nt,male,45,21
7,nt,male,46,21
7,nt,male,47,16
7,nt,male,48,16
7,nt,male,49,18
7,nt,male,50,16
7,nt,male,51,14
7,nt,male,52,14
7,nt,male,53,15
7,nt,male,54,14
7,nt,male,55,15
7,nt,male,56,15
7,nt,male,57,14
7,nt,male,58,13
7,nt,male,59,13
7,nt,male,60,13
7,nt,male,61,13
7,nt,male,62,12
7,nt,male,63,9
7,nt,male,64,10
7,nt,male,65,9
7,nt,male,66,9
7,nt,male,67,6
7,nt,male,68,6
7,nt,male,69,6
7,nt,male,70,8
7,nt,male,71,5
7,nt,male,72,4
7,nt,male,73,3
7,nt,male,74,3
7,nt,male,75,5
7,nt,male,76,1
7,nt,male,77,3
7,nt,male,78,2
7,nt,male,79,2
7,nt,male,80,2
7,nt,male,81,2
7,nt,male,82,1
7,nt,male,83,1
7,nt,male,84,1
7,nt,female,0,13
7,nt,female,1,20
7,nt,female,2,18
7,nt,female,3,19
7,nt,female,4,18
7,nt,female,5,20
7,nt,female,6,16
7,nt,female,7,18
7,nt,female,8,19
7,nt,female,9,16
7,nt,female,10,17
7,nt,female,11,15
7,nt,female,12,17
7,nt,female,13,17
7,nt,female,14,15
7,nt,female,15,17
7,nt,female,16,15
7,nt,female,17,17
7,nt,female,18,15
7,nt,female,19,17
7,nt,female,20,17
7,nt,female,21,16
7,nt,female,22,18
7,nt,female,23,18
7,nt,female,24,21
7,nt,female,25,24
7,nt,female,26,21
7,nt,female,27,24
7,nt,female,28,21
7,nt,female,29,22
7,nt,female,30,25
7,nt,female,31,20
7,nt,female,32,18
7,nt,female,33,20
7,nt,female,34,18
7,nt,female,35,20
7,nt,female,36,20
7,nt,female,37,19
7,nt,female,38,21
7,nt,female,39,19
7,nt,female,40,21
7,nt,female,41,20
7,nt,female,42,20
7,nt,female,43,17
7,nt,female,44,16
7,nt,female,45,16
7,nt,female,46,15
7,nt,female,47,15
7,nt,female,48,14
7,nt,female,49,17
7,nt,female,50,16
7,nt,female,51,15
7,nt,female,52,15
7,nt,female,53,15
7,nt,female,54,14
7,nt,female,55,12
7,nt,female,56,12
7,nt,female,57,13
7,nt,female,58,11
7,nt,female,59,12
7,nt,female,60,9
7,nt,female,61,9
7,nt,female,62,9
7,nt,female,63,8
7,nt,female,64,8
7,nt,female,65,9
7,nt,female,66,7
7,nt,female,67,5
7,nt,female,68,4
7,nt,female,69,6
7,nt,female,70,4
7,nt,female,71,4
7,nt,female,72,3
7,nt,female,73,3
7,nt,female,74,2
7,nt,female,75,2
7,nt,female,76,2
7,nt,female,77,2
7,nt,female,78,2
7,nt,female,79,1
7,nt,female,80,1
7,nt,female,81,1
7,nt,female,83,1
7,nt,female,84,1
7,nt,female,85,1
7,nt,female,86,1
7,nt,female,87,1
7,act,male,0,31
7,act,male,1,23
7,act,male,2,24
7,act,male,3,24
7,act,male,4,24
7,act,male,5,25
7,act,male,6,23
7,act,male,7,22
7,act,male,8,21
7,act,male,9,20
7,act,male,10,22
7,act,male,11,22
7,act,male,12,22
7,act,male,13,22
7,act,male,14,20
7,act,male,15,25
7,act,male,16,24
7,act,male,17,26
7,act,male,18,28
7,act,male,19,33
7,act,male,20,37
7,act,male,21,33
7,act,male,22,35
7,act,male,23,34
7,act,male,24,35
7,act,male,25,38
7,act,male,26,33
7,act,male,27,32
7,act,male,28,34
7,act,male,29,30
7,act,male,30,39
7,act,male,31,30
7,act,male,32,31
7,act,male,33,29
7,act,male,34,28
7,act,male,35,31
7,act,male,36,27
7,act,male,37,28
7,act,male,38,29
7,act,male,39,28
7,act,male,40,29
7,act,male,41,26
7,act,male,42,26
7,act,male,43,24
7,act,male,44,25
7,act,male,45,29
7,act,male,46,25
7,act,male,47,26
7,act,male,48,25
7,act,male,49,24
7,act,male,50,25
7,act,male,51,24
7,act,male,52,23
7,act,male,53,24
7,act,male,54,21
7,act,male,55,21
7,act,male,56,22
7,act,male,57,21
7,act,male,58,21
7,act,male,59,20
7,act,male,60,19
7,act,male,61,18
7,act,male,62,17
7,act,male,63,19
7,act,male,64,18
7,act,male,65,14
7,act,male,66,13
7,act,male,67,11
7,act,male,68,14
7,act,male,69,10
7,act,male,70,10
7,act,male,71,9
7,act,male,72,9
7,act,male,73,8
7,act,male,74,9
7,act,male,75,7
7,act,male,76,6
7,act,male,77,6
7,act,male,78,6
7,act,male,79,5
7,act,male,80,5
7,act,male,81,4
7,act,male,82,4
7,act,male,83,3
7,act,male,84,4
7,act,male,85,3
7,act,male,86,3
7,act,male,87,3
7,act,male,88,2
7,act,male,89,2
7,act,male,90,2
7,act,male,92,1
7,act,female,0,25
7,act,female,1,25
7,act,female,2,23
7,act,female,3,22
7,act,female,4,23
7,act,female,5,21
7,act,female,6,21
7,act,female,7,21
7,act,female,8,22
7,act,female,9,21
7,act,female,10,23
7,act,female,11,21
7,act,female,12,21
7,act,female,13,20
7,act,female,14,22
7,act,female,15,24
7,act,female,16,22
7,act,female,17,23
7,act,female,18,26
7,act,female,19,27
7,act,female,20,37
7,act,female,21,35
7,act,female,22,33
7,act,female,23,32
7,act,female,24,32
7,act,female,25,37
7,act,female,26,32
7,act,female,27,34
7,act,female,28,33
7,act,female,29,33
7,act,female,30,35
7,act,female,31,32
7,act,female,32,27
7,act,female,33,27
7,act,female,34,27
7,act,female,35,29
7,act,female,36,28
7,act,female,37,29
7,act,female,38,30
7,act,female,39,26
7,act,female,40,29
7,act,female,41,28
7,act,female,42,28
7,act,female,43,27
7,act,female,44,26
7,act,female,45,25
7,act,female,46,26
7,act,female,47,27
7,act,female,48,25
7,act,female,49,26
7,act,female,50,29
7,act,female,51,26
7,act,female,52,24
7,act,female,53,24
7,act,female,54,24
7,act,female,55,23
7,act,female,56,22
7,act,female,57,22
7,act,female,58,21
7,act,female,59,20
7,act,female,60,20
7,act,female,61,18
7,act,female,62,19
7,act,female,63,20
7,act,female,64,20
7,act,female,65,17
7,act,female,66,15
7,act,female,67,13
7,act,female,68,11
7,act,female,69,12
7,act,female,70,11
7,act,female,71,10
7,act,female,72,9
7,act,female,73,10
7,act,female,74,9
7,act,female,75,7
7,act,female,76,8
7,act,female,77,8
7,act,female,78,7
7,act,female,79,7
7,act,female,80,6
7,act,female,81,7
7,act,female,82,6
7,act,female,83,5
7,act,female,84,5
7,act,female,85,6
7,act,female,86,5
7,act,female,87,5
7,act,female,88,4
7,act,female,89,1
7,act,female,90,2
7,act,female,91,2
7,act,female,92,2
7,act,female,95,1
8,nsw,male,0,545
8,nsw,male,1,490
8,nsw,male,2,479
8,nsw,male,3,474
8,nsw,male,4,471
8,nsw,male,5,479
8,nsw,male,6,458
8,nsw,male,7,452
8,nsw,male,8,445
8,nsw,male,9,445
8,nsw,male,10,466
8,nsw,male,11,450
8,nsw,male,12,444
8,nsw,male,13,454
8,nsw,male,14,458
8,nsw,male,15,503
8,nsw,male,16,466
8,nsw,male,17,461
8,nsw,male,18,463
8,nsw,male,19,478
8,nsw,male,20,588
8,nsw,male,21,505
8,nsw,male,22,501
8,nsw,male,23,499
8,nsw,male,24,504
8,nsw,male,25,616
8,nsw,male,26,520
8,nsw,male,27,517
8,nsw,male,28,519
8,nsw,male,29,512
8,nsw,male,30,574
8,nsw,male,31,495
8,nsw,male,32,481
8,nsw,male,33,472
8,nsw,male,34,473
8,nsw,male,35,510
8,nsw,male,36,481
8,nsw,male,37,499
8,nsw,male,38,506
8,nsw,male,39,522
8,nsw,male,40,547
8,nsw,male,41,486
8,nsw,male,42,480
8,nsw,male,43,459
8,nsw,male,44,462
8,nsw,male,45,488
8,nsw,male,46,479
8,nsw,male,47,495
8,nsw,male,48,495
8,nsw,male,49,497
8,nsw,male,50,506
8,nsw,male,51,482
8,nsw,male,52,469
8,nsw,male,53,461
8,nsw,male,54,459
8,nsw,male,55,452
8,nsw,male,56,429
8,nsw,male,57,416
8,nsw,male,58,412
8,nsw,male,59,396
8,nsw,male,60,411
8,nsw,male,61,389
8,nsw,male,62,388
8,nsw,male,63,396
8,nsw,male,64,386
8,nsw,male,65,358
8,nsw,male,66,328
8,nsw,male,67,307
8,nsw,male,68,283
8,nsw,male,69,276
8,nsw,male,70,254
8,nsw,male,71,245
8,nsw,male,72,228
8,nsw,male,73,220
8,nsw,male,74,208
8,nsw,male,75,197
8,nsw,male,76,182
8,nsw,male,77,167
8,nsw,male,78,159
8,nsw,male,79,157
8,nsw,male,80,151
8,nsw,male,81,142
8,nsw,male,82,134
8,nsw,male,83,123
8,nsw,male,84,105
8,nsw,male,85,91
8,nsw,male,86,80
8,nsw,male,87,71
8,nsw,male,88,57
8,nsw,male,89,53
8,nsw,male,90,34
8,nsw,male,91,29
8,nsw,male,92,17
8,nsw,male,93,16
8,nsw,male,94,13
8,nsw,male,95,7
8,nsw,male,96,5
8,nsw,male,97,2
8,nsw,male,98,2
8,nsw,male,99,1
8,nsw,male,100,1
8,nsw,male,101,1
8,nsw,female,0,541
8,nsw,female,1,468
8,nsw,female,2,462
8,nsw,female,3,453
8,nsw,female,4,445
8,nsw,female,5,463
8,nsw,female,6,429
8,nsw,female,7,427
8,nsw,female,8,424
8,nsw,female,9,421
8,nsw,female,10,446
8,nsw,female,11,430
8,nsw,female,12,422
8,nsw,female,13,423
8,nsw,female,14,430
8,nsw,female,15,464
8,nsw,female,16,437
8,nsw,female,17,442
8,nsw,female,18,442
8,nsw,female,19,449
8,nsw,female,20,588
8,nsw,female,21,479
8,nsw,female,22,478
8,nsw,female,23,477
8,nsw,female,24,482
8,nsw,female,25,614
8,nsw,female,26,505
8,nsw,female,27,518
8,nsw,female,28,515
8,nsw,female,29,507
8,nsw,female,30,546
8,nsw,female,31,490
8,nsw,female,32,488
8,nsw,female,33,482
8,nsw,female,34,481
8,nsw,female,35,518
8,nsw,female,36,494
8,nsw,female,37,505
8,nsw,female,38,523
8,nsw,female,39,533
8,nsw,female,40,540
8,nsw,female,41,498
8,nsw,female,42,492
8,nsw,female,43,478
8,nsw,female,44,473
8,nsw,female,45,488
8,nsw,female,46,485
8,nsw,female,47,502
8,nsw,female,48,512
8,nsw,female,49,504
8,nsw,female,50,518
8,nsw,female,51,490
8,nsw,female,52,477
8,nsw,female,53,470
8,nsw,female,54,454
8,nsw,female,55,459
8,nsw,female,56,438
8,nsw,female,57,426
8,nsw,female,58,419
8,nsw,female,59,408
8,nsw,female,60,409
8,nsw,female,61,393
8,nsw,female,62,386
8,nsw,female,63,389
8,nsw,female,64,390
8,nsw,female,65,359
8,nsw,female,66,332
8,nsw,female,67,312
8,nsw,female,68,288
8,nsw,female,69,279
8,nsw,female,70,264
8,nsw,female,71,255
8,nsw,female,72,242
8,nsw,female,73,236
8,nsw,female,74,230
8,nsw,female,75,224
8,nsw,female,76,202
8,nsw,female,77,199
8,nsw,female,78,191
8,nsw,female,79,191
8,nsw,female,80,195
8,nsw,female,81,184
8,nsw,female,82,175
8,nsw,female,83,163
8,nsw,female,84,155
8,nsw,female,85,143
8,nsw,female,86,127
8,nsw,female,87,116
8,nsw,female,88,107
8,nsw,female,89,93
8,nsw,female,90,76
8,nsw,female,91,61
8,nsw,female,92,45
8,nsw,female,93,39
8,nsw,female,94,31
8,nsw,female,95,22
8,nsw,female,96,18
8,nsw,female,97,12
8,nsw,female,98,9
8,nsw,female,99,7
8,nsw,female,100,5
8,nsw,female,101,4
8,vic,male,0,384
8,vic,male,1,363
8,vic,male,2,359
8,vic,male,3,354
8,vic,male,4,352
8,vic,male,5,361
8,vic,male,6,336
8,vic,male,7,331
8,vic,male,8,329
8,vic,male,9,325
8,vic,male,10,343
8,vic,male,11,327
8,vic,male,12,332
8,vic,male,13,339
8,vic,male,14,338
8,vic,male,15,378
8,vic,male,16,350
8,vic,male,17,354
8,vic,male,18,356
8,vic,male,19,372
8,vic,male,20,494
8,vic,male,21,415
8,vic,male,22,416
8,vic,male,23,424
8,vic,male,24,426
8,vic,male,25,502
8,vic,male,26,425
8,vic,male,27,424
8,vic,male,28,420
8,vic,male,29,406
8,vic,male,30,447
8,vic,male,31,385
8,vic,male,32,379
8,vic,male,33,375
8,vic,male,34,367
8,vic,male,35,400
8,vic,male,36,377
8,vic,male,37,384
8,vic,male,38,393
8,vic,male,39,404
8,vic,male,40,417
8,vic,male,41,393
8,vic,male,42,390
8,vic,male,43,376
8,vic,male,44,367
8,vic,male,45,369
8,vic,male,46,363
8,vic,male,47,372
8,vic,male,48,374
8,vic,male,49,372
8,vic,male,50,373
8,vic,male,51,358
8,vic,male,52,354
8,vic,male,53,337
8,vic,male,54,337
8,vic,male,55,342
8,vic,male,56,319
8,vic,male,57,314
8,vic,male,58,308
8,vic,male,59,300
8,vic,male,60,297
8,vic,male,61,288
8,vic,male,62,282
8,vic,male,63,287
8,vic,male,64,289
8,vic,male,65,254
8,vic,male,66,235
8,vic,male,67,222
8,vic,male,68,204
8,vic,male,69,201
8,vic,male,70,191
8,vic,male,71,182
8,vic,male,72,176
8,vic,male,73,162
8,vic,male,74,156
8,vic,male,75,142
8,vic,male,76,137
8,vic,male,77,127
8,vic,male,78,122
8,vic,male,79,118
8,vic,male,80,112
8,vic,male,81,103
8,vic,male,82,93
8,vic,male,83,91
8,vic,male,84,81
8,vic,male,85,69
8,vic,male,86,53
8,vic,male,87,44
8,vic,male,88,43
8,vic,male,89,35
8,vic,male,90,28
8,vic,male,91,21
8,vic,male,92,14
8,vic,male,93,9
8,vic,male,94,9
8,vic,male,95,7
8,vic,male,96,5
8,vic,male,97,4
8,vic,male,98,3
8,vic,male,99,2
8,vic,male,100,1
8,vic,female,0,375
8,vic,female,1,344
8,vic,female,2,341
8,vic,female,3,335
8,vic,female,4,332
8,vic,female,5,340
8,vic,female,6,316
8,vic,female,7,315
8,vic,female,8,313
8,vic,female,9,312
8,vic,female,10,334
8,vic,female,11,315
8,vic,female,12,320
8,vic,female,13,315
8,vic,female,14,320
8,vic,female,15,360
8,vic,female,16,331
8,vic,female,17,330
8,vic,female,18,341
8,vic,female,19,352
8,vic,female,20,464
8,vic,female,21,394
8,vic,female,22,394
8,vic,female,23,394
8,vic,female,24,399
8,vic,female,25,494
8,vic,female,26,412
8,vic,female,27,414
8,vic,female,28,405
8,vic,female,29,402
8,vic,female,30,439
8,vic,female,31,382
8,vic,female,32,379
8,vic,female,33,369
8,vic,female,34,366
8,vic,female,35,396
8,vic,female,36,382
8,vic,female,37,384
8,vic,female,38,398
8,vic,female,39,419
8,vic,female,40,438
8,vic,female,41,401
8,vic,female,42,398
8,vic,female,43,386
8,vic,female,44,371
8,vic,female,45,388
8,vic,female,46,378
8,vic,female,47,382
8,vic,female,48,382
8,vic,female,49,383
8,vic,female,50,390
8,vic,female,51,369
8,vic,female,52,364
8,vic,female,53,354
8,vic,female,54,349
8,vic,female,55,348
8,vic,female,56,328
8,vic,female,57,326
8,vic,female,58,320
8,vic,female,59,309
8,vic,female,60,315
8,vic,female,61,301
8,vic,female,62,296
8,vic,female,63,293
8,vic,female,64,297
8,vic,female,65,271
8,vic,female,66,246
8,vic,female,67,237
8,vic,female,68,218
8,vic,female,69,211
8,vic,female,70,199
8,vic,female,71,189
8,vic,female,72,185
8,vic,female,73,178
8,vic,female,74,171
8,vic,female,75,166
8,vic,female,76,160
8,vic,female,77,151
8,vic,female,78,148
8,vic,female,79,141
8,vic,female,80,146
8,vic,female,81,136
8,vic,female,82,130
8,vic,female,83,124
8,vic,female,84,119
8,vic,female,85,111
8,vic,female,86,93
8,vic,female,87,88
8,vic,female,88,77
8,vic,female,89,71
8,vic,female,90,57
8,vic,female,91,42
8,vic,female,92,31
8,vic,female,93,27
8,vic,female,94,25
8,vic,female,95,18
8,vic,female,96,12
8,vic,female,97,11
8,vic,female,98,7
8,vic,female,99,3
8,vic,female,100,4
8,vic,female,101,3
8,qld,male,0,346
8,qld,male,1,315
8,qld,male,2,313
8,qld,male,3,308
8,qld,male,4,306
8,qld,male,5,317
8,qld,male,6,292
8,qld,male,7,288
8,qld,male,8,286
8,qld,male,9,290
8,qld,male,10,308
8,qld,male,11,291
8,qld,male,12,293
8,qld,male,13,296
8,qld,male,14,295
8,qld,male,15,327
8,qld,male,16,302
8,qld,male,17,299
8,qld,male,18,301
8,qld,male,19,305
8,qld,male,20,388
8,qld,male,21,314
8,qld,male,22,313
8,qld,male,23,316
8,qld,male,24,324
8,qld,male,25,394
8,qld,male,26,330
8,qld,male,27,323
8,qld,male,28,331
8,qld,male,29,317
8,qld,male,30,351
8,qld,male,31,295
8,qld,male,32,291
8,qld,male,33,283
8,qld,male,34,290
8,qld,male,35,321
8,qld,male,36,301
8,qld,male,37,312
8,qld,male,38,316
8,qld,male,39,331
8,qld,male,40,350
8,qld,male,41,314
8,qld,male,42,307
8,qld,male,43,300
8,qld,male,44,291
8,qld,male,45,298
8,qld,male,46,297
8,qld,male,47,305
8,qld,male,48,304
8,qld,male,49,308
8,qld,male,50,309
8,qld,male,51,295
8,qld,male,52,285
8,qld,male,53,275
8,qld,male,54,272
8,qld,male,55,279
8,qld,male,56,260
8,qld,male,57,259
8,qld,male,58,257
8,qld,male,59,252
8,qld,male,60,248
8,qld,male,61,244
8,qld,male,62,243
8,qld,male,63,247
8,qld,male,64,240
8,qld,male,65,226
8,qld,male,66,200
8,qld,male,67,186
8,qld,male,68,164
8,qld,male,69,166
8,qld,male,70,154
8,qld,male,71,148
8,qld,male,72,133
8,qld,male,73,129
8,qld,male,74,120
8,qld,male,75,106
8,qld,male,76,100
8,qld,male,77,93
8,qld,male,78,88
8,qld,male,79,82
8,qld,male,80,78
8,qld,male,81,76
8,qld,male,82,71
8,qld,male,83,61
8,qld,male,84,53
8,qld,male,85,49
8,qld,male,86,41
8,qld,male,87,33
8,qld,male,88,29
8,qld,male,89,25
8,qld,male,90,19
8,qld,male,91,16
8,qld,male,92,12
8,qld,male,93,6
8,qld,male,94,5
8,qld,male,95,3
8,qld,male,96,3
8,qld,male,97,1
8,qld,male,98,2
8,qld,male,99,1
8,qld,male,100,1
8,qld,female,0,335
8,qld,female,1,294
8,qld,female,2,297
8,qld,female,3,291
8,qld,female,4,287
8,qld,female,5,301
8,qld,female,6,280
8,qld,female,7,276
8,qld,female,8,270
8,qld,female,9,278
8,qld,female,10,291
8,qld,female,11,279
8,qld,female,12,280
8,qld,female,13,281
8,qld,female,14,283
8,qld,female,15,312
8,qld,female,16,289
8,qld,female,17,287
8,qld,female,18,288
8,qld,female,19,298
8,qld,female,20,358
8,qld,female,21,311
8,qld,female,22,305
8,qld,female,23,305
8,qld,female,24,313
8,qld,female,25,381
8,qld,female,26,325
8,qld,female,27,315
8,qld,female,28,315
8,qld,female,29,306
8,qld,female,30,337
8,qld,female,31,296
8,qld,female,32,289
8,qld,female,33,293
8,qld,female,34,293
8,qld,female,35,317
8,qld,female,36,303
8,qld,female,37,314
8,qld,female,38,321
8,qld,female,39,337
8,qld,female,40,352
8,qld,female,41,320
8,qld,female,42,312
8,qld,female,43,300
8,qld,female,44,296
8,qld,female,45,304
8,qld,female,46,305
8,qld,female,47,315
8,qld,female,48,313
8,qld,female,49,319
8,qld,female,50,318
8,qld,female,51,299
8,qld,female,52,293
8,qld,female,53,290
8,qld,female,54,278
8,qld,female,55,282
8,qld,female,56,268
8,qld,female,57,258
8,qld,female,58,254
8,qld,female,59,249
8,qld,female,60,257
8,qld,female,61,240
8,qld,female,62,238
8,qld,female,63,236
8,qld,female,64,237
8,qld,female,65,214
8,qld,female,66,198
8,qld,female,67,185
8,qld,female,68,167
8,qld,female,69,164
8,qld,female,70,151
8,qld,female,71,146
8,qld,female,72,136
8,qld,female,73,123
8,qld,female,74,122
8,qld,female,75,115
8,qld,female,76,112
8,qld,female,77,103
8,qld,female,78,102
8,qld,female,79,98
8,qld,female,80,95
8,qld,female,81,92
8,qld,female,82,89
8,qld,female,83,81
8,qld,female,84,76
8,qld,female,85,68
8,qld,female,86,64
8,qld,female,87,52
8,qld,female,88,51
8,qld,female,89,44
8,qld,female,90,40
8,qld,female,91,30
8,qld,female,92,23
8,qld,female,93,17
8,qld,female,94,15
8,qld,female,95,12
8,qld,female,96,7
8,qld,female,97,5
8,qld,female,98,4
8,qld,female,99,3
8,qld,female,100,3
8,qld,female,101,1
8,sa,male,0,107
8,sa,male,1,102
8,sa,male,2,100
8,sa,male,3,98
8,sa,male,4,98
8,sa,male,5,103
8,sa,male,6,95
8,sa,male,7,94
8,sa,male,8,95
8,sa,male,9,97
8,sa,male,10,99
8,sa,male,11,101
8,sa,male,12,102
8,sa,male,13,99
8,sa,male,14,101
8,sa,male,15,112
8,sa,male,16,106
8,sa,male,17,104
8,sa,male,18,110
8,sa,male,19,112
8,sa,male,20,136
8,sa,male,21,117
8,sa,male,22,120
8,sa,male,23,117
8,sa,male,24,117
8,sa,male,25,132
8,sa,male,26,117
8,sa,male,27,118
8,sa,male,28,116
8,sa,male,29,111
8,sa,male,30,112
8,sa,male,31,103
8,sa,male,32,99
8,sa,male,33,98
8,sa,male,34,98
8,sa,male,35,110
8,sa,male,36,101
8,sa,male,37,103
8,sa,male,38,112
8,sa,male,39,115
8,sa,male,40,118
8,sa,male,41,119
8,sa,male,42,115
8,sa,male,43,113
8,sa,male,44,110
8,sa,male,45,109
8,sa,male,46,113
8,sa,male,47,115
8,sa,male,48,116
8,sa,male,49,120
8,sa,male,50,117
8,sa,male,51,114
8,sa,male,52,113
8,sa,male,53,110
8,sa,male,54,107
8,sa,male,55,106
8,sa,male,56,104
8,sa,male,57,100
8,sa,male,58,100
8,sa,male,59,96
8,sa,male,60,96
8,sa,male,61,97
8,sa,male,62,95
8,sa,male,63,93
8,sa,male,64,96
8,sa,male,65,84
8,sa,male,66,78
8,sa,male,67,73
8,sa,male,68,68
8,sa,male,69,63
8,sa,male,70,60
8,sa,male,71,59
8,sa,male,72,57
8,sa,male,73,55
8,sa,male,74,53
8,sa,male,75,48
8,sa,male,76,43
8,sa,male,77,43
8,sa,male,78,41
8,sa,male,79,40
8,sa,male,80,38
8,sa,male,81,38
8,sa,male,82,33
8,sa,male,83,32
8,sa,male,84,30
8,sa,male,85,27
8,sa,male,86,20
8,sa,male,87,18
8,sa,male,88,16
8,sa,male,89,12
8,sa,male,90,10
8,sa,male,91,8
8,sa,male,92,4
8,sa,male,93,3
8,sa,male,94,3
8,sa,male,95,2
8,sa,male,96,1
8,sa,male,97,1
8,sa,male,100,1
8,sa,female,0,116
8,sa,female,1,96
8,sa,female,2,96
8,sa,female,3,94
8,sa,female,4,96
8,sa,female,5,97
8,sa,female,6,90
8,sa,female,7,91
8,sa,female,8,87
8,sa,female,9,94
8,sa,female,10,97
8,sa,female,11,95
8,sa,female,12,97
8,sa,female,13,96
8,sa,female,14,100
8,sa,female,15,107
8,sa,female,16,100
8,sa,female,17,98
8,sa,female,18,104
8,sa,female,19,106
8,sa,female,20,113
8,sa,female,21,112
8,sa,female,22,110
8,sa,female,23,111
8,sa,female,24,115
8,sa,female,25,135
8,sa,female,26,112
8,sa,female,27,110
8,sa,female,28,108
8,sa,female,29,105
8,sa,female,30,109
8,sa,female,31,102
8,sa,female,32,96
8,sa,female,33,98
8,sa,female,34,101
8,sa,female,35,106
8,sa,female,36,103
8,sa,female,37,106
8,sa,female,38,110
8,sa,female,39,120
8,sa,female,40,120
8,sa,female,41,113
8,sa,female,42,112
8,sa,female,43,111
8,sa,female,44,110
8,sa,female,45,119
8,sa,female,46,114
8,sa,female,47,117
8,sa,female,48,115
8,sa,female,49,120
8,sa,female,50,124
8,sa,female,51,115
8,sa,female,52,114
8,sa,female,53,112
8,sa,female,54,111
8,sa,female,55,109
8,sa,female,56,106
8,sa,female,57,106
8,sa,female,58,103
8,sa,female,59,102
8,sa,female,60,103
8,sa,female,61,100
8,sa,female,62,96
8,sa,female,63,99
8,sa,female,64,99
8,sa,female,65,92
8,sa,female,66,83
8,sa,female,67,79
8,sa,female,68,72
8,sa,female,69,69
8,sa,female,70,66
8,sa,female,71,61
8,sa,female,72,64
8,sa,female,73,60
8,sa,female,74,58
8,sa,female,75,55
8,sa,female,76,52
8,sa,female,77,52
8,sa,female,78,50
8,sa,female,79,49
8,sa,female,80,50
8,sa,female,81,48
8,sa,female,82,44
8,sa,female,83,43
8,sa,female,84,44
8,sa,female,85,41
8,sa,female,86,36
8,sa,female,87,32
8,sa,female,88,29
8,sa,female,89,27
8,sa,female,90,21
8,sa,female,91,14
8,sa,female,92,13
8,sa,female,93,10
8,sa,female,94,7
8,sa,female,95,8
8,sa,female,96,4
8,sa,female,97,3
8,sa,female,98,1
8,sa,female,99,2
8,sa,female,100,2
8,sa,female,101,1
8,wa,male,0,186
8,wa,male,1,159
8,wa,male,2,155
8,wa,male,3,155
8,wa,male,4,155
8,wa,male,5,160
8,wa,male,6,143
8,wa,male,7,144
8,wa,male,8,143
8,wa,male,9,144
8,wa,male,10,152
8,wa,male,11,148
8,wa,male,12,154
8,wa,male,13,147
8,wa,male,14,153
8,wa,male,15,175
8,wa,male,16,155
8,wa,male,17,153
8,wa,male,18,156
8,wa,male,19,161
8,wa,male,20,194
8,wa,male,21,172
8,wa,male,22,176
8,wa,male,23,175
8,wa,male,24,187
8,wa,male,25,234
8,wa,male,26,189
8,wa,male,27,186
8,wa,male,28,179
8,wa,male,29,172
8,wa,male,30,201
8,wa,male,31,162
8,wa,male,32,158
8,wa,male,33,158
8,wa,male,34,153
8,wa,male,35,177
8,wa,male,36,160
8,wa,male,37,161
8,wa,male,38,167
8,wa,male,39,180
8,wa,male,40,200
8,wa,male,41,174
8,wa,male,42,169
8,wa,male,43,164
8,wa,male,44,162
8,wa,male,45,170
8,wa,male,46,163
8,wa,male,47,163
8,wa,male,48,165
8,wa,male,49,162
8,wa,male,50,169
8,wa,male,51,159
8,wa,male,52,155
8,wa,male,53,148
8,wa,male,54,147
8,wa,male,55,150
8,wa,male,56,142
8,wa,male,57,138
8,wa,male,58,134
8,wa,male,59,131
8,wa,male,60,136
8,wa,male,61,124
8,wa,male,62,123
8,wa,male,63,125
8,wa,male,64,118
8,wa,male,65,105
8,wa,male,66,95
8,wa,male,67,90
8,wa,male,68,84
8,wa,male,69,81
8,wa,male,70,75
8,wa,male,71,73
8,wa,male,72,66
8,wa,male,73,60
8,wa,male,74,60
8,wa,male,75,53
8,wa,male,76,49
8,wa,male,77,47
8,wa,male,78,44
8,wa,male,79,43
8,wa,male,80,40
8,wa,male,81,38
8,wa,male,82,33
8,wa,male,83,30
8,wa,male,84,28
8,wa,male,85,23
8,wa,male,86,18
8,wa,male,87,17
8,wa,male,88,13
8,wa,male,89,11
8,wa,male,90,9
8,wa,male,91,7
8,wa,male,92,5
8,wa,male,93,4
8,wa,male,94,3
8,wa,male,95,2
8,wa,male,96,2
8,wa,male,97,1
8,wa,male,99,1
8,wa,female,0,173
8,wa,female,1,148
8,wa,female,2,150
8,wa,female,3,149
8,wa,female,4,150
8,wa,female,5,159
8,wa,female,6,139
8,wa,female,7,138
8,wa,female,8,138
8,wa,female,9,141
8,wa,female,10,154
8,wa,female,11,144
8,wa,female,12,143
8,wa,female,13,142
8,wa,female,14,143
8,wa,female,15,161
8,wa,female,16,146
8,wa,female,17,147
8,wa,female,18,147
8,wa,female,19,151
8,wa,female,20,198
8,wa,female,21,161
8,wa,female,22,162
8,wa,female,23,162
8,wa,female,24,170
8,wa,female,25,235
8,wa,female,26,168
8,wa,female,27,165
8,wa,female,28,167
8,wa,female,29,164
8,wa,female,30,192
8,wa,female,31,157
8,wa,female,32,154
8,wa,female,33,153
8,wa,female,34,156
8,wa,female,35,176
8,wa,female,36,154
8,wa,female,37,162
8,wa,female,38,167
8,wa,female,39,172
8,wa,female,40,187
8,wa,female,41,168
8,wa,female,42,166
8,wa,female,43,162
8,wa,female,44,157
8,wa,female,45,159
8,wa,female,46,163
8,wa,female,47,162
8,wa,female,48,165
8,wa,female,49,164
8,wa,female,50,163
8,wa,female,51,158
8,wa,female,52,155
8,wa,female,53,147
8,wa,female,54,151
8,wa,female,55,156
8,wa,female,56,142
8,wa,female,57,140
8,wa,female,58,134
8,wa,female,59,130
8,wa,female,60,131
8,wa,female,61,120
8,wa,female,62,121
8,wa,female,63,120
8,wa,female,64,115
8,wa,female,65,106
8,wa,female,66,96
8,wa,female,67,88
8,wa,female,68,84
8,wa,female,69,80
8,wa,female,70,75
8,wa,female,71,70
8,wa,female,72,71
8,wa,female,73,66
8,wa,female,74,60
8,wa,female,75,60
8,wa,female,76,55
8,wa,female,77,54
8,wa,female,78,51
8,wa,female,79,50
8,wa,female,80,49
8,wa,female,81,47
8,wa,female,82,43
8,wa,female,83,44
8,wa,female,84,34
8,wa,female,85,35
8,wa,female,86,32
8,wa,female,87,28
8,wa,female,88,28
8,wa,female,89,22
8,wa,female,90,17
8,wa,female,91,15
8,wa,female,92,10
8,wa,female,93,9
8,wa,female,94,8
8,wa,female,95,8
8,wa,female,96,5
8,wa,female,97,4
8,wa,female,98,3
8,wa,female,99,1
8,wa,female,101,1
8,tas,male,0,33
8,tas,male,1,33
8,tas,male,2,34
8,tas,male,3,35
8,tas,male,4,33
8,tas,male,5,36
8,tas,male,6,33
8,tas,male,7,31
8,tas,male,8,31
8,tas,male,9,36
8,tas,male,10,34
8,tas,male,11,36
8,tas,male,12,37
8,tas,male,13,34
8,tas,male,14,37
8,tas,male,15,36
8,tas,male,16,35
8,tas,male,17,38
8,tas,male,18,37
8,tas,male,19,35
8,tas,male,20,39
8,tas,male,21,38
8,tas,male,22,35
8,tas,male,23,36
8,tas,male,24,33
8,tas,male,25,37
8,tas,male,26,31
8,tas,male,27,34
8,tas,male,28,32
8,tas,male,29,30
8,tas,male,30,32
8,tas,male,31,28
8,tas,male,32,30
8,tas,male,33,28
8,tas,male,34,29
8,tas,male,35,33
8,tas,male,36,32
8,tas,male,37,31
8,tas,male,38,34
8,tas,male,39,35
8,tas,male,40,36
8,tas,male,41,37
8,tas,male,42,36
8,tas,male,43,33
8,tas,male,44,33
8,tas,male,45,32
8,tas,male,46,36
8,tas,male,47,37
8,tas,male,48,38
8,tas,male,49,40
8,tas,male,50,38
8,tas,male,51,38
8,tas,male,52,37
8,tas,male,53,36
8,tas,male,54,37
8,tas,male,55,39
8,tas,male,56,34
8,tas,male,57,33
8,tas,male,58,36
8,tas,male,59,35
8,tas,male,60,34
8,tas,male,61,32
8,tas,male,62,33
8,tas,male,63,32
8,tas,male,64,34
8,tas,male,65,28
8,tas,male,66,27
8,tas,male,67,27
8,tas,male,68,24
8,tas,male,69,23
8,tas,male,70,21
8,tas,male,71,19
8,tas,male,72,19
8,tas,male,73,19
8,tas,male,74,17
8,tas,male,75,15
8,tas,male,76,14
8,tas,male,77,13
8,tas,male,78,12
8,tas,male,79,13
8,tas,male,80,12
8,tas,male,81,12
8,tas,male,82,10
8,tas,male,83,10
8,tas,male,84,8
8,tas,male,85,8
8,tas,male,86,7
8,tas,male,87,4
8,tas,male,88,4
8,tas,male,89,4
8,tas,male,90,2
8,tas,male,91,1
8,tas,male,93,1
8,tas,male,94,1
8,tas,female,0,28
8,tas,female,1,33
8,tas,female,2,33
8,tas,female,3,33
8,tas,female,4,32
8,tas,female,5,33
8,tas,female,6,31
8,tas,female,7,29
8,tas,female,8,30
8,tas,female,9,31
8,tas,female,10,31
8,tas,female,11,32
8,tas,female,12,32
8,tas,female,13,34
8,tas,female,14,34
8,tas,female,15,34
8,tas,female,16,35
8,tas,female,17,37
8,tas,female,18,34
8,tas,female,19,34
8,tas,female,20,34
8,tas,female,21,31
8,tas,female,22,32
8,tas,female,23,31
8,tas,female,24,34
8,tas,female,25,33
8,tas,female,26,32
8,tas,female,27,30
8,tas,female,28,30
8,tas,female,29,30
8,tas,female,30,36
8,tas,female,31,30
8,tas,female,32,30
8,tas,female,33,28
8,tas,female,34,31
8,tas,female,35,33
8,tas,female,36,32
8,tas,female,37,35
8,tas,female,38,34
8,tas,female,39,37
8,tas,female,40,39
8,tas,female,41,39
8,tas,female,42,36
8,tas,female,43,34
8,tas,female,44,34
8,tas,female,45,32
8,tas,female,46,36
8,tas,female,47,40
8,tas,female,48,36
8,tas,female,49,39
8,tas,female,50,40
8,tas,female,51,38
8,tas,female,52,39
8,tas,female,53,38
8,tas,female,54,37
8,tas,female,55,37
8,tas,female,56,36
8,tas,female,57,34
8,tas,female,58,35
8,tas,female,59,35
8,tas,female,60,35
8,tas,female,61,32
8,tas,female,62,30
8,tas,female,63,34
8,tas,female,64,33
8,tas,female,65,26
8,tas,female,66,27
8,tas,female,67,25
8,tas,female,68,23
8,tas,female,69,22
8,tas,female,70,22
8,tas,female,71,19
8,tas,female,72,20
8,tas,female,73,19
8,tas,female,74,19
8,tas,female,75,17
8,tas,female,76,17
8,tas,female,77,13
8,tas,female,78,16
8,tas,female,79,15
8,tas,female,80,15
8,tas,female,81,13
8,tas,female,82,12
8,tas,female,83,12
8,tas,female,84,12
8,tas,female,85,11
8,tas,female,86,11
8,tas,female,87,10
8,tas,female,88,8
8,tas,female,89,8
8,tas,female,90,7
8,tas,female,91,4
8,tas,female,92,3
8,tas,female,93,2
8,tas,female,94,3
8,tas,female,95,2
8,tas,female,96,3
8,tas,female,97,1
8,tas,female,98,1
8,tas,female,100,1
8,nt,male,0,21
8,nt,male,1,20
8,nt,male,2,21
8,nt,male,3,21
8,nt,male,4,18
8,nt,male,5,21
8,nt,male,6,18
8,nt,male,7,16
8,nt,male,8,19
8,nt,male,9,18
8,nt,male,10,22
8,nt,male,11,19
8,nt,male,12,17
8,nt,male,13,18
8,nt,male,14,18
8,nt,male,15,20
8,nt,male,16,19
8,nt,male,17,18
8,nt,male,18,20
8,nt,male,19,19
8,nt,male,20,25
8,nt,male,21,21
8,nt,male,22,22
8,nt,male,23,25
8,nt,male,24,23
8,nt,male,25,25
8,nt,male,26,27
8,nt,male,27,25
8,nt,male,28,24
8,nt,male,29,24
8,nt,male,30,26
8,nt,male,31,23
8,nt,male,32,21
8,nt,male,33,18
8,nt,male,34,20
8,nt,male,35,28
8,nt,male,36,21
8,nt,male,37,17
8,nt,male,38,19
8,nt,male,39,21
8,nt,male,40,20
8,nt,male,41,21
8,nt,male,42,19
8,nt,male,43,16
8,nt,male,44,16
8,nt,male,45,22
8,nt,male,46,20
8,nt,male,47,17
8,nt,male,48,16
8,nt,male,49,18
8,nt,male,50,16
8,nt,male,51,15
8,nt,male,52,14
8,nt,male,53,15
8,nt,male,54,14
8,nt,male,55,15
8,nt,male,56,15
8,nt,male,57,14
8,nt,male,58,13
8,nt,male,59,13
8,nt,male,60,13
8,nt,male,61,12
8,nt,male,62,14
8,nt,male,63,9
8,nt,male,64,11
8,nt,male,65,8
8,nt,male,66,9
8,nt,male,67,7
8,nt,male,68,6
8,nt,male,69,6
8,nt,male,70,8
8,nt,male,71,4
8,nt,male,72,4
8,nt,male,73,4
8,nt,male,74,3
8,nt,male,75,5
8,nt,male,76,1
8,nt,male,77,3
8,nt,male,78,2
8,nt,male,79,2
8,nt,male,80,2
8,nt,male,81,2
8,nt,male,82,1
8,nt,male,83,1
8,nt,male,84,1
8,nt,female,0,17
8,nt,female,1,20
8,nt,female,2,18
8,nt,female,3,19
8,nt,female,4,18
8,nt,female,5,20
8,nt,female,6,17
8,nt,female,7,18
8,nt,female,8,19
8,nt,female,9,16
8,nt,female,10,16
8,nt,female,11,16
8,nt,female,12,16
8,nt,female,13,17
8,nt,female,14,16
8,nt,female,15,16
8,nt,female,16,16
8,nt,female,17,16
8,nt,female,18,16
8,nt,female,19,16
8,nt,female,20,18
8,nt,female,21,15
8,nt,female,22,19
8,nt,female,23,17
8,nt,female,24,20
8,nt,female,25,24
8,nt,female,26,22
8,nt,female,27,23
8,nt,female,28,22
8,nt,female,29,22
8,nt,female,30,24
8,nt,female,31,21
8,nt,female,32,18
8,nt,female,33,20
8,nt,female,34,17
8,nt,female,35,23
8,nt,female,36,19
8,nt,female,37,19
8,nt,female,38,21
8,nt,female,39,19
8,nt,female,40,22
8,nt,female,41,20
8,nt,female,42,19
8,nt,female,43,17
8,nt,female,44,16
8,nt,female,45,16
8,nt,female,46,16
8,nt,female,47,13
8,nt,female,48,15
8,nt,female,49,17
8,nt,female,50,17
8,nt,female,51,14
8,nt,female,52,16
8,nt,female,53,15
8,nt,female,54,14
8,nt,female,55,12
8,nt,female,56,13
8,nt,female,57,12
8,nt,female,58,12
8,nt,female,59,12
8,nt,female,60,10
8,nt,female,61,9
8,nt,female,62,8
8,nt,female,63,8
8,nt,female,64,8
8,nt,female,65,10
8,nt,female,66,7
8,nt,female,67,4
8,nt,female,68,4
8,nt,female,69,6
8,nt,female,70,4
8,nt,female,71,5
8,nt,female,72,3
8,nt,female,73,3
8,nt,female,74,2
8,nt,female,75,2
8,nt,female,76,2
8,nt,female,77,2
8,nt,female,78,2
8,nt,female,79,1
8,nt,female,80,1
8,nt,female,81,1
8,nt,female,83,1
8,nt,female,84,1
8,nt,female,85,1
8,nt,female,86,1
8,nt,female,87,1
8,act,male,0,34
8,act,male,1,23
8,act,male,2,24
8,act,male,3,24
8,act,male,4,24
8,act,male,5,25
8,act,male,6,23
8,act,male,7,22
8,act,male,8,21
8,act,male,9,21
8,act,male,10,22
8,act,male,11,22
8,act,male,12,22
8,act,male,13,22
8,act,male,14,20
8,act,male,15,24
8,act,male,16,24
8,act,male,17,26
8,act,male,18,27
8,act,male,19,32
8,act,male,20,40
8,act,male,21,34
8,act,male,22,34
8,act,male,23,34
8,act,male,24,34
8,act,male,25,40
8,act,male,26,33
8,act,male,27,34
8,act,male,28,31
8,act,male,29,32
8,act,male,30,40
8,act,male,31,30
8,act,male,32,30
8,act,male,33,29
8,act,male,34,30
8,act,male,35,32
8,act,male,36,29
8,act,male,37,28
8,act,male,38,28
8,act,male,39,28
8,act,male,40,29
8,act,male,41,27
8,act,male,42,25
8,act,male,43,24
8,act,male,44,26
8,act,male,45,29
8,act,male,46,25
8,act,male,47,26
8,act,male,48,25
8,act,male,49,24
8,act,male,50,27
8,act,male,51,24
8,act,male,52,23
8,act,male,53,24
8,act,male,54,22
8,act,male,55,21
8,act,male,56,22
8,act,male,57,20
8,act,male,58,21
8,act,male,59,20
8,act,male,60,20
8,act,male,61,19
8,act,male,62,17
8,act,male,63,18
8,act,male,64,18
8,act,male,65,14
8,act,male,66,13
8,act,male,67,11
8,act,male,68,14
8,act,male,69,10
8,act,male,70,10
8,act,male,71,11
8,act,male,72,10
8,act,male,73,7
8,act,male,74,9
8,act,male,75,7
8,act,male,76,7
8,act,male,77,6
8,act,male,78,6
8,act,male,79,4
8,act,male,80,5
8,act,male,81,3
8,act,male,82,4
8,act,male,83,4
8,act,male,84,3
8,act,male,85,4
8,act,male,86,3
8,act,male,87,3
8,act,male,88,2
8,act,male,89,2
8,act,male,90,3
8,act,male,92,1
8,act,female,0,27
8,act,female,1,25
8,act,female,2,23
8,act,female,3,22
8,act,female,4,23
8,act,female,5,22
8,act,female,6,21
8,act,female,7,20
8,act,female,8,22
8,act,female,9,23
8,act,female,10,25
8,act,female,11,21
8,act,female,12,20
8,act,female,13,21
8,act,female,14,22
8,act,female,15,24
8,act,female,16,21
8,act,female,17,23
8,act,female,18,26
8,act,female,19,27
8,act,female,20,37
8,act,female,21,36
8,act,female,22,32
8,act,female,23,32
8,act,female,24,32
8,act,female,25,38
8,act,female,26,32
8,act,female,27,34
8,act,female,28,33
8,act,female,29,34
8,act,female,30,36
8,act,female,31,31
8,act,female,32,28
8,act,female,33,27
8,act,female,34,27
8,act,female,35,30
8,act,female,36,27
8,act,female,37,30
8,act,female,38,29
8,act,female,39,27
8,act,female,40,30
8,act,female,41,28
8,act,female,42,28
8,act,female,43,27
8,act,female,44,26
8,act,female,45,25
8,act,female,46,25
8,act,female,47,27
8,act,female,48,25
8,act,female,49,26
8,act,female,50,29
8,act,female,51,27
8,act,female,52,24
8,act,female,53,24
8,act,female,54,24
8,act,female,55,24
8,act,female,56,23
8,act,female,57,22
8,act,female,58,21
8,act,female,59,20
8,act,female,60,20
8,act,female,61,17
8,act,female,62,19
8,act,female,63,20
8,act,female,64,21
8,act,female,65,17
8,act,female,66,15
8,act,female,67,13
8,act,female,68,11
8,act,female,69,12
8,act,female,70,11
8,act,female,71,10
8,act,female,72,10
8,act,female,73,10
8,act,female,74,8
8,act,female,75,8
8,act,female,76,7
8,act,female,77,8
8,act,female,78,7
8,act,female,79,8
8,act,female,80,6
8,act,female,81,7
8,act,female,82,6
8,act,female,83,5
8,act,female,84,5
8,act,female,85,6
8,act,female,86,5
8,act,female,87,4
8,act,female,88,4
8,act,female,89,2
8,act,female,90,1
8,act,female,91,2
8,act,female,92,2
8,act,female,95,1
9,nsw,male,0,552
9,nsw,male,1,491
9,nsw,male,2,478
9,nsw,male,3,473
9,nsw,male,4,472
9,nsw,male,5,482
9,nsw,male,6,457
9,nsw,male,7,452
9,nsw,male,8,444
9,nsw,male,9,444
9,nsw,male,10,470
9,nsw,male,11,448
9,nsw,male,12,445
9,nsw,male,13,450
9,nsw,male,14,457
9,nsw,male,15,504
9,nsw,male,16,467
9,nsw,male,17,458
9,nsw,male,18,463
9,nsw,male,19,476
9,nsw,male,20,596
9,nsw,male,21,506
9,nsw,male,22,500
9,nsw,male,23,499
9,nsw,male,24,504
9,nsw,male,25,625
9,nsw,male,26,521
9,nsw,male,27,514
9,nsw,male,28,519
9,nsw,male,29,513
9,nsw,male,30,583
9,nsw,male,31,494
9,nsw,male,32,483
9,nsw,male,33,471
9,nsw,male,34,474
9,nsw,male,35,513
9,nsw,male,36,480
9,nsw,male,37,495
9,nsw,male,38,505
9,nsw,male,39,522
9,nsw,male,40,553
9,nsw,male,41,488
9,nsw,male,42,478
9,nsw,male,43,460
9,nsw,male,44,462
9,nsw,male,45,487
9,nsw,male,46,478
9,nsw,male,47,493
9,nsw,male,48,493
9,nsw,male,49,498
9,nsw,male,50,508
9,nsw,male,51,482
9,nsw,male,52,469
9,nsw,male,53,462
9,nsw,male,54,458
9,nsw,male,55,451
9,nsw,male,56,430
9,nsw,male,57,415
9,nsw,male,58,414
9,nsw,male,59,394
9,nsw,male,60,411
9,nsw,male,61,388
9,nsw,male,62,387
9,nsw,male,63,394
9,nsw,male,64,392
9,nsw,male,65,358
9,nsw,male,66,329
9,nsw,male,67,311
9,nsw,male,68,283
9,nsw,male,69,276
9,nsw,male,70,254
9,nsw,male,71,246
9,nsw,male,72,229
9,nsw,male,73,219
9,nsw,male,74,210
9,nsw,male,75,198
9,nsw,male,76,182
9,nsw,male,77,168
9,nsw,male,78,158
9,nsw,male,79,157
9,nsw,male,80,153
9,nsw,male,81,143
9,nsw,male,82,132
9,nsw,male,83,123
9,nsw,male,84,106
9,nsw,male,85,90
9,nsw,male,86,81
9,nsw,male,87,71
9,nsw,male,88,58
9,nsw,male,89,53
9,nsw,male,90,35
9,nsw,male,91,30
9,nsw,male,92,17
9,nsw,male,93,16
9,nsw,male,94,13
9,nsw,male,95,8
9,nsw,male,96,5
9,nsw,male,97,2
9,nsw,male,98,2
9,nsw,male,99,1
9,nsw,male,100,1
9,nsw,male,101,1
9,nsw,female,0,545
9,nsw,female,1,468
9,nsw,female,2,461
9,nsw,female,3,454
9,nsw,female,4,446
9,nsw,female,5,466
9,nsw,female,6,429
9,nsw,female,7,424
9,nsw,female,8,423
9,nsw,female,9,419
9,nsw,female,10,447
9,nsw,female,11,428
9,nsw,female,12,422
9,nsw,female,13,422
9,nsw,female,14,429
9,nsw,female,15,467
9,nsw,female,16,434
9,nsw,female,17,442
9,nsw,female,18,440
9,nsw,female,19,448
9,nsw,female,20,599
9,nsw,female,21,480
9,nsw,female,22,478
9,nsw,female,23,475
9,nsw,female,24,482
9,nsw,female,25,625
9,nsw,female,26,504
9,nsw,female,27,516
9,nsw,female,28,509
9,nsw,female,29,506
9,nsw,female,30,557
9,nsw,female,31,491
9,nsw,female,32,487
9,nsw,female,33,482
9,nsw,female,34,480
9,nsw,female,35,523
9,nsw,female,36,492
9,nsw,female,37,503
9,nsw,female,38,522
9,nsw,female,39,530
9,nsw,female,40,541
9,nsw,female,41,501
9,nsw,female,42,490
9,nsw,female,43,480
9,nsw,female,44,469
9,nsw,female,45,487
9,nsw,female,46,482
9,nsw,female,47,503
9,nsw,female,48,510
9,nsw,female,49,504
9,nsw,female,50,521
9,nsw,female,51,490
9,nsw,female,52,475
9,nsw,female,53,470
9,nsw,female,54,455
9,nsw,female,55,458
9,nsw,female,56,441
9,nsw,female,57,425
9,nsw,female,58,419
9,nsw,female,59,406
9,nsw,female,60,412
9,nsw,female,61,393
9,nsw,female,62,385
9,nsw,female,63,388
9,nsw,female,64,392
9,nsw,female,65,362
9,nsw,female,66,332
9,nsw,female,67,313
9,nsw,female,68,289
9,nsw,female,69,277
9,nsw,female,70,267
9,nsw,female,71,255
9,nsw,female,72,244
9,nsw,female,73,236
9,nsw,female,74,229
9,nsw,female,75,224
9,nsw,female,76,202
9,nsw,female,77,200
9,nsw,female,78,190
9,nsw,female,79,190
9,nsw,female,80,193
9,nsw,female,81,185
9,nsw,female,82,175
9,nsw,female,83,166
9,nsw,female,84,152
9,nsw,female,85,144
9,nsw,female,86,127
9,nsw,female,87,118
9,nsw,female,88,108
9,nsw,female,89,93
9,nsw,female,90,79
9,nsw,female,91,59
9,nsw,female,92,44
9,nsw,female,93,39
9,nsw,female,94,32
9,nsw,female,95,23
9,nsw,female,96,18
9,nsw,female,97,12
9,nsw,female,98,10
9,nsw,female,99,5
9,nsw,female,100,5
9,nsw,female,101,3
9,vic,male,0,383
9,vic,male,1,362
9,vic,male,2,359
9,vic,male,3,353
9,vic,male,4,352
9,vic,male,5,361
9,vic,male,6,336
9,vic,male,7,331
9,vic,male,8,327
9,vic,male,9,326
9,vic,male,10,343
9,vic,male,11,326
9,vic,male,12,331
9,vic,male,13,340
9,vic,male,14,336
9,vic,male,15,381
9,vic,male,16,350
9,vic,male,17,355
9,vic,male,18,354
9,vic,male,19,369
9,vic,male,20,501
9,vic,male,21,414
9,vic,male,22,414
9,vic,male,23,424
9,vic,male,24,426
9,vic,male,25,507
9,vic,male,26,425
9,vic,male,27,422
9,vic,male,28,423
9,vic,male,29,404
9,vic,male,30,450
9,vic,male,31,384
9,vic,male,32,378
9,vic,male,33,374
9,vic,male,34,369
9,vic,male,35,404
9,vic,male,36,377
9,vic,male,37,381
9,vic,male,38,391
9,vic,male,39,403
9,vic,male,40,422
9,vic,male,41,393
9,vic,male,42,388
9,vic,male,43,377
9,vic,male,44,365
9,vic,male,45,371
9,vic,male,46,363
9,vic,male,47,370
9,vic,male,48,375
9,vic,male,49,371
9,vic,male,50,375
9,vic,male,51,357
9,vic,male,52,353
9,vic,male,53,336
9,vic,male,54,337
9,vic,male,55,342
9,vic,male,56,319
9,vic,male,57,316
9,vic,male,58,306
9,vic,male,59,302
9,vic,male,60,299
9,vic,male,61,284
9,vic,male,62,283
9,vic,male,63,285
9,vic,male,64,293
9,vic,male,65,259
9,vic,male,66,236
9,vic,male,67,222
9,vic,male,68,205
9,vic,male,69,199
9,vic,male,70,192
9,vic,male,71,184
9,vic,male,72,176
9,vic,male,73,161
9,vic,male,74,157
9,vic,male,75,144
9,vic,male,76,136
9,vic,male,77,128
9,vic,male,78,121
9,vic,male,79,119
9,vic,male,80,110
9,vic,male,81,102
9,vic,male,82,95
9,vic,male,83,91
9,vic,male,84,81
9,vic,male,85,72
9,vic,male,86,54
9,vic,male,87,43
9,vic,male,88,42
9,vic,male,89,37
9,vic,male,90,27
9,vic,male,91,19
9,vic,male,92,15
9,vic,male,93,9
9,vic,male,94,10
9,vic,male,95,6
9,vic,male,96,5
9,vic,male,97,4
9,vic,male,98,1
9,vic,male,99,2
9,vic,male,100,1
9,vic,female,0,391
9,vic,female,1,344
9,vic,female,2,340
9,vic,female,3,335
9,vic,female,4,333
9,vic,female,5,343
9,vic,female,6,318
9,vic,female,7,315
9,vic,female,8,311
9,vic,female,9,311
9,vic,female,10,333
9,vic,female,11,317
9,vic,female,12,319
9,vic,female,13,312
9,vic,female,14,322
9,vic,female,15,361
9,vic,female,16,331
9,vic,female,17,328
9,vic,female,18,341
9,vic,female,19,349
9,vic,female,20,475
9,vic,female,21,392
9,vic,female,22,392
9,vic,female,23,394
9,vic,female,24,399
9,vic,female,25,504
9,vic,female,26,408
9,vic,female,27,412
9,vic,female,28,404
9,vic,female,29,401
9,vic,female,30,449
9,vic,female,31,381
9,vic,female,32,378
9,vic,female,33,373
9,vic,female,34,363
9,vic,female,35,397
9,vic,female,36,382
9,vic,female,37,385
9,vic,female,38,397
9,vic,female,39,414
9,vic,female,40,442
9,vic,female,41,402
9,vic,female,42,399
9,vic,female,43,385
9,vic,female,44,370
9,vic,female,45,390
9,vic,female,46,376
9,vic,female,47,381
9,vic,female,48,383
9,vic,female,49,384
9,vic,female,50,392
9,vic,female,51,368
9,vic,female,52,365
9,vic,female,53,354
9,vic,female,54,347
9,vic,female,55,349
9,vic,female,56,329
9,vic,female,57,325
9,vic,female,58,322
9,vic,female,59,308
9,vic,female,60,315
9,vic,female,61,302
9,vic,female,62,293
9,vic,female,63,291
9,vic,female,64,302
9,vic,female,65,272
9,vic,female,66,245
9,vic,female,67,240
9,vic,female,68,217
9,vic,female,69,212
9,vic,female,70,199
9,vic,female,71,188
9,vic,female,72,185
9,vic,female,73,177
9,vic,female,74,172
9,vic,female,75,166
9,vic,female,76,160
9,vic,female,77,151
9,vic,female,78,147
9,vic,female,79,140
9,vic,female,80,145
9,vic,female,81,137
9,vic,female,82,130
9,vic,female,83,125
9,vic,female,84,119
9,vic,female,85,110
9,vic,female,86,93
9,vic,female,87,86
9,vic,female,88,76
9,vic,female,89,73
9,vic,female,90,55
9,vic,female,91,44
9,vic,female,92,32
9,vic,female,93,26
9,vic,female,94,25
9,vic,female,95,16
9,vic,female,96,13
9,vic,female,97,11
9,vic,female,98,6
9,vic,female,99,4
9,vic,female,100,4
9,vic,female,101,3
9,qld,male,0,353
9,qld,male,1,316
9,qld,male,2,313
9,qld,male,3,308
9,qld,male,4,306
9,qld,male,5,319
9,qld,male,6,296
9,qld,male,7,285
9,qld,male,8,285
9,qld,male,9,291
9,qld,male,10,307
9,qld,male,11,292
9,qld,male,12,291
9,qld,male,13,296
9,qld,male,14,295
9,qld,male,15,326
9,qld,male,16,303
9,qld,male,17,298
9,qld,male,18,300
9,qld,male,19,305
9,qld,male,20,390
9,qld,male,21,315
9,qld,male,22,314
9,qld,male,23,316
9,qld,male,24,322
9,qld,male,25,398
9,qld,male,26,330
9,qld,male,27,323
9,qld,male,28,329
9,qld,male,29,319
9,qld,male,30,350
9,qld,male,31,298
9,qld,male,32,292
9,qld,male,33,279
9,qld,male,34,289
9,qld,male,35,326
9,qld,male,36,300
9,qld,male,37,312
9,qld,male,38,314
9,qld,male,39,329
9,qld,male,40,352
9,qld,male,41,315
9,qld,male,42,307
9,qld,male,43,297
9,qld,male,44,292
9,qld,male,45,299
9,qld,male,46,296
9,qld,male,47,305
9,qld,male,48,305
9,qld,male,49,307
9,qld,male,50,311
9,qld,male,51,296
9,qld,male,52,286
9,qld,male,53,274
9,qld,male,54,273
9,qld,male,55,279
9,qld,male,56,260
9,qld,male,57,259
9,qld,male,58,258
9,qld,male,59,250
9,qld,male,60,250
9,qld,male,61,244
9,qld,male,62,241
9,qld,male,63,246
9,qld,male,64,243
9,qld,male,65,226
9,qld,male,66,202
9,qld,male,67,188
9,qld,male,68,162
9,qld,male,69,165
9,qld,male,70,154
9,qld,male,71,149
9,qld,male,72,132
9,qld,male,73,127
9,qld,male,74,120
9,qld,male,75,107
9,qld,male,76,99
9,qld,male,77,94
9,qld,male,78,89
9,qld,male,79,82
9,qld,male,80,79
9,qld,male,81,75
9,qld,male,82,71
9,qld,male,83,62
9,qld,male,84,53
9,qld,male,85,50
9,qld,male,86,41
9,qld,male,87,33
9,qld,male,88,30
9,qld,male,89,25
9,qld,male,90,20
9,qld,male,91,14
9,qld,male,92,12
9,qld,male,93,7
9,qld,male,94,4
9,qld,male,95,4
9,qld,male,96,3
9,qld,male,97,1
9,qld,male,98,2
9,qld,male,99,1
9,qld,male,100,1
9,qld,female,0,337
9,qld,female,1,295
9,qld,female,2,296
9,qld,female,3,291
9,qld,female,4,285
9,qld,female,5,303
9,qld,female,6,280
9,qld,female,7,276
9,qld,female,8,269
9,qld,female,9,279
9,qld,female,10,290
9,qld,female,11,278
9,qld,female,12,279
9,qld,female,13,281
9,qld,female,14,282
9,qld,female,15,311
9,qld,female,16,288
9,qld,female,17,286
9,qld,female,18,286
9,qld,female,19,297
9,qld,female,20,365
9,qld,female,21,310
9,qld,female,22,305
9,qld,female,23,305
9,qld,female,24,313
9,qld,female,25,385
9,qld,female,26,327
9,qld,female,27,313
9,qld,female,28,317
9,qld,female,29,306
9,qld,female,30,345
9,qld,female,31,295
9,qld,female,32,289
9,qld,female,33,289
9,qld,female,34,293
9,qld,female,35,324
9,qld,female,36,301
9,qld,female,37,312
9,qld,female,38,322
9,qld,female,39,335
9,qld,female,40,353
9,qld,female,41,321
9,qld,female,42,313
9,qld,female,43,298
9,qld,female,44,297
9,qld,female,45,303
9,qld,female,46,307
9,qld,female,47,312
9,qld,female,48,313
9,qld,female,49,318
9,qld,female,50,322
9,qld,female,51,298
9,qld,female,52,296
9,qld,female,53,289
9,qld,female,54,280
9,qld,female,55,286
9,qld,female,56,266
9,qld,female,57,261
9,qld,female,58,253
9,qld,female,59,250
9,qld,female,60,258
9,qld,female,61,239
9,qld,female,62,236
9,qld,female,63,236
9,qld,female,64,238
9,qld,female,65,216
9,qld,female,66,200
9,qld,female,67,185
9,qld,female,68,169
9,qld,female,69,164
9,qld,female,70,152
9,qld,female,71,145
9,qld,female,72,138
9,qld,female,73,123
9,qld,female,74,120
9,qld,female,75,115
9,qld,female,76,112
9,qld,female,77,104
9,qld,female,78,102
9,qld,female,79,97
9,qld,female,80,97
9,qld,female,81,92
9,qld,female,82,86
9,qld,female,83,81
9,qld,female,84,75
9,qld,female,85,70
9,qld,female,86,64
9,qld,female,87,50
9,qld,female,88,52
9,qld,female,89,43
9,qld,female,90,40
9,qld,female,91,29
9,qld,female,92,23
9,qld,female,93,18
9,qld,female,94,15
9,qld,female,95,12
9,qld,female,96,8
9,qld,female,97,5
9,qld,female,98,4
9,qld,female,99,3
9,qld,female,100,3
9,qld,female,101,1
9,sa,male,0,104
9,sa,male,1,102
9,sa,male,2,101
9,sa,male,3,98
9,sa,male,4,98
9,sa,male,5,104
9,sa,male,6,95
9,sa,male,7,94
9,sa,male,8,95
9,sa,male,9,97
9,sa,male,10,100
9,sa,male,11,99
9,sa,male,12,101
9,sa,male,13,100
9,sa,male,14,101
9,sa,male,15,111
9,sa,male,16,107
9,sa,male,17,104
9,sa,male,18,110
9,sa,male,19,111
9,sa,male,20,138
9,sa,male,21,116
9,sa,male,22,121
9,sa,male,23,116
9,sa,male,24,117
9,sa,male,25,134
9,sa,male,26,117
9,sa,male,27,118
9,sa,male,28,117
9,sa,male,29,112
9,sa,male,30,115
9,sa,male,31,103
9,sa,male,32,100
9,sa,male,33,97
9,sa,male,34,97
9,sa,male,35,112
9,sa,male,36,101
9,sa,male,37,103
9,sa,male,38,110
9,sa,male,39,114
9,sa,male,40,119
9,sa,male,41,119
9,sa,male,42,116
9,sa,male,43,113
9,sa,male,44,110
9,sa,male,45,108
9,sa,male,46,114
9,sa,male,47,115
9,sa,male,48,116
9,sa,male,49,119
9,sa,male,50,117
9,sa,male,51,114
9,sa,male,52,114
9,sa,male,53,110
9,sa,male,54,107
9,sa,male,55,106
9,sa,male,56,104
9,sa,male,57,100
9,sa,male,58,101
9,sa,male,59,96
9,sa,male,60,95
9,sa,male,61,97
9,sa,male,62,95
9,sa,male,63,92
9,sa,male,64,97
9,sa,male,65,85
9,sa,male,66,77
9,sa,male,67,72
9,sa,male,68,68
9,sa,male,69,63
9,sa,male,70,60
9,sa,male,71,59
9,sa,male,72,58
9,sa,male,73,54
9,sa,male,74,54
9,sa,male,75,48
9,sa,male,76,44
9,sa,male,77,43
9,sa,male,78,41
9,sa,male,79,40
9,sa,male,80,39
9,sa,male,81,35
9,sa,male,82,33
9,sa,male,83,33
9,sa,male,84,30
9,sa,male,85,26
9,sa,male,86,21
9,sa,male,87,17
9,sa,male,88,17
9,sa,male,89,11
9,sa,male,90,10
9,sa,male,91,8
9,sa,male,92,4
9,sa,male,93,4
9,sa,male,94,3
9,sa,male,95,2
9,sa,male,96,1
9,sa,male,97,1
9,sa,male,100,1
9,sa,female,0,118
9,sa,female,1,96
9,sa,female,2,96
9,sa,female,3,95
9,sa,female,4,95
9,sa,female,5,97
9,sa,female,6,90
9,sa,female,7,91
9,sa,female,8,87
9,sa,female,9,93
9,sa,female,10,97
9,sa,female,11,95
9,sa,female,12,98
9,sa,female,13,97
9,sa,female,14,100
9,sa,female,15,107
9,sa,female,16,99
9,sa,female,17,100
9,sa,female,18,102
9,sa,female,19,106
9,sa,female,20,115
9,sa,female,21,113
9,sa,female,22,110
9,sa,female,23,111
9,sa,female,24,114
9,sa,female,25,139
9,sa,female,26,112
9,sa,female,27,110
9,sa,female,28,108
9,sa,female,29,105
9,sa,female,30,110
9,sa,female,31,104
9,sa,female,32,97
9,sa,female,33,97
9,sa,female,34,101
9,sa,female,35,107
9,sa,female,36,104
9,sa,female,37,103
9,sa,female,38,110
9,sa,female,39,119
9,sa,female,40,123
9,sa,female,41,111
9,sa,female,42,113
9,sa,female,43,111
9,sa,female,44,110
9,sa,female,45,117
9,sa,female,46,114
9,sa,female,47,115
9,sa,female,48,115
9,sa,female,49,120
9,sa,female,50,125
9,sa,female,51,114
9,sa,female,52,114
9,sa,female,53,111
9,sa,female,54,111
9,sa,female,55,109
9,sa,female,56,106
9,sa,female,57,106
9,sa,female,58,104
9,sa,female,59,101
9,sa,female,60,104
9,sa,female,61,100
9,sa,female,62,96
9,sa,female,63,98
9,sa,female,64,100
9,sa,female,65,92
9,sa,female,66,84
9,sa,female,67,77
9,sa,female,68,72
9,sa,female,69,69
9,sa,female,70,65
9,sa,female,71,62
9,sa,female,72,63
9,sa,female,73,60
9,sa,female,74,58
9,sa,female,75,54
9,sa,female,76,53
9,sa,female,77,52
9,sa,female,78,50
9,sa,female,79,49
9,sa,female,80,50
9,sa,female,81,48
9,sa,female,82,44
9,sa,female,83,44
9,sa,female,84,43
9,sa,female,85,42
9,sa,female,86,36
9,sa,female,87,33
9,sa,female,88,27
9,sa,female,89,28
9,sa,female,90,22
9,sa,female,91,14
9,sa,female,92,13
9,sa,female,93,9
9,sa,female,94,8
9,sa,female,95,6
9,sa,female,96,4
9,sa,female,97,4
9,sa,female,98,1
9,sa,female,99,2
9,sa,female,100,2
9,wa,male,0,186
9,wa,male,1,159
9,wa,male,2,154
9,wa,male,3,156
9,wa,male,4,156
9,wa,male,5,164
9,wa,male,6,143
9,wa,male,7,145
9,wa,male,8,142
9,wa,male,9,143
9,wa,male,10,153
9,wa,male,11,148
9,wa,male,12,154
9,wa,male,13,148
9,wa,male,14,152
9,wa,male,15,173
9,wa,male,16,155
9,wa,male,17,154
9,wa,male,18,156
9,wa,male,19,160
9,wa,male,20,199
9,wa,male,21,171
9,wa,male,22,175
9,wa,male,23,175
9,wa,male,24,185
9,wa,male,25,245
9,wa,male,26,187
9,wa,male,27,187
9,wa,male,28,180
9,wa,male,29,172
9,wa,male,30,204
9,wa,male,31,162
9,wa,male,32,156
9,wa,male,33,158
9,wa,male,34,153
9,wa,male,35,181
9,wa,male,36,159
9,wa,male,37,161
9,wa,male,38,166
9,wa,male,39,181
9,wa,male,40,200
9,wa,male,41,172
9,wa,male,42,172
9,wa,male,43,164
9,wa,male,44,161
9,wa,male,45,172
9,wa,male,46,162
9,wa,male,47,164
9,wa,male,48,163
9,wa,male,49,164
9,wa,male,50,171
9,wa,male,51,157
9,wa,male,52,155
9,wa,male,53,150
9,wa,male,54,146
9,wa,male,55,152
9,wa,male,56,143
9,wa,male,57,137
9,wa,male,58,135
9,wa,male,59,131
9,wa,male,60,137
9,wa,male,61,125
9,wa,male,62,122
9,wa,male,63,126
9,wa,male,64,120
9,wa,male,65,106
9,wa,male,66,95
9,wa,male,67,92
9,wa,male,68,83
9,wa,male,69,81
9,wa,male,70,75
9,wa,male,71,73
9,wa,male,72,66
9,wa,male,73,61
9,wa,male,74,60
9,wa,male,75,52
9,wa,male,76,49
9,wa,male,77,47
9,wa,male,78,45
9,wa,male,79,43
9,wa,male,80,40
9,wa,male,81,38
9,wa,male,82,33
9,wa,male,83,30
9,wa,male,84,28
9,wa,male,85,23
9,wa,male,86,19
9,wa,male,87,17
9,wa,male,88,14
9,wa,male,89,10
9,wa,male,90,10
9,wa,male,91,6
9,wa,male,92,6
9,wa,male,93,4
9,wa,male,94,3
9,wa,male,95,2
9,wa,male,96,2
9,wa,male,97,1
9,wa,male,99,1
9,wa,female,0,174
9,wa,female,1,148
9,wa,female,2,149
9,wa,female,3,149
9,wa,female,4,150
9,wa,female,5,163
9,wa,female,6,140
9,wa,female,7,138
9,wa,female,8,138
9,wa,female,9,140
9,wa,female,10,154
9,wa,female,11,143
9,wa,female,12,143
9,wa,female,13,142
9,wa,female,14,144
9,wa,female,15,161
9,wa,female,16,146
9,wa,female,17,147
9,wa,female,18,148
9,wa,female,19,150
9,wa,female,20,198
9,wa,female,21,160
9,wa,female,22,161
9,wa,female,23,163
9,wa,female,24,167
9,wa,female,25,245
9,wa,female,26,168
9,wa,female,27,165
9,wa,female,28,171
9,wa,female,29,163
9,wa,female,30,197
9,wa,female,31,157
9,wa,female,32,152
9,wa,female,33,153
9,wa,female,34,156
9,wa,female,35,177
9,wa,female,36,154
9,wa,female,37,160
9,wa,female,38,166
9,wa,female,39,172
9,wa,female,40,189
9,wa,female,41,169
9,wa,female,42,165
9,wa,female,43,162
9,wa,female,44,157
9,wa,female,45,158
9,wa,female,46,163
9,wa,female,47,161
9,wa,female,48,166
9,wa,female,49,163
9,wa,female,50,163
9,wa,female,51,160
9,wa,female,52,156
9,wa,female,53,147
9,wa,female,54,152
9,wa,female,55,156
9,wa,female,56,143
9,wa,female,57,138
9,wa,female,58,135
9,wa,female,59,132
9,wa,female,60,129
9,wa,female,61,121
9,wa,female,62,121
9,wa,female,63,119
9,wa,female,64,116
9,wa,female,65,105
9,wa,female,66,96
9,wa,female,67,89
9,wa,female,68,84
9,wa,female,69,82
9,wa,female,70,74
9,wa,female,71,70
9,wa,female,72,72
9,wa,female,73,66
9,wa,female,74,60
9,wa,female,75,60
9,wa,female,76,56
9,wa,female,77,54
9,wa,female,78,52
9,wa,female,79,49
9,wa,female,80,49
9,wa,female,81,46
9,wa,female,82,43
9,wa,female,83,43
9,wa,female,84,35
9,wa,female,85,34
9,wa,female,86,32
9,wa,female,87,28
9,wa,female,88,28
9,wa,female,89,22
9,wa,female,90,18
9,wa,female,91,15
9,wa,female,92,10
9,wa,female,93,9
9,wa,female,94,8
9,wa,female,95,6
9,wa,female,96,6
9,wa,female,97,4
9,wa,female,98,3
9,wa,female,99,1
9,wa,female,101,1
9,tas,male,0,32
9,tas,male,1,34
9,tas,male,2,34
9,tas,male,3,35
9,tas,male,4,33
9,tas,male,5,36
9,tas,male,6,34
9,tas,male,7,31
9,tas,male,8,31
9,tas,male,9,35
9,tas,male,10,34
9,tas,male,11,35
9,tas,male,12,38
9,tas,male,13,34
9,tas,male,14,37
9,tas,male,15,36
9,tas,male,16,35
9,tas,male,17,38
9,tas,male,18,37
9,tas,male,19,35
9,tas,male,20,41
9,tas,male,21,37
9,tas,male,22,36
9,tas,male,23,36
9,tas,male,24,34
9,tas,male,25,38
9,tas,male,26,32
9,tas,male,27,34
9,tas,male,28,32
9,tas,male,29,31
9,tas,male,30,32
9,tas,male,31,28
9,tas,male,32,31
9,tas,male,33,28
9,tas,male,34,28
9,tas,male,35,35
9,tas,male,36,32
9,tas,male,37,31
9,tas,male,38,33
9,tas,male,39,36
9,tas,male,40,37
9,tas,male,41,36
9,tas,male,42,37
9,tas,male,43,34
9,tas,male,44,33
9,tas,male,45,31
9,tas,male,46,35
9,tas,male,47,39
9,tas,male,48,38
9,tas,male,49,40
9,tas,male,50,38
9,tas,male,51,38
9,tas,male,52,38
9,tas,male,53,36
9,tas,male,54,37
9,tas,male,55,40
9,tas,male,56,34
9,tas,male,57,33
9,tas,male,58,35
9,tas,male,59,36
9,tas,male,60,34
9,tas,male,61,35
9,tas,male,62,30
9,tas,male,63,31
9,tas,male,64,36
9,tas,male,65,28
9,tas,male,66,27
9,tas,male,67,27
9,tas,male,68,24
9,tas,male,69,23
9,tas,male,70,21
9,tas,male,71,20
9,tas,male,72,19
9,tas,male,73,18
9,tas,male,74,18
9,tas,male,75,15
9,tas,male,76,14
9,tas,male,77,13
9,tas,male,78,12
9,tas,male,79,13
9,tas,male,80,12
9,tas,male,81,12
9,tas,male,82,10
9,tas,male,83,10
9,tas,male,84,9
9,tas,male,85,8
9,tas,male,86,6
9,tas,male,87,4
9,tas,male,88,5
9,tas,male,89,4
9,tas,male,90,2
9,tas,male,91,1
9,tas,male,93,1
9,tas,male,94,1
9,tas,female,0,32
9,tas,female,1,32
9,tas,female,2,34
9,tas,female,3,33
9,tas,female,4,32
9,tas,female,5,32
9,tas,female,6,32
9,tas,female,7,29
9,tas,female,8,31
9,tas,female,9,31
9,tas,female,10,32
9,tas,female,11,31
9,tas,female,12,33
9,tas,female,13,33
9,tas,female,14,34
9,tas,female,15,35
9,tas,female,16,36
9,tas,female,17,36
9,tas,female,18,34
9,tas,female,19,33
9,tas,female,20,36
9,tas,female,21,31
9,tas,female,22,32
9,tas,female,23,31
9,tas,female,24,34
9,tas,female,25,34
9,tas,female,26,31
9,tas,female,27,32
9,tas,female,28,29
9,tas,female,29,29
9,tas,female,30,36
9,tas,female,31,30
9,tas,female,32,30
9,tas,female,33,30
9,tas,female,34,30
9,tas,female,35,33
9,tas,female,36,32
9,tas,female,37,35
9,tas,female,38,35
9,tas,female,39,37
9,tas,female,40,40
9,tas,female,41,39
9,tas,female,42,36
9,tas,female,43,34
9,tas,female,44,35
9,tas,female,45,32
9,tas,female,46,36
9,tas,female,47,40
9,tas,female,48,36
9,tas,female,49,38
9,tas,female,50,41
9,tas,female,51,38
9,tas,female,52,39
9,tas,female,53,38
9,tas,female,54,37
9,tas,female,55,36
9,tas,female,56,37
9,tas,female,57,33
9,tas,female,58,36
9,tas,female,59,35
9,tas,female,60,35
9,tas,female,61,32
9,tas,female,62,31
9,tas,female,63,33
9,tas,female,64,33
9,tas,female,65,27
9,tas,female,66,27
9,tas,female,67,25
9,tas,female,68,23
9,tas,female,69,22
9,tas,female,70,22
9,tas,female,71,20
9,tas,female,72,20
9,tas,female,73,19
9,tas,female,74,18
9,tas,female,75,18
9,tas,female,76,16
9,tas,female,77,14
9,tas,female,78,16
9,tas,female,79,15
9,tas,female,80,15
9,tas,female,81,13
9,tas,female,82,12
9,tas,female,83,12
9,tas,female,84,12
9,tas,female,85,11
9,tas,female,86,11
9,tas,female,87,10
9,tas,female,88,9
9,tas,female,89,8
9,tas,female,90,6
9,tas,female,91,5
9,tas,female,92,3
9,tas,female,93,2
9,tas,female,94,3
9,tas,female,95,2
9,tas,female,96,3
9,tas,female,97,1
9,tas,female,98,1
9,tas,female,100,1
9,nt,male,0,22
9,nt,male,1,21
9,nt,male,2,20
9,nt,male,3,22
9,nt,male,4,18
9,nt,male,5,20
9,nt,male,6,18
9,nt,male,7,16
9,nt,male,8,19
9,nt,male,9,17
9,nt,male,10,24
9,nt,male,11,19
9,nt,male,12,18
9,nt,male,13,17
9,nt,male,14,18
9,nt,male,15,21
9,nt,male,16,18
9,nt,male,17,18
9,nt,male,18,20
9,nt,male,19,20
9,nt,male,20,26
9,nt,male,21,21
9,nt,male,22,22
9,nt,male,23,25
9,nt,male,24,23
9,nt,male,25,25
9,nt,male,26,26
9,nt,male,27,28
9,nt,male,28,23
9,nt,male,29,24
9,nt,male,30,28
9,nt,male,31,23
9,nt,male,32,20
9,nt,male,33,20
9,nt,male,34,21
9,nt,male,35,28
9,nt,male,36,21
9,nt,male,37,17
9,nt,male,38,19
9,nt,male,39,20
9,nt,male,40,21
9,nt,male,41,19
9,nt,male,42,20
9,nt,male,43,15
9,nt,male,44,16
9,nt,male,45,22
9,nt,male,46,21
9,nt,male,47,16
9,nt,male,48,16
9,nt,male,49,18
9,nt,male,50,17
9,nt,male,51,15
9,nt,male,52,14
9,nt,male,53,15
9,nt,male,54,14
9,nt,male,55,15
9,nt,male,56,15
9,nt,male,57,14
9,nt,male,58,13
9,nt,male,59,13
9,nt,male,60,13
9,nt,male,61,13
9,nt,male,62,14
9,nt,male,63,9
9,nt,male,64,11
9,nt,male,65,9
9,nt,male,66,9
9,nt,male,67,6
9,nt,male,68,6
9,nt,male,69,6
9,nt,male,70,8
9,nt,male,71,5
9,nt,male,72,4
9,nt,male,73,4
9,nt,male,74,3
9,nt,male,75,5
9,nt,male,76,1
9,nt,male,77,3
9,nt,male,78,2
9,nt,male,79,2
9,nt,male,80,2
9,nt,male,81,2
9,nt,male,82,1
9,nt,male,83,1
9,nt,male,84,1
9,nt,female,0,17
9,nt,female,1,21
9,nt,female,2,17
9,nt,female,3,19
9,nt,female,4,18
9,nt,female,5,20
9,nt,female,6,17
9,nt,female,7,18
9,nt,female,8,19
9,nt,female,9,16
9,nt,female,10,17
9,nt,female,11,16
9,nt,female,12,16
9,nt,female,13,17
9,nt,female,14,16
9,nt,female,15,16
9,nt,female,16,17
9,nt,female,17,16
9,nt,female,18,17
9,nt,female,19,16
9,nt,female,20,19
9,nt,female,21,14
9,nt,female,22,18
9,nt,female,23,18
9,nt,female,24,19
9,nt,female,25,23
9,nt,female,26,22
9,nt,female,27,23
9,nt,female,28,23
9,nt,female,29,23
9,nt,female,30,24
9,nt,female,31,20
9,nt,female,32,19
9,nt,female,33,21
9,nt,female,34,19
9,nt,female,35,22
9,nt,female,36,19
9,nt,female,37,19
9,nt,female,38,21
9,nt,female,39,20
9,nt,female,40,21
9,nt,female,41,20
9,nt,female,42,19
9,nt,female,43,18
9,nt,female,44,16
9,nt,female,45,16
9,nt,female,46,16
9,nt,female,47,14
9,nt,female,48,15
9,nt,female,49,17
9,nt,female,50,16
9,nt,female,51,13
9,nt,female,52,16
9,nt,female,53,15
9,nt,female,54,14
9,nt,female,55,12
9,nt,female,56,13
9,nt,female,57,12
9,nt,female,58,12
9,nt,female,59,11
9,nt,female,60,12
9,nt,female,61,8
9,nt,female,62,9
9,nt,female,63,8
9,nt,female,64,8
9,nt,female,65,9
9,nt,female,66,7
9,nt,female,67,6
9,nt,female,68,4
9,nt,female,69,6
9,nt,female,70,4
9,nt,female,71,5
9,nt,female,72,3
9,nt,female,73,3
9,nt,female,74,2
9,nt,female,75,2
9,nt,female,76,2
9,nt,female,77,2
9,nt,female,78,2
9,nt,female,79,1
9,nt,female,80,1
9,nt,female,81,1
9,nt,female,83,1
9,nt,female,84,1
9,nt,female,85,1
9,nt,female,86,1
9,nt,female,87,1
9,act,male,0,37
9,act,male,1,23
9,act,male,2,24
9,act,male,3,24
9,act,male,4,24
9,act,male,5,25
9,act,male,6,23
9,act,male,7,22
9,act,male,8,22
9,act,male,9,20
9,act,male,10,22
9,act,male,11,22
9,act,male,12,22
9,act,male,13,22
9,act,male,14,20
9,act,male,15,25
9,act,male,16,24
9,act,male,17,26
9,act,male,18,27
9,act,male,19,32
9,act,male,20,39
9,act,male,21,36
9,act,male,22,34
9,act,male,23,32
9,act,male,24,35
9,act,male,25,39
9,act,male,26,34
9,act,male,27,35
9,act,male,28,32
9,act,male,29,31
9,act,male,30,40
9,act,male,31,30
9,act,male,32,30
9,act,male,33,30
9,act,male,34,29
9,act,male,35,33
9,act,male,36,29
9,act,male,37,29
9,act,male,38,28
9,act,male,39,27
9,act,male,40,30
9,act,male,41,27
9,act,male,42,25
9,act,male,43,24
9,act,male,44,26
9,act,male,45,29
9,act,male,46,25
9,act,male,47,26
9,act,male,48,25
9,act,male,49,24
9,act,male,50,27
9,act,male,51,24
9,act,male,52,22
9,act,male,53,24
9,act,male,54,24
9,act,male,55,21
9,act,male,56,22
9,act,male,57,21
9,act,male,58,21
9,act,male,59,19
9,act,male,60,20
9,act,male,61,18
9,act,male,62,17
9,act,male,63,19
9,act,male,64,18
9,act,male,65,14
9,act,male,66,13
9,act,male,67,11
9,act,male,68,14
9,act,male,69,10
9,act,male,70,10
9,act,male,71,11
9,act,male,72,10
9,act,male,73,8
9,act,male,74,9
9,act,male,75,7
9,act,male,76,6
9,act,male,77,6
9,act,male,78,6
9,act,male,79,4
9,act,male,80,5
9,act,male,81,4
9,act,male,82,4
9,act,male,83,4
9,act,male,84,3
9,act,male,85,4
9,act,male,86,3
9,act,male,87,3
9,act,male,88,2
9,act,male,89,2
9,act,male,90,3
9,act,male,92,1
9,act,female,0,29
9,act,female,1,25
9,act,female,2,23
9,act,female,3,22
9,act,female,4,23
9,act,female,5,22
9,act,female,6,21
9,act,female,7,22
9,act,female,8,22
9,act,female,9,22
9,act,female,10,26
9,act,female,11,23
9,act,female,12,20
9,act,female,13,20
9,act,female,14,22
9,act,female,15,24
9,act,female,16,23
9,act,female,17,23
9,act,female,18,26
9,act,female,19,26
9,act,female,20,39
9,act,female,21,35
9,act,female,22,34
9,act,female,23,32
9,act,female,24,32
9,act,female,25,37
9,act,female,26,32
9,act,female,27,35
9,act,female,28,32
9,act,female,29,34
9,act,female,30,35
9,act,female,31,32
9,act,female,32,28
9,act,female,33,27
9,act,female,34,27
9,act,female,35,30
9,act,female,36,27
9,act,female,37,30
9,act,female,38,28
9,act,female,39,27
9,act,female,40,31
9,act,female,41,28
9,act,female,42,29
9,act,female,43,27
9,act,female,44,26
9,act,female,45,25
9,act,female,46,25
9,act,female,47,27
9,act,female,48,25
9,act,female,49,26
9,act,female,50,29
9,act,female,51,27
9,act,female,52,24
9,act,female,53,24
9,act,female,54,24
9,act,female,55,24
9,act,female,56,23
9,act,female,57,22
9,act,female,58,21
9,act,female,59,20
9,act,female,60,21
9,act,female,61,17
9,act,female,62,19
9,act,female,63,21
9,act,female,64,20
9,act,female,65,18
9,act,female,66,15
9,act,female,67,13
9,act,female,68,11
9,act,female,69,12
9,act,female,70,11
9,act,female,71,10
9,act,female,72,10
9,act,female,73,9
9,act,female,74,10
9,act,female,75,8
9,act,female,76,7
9,act,female,77,8
9,act,female,78,7
9,act,female,79,7
9,act,female,80,6
9,act,female,81,7
9,act,female,82,6
9,act,female,83,5
9,act,female,84,5
9,act,female,85,6
9,act,female,86,5
9,act,female,87,5
9,act,female,88,4
9,act,female,89,2
9,act,female,90,1
9,act,female,91,2
9,act,female,92,2
9,act,female,95,1
10,nsw,male,0,546
10,nsw,male,1,492
10,nsw,male,2,480
10,nsw,male,3,471
10,nsw,male,4,469
10,nsw,male,5,487
10,nsw,male,6,454
10,nsw,male,7,452
10,nsw,male,8,446
10,nsw,male,9,442
10,nsw,male,10,471
10,nsw,male,11,449
10,nsw,male,12,446
10,nsw,male,13,447
10,nsw,male,14,456
10,nsw,male,15,508
10,nsw,male,16,467
10,nsw,male,17,459
10,nsw,male,18,461
10,nsw,male,19,474
10,nsw,male,20,605
10,nsw,male,21,505
10,nsw,male,22,499
10,nsw,male,23,499
10,nsw,male,24,502
10,nsw,male,25,642
10,nsw,male,26,520
10,nsw,male,27,514
10,nsw,male,28,519
10,nsw,male,29,511
10,nsw,male,30,591
10,nsw,male,31,494
10,nsw,male,32,485
10,nsw,male,33,469
10,nsw,male,34,476
10,nsw,male,35,515
10,nsw,male,36,478
10,nsw,male,37,493
10,nsw,male,38,502
10,nsw,male,39,522
10,nsw,male,40,557
10,nsw,male,41,488
10,nsw,male,42,479
10,nsw,male,43,457
10,nsw,male,44,460
10,nsw,male,45,486
10,nsw,male,46,477
10,nsw,male,47,490
10,nsw,male,48,495
10,nsw,male,49,497
10,nsw,male,50,511
10,nsw,male,51,483
10,nsw,male,52,468
10,nsw,male,53,464
10,nsw,male,54,458
10,nsw,male,55,452
10,nsw,male,56,429
10,nsw,male,57,419
10,nsw,male,58,412
10,nsw,male,59,393
10,nsw,male,60,411
10,nsw,male,61,386
10,nsw,male,62,387
10,nsw,male,63,393
10,nsw,male,64,395
10,nsw,male,65,363
10,nsw,male,66,330
10,nsw,male,67,315
10,nsw,male,68,283
10,nsw,male,69,277
10,nsw,male,70,256
10,nsw,male,71,245
10,nsw,male,72,230
10,nsw,male,73,217
10,nsw,male,74,213
10,nsw,male,75,197
10,nsw,male,76,181
10,nsw,male,77,169
10,nsw,male,78,159
10,nsw,male,79,158
10,nsw,male,80,154
10,nsw,male,81,143
10,nsw,male,82,132
10,nsw,male,83,124
10,nsw,male,84,107
10,nsw,male,85,91
10,nsw,male,86,80
10,nsw,male,87,70
10,nsw,male,88,59
10,nsw,male,89,53
10,nsw,male,90,37
10,nsw,male,91,30
10,nsw,male,92,17
10,nsw,male,93,17
10,nsw,male,94,13
10,nsw,male,95,9
10,nsw,male,96,4
10,nsw,male,97,2
10,nsw,male,98,2
10,nsw,male,99,1
10,nsw,male,100,1
10,nsw,male,101,1
10,nsw,female,0,551
10,nsw,female,1,467
10,nsw,female,2,462
10,nsw,female,3,455
10,nsw,female,4,446
10,nsw,female,5,467
10,nsw,female,6,428
10,nsw,female,7,424
10,nsw,female,8,424
10,nsw,female,9,418
10,nsw,female,10,447
10,nsw,female,11,427
10,nsw,female,12,424
10,nsw,female,13,421
10,nsw,female,14,428
10,nsw,female,15,468
10,nsw,female,16,434
10,nsw,female,17,441
10,nsw,female,18,441
10,nsw,female,19,444
10,nsw,female,20,612
10,nsw,female,21,478
10,nsw,female,22,477
10,nsw,female,23,472
10,nsw,female,24,480
10,nsw,female,25,636
10,nsw,female,26,509
10,nsw,female,27,511
10,nsw,female,28,511
10,nsw,female,29,506
10,nsw,female,30,565
10,nsw,female,31,483
10,nsw,female,32,488
10,nsw,female,33,479
10,nsw,female,34,480
10,nsw,female,35,523
10,nsw,female,36,490
10,nsw,female,37,502
10,nsw,female,38,521
10,nsw,female,39,528
10,nsw,female,40,546
10,nsw,female,41,498
10,nsw,female,42,492
10,nsw,female,43,478
10,nsw,female,44,468
10,nsw,female,45,491
10,nsw,female,46,480
10,nsw,female,47,502
10,nsw,female,48,508
10,nsw,female,49,503
10,nsw,female,50,523
10,nsw,female,51,493
10,nsw,female,52,472
10,nsw,female,53,472
10,nsw,female,54,454
10,nsw,female,55,458
10,nsw,female,56,443
10,nsw,female,57,427
10,nsw,female,58,419
10,nsw,female,59,402
10,nsw,female,60,414
10,nsw,female,61,392
10,nsw,female,62,385
10,nsw,female,63,387
10,nsw,female,64,397
10,nsw,female,65,366
10,nsw,female,66,333
10,nsw,female,67,314
10,nsw,female,68,292
10,nsw,female,69,276
10,nsw,female,70,268
10,nsw,female,71,256
10,nsw,female,72,246
10,nsw,female,73,235
10,nsw,female,74,229
10,nsw,female,75,226
10,nsw,female,76,203
10,nsw,female,77,197
10,nsw,female,78,193
10,nsw,female,79,186
10,nsw,female,80,193
10,nsw,female,81,187
10,nsw,female,82,173
10,nsw,female,83,166
10,nsw,female,84,154
10,nsw,female,85,144
10,nsw,female,86,128
10,nsw,female,87,115
10,nsw,female,88,107
10,nsw,female,89,95
10,nsw,female,90,80
10,nsw,female,91,64
10,nsw,female,92,43
10,nsw,female,93,39
10,nsw,female,94,32
10,nsw,female,95,23
10,nsw,female,96,17
10,nsw,female,97,12
10,nsw,female,98,10
10,nsw,female,99,5
10,nsw,female,100,5
10,nsw,female,101,2
10,vic,male,0,379
10,vic,male,1,362
10,vic,male,2,359
10,vic,male,3,352
10,vic,male,4,353
10,vic,male,5,361
10,vic,male,6,334
10,vic,male,7,332
10,vic,male,8,329
10,vic,male,9,325
10,vic,male,10,341
10,vic,male,11,326
10,vic,male,12,329
10,vic,male,13,340
10,vic,male,14,337
10,vic,male,15,386
10,vic,male,16,349
10,vic,male,17,354
10,vic,male,18,354
10,vic,male,19,365
10,vic,male,20,502
10,vic,male,21,414
10,vic,male,22,416
10,vic,male,23,419
10,vic,male,24,425
10,vic,male,25,511
10,vic,male,26,427
10,vic,male,27,420
10,vic,male,28,424
10,vic,male,29,405
10,vic,male,30,455
10,vic,male,31,385
10,vic,male,32,379
10,vic,male,33,372
10,vic,male,34,369
10,vic,male,35,403
10,vic,male,36,377
10,vic,male,37,381
10,vic,male,38,389
10,vic,male,39,403
10,vic,male,40,426
10,vic,male,41,391
10,vic,male,42,387
10,vic,male,43,379
10,vic,male,44,365
10,vic,male,45,368
10,vic,male,46,364
10,vic,male,47,368
10,vic,male,48,375
10,vic,male,49,371
10,vic,male,50,377
10,vic,male,51,357
10,vic,male,52,355
10,vic,male,53,333
10,vic,male,54,337
10,vic,male,55,340
10,vic,male,56,319
10,vic,male,57,316
10,vic,male,58,306
10,vic,male,59,302
10,vic,male,60,300
10,vic,male,61,286
10,vic,male,62,282
10,vic,male,63,281
10,vic,male,64,296
10,vic,male,65,261
10,vic,male,66,236
10,vic,male,67,222
10,vic,male,68,206
10,vic,male,69,200
10,vic,male,70,191
10,vic,male,71,183
10,vic,male,72,176
10,vic,male,73,163
10,vic,male,74,155
10,vic,male,75,146
10,vic,male,76,134
10,vic,male,77,128
10,vic,male,78,123
10,vic,male,79,120
10,vic,male,80,111
10,vic,male,81,99
10,vic,male,82,96
10,vic,male,83,88
10,vic,male,84,83
10,vic,male,85,70
10,vic,male,86,55
10,vic,male,87,47
10,vic,male,88,40
10,vic,male,89,37
10,vic,male,90,27
10,vic,male,91,19
10,vic,male,92,16
10,vic,male,93,8
10,vic,male,94,10
10,vic,male,95,7
10,vic,male,96,5
10,vic,male,97,4
10,vic,male,98,1
10,vic,male,99,2
10,vic,male,100,1
10,vic,female,0,395
10,vic,female,1,342
10,vic,female,2,342
10,vic,female,3,335
10,vic,female,4,331
10,vic,female,5,347
10,vic,female,6,317
10,vic,female,7,315
10,vic,female,8,310
10,vic,female,9,312
10,vic,female,10,331
10,vic,female,11,316
10,vic,female,12,320
10,vic,female,13,311
10,vic,female,14,321
10,vic,female,15,364
10,vic,female,16,332
10,vic,female,17,326
10,vic,female,18,340
10,vic,female,19,346
10,vic,female,20,481
10,vic,female,21,392
10,vic,female,22,389
10,vic,female,23,393
10,vic,female,24,395
10,vic,female,25,509
10,vic,female,26,408
10,vic,female,27,410
10,vic,female,28,405
10,vic,female,29,402
10,vic,female,30,453
10,vic,female,31,381
10,vic,female,32,379
10,vic,female,33,371
10,vic,female,34,364
10,vic,female,35,395
10,vic,female,36,382
10,vic,female,37,386
10,vic,female,38,396
10,vic,female,39,412
10,vic,female,40,444
10,vic,female,41,401
10,vic,female,42,401
10,vic,female,43,386
10,vic,female,44,373
10,vic,female,45,387
10,vic,female,46,376
10,vic,female,47,379
10,vic,female,48,384
10,vic,female,49,385
10,vic,female,50,394
10,vic,female,51,369
10,vic,female,52,365
10,vic,female,53,351
10,vic,female,54,346
10,vic,female,55,354
10,vic,female,56,329
10,vic,female,57,324
10,vic,female,58,323
10,vic,female,59,306
10,vic,female,60,316
10,vic,female,61,300
10,vic,female,62,293
10,vic,female,63,291
10,vic,female,64,304
10,vic,female,65,276
10,vic,female,66,246
10,vic,female,67,241
10,vic,female,68,214
10,vic,female,69,213
10,vic,female,70,200
10,vic,female,71,189
10,vic,female,72,185
10,vic,female,73,177
10,vic,female,74,171
10,vic,female,75,166
10,vic,female,76,159
10,vic,female,77,150
10,vic,female,78,148
10,vic,female,79,140
10,vic,female,80,144
10,vic,female,81,137
10,vic,female,82,129
10,vic,female,83,124
10,vic,female,84,118
10,vic,female,85,109
10,vic,female,86,94
10,vic,female,87,82
10,vic,female,88,79
10,vic,female,89,73
10,vic,female,90,55
10,vic,female,91,45
10,vic,female,92,30
10,vic,female,93,27
10,vic,female,94,23
10,vic,female,95,16
10,vic,female,96,12
10,vic,female,97,11
10,vic,female,98,7
10,vic,female,99,4
10,vic,female,100,3
10,vic,female,101,4
10,qld,male,0,355
10,qld,male,1,316
10,qld,male,2,312
10,qld,male,3,309
10,qld,male,4,305
10,qld,male,5,324
10,qld,male,6,298
10,qld,male,7,285
10,qld,male,8,284
10,qld,male,9,290
10,qld,male,10,308
10,qld,male,11,292
10,qld,male,12,293
10,qld,male,13,294
10,qld,male,14,295
10,qld,male,15,326
10,qld,male,16,302
10,qld,male,17,297
10,qld,male,18,299
10,qld,male,19,306
10,qld,male,20,395
10,qld,male,21,315
10,qld,male,22,315
10,qld,male,23,315
10,qld,male,24,322
10,qld,male,25,405
10,qld,male,26,329
10,qld,male,27,322
10,qld,male,28,331
10,qld,male,29,319
10,qld,male,30,355
10,qld,male,31,298
10,qld,male,32,289
10,qld,male,33,280
10,qld,male,34,289
10,qld,male,35,325
10,qld,male,36,299
10,qld,male,37,310
10,qld,male,38,311
10,qld,male,39,329
10,qld,male,40,354
10,qld,male,41,314
10,qld,male,42,308
10,qld,male,43,296
10,qld,male,44,292
10,qld,male,45,302
10,qld,male,46,293
10,qld,male,47,305
10,qld,male,48,304
10,qld,male,49,306
10,qld,male,50,314
10,qld,male,51,295
10,qld,male,52,285
10,qld,male,53,276
10,qld,male,54,272
10,qld,male,55,281
10,qld,male,56,261
10,qld,male,57,257
10,qld,male,58,259
10,qld,male,59,251
10,qld,male,60,251
10,qld,male,61,244
10,qld,male,62,240
10,qld,male,63,245
10,qld,male,64,247
10,qld,male,65,226
10,qld,male,66,202
10,qld,male,67,188
10,qld,male,68,166
10,qld,male,69,163
10,qld,male,70,154
10,qld,male,71,148
10,qld,male,72,135
10,qld,male,73,128
10,qld,male,74,120
10,qld,male,75,107
10,qld,male,76,99
10,qld,male,77,93
10,qld,male,78,89
10,qld,male,79,82
10,qld,male,80,79
10,qld,male,81,74
10,qld,male,82,72
10,qld,male,83,62
10,qld,male,84,54
10,qld,male,85,50
10,qld,male,86,42
10,qld,male,87,32
10,qld,male,88,31
10,qld,male,89,25
10,qld,male,90,21
10,qld,male,91,14
10,qld,male,92,12
10,qld,male,93,7
10,qld,male,94,5
10,qld,male,95,4
10,qld,male,96,3
10,qld,male,97,1
10,qld,male,98,2
10,qld,male,99,1
10,qld,male,100,1
10,qld,female,0,344
10,qld,female,1,294
10,qld,female,2,296
10,qld,female,3,293
10,qld,female,4,286
10,qld,female,5,304
10,qld,female,6,280
10,qld,female,7,276
10,qld,female,8,271
10,qld,female,9,277
10,qld,female,10,297
10,qld,female,11,279
10,qld,female,12,277
10,qld,female,13,280
10,qld,female,14,282
10,qld,female,15,314
10,qld,female,16,288
10,qld,female,17,288
10,qld,female,18,284
10,qld,female,19,296
10,qld,female,20,374
10,qld,female,21,310
10,qld,female,22,304
10,qld,female,23,306
10,qld,female,24,310
10,qld,female,25,392
10,qld,female,26,326
10,qld,female,27,311
10,qld,female,28,318
10,qld,female,29,304
10,qld,female,30,348
10,qld,female,31,295
10,qld,female,32,290
10,qld,female,33,289
10,qld,female,34,291
10,qld,female,35,324
10,qld,female,36,299
10,qld,female,37,310
10,qld,female,38,321
10,qld,female,39,336
10,qld,female,40,356
10,qld,female,41,318
10,qld,female,42,313
10,qld,female,43,299
10,qld,female,44,295
10,qld,female,45,306
10,qld,female,46,306
10,qld,female,47,312
10,qld,female,48,312
10,qld,female,49,317
10,qld,female,50,323
10,qld,female,51,297
10,qld,female,52,299
10,qld,female,53,288
10,qld,female,54,281
10,qld,female,55,286
10,qld,female,56,267
10,qld,female,57,260
10,qld,female,58,256
10,qld,female,59,247
10,qld,female,60,257
10,qld,female,61,241
10,qld,female,62,235
10,qld,female,63,234
10,qld,female,64,241
10,qld,female,65,218
10,qld,female,66,200
10,qld,female,67,187
10,qld,female,68,168
10,qld,female,69,165
10,qld,female,70,153
10,qld,female,71,145
10,qld,female,72,139
10,qld,female,73,124
10,qld,female,74,119
10,qld,female,75,113
10,qld,female,76,112
10,qld,female,77,103
10,qld,female,78,103
10,qld,female,79,97
10,qld,female,80,96
10,qld,female,81,92
10,qld,female,82,86
10,qld,female,83,82
10,qld,female,84,74
10,qld,female,85,68
10,qld,female,86,66
10,qld,female,87,49
10,qld,female,88,50
10,qld,female,89,42
10,qld,female,90,39
10,qld,female,91,31
10,qld,female,92,21
10,qld,female,93,19
10,qld,female,94,15
10,qld,female,95,12
10,qld,female,96,8
10,qld,female,97,6
10,qld,female,98,4
10,qld,female,99,3
10,qld,female,100,2
10,qld,female,101,1
10,sa,male,0,103
10,sa,male,1,102
10,sa,male,2,101
10,sa,male,3,98
10,sa,male,4,96
10,sa,male,5,105
10,sa,male,6,95
10,sa,male,7,95
10,sa,male,8,94
10,sa,male,9,96
10,sa,male,10,102
10,sa,male,11,99
10,sa,male,12,100
10,sa,male,13,102
10,sa,male,14,100
10,sa,male,15,112
10,sa,male,16,106
10,sa,male,17,103
10,sa,male,18,110
10,sa,male,19,111
10,sa,male,20,138
10,sa,male,21,116
10,sa,male,22,121
10,sa,male,23,115
10,sa,male,24,117
10,sa,male,25,136
10,sa,male,26,117
10,sa,male,27,118
10,sa,male,28,117
10,sa,male,29,112
10,sa,male,30,118
10,sa,male,31,104
10,sa,male,32,101
10,sa,male,33,96
10,sa,male,34,97
10,sa,male,35,111
10,sa,male,36,101
10,sa,male,37,103
10,sa,male,38,109
10,sa,male,39,114
10,sa,male,40,119
10,sa,male,41,119
10,sa,male,42,117
10,sa,male,43,113
10,sa,male,44,110
10,sa,male,45,108
10,sa,male,46,113
10,sa,male,47,116
10,sa,male,48,116
10,sa,male,49,118
10,sa,male,50,118
10,sa,male,51,113
10,sa,male,52,115
10,sa,male,53,110
10,sa,male,54,107
10,sa,male,55,106
10,sa,male,56,105
10,sa,male,57,100
10,sa,male,58,100
10,sa,male,59,99
10,sa,male,60,93
10,sa,male,61,97
10,sa,male,62,95
10,sa,male,63,91
10,sa,male,64,97
10,sa,male,65,86
10,sa,male,66,78
10,sa,male,67,72
10,sa,male,68,68
10,sa,male,69,64
10,sa,male,70,60
10,sa,male,71,59
10,sa,male,72,58
10,sa,male,73,55
10,sa,male,74,54
10,sa,male,75,47
10,sa,male,76,43
10,sa,male,77,43
10,sa,male,78,41
10,sa,male,79,39
10,sa,male,80,39
10,sa,male,81,35
10,sa,male,82,32
10,sa,male,83,32
10,sa,male,84,31
10,sa,male,85,26
10,sa,male,86,20
10,sa,male,87,17
10,sa,male,88,17
10,sa,male,89,11
10,sa,male,90,10
10,sa,male,91,9
10,sa,male,92,3
10,sa,male,93,4
10,sa,male,94,3
10,sa,male,95,2
10,sa,male,96,1
10,sa,male,97,1
10,sa,male,100,1
10,sa,female,0,117
10,sa,female,1,97
10,sa,female,2,96
10,sa,female,3,95
10,sa,female,4,96
10,sa,female,5,97
10,sa,female,6,90
10,sa,female,7,91
10,sa,female,8,87
10,sa,female,9,93
10,sa,female,10,96
10,sa,female,11,95
10,sa,female,12,97
10,sa,female,13,97
10,sa,female,14,101
10,sa,female,15,108
10,sa,female,16,99
10,sa,female,17,99
10,sa,female,18,102
10,sa,female,19,107
10,sa,female,20,118
10,sa,female,21,112
10,sa,female,22,111
10,sa,female,23,112
10,sa,female,24,115
10,sa,female,25,139
10,sa,female,26,111
10,sa,female,27,113
10,sa,female,28,106
10,sa,female,29,105
10,sa,female,30,114
10,sa,female,31,103
10,sa,female,32,97
10,sa,female,33,97
10,sa,female,34,101
10,sa,female,35,107
10,sa,female,36,103
10,sa,female,37,103
10,sa,female,38,109
10,sa,female,39,117
10,sa,female,40,124
10,sa,female,41,113
10,sa,female,42,113
10,sa,female,43,111
10,sa,female,44,110
10,sa,female,45,116
10,sa,female,46,113
10,sa,female,47,115
10,sa,female,48,115
10,sa,female,49,119
10,sa,female,50,125
10,sa,female,51,114
10,sa,female,52,114
10,sa,female,53,111
10,sa,female,54,111
10,sa,female,55,109
10,sa,female,56,106
10,sa,female,57,106
10,sa,female,58,104
10,sa,female,59,101
10,sa,female,60,105
10,sa,female,61,99
10,sa,female,62,96
10,sa,female,63,98
10,sa,female,64,101
10,sa,female,65,92
10,sa,female,66,84
10,sa,female,67,78
10,sa,female,68,72
10,sa,female,69,70
10,sa,female,70,65
10,sa,female,71,63
10,sa,female,72,62
10,sa,female,73,60
10,sa,female,74,58
10,sa,female,75,55
10,sa,female,76,53
10,sa,female,77,52
10,sa,female,78,50
10,sa,female,79,50
10,sa,female,80,49
10,sa,female,81,48
10,sa,female,82,44
10,sa,female,83,44
10,sa,female,84,44
10,sa,female,85,42
10,sa,female,86,35
10,sa,female,87,33
10,sa,female,88,27
10,sa,female,89,27
10,sa,female,90,23
10,sa,female,91,14
10,sa,female,92,13
10,sa,female,93,9
10,sa,female,94,9
10,sa,female,95,6
10,sa,female,96,4
10,sa,female,97,4
10,sa,female,98,1
10,sa,female,99,2
10,sa,female,100,2
10,wa,male,0,183
10,wa,male,1,159
10,wa,male,2,154
10,wa,male,3,156
10,wa,male,4,157
10,wa,male,5,164
10,wa,male,6,144
10,wa,male,7,144
10,wa,male,8,142
10,wa,male,9,143
10,wa,male,10,155
10,wa,male,11,146
10,wa,male,12,154
10,wa,male,13,147
10,wa,male,14,152
10,wa,male,15,175
10,wa,male,16,153
10,wa,male,17,153
10,wa,male,18,156
10,wa,male,19,159
10,wa,male,20,205
10,wa,male,21,172
10,wa,male,22,174
10,wa,male,23,175
10,wa,male,24,184
10,wa,male,25,249
10,wa,male,26,188
10,wa,male,27,186
10,wa,male,28,181
10,wa,male,29,172
10,wa,male,30,208
10,wa,male,31,162
10,wa,male,32,157
10,wa,male,33,158
10,wa,male,34,154
10,wa,male,35,182
10,wa,male,36,158
10,wa,male,37,160
10,wa,male,38,165
10,wa,male,39,181
10,wa,male,40,203
10,wa,male,41,174
10,wa,male,42,170
10,wa,male,43,164
10,wa,male,44,161
10,wa,male,45,174
10,wa,male,46,161
10,wa,male,47,165
10,wa,male,48,162
10,wa,male,49,164
10,wa,male,50,173
10,wa,male,51,157
10,wa,male,52,155
10,wa,male,53,150
10,wa,male,54,145
10,wa,male,55,154
10,wa,male,56,143
10,wa,male,57,137
10,wa,male,58,134
10,wa,male,59,130
10,wa,male,60,137
10,wa,male,61,124
10,wa,male,62,122
10,wa,male,63,125
10,wa,male,64,122
10,wa,male,65,108
10,wa,male,66,94
10,wa,male,67,92
10,wa,male,68,83
10,wa,male,69,82
10,wa,male,70,75
10,wa,male,71,73
10,wa,male,72,66
10,wa,male,73,62
10,wa,male,74,59
10,wa,male,75,53
10,wa,male,76,50
10,wa,male,77,46
10,wa,male,78,45
10,wa,male,79,43
10,wa,male,80,39
10,wa,male,81,38
10,wa,male,82,33
10,wa,male,83,31
10,wa,male,84,28
10,wa,male,85,22
10,wa,male,86,19
10,wa,male,87,18
10,wa,male,88,13
10,wa,male,89,10
10,wa,male,90,10
10,wa,male,91,7
10,wa,male,92,6
10,wa,male,93,4
10,wa,male,94,3
10,wa,male,95,2
10,wa,male,96,1
10,wa,male,97,1
10,wa,male,99,1
10,wa,female,0,171
10,wa,female,1,150
10,wa,female,2,146
10,wa,female,3,149
10,wa,female,4,148
10,wa,female,5,166
10,wa,female,6,140
10,wa,female,7,137
10,wa,female,8,138
10,wa,female,9,140
10,wa,female,10,156
10,wa,female,11,142
10,wa,female,12,142
10,wa,female,13,141
10,wa,female,14,144
10,wa,female,15,163
10,wa,female,16,146
10,wa,female,17,146
10,wa,female,18,147
10,wa,female,19,150
10,wa,female,20,202
10,wa,female,21,160
10,wa,female,22,161
10,wa,female,23,162
10,wa,female,24,168
10,wa,female,25,251
10,wa,female,26,167
10,wa,female,27,166
10,wa,female,28,170
10,wa,female,29,163
10,wa,female,30,200
10,wa,female,31,158
10,wa,female,32,151
10,wa,female,33,154
10,wa,female,34,155
10,wa,female,35,178
10,wa,female,36,155
10,wa,female,37,158
10,wa,female,38,165
10,wa,female,39,173
10,wa,female,40,189
10,wa,female,41,169
10,wa,female,42,167
10,wa,female,43,162
10,wa,female,44,157
10,wa,female,45,159
10,wa,female,46,162
10,wa,female,47,161
10,wa,female,48,167
10,wa,female,49,164
10,wa,female,50,165
10,wa,female,51,160
10,wa,female,52,157
10,wa,female,53,149
10,wa,female,54,152
10,wa,female,55,157
10,wa,female,56,142
10,wa,female,57,139
10,wa,female,58,135
10,wa,female,59,132
10,wa,female,60,130
10,wa,female,61,122
10,wa,female,62,120
10,wa,female,63,119
10,wa,female,64,120
10,wa,female,65,104
10,wa,female,66,95
10,wa,female,67,90
10,wa,female,68,84
10,wa,female,69,82
10,wa,female,70,75
10,wa,female,71,70
10,wa,female,72,70
10,wa,female,73,67
10,wa,female,74,61
10,wa,female,75,59
10,wa,female,76,56
10,wa,female,77,55
10,wa,female,78,52
10,wa,female,79,49
10,wa,female,80,48
10,wa,female,81,46
10,wa,female,82,43
10,wa,female,83,44
10,wa,female,84,36
10,wa,female,85,32
10,wa,female,86,33
10,wa,female,87,29
10,wa,female,88,28
10,wa,female,89,21
10,wa,female,90,19
10,wa,female,91,13
10,wa,female,92,10
10,wa,female,93,10
10,wa,female,94,7
10,wa,female,95,7
10,wa,female,96,6
10,wa,female,97,4
10,wa,female,98,3
10,wa,female,99,1
10,wa,female,101,1
10,tas,male,0,32
10,tas,male,1,34
10,tas,male,2,34
10,tas,male,3,35
10,tas,male,4,33
10,tas,male,5,36
10,tas,male,6,34
10,tas,male,7,32
10,tas,male,8,31
10,tas,male,9,35
10,tas,male,10,34
10,tas,male,11,35
10,tas,male,12,37
10,tas,male,13,35
10,tas,male,14,36
10,tas,male,15,37
10,tas,male,16,35
10,tas,male,17,38
10,tas,male,18,37
10,tas,male,19,35
10,tas,male,20,41
10,tas,male,21,37
10,tas,male,22,36
10,tas,male,23,37
10,tas,male,24,34
10,tas,male,25,38
10,tas,male,26,32
10,tas,male,27,34
10,tas,male,28,32
10,tas,male,29,32
10,tas,male,30,31
10,tas,male,31,29
10,tas,male,32,30
10,tas,male,33,29
10,tas,male,34,27
10,tas,male,35,34
10,tas,male,36,32
10,tas,male,37,32
10,tas,male,38,34
10,tas,male,39,35
10,tas,male,40,37
10,tas,male,41,36
10,tas,male,42,37
10,tas,male,43,34
10,tas,male,44,33
10,tas,male,45,31
10,tas,male,46,34
10,tas,male,47,40
10,tas,male,48,38
10,tas,male,49,40
10,tas,male,50,38
10,tas,male,51,38
10,tas,male,52,37
10,tas,male,53,37
10,tas,male,54,37
10,tas,male,55,40
10,tas,male,56,34
10,tas,male,57,33
10,tas,male,58,35
10,tas,male,59,36
10,tas,male,60,34
10,tas,male,61,35
10,tas,male,62,30
10,tas,male,63,32
10,tas,male,64,37
10,tas,male,65,28
10,tas,male,66,27
10,tas,male,67,27
10,tas,male,68,24
10,tas,male,69,23
10,tas,male,70,21
10,tas,male,71,20
10,tas,male,72,20
10,tas,male,73,18
10,tas,male,74,18
10,tas,male,75,15
10,tas,male,76,14
10,tas,male,77,13
10,tas,male,78,12
10,tas,male,79,13
10,tas,male,80,12
10,tas,male,81,12
10,tas,male,82,10
10,tas,male,83,10
10,tas,male,84,9
10,tas,male,85,8
10,tas,male,86,7
10,tas,male,87,4
10,tas,male,88,5
10,tas,male,89,4
10,tas,male,90,1
10,tas,male,91,1
10,tas,male,93,1
10,tas,male,94,1
10,tas,female,0,35
10,tas,female,1,32
10,tas,female,2,33
10,tas,female,3,34
10,tas,female,4,32
10,tas,female,5,33
10,tas,female,6,32
10,tas,female,7,29
10,tas,female,8,30
10,tas,female,9,31
10,tas,female,10,31
10,tas,female,11,32
10,tas,female,12,33
10,tas,female,13,32
10,tas,female,14,35
10,tas,female,15,35
10,tas,female,16,36
10,tas,female,17,36
10,tas,female,18,35
10,tas,female,19,33
10,tas,female,20,36
10,tas,female,21,31
10,tas,female,22,32
10,tas,female,23,31
10,tas,female,24,34
10,tas,female,25,34
10,tas,female,26,31
10,tas,female,27,33
10,tas,female,28,28
10,tas,female,29,30
10,tas,female,30,38
10,tas,female,31,30
10,tas,female,32,30
10,tas,female,33,31
10,tas,female,34,30
10,tas,female,35,32
10,tas,female,36,32
10,tas,female,37,35
10,tas,female,38,35
10,tas,female,39,36
10,tas,female,40,42
10,tas,female,41,41
10,tas,female,42,36
10,tas,female,43,34
10,tas,female,44,35
10,tas,female,45,34
10,tas,female,46,35
10,tas,female,47,40
10,tas,female,48,36
10,tas,female,49,39
10,tas,female,50,42
10,tas,female,51,38
10,tas,female,52,39
10,tas,female,53,38
10,tas,female,54,37
10,tas,female,55,36
10,tas,female,56,36
10,tas,female,57,34
10,tas,female,58,36
10,tas,female,59,35
10,tas,female,60,36
10,tas,female,61,33
10,tas,female,62,30
10,tas,female,63,33
10,tas,female,64,34
10,tas,female,65,27
10,tas,female,66,27
10,tas,female,67,24
10,tas,female,68,23
10,tas,female,69,22
10,tas,female,70,22
10,tas,female,71,20
10,tas,female,72,19
10,tas,female,73,19
10,tas,female,74,19
10,tas,female,75,18
10,tas,female,76,15
10,tas,female,77,14
10,tas,female,78,16
10,tas,female,79,15
10,tas,female,80,15
10,tas,female,81,13
10,tas,female,82,12
10,tas,female,83,12
10,tas,female,84,12
10,tas,female,85,11
10,tas,female,86,11
10,tas,female,87,10
10,tas,female,88,9
10,tas,female,89,8
10,tas,female,90,7
10,tas,female,91,4
10,tas,female,92,3
10,tas,female,93,2
10,tas,female,94,3
10,tas,female,95,2
10,tas,female,96,3
10,tas,female,97,1
10,tas,female,98,1
10,tas,female,100,1
10,nt,male,0,20
10,nt,male,1,22
10,nt,male,2,20
10,nt,male,3,23
10,nt,male,4,18
10,nt,male,5,21
10,nt,male,6,18
10,nt,male,7,16
10,nt,male,8,19
10,nt,male,9,17
10,nt,male,10,23
10,nt,male,11,19
10,nt,male,12,18
10,nt,male,13,17
10,nt,male,14,18
10,nt,male,15,21
10,nt,male,16,18
10,nt,male,17,18
10,nt,male,18,20
10,nt,male,19,19
10,nt,male,20,27
10,nt,male,21,21
10,nt,male,22,22
10,nt,male,23,25
10,nt,male,24,23
10,nt,male,25,24
10,nt,male,26,27
10,nt,male,27,29
10,nt,male,28,23
10,nt,male,29,24
10,nt,male,30,27
10,nt,male,31,24
10,nt,male,32,21
10,nt,male,33,21
10,nt,male,34,19
10,nt,male,35,28
10,nt,male,36,21
10,nt,male,37,17
10,nt,male,38,20
10,nt,male,39,19
10,nt,male,40,22
10,nt,male,41,20
10,nt,male,42,20
10,nt,male,43,15
10,nt,male,44,16
10,nt,male,45,21
10,nt,male,46,22
10,nt,male,47,16
10,nt,male,48,16
10,nt,male,49,18
10,nt,male,50,16
10,nt,male,51,16
10,nt,male,52,14
10,nt,male,53,15
10,nt,male,54,14
10,nt,male,55,15
10,nt,male,56,15
10,nt,male,57,14
10,nt,male,58,13
10,nt,male,59,13
10,nt,male,60,13
10,nt,male,61,13
10,nt,male,62,14
10,nt,male,63,9
10,nt,male,64,11
10,nt,male,65,9
10,nt,male,66,9
10,nt,male,67,7
10,nt,male,68,6
10,nt,male,69,6
10,nt,male,70,7
10,nt,male,71,6
10,nt,male,72,4
10,nt,male,73,4
10,nt,male,74,3
10,nt,male,75,5
10,nt,male,76,1
10,nt,male,77,3
10,nt,male,78,2
10,nt,male,79,2
10,nt,male,80,2
10,nt,male,81,2
10,nt,male,82,1
10,nt,male,83,1
10,nt,male,84,1
10,nt,female,0,19
10,nt,female,1,20
10,nt,female,2,18
10,nt,female,3,19
10,nt,female,4,18
10,nt,female,5,20
10,nt,female,6,17
10,nt,female,7,19
10,nt,female,8,18
10,nt,female,9,17
10,nt,female,10,17
10,nt,female,11,16
10,nt,female,12,16
10,nt,female,13,19
10,nt,female,14,16
10,nt,female,15,16
10,nt,female,16,16
10,nt,female,17,17
10,nt,female,18,17
10,nt,female,19,16
10,nt,female,20,19
10,nt,female,21,15
10,nt,female,22,18
10,nt,female,23,17
10,nt,female,24,19
10,nt,female,25,25
10,nt,female,26,23
10,nt,female,27,22
10,nt,female,28,24
10,nt,female,29,23
10,nt,female,30,24
10,nt,female,31,21
10,nt,female,32,19
10,nt,female,33,21
10,nt,female,34,18
10,nt,female,35,24
10,nt,female,36,19
10,nt,female,37,19
10,nt,female,38,21
10,nt,female,39,20
10,nt,female,40,22
10,nt,female,41,20
10,nt,female,42,18
10,nt,female,43,19
10,nt,female,44,16
10,nt,female,45,16
10,nt,female,46,16
10,nt,female,47,14
10,nt,female,48,14
10,nt,female,49,17
10,nt,female,50,16
10,nt,female,51,13
10,nt,female,52,16
10,nt,female,53,15
10,nt,female,54,14
10,nt,female,55,12
10,nt,female,56,13
10,nt,female,57,13
10,nt,female,58,12
10,nt,female,59,12
10,nt,female,60,12
10,nt,female,61,8
10,nt,female,62,9
10,nt,female,63,8
10,nt,female,64,8
10,nt,female,65,10
10,nt,female,66,7
10,nt,female,67,6
10,nt,female,68,4
10,nt,female,69,6
10,nt,female,70,4
10,nt,female,71,5
10,nt,female,72,3
10,nt,female,73,3
10,nt,female,74,2
10,nt,female,75,2
10,nt,female,76,2
10,nt,female,77,2
10,nt,female,78,2
10,nt,female,79,1
10,nt,female,80,1
10,nt,female,81,1
10,nt,female,83,1
10,nt,female,84,1
10,nt,female,85,1
10,nt,female,86,1
10,nt,female,87,1
10,act,male,0,36
10,act,male,1,23
10,act,male,2,24
10,act,male,3,24
10,act,male,4,24
10,act,male,5,25
10,act,male,6,23
10,act,male,7,22
10,act,male,8,22
10,act,male,9,20
10,act,male,10,22
10,act,male,11,22
10,act,male,12,22
10,act,male,13,22
10,act,male,14,20
10,act,male,15,26
10,act,male,16,22
10,act,male,17,27
10,act,male,18,27
10,act,male,19,31
10,act,male,20,39
10,act,male,21,35
10,act,male,22,34
10,act,male,23,33
10,act,male,24,35
10,act,male,25,41
10,act,male,26,32
10,act,male,27,36
10,act,male,28,32
10,act,male,29,33
10,act,male,30,40
10,act,male,31,30
10,act,male,32,28
10,act,male,33,33
10,act,male,34,28
10,act,male,35,33
10,act,male,36,29
10,act,male,37,29
10,act,male,38,28
10,act,male,39,27
10,act,male,40,31
10,act,male,41,26
10,act,male,42,25
10,act,male,43,25
10,act,male,44,27
10,act,male,45,29
10,act,male,46,25
10,act,male,47,26
10,act,male,48,25
10,act,male,49,24
10,act,male,50,28
10,act,male,51,24
10,act,male,52,22
10,act,male,53,24
10,act,male,54,24
10,act,male,55,21
10,act,male,56,22
10,act,male,57,21
10,act,male,58,21
10,act,male,59,19
10,act,male,60,20
10,act,male,61,19
10,act,male,62,17
10,act,male,63,18
10,act,male,64,19
10,act,male,65,14
10,act,male,66,13
10,act,male,67,11
10,act,male,68,14
10,act,male,69,10
10,act,male,70,10
10,act,male,71,11
10,act,male,72,10
10,act,male,73,8
10,act,male,74,9
10,act,male,75,7
10,act,male,76,7
10,act,male,77,6
10,act,male,78,6
10,act,male,79,4
10,act,male,80,5
10,act,male,81,4
10,act,male,82,4
10,act,male,83,4
10,act,male,84,3
10,act,male,85,4
10,act,male,86,3
10,act,male,87,3
10,act,male,88,2
10,act,male,89,2
10,act,male,90,3
10,act,male,92,1
10,act,female,0,28
10,act,female,1,25
10,act,female,2,23
10,act,female,3,22
10,act,female,4,23
10,act,female,5,23
10,act,female,6,21
10,act,female,7,22
10,act,female,8,22
10,act,female,9,21
10,act,female,10,26
10,act,female,11,24
10,act,female,12,20
10,act,female,13,22
10,act,female,14,22
10,act,female,15,26
10,act,female,16,23
10,act,female,17,23
10,act,female,18,26
10,act,female,19,26
10,act,female,20,39
10,act,female,21,35
10,act,female,22,34
10,act,female,23,32
10,act,female,24,33
10,act,female,25,36
10,act,female,26,33
10,act,female,27,33
10,act,female,28,34
10,act,female,29,34
10,act,female,30,37
10,act,female,31,33
10,act,female,32,27
10,act,female,33,28
10,act,female,34,27
10,act,female,35,31
10,act,female,36,27
10,act,female,37,30
10,act,female,38,28
10,act,female,39,28
10,act,female,40,30
10,act,female,41,28
10,act,female,42,29
10,act,female,43,27
10,act,female,44,26
10,act,female,45,26
10,act,female,46,24
10,act,female,47,28
10,act,female,48,25
10,act,female,49,26
10,act,female,50,29
10,act,female,51,27
10,act,female,52,25
10,act,female,53,24
10,act,female,54,24
10,act,female,55,24
10,act,female,56,23
10,act,female,57,21
10,act,female,58,22
10,act,female,59,20
10,act,female,60,21
10,act,female,61,18
10,act,female,62,18
10,act,female,63,20
10,act,female,64,22
10,act,female,65,18
10,act,female,66,15
10,act,female,67,13
10,act,female,68,12
10,act,female,69,11
10,act,female,70,11
10,act,female,71,10
10,act,female,72,10
10,act,female,73,9
10,act,female,74,10
10,act,female,75,8
10,act,female,76,7
10,act,female,77,8
10,act,female,78,7
10,act,female,79,8
10,act,female,80,6
10,act,female,81,7
10,act,female,82,6
10,act,female,83,5
10,act,female,84,5
10,act,female,85,6
10,act,female,86,5
10,act,female,87,5
10,act,female,88,4
10,act,female,89,2
10,act,female,90,1
10,act,female,91,2
10,act,female,92,2
10,act,female,95,1
11,nsw,male,0,560
11,nsw,male,1,493
11,nsw,male,2,479
11,nsw,male,3,470
11,nsw,male,4,467
11,nsw,male,5,491
11,nsw,male,6,453
11,nsw,male,7,452
11,nsw,male,8,444
11,nsw,male,9,444
11,nsw,male,10,471
11,nsw,male,11,449
11,nsw,male,12,446
11,nsw,male,13,446
11,nsw,male,14,456
11,nsw,male,15,510
11,nsw,male,16,466
11,nsw,male,17,458
11,nsw,male,18,461
11,nsw,male,19,471
11,nsw,male,20,615
11,nsw,male,21,504
11,nsw,male,22,499
11,nsw,male,23,498
11,nsw,male,24,500
11,nsw,male,25,654
11,nsw,male,26,520
11,nsw,male,27,512
11,nsw,male,28,517
11,nsw,male,29,511
11,nsw,male,30,602
11,nsw,male,31,491
11,nsw,male,32,487
11,nsw,male,33,468
11,nsw,male,34,475
11,nsw,male,35,519
11,nsw,male,36,475
11,nsw,male,37,492
11,nsw,male,38,499
11,nsw,male,39,522
11,nsw,male,40,561
11,nsw,male,41,490
11,nsw,male,42,478
11,nsw,male,43,460
11,nsw,male,44,455
11,nsw,male,45,489
11,nsw,male,46,473
11,nsw,male,47,488
11,nsw,male,48,495
11,nsw,male,49,498
11,nsw,male,50,514
11,nsw,male,51,483
11,nsw,male,52,470
11,nsw,male,53,464
11,nsw,male,54,458
11,nsw,male,55,452
11,nsw,male,56,429
11,nsw,male,57,417
11,nsw,male,58,414
11,nsw,male,59,394
11,nsw,male,60,407
11,nsw,male,61,387
11,nsw,male,62,384
11,nsw,male,63,391
11,nsw,male,64,399
11,nsw,male,65,367
11,nsw,male,66,329
11,nsw,male,67,317
11,nsw,male,68,284
11,nsw,male,69,275
11,nsw,male,70,258
11,nsw,male,71,243
11,nsw,male,72,230
11,nsw,male,73,218
11,nsw,male,74,213
11,nsw,male,75,200
11,nsw,male,76,181
11,nsw,male,77,169
11,nsw,male,78,159
11,nsw,male,79,158
11,nsw,male,80,152
11,nsw,male,81,145
11,nsw,male,82,132
11,nsw,male,83,123
11,nsw,male,84,106
11,nsw,male,85,92
11,nsw,male,86,79
11,nsw,male,87,71
11,nsw,male,88,60
11,nsw,male,89,53
11,nsw,male,90,37
11,nsw,male,91,31
11,nsw,male,92,18
11,nsw,male,93,16
11,nsw,male,94,14
11,nsw,male,95,9
11,nsw,male,96,4
11,nsw,male,97,2
11,nsw,male,98,3
11,nsw,male,99,1
11,nsw,male,101,2
11,nsw,female,0,554
11,nsw,female,1,466
11,nsw,female,2,461
11,nsw,female,3,456
11,nsw,female,4,448
11,nsw,female,5,468
11,nsw,female,6,428
11,nsw,female,7,424
11,nsw,female,8,424
11,nsw,female,9,418
11,nsw,female,10,446
11,nsw,female,11,426
11,nsw,female,12,424
11,nsw,female,13,421
11,nsw,female,14,429
11,nsw,female,15,472
11,nsw,female,16,436
11,nsw,female,17,440
11,nsw,female,18,439
11,nsw,female,19,442
11,nsw,female,20,624
11,nsw,female,21,476
11,nsw,female,22,478
11,nsw,female,23,472
11,nsw,female,24,480
11,nsw,female,25,646
11,nsw,female,26,509
11,nsw,female,27,509
11,nsw,female,28,514
11,nsw,female,29,503
11,nsw,female,30,578
11,nsw,female,31,485
11,nsw,female,32,486
11,nsw,female,33,480
11,nsw,female,34,480
11,nsw,female,35,527
11,nsw,female,36,488
11,nsw,female,37,501
11,nsw,female,38,518
11,nsw,female,39,530
11,nsw,female,40,553
11,nsw,female,41,491
11,nsw,female,42,493
11,nsw,female,43,478
11,nsw,female,44,470
11,nsw,female,45,491
11,nsw,female,46,479
11,nsw,female,47,498
11,nsw,female,48,510
11,nsw,female,49,505
11,nsw,female,50,524
11,nsw,female,51,493
11,nsw,female,52,474
11,nsw,female,53,471
11,nsw,female,54,455
11,nsw,female,55,459
11,nsw,female,56,445
11,nsw,female,57,425
11,nsw,female,58,421
11,nsw,female,59,401
11,nsw,female,60,415
11,nsw,female,61,392
11,nsw,female,62,383
11,nsw,female,63,384
11,nsw,female,64,401
11,nsw,female,65,371
11,nsw,female,66,331
11,nsw,female,67,318
11,nsw,female,68,294
11,nsw,female,69,276
11,nsw,female,70,268
11,nsw,female,71,256
11,nsw,female,72,247
11,nsw,female,73,235
11,nsw,female,74,229
11,nsw,female,75,227
11,nsw,female,76,208
11,nsw,female,77,191
11,nsw,female,78,193
11,nsw,female,79,187
11,nsw,female,80,190
11,nsw,female,81,188
11,nsw,female,82,174
11,nsw,female,83,167
11,nsw,female,84,156
11,nsw,female,85,141
11,nsw,female,86,128
11,nsw,female,87,113
11,nsw,female,88,107
11,nsw,female,89,95
11,nsw,female,90,81
11,nsw,female,91,65
11,nsw,female,92,43
11,nsw,female,93,39
11,nsw,female,94,33
11,nsw,female,95,24
11,nsw,female,96,16
11,nsw,female,97,14
11,nsw,female,98,9
11,nsw,female,99,5
11,nsw,female,100,5
11,nsw,female,101,3
11,vic,male,0,380
11,vic,male,1,363
11,vic,male,2,358
11,vic,male,3,354
11,vic,male,4,352
11,vic,male,5,362
11,vic,male,6,334
11,vic,male,7,335
11,vic,male,8,328
11,vic,male,9,323
11,vic,male,10,343
11,vic,male,11,324
11,vic,male,12,329
11,vic,male,13,338
11,vic,male,14,338
11,vic,male,15,392
11,vic,male,16,349
11,vic,male,17,354
11,vic,male,18,353
11,vic,male,19,362
11,vic,male,20,506
11,vic,male,21,412
11,vic,male,22,416
11,vic,male,23,417
11,vic,male,24,425
11,vic,male,25,518
11,vic,male,26,430
11,vic,male,27,421
11,vic,male,28,422
11,vic,male,29,405
11,vic,male,30,459
11,vic,male,31,387
11,vic,male,32,380
11,vic,male,33,369
11,vic,male,34,370
11,vic,male,35,406
11,vic,male,36,375
11,vic,male,37,383
11,vic,male,38,386
11,vic,male,39,402
11,vic,male,40,432
11,vic,male,41,388
11,vic,male,42,390
11,vic,male,43,378
11,vic,male,44,365
11,vic,male,45,369
11,vic,male,46,364
11,vic,male,47,367
11,vic,male,48,376
11,vic,male,49,369
11,vic,male,50,379
11,vic,male,51,357
11,vic,male,52,353
11,vic,male,53,334
11,vic,male,54,337
11,vic,male,55,339
11,vic,male,56,320
11,vic,male,57,315
11,vic,male,58,305
11,vic,male,59,302
11,vic,male,60,300
11,vic,male,61,287
11,vic,male,62,281
11,vic,male,63,280
11,vic,male,64,300
11,vic,male,65,264
11,vic,male,66,237
11,vic,male,67,221
11,vic,male,68,206
11,vic,male,69,203
11,vic,male,70,190
11,vic,male,71,184
11,vic,male,72,176
11,vic,male,73,162
11,vic,male,74,156
11,vic,male,75,147
11,vic,male,76,133
11,vic,male,77,128
11,vic,male,78,124
11,vic,male,79,117
11,vic,male,80,115
11,vic,male,81,98
11,vic,male,82,97
11,vic,male,83,87
11,vic,male,84,85
11,vic,male,85,72
11,vic,male,86,54
11,vic,male,87,49
11,vic,male,88,40
11,vic,male,89,35
11,vic,male,90,26
11,vic,male,91,21
11,vic,male,92,14
11,vic,male,93,10
11,vic,male,94,9
11,vic,male,95,7
11,vic,male,96,5
11,vic,male,97,4
11,vic,male,98,1
11,vic,male,99,1
11,vic,male,100,1
11,vic,female,0,391
11,vic,female,1,343
11,vic,female,2,342
11,vic,female,3,336
11,vic,female,4,330
11,vic,female,5,351
11,vic,female,6,314
11,vic,female,7,317
11,vic,female,8,308
11,vic,female,9,312
11,vic,female,10,333
11,vic,female,11,314
11,vic,female,12,320
11,vic,female,13,311
11,vic,female,14,319
11,vic,female,15,367
11,vic,female,16,331
11,vic,female,17,323
11,vic,female,18,341
11,vic,female,19,342
11,vic,female,20,487
11,vic,female,21,388
11,vic,female,22,390
11,vic,female,23,394
11,vic,female,24,393
11,vic,female,25,512
11,vic,female,26,406
11,vic,female,27,410
11,vic,female,28,405
11,vic,female,29,399
11,vic,female,30,458
11,vic,female,31,382
11,vic,female,32,379
11,vic,female,33,370
11,vic,female,34,365
11,vic,female,35,395
11,vic,female,36,382
11,vic,female,37,386
11,vic,female,38,394
11,vic,female,39,411
11,vic,female,40,446
11,vic,female,41,402
11,vic,female,42,401
11,vic,female,43,389
11,vic,female,44,371
11,vic,female,45,388
11,vic,female,46,375
11,vic,female,47,379
11,vic,female,48,383
11,vic,female,49,383
11,vic,female,50,395
11,vic,female,51,369
11,vic,female,52,366
11,vic,female,53,351
11,vic,female,54,346
11,vic,female,55,354
11,vic,female,56,329
11,vic,female,57,325
11,vic,female,58,324
11,vic,female,59,307
11,vic,female,60,316
11,vic,female,61,300
11,vic,female,62,292
11,vic,female,63,292
11,vic,female,64,307
11,vic,female,65,278
11,vic,female,66,248
11,vic,female,67,240
11,vic,female,68,217
11,vic,female,69,212
11,vic,female,70,199
11,vic,female,71,190
11,vic,female,72,185
11,vic,female,73,178
11,vic,female,74,172
11,vic,female,75,166
11,vic,female,76,158
11,vic,female,77,151
11,vic,female,78,147
11,vic,female,79,139
11,vic,female,80,144
11,vic,female,81,137
11,vic,female,82,129
11,vic,female,83,126
11,vic,female,84,118
11,vic,female,85,109
11,vic,female,86,93
11,vic,female,87,82
11,vic,female,88,79
11,vic,female,89,71
11,vic,female,90,55
11,vic,female,91,47
11,vic,female,92,31
11,vic,female,93,26
11,vic,female,94,24
11,vic,female,95,14
11,vic,female,96,11
11,vic,female,97,12
11,vic,female,98,7
11,vic,female,99,4
11,vic,female,100,3
11,vic,female,101,5
11,qld,male,0,352
11,qld,male,1,316
11,qld,male,2,313
11,qld,male,3,310
11,qld,male,4,304
11,qld,male,5,325
11,qld,male,6,299
11,qld,male,7,283
11,qld,male,8,284
11,qld,male,9,289
11,qld,male,10,310
11,qld,male,11,292
11,qld,male,12,293
11,qld,male,13,296
11,qld,male,14,291
11,qld,male,15,325
11,qld,male,16,303
11,qld,male,17,297
11,qld,male,18,300
11,qld,male,19,301
11,qld,male,20,395
11,qld,male,21,315
11,qld,male,22,314
11,qld,male,23,315
11,qld,male,24,319
11,qld,male,25,414
11,qld,male,26,327
11,qld,male,27,322
11,qld,male,28,332
11,qld,male,29,319
11,qld,male,30,363
11,qld,male,31,300
11,qld,male,32,289
11,qld,male,33,279
11,qld,male,34,289
11,qld,male,35,324
11,qld,male,36,298
11,qld,male,37,310
11,qld,male,38,311
11,qld,male,39,327
11,qld,male,40,355
11,qld,male,41,314
11,qld,male,42,311
11,qld,male,43,295
11,qld,male,44,292
11,qld,male,45,303
11,qld,male,46,292
11,qld,male,47,306
11,qld,male,48,303
11,qld,male,49,308
11,qld,male,50,312
11,qld,male,51,295
11,qld,male,52,287
11,qld,male,53,276
11,qld,male,54,272
11,qld,male,55,282
11,qld,male,56,263
11,qld,male,57,255
11,qld,male,58,260
11,qld,male,59,251
11,qld,male,60,250
11,qld,male,61,243
11,qld,male,62,240
11,qld,male,63,244
11,qld,male,64,250
11,qld,male,65,225
11,qld,male,66,202
11,qld,male,67,190
11,qld,male,68,168
11,qld,male,69,162
11,qld,male,70,154
11,qld,male,71,148
11,qld,male,72,137
11,qld,male,73,128
11,qld,male,74,120
11,qld,male,75,107
11,qld,male,76,99
11,qld,male,77,92
11,qld,male,78,89
11,qld,male,79,83
11,qld,male,80,79
11,qld,male,81,75
11,qld,male,82,72
11,qld,male,83,63
11,qld,male,84,55
11,qld,male,85,49
11,qld,male,86,41
11,qld,male,87,33
11,qld,male,88,31
11,qld,male,89,26
11,qld,male,90,19
11,qld,male,91,15
11,qld,male,92,12
11,qld,male,93,7
11,qld,male,94,5
11,qld,male,95,5
11,qld,male,96,2
11,qld,male,97,1
11,qld,male,98,2
11,qld,male,99,1
11,qld,male,100,1
11,qld,male,101,1
11,qld,female,0,351
11,qld,female,1,294
11,qld,female,2,295
11,qld,female,3,295
11,qld,female,4,286
11,qld,female,5,306
11,qld,female,6,280
11,qld,female,7,277
11,qld,female,8,270
11,qld,female,9,276
11,qld,female,10,298
11,qld,female,11,279
11,qld,female,12,276
11,qld,female,13,281
11,qld,female,14,280
11,qld,female,15,315
11,qld,female,16,287
11,qld,female,17,287
11,qld,female,18,282
11,qld,female,19,294
11,qld,female,20,379
11,qld,female,21,310
11,qld,female,22,304
11,qld,female,23,302
11,qld,female,24,309
11,qld,female,25,399
11,qld,female,26,325
11,qld,female,27,311
11,qld,female,28,318
11,qld,female,29,303
11,qld,female,30,349
11,qld,female,31,296
11,qld,female,32,289
11,qld,female,33,290
11,qld,female,34,290
11,qld,female,35,323
11,qld,female,36,298
11,qld,female,37,306
11,qld,female,38,322
11,qld,female,39,336
11,qld,female,40,357
11,qld,female,41,318
11,qld,female,42,314
11,qld,female,43,299
11,qld,female,44,294
11,qld,female,45,307
11,qld,female,46,304
11,qld,female,47,312
11,qld,female,48,313
11,qld,female,49,314
11,qld,female,50,324
11,qld,female,51,297
11,qld,female,52,299
11,qld,female,53,290
11,qld,female,54,278
11,qld,female,55,289
11,qld,female,56,268
11,qld,female,57,260
11,qld,female,58,257
11,qld,female,59,247
11,qld,female,60,256
11,qld,female,61,244
11,qld,female,62,234
11,qld,female,63,232
11,qld,female,64,244
11,qld,female,65,216
11,qld,female,66,200
11,qld,female,67,191
11,qld,female,68,166
11,qld,female,69,166
11,qld,female,70,153
11,qld,female,71,146
11,qld,female,72,141
11,qld,female,73,122
11,qld,female,74,120
11,qld,female,75,113
11,qld,female,76,113
11,qld,female,77,103
11,qld,female,78,102
11,qld,female,79,96
11,qld,female,80,95
11,qld,female,81,93
11,qld,female,82,86
11,qld,female,83,82
11,qld,female,84,74
11,qld,female,85,69
11,qld,female,86,65
11,qld,female,87,51
11,qld,female,88,49
11,qld,female,89,42
11,qld,female,90,39
11,qld,female,91,33
11,qld,female,92,20
11,qld,female,93,20
11,qld,female,94,14
11,qld,female,95,13
11,qld,female,96,8
11,qld,female,97,6
11,qld,female,98,4
11,qld,female,99,3
11,qld,female,100,3
11,qld,female,101,1
11,sa,male,0,105
11,sa,male,1,103
11,sa,male,2,101
11,sa,male,3,98
11,sa,male,4,96
11,sa,male,5,106
11,sa,male,6,95
11,sa,male,7,96
11,sa,male,8,94
11,sa,male,9,96
11,sa,male,10,101
11,sa,male,11,99
11,sa,male,12,99
11,sa,male,13,101
11,sa,male,14,100
11,sa,male,15,115
11,sa,male,16,106
11,sa,male,17,103
11,sa,male,18,109
11,sa,male,19,111
11,sa,male,20,141
11,sa,male,21,116
11,sa,male,22,121
11,sa,male,23,116
11,sa,male,24,116
11,sa,male,25,136
11,sa,male,26,119
11,sa,male,27,118
11,sa,male,28,117
11,sa,male,29,113
11,sa,male,30,121
11,sa,male,31,104
11,sa,male,32,101
11,sa,male,33,96
11,sa,male,34,97
11,sa,male,35,112
11,sa,male,36,101
11,sa,male,37,103
11,sa,male,38,108
11,sa,male,39,114
11,sa,male,40,119
11,sa,male,41,118
11,sa,male,42,117
11,sa,male,43,112
11,sa,male,44,110
11,sa,male,45,109
11,sa,male,46,112
11,sa,male,47,116
11,sa,male,48,114
11,sa,male,49,119
11,sa,male,50,118
11,sa,male,51,113
11,sa,male,52,115
11,sa,male,53,111
11,sa,male,54,107
11,sa,male,55,106
11,sa,male,56,105
11,sa,male,57,100
11,sa,male,58,101
11,sa,male,59,98
11,sa,male,60,94
11,sa,male,61,98
11,sa,male,62,95
11,sa,male,63,90
11,sa,male,64,99
11,sa,male,65,86
11,sa,male,66,78
11,sa,male,67,72
11,sa,male,68,69
11,sa,male,69,64
11,sa,male,70,60
11,sa,male,71,58
11,sa,male,72,59
11,sa,male,73,55
11,sa,male,74,54
11,sa,male,75,49
11,sa,male,76,42
11,sa,male,77,43
11,sa,male,78,41
11,sa,male,79,39
11,sa,male,80,38
11,sa,male,81,36
11,sa,male,82,32
11,sa,male,83,32
11,sa,male,84,31
11,sa,male,85,28
11,sa,male,86,19
11,sa,male,87,16
11,sa,male,88,16
11,sa,male,89,12
11,sa,male,90,10
11,sa,male,91,9
11,sa,male,92,3
11,sa,male,93,3
11,sa,male,94,3
11,sa,male,95,2
11,sa,male,96,1
11,sa,male,97,1
11,sa,male,98,1
11,sa,male,101,1
11,sa,female,0,119
11,sa,female,1,96
11,sa,female,2,97
11,sa,female,3,95
11,sa,female,4,96
11,sa,female,5,96
11,sa,female,6,91
11,sa,female,7,91
11,sa,female,8,87
11,sa,female,9,93
11,sa,female,10,96
11,sa,female,11,94
11,sa,female,12,97
11,sa,female,13,95
11,sa,female,14,99
11,sa,female,15,110
11,sa,female,16,99
11,sa,female,17,99
11,sa,female,18,102
11,sa,female,19,107
11,sa,female,20,119
11,sa,female,21,113
11,sa,female,22,111
11,sa,female,23,112
11,sa,female,24,115
11,sa,female,25,139
11,sa,female,26,111
11,sa,female,27,112
11,sa,female,28,108
11,sa,female,29,105
11,sa,female,30,114
11,sa,female,31,103
11,sa,female,32,97
11,sa,female,33,97
11,sa,female,34,101
11,sa,female,35,107
11,sa,female,36,103
11,sa,female,37,101
11,sa,female,38,109
11,sa,female,39,116
11,sa,female,40,124
11,sa,female,41,112
11,sa,female,42,112
11,sa,female,43,111
11,sa,female,44,110
11,sa,female,45,119
11,sa,female,46,112
11,sa,female,47,117
11,sa,female,48,115
11,sa,female,49,118
11,sa,female,50,126
11,sa,female,51,115
11,sa,female,52,112
11,sa,female,53,111
11,sa,female,54,111
11,sa,female,55,110
11,sa,female,56,105
11,sa,female,57,107
11,sa,female,58,105
11,sa,female,59,102
11,sa,female,60,105
11,sa,female,61,99
11,sa,female,62,97
11,sa,female,63,97
11,sa,female,64,101
11,sa,female,65,92
11,sa,female,66,84
11,sa,female,67,77
11,sa,female,68,74
11,sa,female,69,70
11,sa,female,70,66
11,sa,female,71,62
11,sa,female,72,62
11,sa,female,73,60
11,sa,female,74,58
11,sa,female,75,55
11,sa,female,76,53
11,sa,female,77,51
11,sa,female,78,50
11,sa,female,79,49
11,sa,female,80,49
11,sa,female,81,49
11,sa,female,82,44
11,sa,female,83,44
11,sa,female,84,44
11,sa,female,85,39
11,sa,female,86,37
11,sa,female,87,32
11,sa,female,88,28
11,sa,female,89,27
11,sa,female,90,23
11,sa,female,91,16
11,sa,female,92,11
11,sa,female,93,11
11,sa,female,94,8
11,sa,female,95,6
11,sa,female,96,4
11,sa,female,97,4
11,sa,female,98,2
11,sa,female,99,1
11,sa,female,100,2
11,sa,female,101,1
11,wa,male,0,178
11,wa,male,1,159
11,wa,male,2,156
11,wa,male,3,154
11,wa,male,4,158
11,wa,male,5,166
11,wa,male,6,144
11,wa,male,7,145
11,wa,male,8,142
11,wa,male,9,143
11,wa,male,10,158
11,wa,male,11,146
11,wa,male,12,154
11,wa,male,13,147
11,wa,male,14,152
11,wa,male,15,176
11,wa,male,16,152
11,wa,male,17,154
11,wa,male,18,156
11,wa,male,19,157
11,wa,male,20,213
11,wa,male,21,171
11,wa,male,22,174
11,wa,male,23,174
11,wa,male,24,182
11,wa,male,25,254
11,wa,male,26,188
11,wa,male,27,186
11,wa,male,28,182
11,wa,male,29,174
11,wa,male,30,214
11,wa,male,31,163
11,wa,male,32,156
11,wa,male,33,159
11,wa,male,34,153
11,wa,male,35,182
11,wa,male,36,158
11,wa,male,37,160
11,wa,male,38,165
11,wa,male,39,180
11,wa,male,40,206
11,wa,male,41,174
11,wa,male,42,172
11,wa,male,43,165
11,wa,male,44,159
11,wa,male,45,174
11,wa,male,46,161
11,wa,male,47,166
11,wa,male,48,162
11,wa,male,49,162
11,wa,male,50,173
11,wa,male,51,157
11,wa,male,52,156
11,wa,male,53,150
11,wa,male,54,144
11,wa,male,55,156
11,wa,male,56,143
11,wa,male,57,136
11,wa,male,58,135
11,wa,male,59,131
11,wa,male,60,138
11,wa,male,61,126
11,wa,male,62,122
11,wa,male,63,124
11,wa,male,64,123
11,wa,male,65,109
11,wa,male,66,96
11,wa,male,67,92
11,wa,male,68,81
11,wa,male,69,83
11,wa,male,70,75
11,wa,male,71,74
11,wa,male,72,68
11,wa,male,73,61
11,wa,male,74,59
11,wa,male,75,54
11,wa,male,76,51
11,wa,male,77,45
11,wa,male,78,45
11,wa,male,79,43
11,wa,male,80,39
11,wa,male,81,39
11,wa,male,82,33
11,wa,male,83,30
11,wa,male,84,28
11,wa,male,85,24
11,wa,male,86,19
11,wa,male,87,17
11,wa,male,88,14
11,wa,male,89,11
11,wa,male,90,9
11,wa,male,91,7
11,wa,male,92,6
11,wa,male,93,4
11,wa,male,94,3
11,wa,male,95,2
11,wa,male,96,1
11,wa,male,97,1
11,wa,male,98,1
11,wa,male,100,1
11,wa,female,0,176
11,wa,female,1,150
11,wa,female,2,147
11,wa,female,3,148
11,wa,female,4,147
11,wa,female,5,167
11,wa,female,6,140
11,wa,female,7,137
11,wa,female,8,138
11,wa,female,9,140
11,wa,female,10,155
11,wa,female,11,142
11,wa,female,12,143
11,wa,female,13,140
11,wa,female,14,143
11,wa,female,15,163
11,wa,female,16,145
11,wa,female,17,147
11,wa,female,18,147
11,wa,female,19,149
11,wa,female,20,204
11,wa,female,21,160
11,wa,female,22,162
11,wa,female,23,159
11,wa,female,24,168
11,wa,female,25,252
11,wa,female,26,168
11,wa,female,27,166
11,wa,female,28,171
11,wa,female,29,164
11,wa,female,30,200
11,wa,female,31,158
11,wa,female,32,153
11,wa,female,33,152
11,wa,female,34,154
11,wa,female,35,178
11,wa,female,36,156
11,wa,female,37,155
11,wa,female,38,164
11,wa,female,39,174
11,wa,female,40,190
11,wa,female,41,169
11,wa,female,42,169
11,wa,female,43,161
11,wa,female,44,158
11,wa,female,45,159
11,wa,female,46,162
11,wa,female,47,160
11,wa,female,48,166
11,wa,female,49,164
11,wa,female,50,167
11,wa,female,51,158
11,wa,female,52,158
11,wa,female,53,149
11,wa,female,54,151
11,wa,female,55,156
11,wa,female,56,143
11,wa,female,57,137
11,wa,female,58,137
11,wa,female,59,130
11,wa,female,60,131
11,wa,female,61,122
11,wa,female,62,121
11,wa,female,63,117
11,wa,female,64,123
11,wa,female,65,107
11,wa,female,66,93
11,wa,female,67,92
11,wa,female,68,84
11,wa,female,69,82
11,wa,female,70,75
11,wa,female,71,71
11,wa,female,72,70
11,wa,female,73,66
11,wa,female,74,61
11,wa,female,75,61
11,wa,female,76,55
11,wa,female,77,55
11,wa,female,78,52
11,wa,female,79,49
11,wa,female,80,48
11,wa,female,81,47
11,wa,female,82,43
11,wa,female,83,44
11,wa,female,84,36
11,wa,female,85,33
11,wa,female,86,32
11,wa,female,87,29
11,wa,female,88,28
11,wa,female,89,22
11,wa,female,90,19
11,wa,female,91,13
11,wa,female,92,11
11,wa,female,93,10
11,wa,female,94,7
11,wa,female,95,6
11,wa,female,96,6
11,wa,female,97,4
11,wa,female,98,3
11,wa,female,99,1
11,wa,female,100,1
11,wa,female,101,1
11,tas,male,0,31
11,tas,male,1,34
11,tas,male,2,34
11,tas,male,3,35
11,tas,male,4,33
11,tas,male,5,36
11,tas,male,6,34
11,tas,male,7,32
11,tas,male,8,31
11,tas,male,9,34
11,tas,male,10,35
11,tas,male,11,35
11,tas,male,12,36
11,tas,male,13,36
11,tas,male,14,36
11,tas,male,15,36
11,tas,male,16,36
11,tas,male,17,37
11,tas,male,18,38
11,tas,male,19,35
11,tas,male,20,40
11,tas,male,21,38
11,tas,male,22,36
11,tas,male,23,38
11,tas,male,24,34
11,tas,male,25,38
11,tas,male,26,33
11,tas,male,27,33
11,tas,male,28,33
11,tas,male,29,32
11,tas,male,30,31
11,tas,male,31,29
11,tas,male,32,29
11,tas,male,33,31
11,tas,male,34,28
11,tas,male,35,33
11,tas,male,36,32
11,tas,male,37,32
11,tas,male,38,34
11,tas,male,39,35
11,tas,male,40,37
11,tas,male,41,36
11,tas,male,42,37
11,tas,male,43,34
11,tas,male,44,33
11,tas,male,45,31
11,tas,male,46,33
11,tas,male,47,40
11,tas,male,48,38
11,tas,male,49,39
11,tas,male,50,39
11,tas,male,51,39
11,tas,male,52,36
11,tas,male,53,38
11,tas,male,54,36
11,tas,male,55,41
11,tas,male,56,34
11,tas,male,57,33
11,tas,male,58,35
11,tas,male,59,36
11,tas,male,60,34
11,tas,male,61,35
11,tas,male,62,30
11,tas,male,63,32
11,tas,male,64,37
11,tas,male,65,28
11,tas,male,66,27
11,tas,male,67,27
11,tas,male,68,25
11,tas,male,69,23
11,tas,male,70,21
11,tas,male,71,20
11,tas,male,72,18
11,tas,male,73,18
11,tas,male,74,18
11,tas,male,75,15
11,tas,male,76,14
11,tas,male,77,13
11,tas,male,78,12
11,tas,male,79,13
11,tas,male,80,13
11,tas,male,81,12
11,tas,male,82,10
11,tas,male,83,10
11,tas,male,84,9
11,tas,male,85,8
11,tas,male,86,7
11,tas,male,87,4
11,tas,male,88,4
11,tas,male,89,5
11,tas,male,90,1
11,tas,male,91,2
11,tas,male,94,1
11,tas,male,95,1
11,tas,female,0,33
11,tas,female,1,32
11,tas,female,2,32
11,tas,female,3,34
11,tas,female,4,32
11,tas,female,5,33
11,tas,female,6,32
11,tas,female,7,29
11,tas,female,8,30
11,tas,female,9,31
11,tas,female,10,30
11,tas,female,11,33
11,tas,female,12,32
11,tas,female,13,33
11,tas,female,14,35
11,tas,female,15,35
11,tas,female,16,34
11,tas,female,17,38
11,tas,female,18,35
11,tas,female,19,33
11,tas,female,20,36
11,tas,female,21,31
11,tas,female,22,32
11,tas,female,23,31
11,tas,female,24,33
11,tas,female,25,35
11,tas,female,26,31
11,tas,female,27,33
11,tas,female,28,28
11,tas,female,29,30
11,tas,female,30,38
11,tas,female,31,30
11,tas,female,32,30
11,tas,female,33,31
11,tas,female,34,30
11,tas,female,35,32
11,tas,female,36,32
11,tas,female,37,35
11,tas,female,38,35
11,tas,female,39,34
11,tas,female,40,45
11,tas,female,41,41
11,tas,female,42,37
11,tas,female,43,35
11,tas,female,44,36
11,tas,female,45,33
11,tas,female,46,35
11,tas,female,47,38
11,tas,female,48,37
11,tas,female,49,38
11,tas,female,50,42
11,tas,female,51,38
11,tas,female,52,39
11,tas,female,53,37
11,tas,female,54,39
11,tas,female,55,36
11,tas,female,56,36
11,tas,female,57,34
11,tas,female,58,36
11,tas,female,59,35
11,tas,female,60,36
11,tas,female,61,35
11,tas,female,62,30
11,tas,female,63,33
11,tas,female,64,34
11,tas,female,65,29
11,tas,female,66,25
11,tas,female,67,24
11,tas,female,68,23
11,tas,female,69,22
11,tas,female,70,22
11,tas,female,71,20
11,tas,female,72,19
11,tas,female,73,19
11,tas,female,74,19
11,tas,female,75,18
11,tas,female,76,16
11,tas,female,77,14
11,tas,female,78,15
11,tas,female,79,15
11,tas,female,80,14
11,tas,female,81,13
11,tas,female,82,12
11,tas,female,83,13
11,tas,female,84,11
11,tas,female,85,11
11,tas,female,86,11
11,tas,female,87,10
11,tas,female,88,9
11,tas,female,89,8
11,tas,female,90,7
11,tas,female,91,5
11,tas,female,92,2
11,tas,female,93,2
11,tas,female,94,3
11,tas,female,95,2
11,tas,female,96,3
11,tas,female,97,1
11,tas,female,98,1
11,tas,female,99,1
11,tas,female,101,1
11,nt,male,0,23
11,nt,male,1,22
11,nt,male,2,20
11,nt,male,3,24
11,nt,male,4,18
11,nt,male,5,21
11,nt,male,6,17
11,nt,male,7,16
11,nt,male,8,19
11,nt,male,9,17
11,nt,male,10,23
11,nt,male,11,19
11,nt,male,12,18
11,nt,male,13,17
11,nt,male,14,18
11,nt,male,15,21
11,nt,male,16,18
11,nt,male,17,18
11,nt,male,18,19
11,nt,male,19,22
11,nt,male,20,27
11,nt,male,21,22
11,nt,male,22,23
11,nt,male,23,23
11,nt,male,24,24
11,nt,male,25,25
11,nt,male,26,27
11,nt,male,27,28
11,nt,male,28,25
11,nt,male,29,23
11,nt,male,30,27
11,nt,male,31,23
11,nt,male,32,21
11,nt,male,33,21
11,nt,male,34,18
11,nt,male,35,28
11,nt,male,36,22
11,nt,male,37,17
11,nt,male,38,20
11,nt,male,39,19
11,nt,male,40,22
11,nt,male,41,19
11,nt,male,42,21
11,nt,male,43,15
11,nt,male,44,16
11,nt,male,45,20
11,nt,male,46,23
11,nt,male,47,16
11,nt,male,48,16
11,nt,male,49,18
11,nt,male,50,17
11,nt,male,51,16
11,nt,male,52,15
11,nt,male,53,14
11,nt,male,54,14
11,nt,male,55,15
11,nt,male,56,14
11,nt,male,57,15
11,nt,male,58,13
11,nt,male,59,13
11,nt,male,60,14
11,nt,male,61,13
11,nt,male,62,14
11,nt,male,63,9
11,nt,male,64,11
11,nt,male,65,9
11,nt,male,66,9
11,nt,male,67,7
11,nt,male,68,6
11,nt,male,69,6
11,nt,male,70,7
11,nt,male,71,6
11,nt,male,72,5
11,nt,male,73,4
11,nt,male,74,3
11,nt,male,75,4
11,nt,male,76,3
11,nt,male,77,2
11,nt,male,78,2
11,nt,male,79,2
11,nt,male,80,2
11,nt,male,81,2
11,nt,male,82,1
11,nt,male,83,1
11,nt,male,84,1
11,nt,male,85,1
11,nt,female,0,20
11,nt,female,1,20
11,nt,female,2,19
11,nt,female,3,19
11,nt,female,4,18
11,nt,female,5,20
11,nt,female,6,17
11,nt,female,7,18
11,nt,female,8,19
11,nt,female,9,17
11,nt,female,10,16
11,nt,female,11,16
11,nt,female,12,16
11,nt,female,13,18
11,nt,female,14,17
11,nt,female,15,16
11,nt,female,16,16
11,nt,female,17,17
11,nt,female,18,17
11,nt,female,19,15
11,nt,female,20,20
11,nt,female,21,16
11,nt,female,22,18
11,nt,female,23,17
11,nt,female,24,19
11,nt,female,25,25
11,nt,female,26,23
11,nt,female,27,23
11,nt,female,28,24
11,nt,female,29,23
11,nt,female,30,25
11,nt,female,31,20
11,nt,female,32,19
11,nt,female,33,20
11,nt,female,34,19
11,nt,female,35,24
11,nt,female,36,19
11,nt,female,37,19
11,nt,female,38,21
11,nt,female,39,20
11,nt,female,40,22
11,nt,female,41,20
11,nt,female,42,18
11,nt,female,43,18
11,nt,female,44,17
11,nt,female,45,16
11,nt,female,46,16
11,nt,female,47,15
11,nt,female,48,14
11,nt,female,49,16
11,nt,female,50,16
11,nt,female,51,13
11,nt,female,52,16
11,nt,female,53,15
11,nt,female,54,14
11,nt,female,55,12
11,nt,female,56,13
11,nt,female,57,13
11,nt,female,58,12
11,nt,female,59,12
11,nt,female,60,12
11,nt,female,61,7
11,nt,female,62,9
11,nt,female,63,8
11,nt,female,64,8
11,nt,female,65,9
11,nt,female,66,7
11,nt,female,67,7
11,nt,female,68,4
11,nt,female,69,6
11,nt,female,70,4
11,nt,female,71,5
11,nt,female,72,3
11,nt,female,73,3
11,nt,female,74,2
11,nt,female,75,2
11,nt,female,76,2
11,nt,female,77,3
11,nt,female,78,2
11,nt,female,79,1
11,nt,female,80,1
11,nt,female,81,1
11,nt,female,82,1
11,nt,female,84,1
11,nt,female,85,1
11,nt,female,86,1
11,nt,female,87,1
11,nt,female,88,1
11,act,male,0,35
11,act,male,1,24
11,act,male,2,24
11,act,male,3,24
11,act,male,4,24
11,act,male,5,24
11,act,male,6,24
11,act,male,7,22
11,act,male,8,22
11,act,male,9,20
11,act,male,10,22
11,act,male,11,22
11,act,male,12,22
11,act,male,13,21
11,act,male,14,21
11,act,male,15,26
11,act,male,16,22
11,act,male,17,26
11,act,male,18,27
11,act,male,19,32
11,act,male,20,39
11,act,male,21,34
11,act,male,22,34
11,act,male,23,35
11,act,male,24,35
11,act,male,25,43
11,act,male,26,31
11,act,male,27,35
11,act,male,28,33
11,act,male,29,33
11,act,male,30,40
11,act,male,31,29
11,act,male,32,28
11,act,male,33,32
11,act,male,34,28
11,act,male,35,33
11,act,male,36,29
11,act,male,37,29
11,act,male,38,28
11,act,male,39,27
11,act,male,40,31
11,act,male,41,26
11,act,male,42,25
11,act,male,43,26
11,act,male,44,28
11,act,male,45,29
11,act,male,46,26
11,act,male,47,26
11,act,male,48,23
11,act,male,49,27
11,act,male,50,27
11,act,male,51,24
11,act,male,52,23
11,act,male,53,23
11,act,male,54,24
11,act,male,55,21
11,act,male,56,22
11,act,male,57,21
11,act,male,58,20
11,act,male,59,19
11,act,male,60,21
11,act,male,61,19
11,act,male,62,16
11,act,male,63,18
11,act,male,64,19
11,act,male,65,14
11,act,male,66,13
11,act,male,67,12
11,act,male,68,13
11,act,male,69,11
11,act,male,70,10
11,act,male,71,11
11,act,male,72,10
11,act,male,73,8
11,act,male,74,9
11,act,male,75,7
11,act,male,76,7
11,act,male,77,6
11,act,male,78,6
11,act,male,79,5
11,act,male,80,4
11,act,male,81,4
11,act,male,82,4
11,act,male,83,4
11,act,male,84,3
11,act,male,85,4
11,act,male,86,3
11,act,male,87,3
11,act,male,88,2
11,act,male,89,2
11,act,male,90,3
11,act,male,91,1
11,act,male,93,1
11,act,female,0,32
11,act,female,1,26
11,act,female,2,24
11,act,female,3,22
11,act,female,4,23
11,act,female,5,24
11,act,female,6,21
11,act,female,7,22
11,act,female,8,22
11,act,female,9,21
11,act,female,10,25
11,act,female,11,25
11,act,female,12,20
11,act,female,13,21
11,act,female,14,23
11,act,female,15,26
11,act,female,16,23
11,act,female,17,23
11,act,female,18,26
11,act,female,19,26
11,act,female,20,38
11,act,female,21,36
11,act,female,22,33
11,act,female,23,33
11,act,female,24,33
11,act,female,25,37
11,act,female,26,33
11,act,female,27,33
11,act,female,28,34
11,act,female,29,34
11,act,female,30,37
11,act,female,31,32
11,act,female,32,28
11,act,female,33,28
11,act,female,34,27
11,act,female,35,30
11,act,female,36,27
11,act,female,37,30
11,act,female,38,28
11,act,female,39,28
11,act,female,40,31
11,act,female,41,29
11,act,female,42,30
11,act,female,43,28
11,act,female,44,26
11,act,female,45,26
11,act,female,46,24
11,act,female,47,29
11,act,female,48,24
11,act,female,49,26
11,act,female,50,28
11,act,female,51,29
11,act,female,52,26
11,act,female,53,24
11,act,female,54,25
11,act,female,55,23
11,act,female,56,23
11,act,female,57,21
11,act,female,58,22
11,act,female,59,20
11,act,female,60,21
11,act,female,61,18
11,act,female,62,18
11,act,female,63,20
11,act,female,64,22
11,act,female,65,18
11,act,female,66,15
11,act,female,67,14
11,act,female,68,12
11,act,female,69,11
11,act,female,70,11
11,act,female,71,10
11,act,female,72,10
11,act,female,73,9
11,act,female,74,10
11,act,female,75,8
11,act,female,76,7
11,act,female,77,8
11,act,female,78,7
11,act,female,79,8
11,act,female,80,6
11,act,female,81,7
11,act,female,82,6
11,act,female,83,5
11,act,female,84,5
11,act,female,85,6
11,act,female,86,5
11,act,female,87,5
11,act,female,88,4
11,act,female,89,3
11,act,female,90,1
11,act,female,91,1
11,act,female,92,2
11,act,female,93,1
11,act,female,96,1
12,nsw,male,0,537
12,nsw,male,1,511
12,nsw,male,2,482
12,nsw,male,3,467
12,nsw,male,4,465
12,nsw,male,5,492
12,nsw,male,6,456
12,nsw,male,7,451
12,nsw,male,8,444
12,nsw,male,9,443
12,nsw,male,10,476
12,nsw,male,11,448
12,nsw,male,12,447
12,nsw,male,13,445
12,nsw,male,14,456
12,nsw,male,15,511
12,nsw,male,16,467
12,nsw,male,17,458
12,nsw,male,18,459
12,nsw,male,19,472
12,nsw,male,20,615
12,nsw,male,21,512
12,nsw,male,22,499
12,nsw,male,23,497
12,nsw,male,24,499
12,nsw,male,25,655
12,nsw,male,26,525
12,nsw,male,27,514
12,nsw,male,28,514
12,nsw,male,29,511
12,nsw,male,30,608
12,nsw,male,31,496
12,nsw,male,32,487
12,nsw,male,33,469
12,nsw,male,34,476
12,nsw,male,35,522
12,nsw,male,36,477
12,nsw,male,37,487
12,nsw,male,38,500
12,nsw,male,39,517
12,nsw,male,40,558
12,nsw,male,41,493
12,nsw,male,42,480
12,nsw,male,43,458
12,nsw,male,44,455
12,nsw,male,45,486
12,nsw,male,46,476
12,nsw,male,47,486
12,nsw,male,48,499
12,nsw,male,49,493
12,nsw,male,50,515
12,nsw,male,51,483
12,nsw,male,52,471
12,nsw,male,53,461
12,nsw,male,54,458
12,nsw,male,55,449
12,nsw,male,56,432
12,nsw,male,57,418
12,nsw,male,58,413
12,nsw,male,59,397
12,nsw,male,60,407
12,nsw,male,61,391
12,nsw,male,62,380
12,nsw,male,63,390
12,nsw,male,64,398
12,nsw,male,65,371
12,nsw,male,66,331
12,nsw,male,67,318
12,nsw,male,68,286
12,nsw,male,69,275
12,nsw,male,70,257
12,nsw,male,71,244
12,nsw,male,72,231
12,nsw,male,73,219
12,nsw,male,74,214
12,nsw,male,75,200
12,nsw,male,76,183
12,nsw,male,77,170
12,nsw,male,78,157
12,nsw,male,79,157
12,nsw,male,80,151
12,nsw,male,81,146
12,nsw,male,82,130
12,nsw,male,83,124
12,nsw,male,84,106
12,nsw,male,85,91
12,nsw,male,86,80
12,nsw,male,87,72
12,nsw,male,88,61
12,nsw,male,89,53
12,nsw,male,90,38
12,nsw,male,91,32
12,nsw,male,92,20
12,nsw,male,93,15
12,nsw,male,94,14
12,nsw,male,95,10
12,nsw,male,96,3
12,nsw,male,97,2
12,nsw,male,98,2
12,nsw,male,99,1
12,nsw,male,101,2
12,nsw,female,0,539
12,nsw,female,1,480
12,nsw,female,2,461
12,nsw,female,3,456
12,nsw,female,4,450
12,nsw,female,5,472
12,nsw,female,6,429
12,nsw,female,7,422
12,nsw,female,8,426
12,nsw,female,9,417
12,nsw,female,10,443
12,nsw,female,11,428
12,nsw,female,12,426
12,nsw,female,13,418
12,nsw,female,14,428
12,nsw,female,15,470
12,nsw,female,16,440
12,nsw,female,17,439
12,nsw,female,18,440
12,nsw,female,19,441
12,nsw,female,20,616
12,nsw,female,21,489
12,nsw,female,22,474
12,nsw,female,23,471
12,nsw,female,24,478
12,nsw,female,25,643
12,nsw,female,26,524
12,nsw,female,27,509
12,nsw,female,28,513
12,nsw,female,29,502
12,nsw,female,30,578
12,nsw,female,31,490
12,nsw,female,32,487
12,nsw,female,33,481
12,nsw,female,34,480
12,nsw,female,35,526
12,nsw,female,36,492
12,nsw,female,37,501
12,nsw,female,38,515
12,nsw,female,39,527
12,nsw,female,40,557
12,nsw,female,41,491
12,nsw,female,42,493
12,nsw,female,43,479
12,nsw,female,44,467
12,nsw,female,45,491
12,nsw,female,46,481
12,nsw,female,47,495
12,nsw,female,48,506
12,nsw,female,49,506
12,nsw,female,50,524
12,nsw,female,51,494
12,nsw,female,52,475
12,nsw,female,53,471
12,nsw,female,54,456
12,nsw,female,55,460
12,nsw,female,56,447
12,nsw,female,57,425
12,nsw,female,58,422
12,nsw,female,59,402
12,nsw,female,60,414
12,nsw,female,61,392
12,nsw,female,62,385
12,nsw,female,63,384
12,nsw,female,64,398
12,nsw,female,65,374
12,nsw,female,66,336
12,nsw,female,67,318
12,nsw,female,68,297
12,nsw,female,69,277
12,nsw,female,70,269
12,nsw,female,71,256
12,nsw,female,72,247
12,nsw,female,73,236
12,nsw,female,74,228
12,nsw,female,75,228
12,nsw,female,76,209
12,nsw,female,77,192
12,nsw,female,78,193
12,nsw,female,79,188
12,nsw,female,80,190
12,nsw,female,81,188
12,nsw,female,82,173
12,nsw,female,83,166
12,nsw,female,84,157
12,nsw,female,85,143
12,nsw,female,86,129
12,nsw,female,87,111
12,nsw,female,88,109
12,nsw,female,89,95
12,nsw,female,90,79
12,nsw,female,91,66
12,nsw,female,92,45
12,nsw,female,93,39
12,nsw,female,94,33
12,nsw,female,95,24
12,nsw,female,96,17
12,nsw,female,97,13
12,nsw,female,98,10
12,nsw,female,99,5
12,nsw,female,100,5
12,nsw,female,101,3
12,vic,male,0,375
12,vic,male,1,372
12,vic,male,2,357
12,vic,male,3,354
12,vic,male,4,352
12,vic,male,5,365
12,vic,male,6,333
12,vic,male,7,335
12,vic,male,8,329
12,vic,male,9,322
12,vic,male,10,340
12,vic,male,11,327
12,vic,male,12,327
12,vic,male,13,339
12,vic,male,14,339
12,vic,male,15,391
12,vic,male,16,352
12,vic,male,17,353
12,vic,male,18,354
12,vic,male,19,359
12,vic,male,20,497
12,vic,male,21,420
12,vic,male,22,415
12,vic,male,23,417
12,vic,male,24,425
12,vic,male,25,516
12,vic,male,26,438
12,vic,male,27,422
12,vic,male,28,422
12,vic,male,29,405
12,vic,male,30,457
12,vic,male,31,394
12,vic,male,32,376
12,vic,male,33,371
12,vic,male,34,369
12,vic,male,35,410
12,vic,male,36,376
12,vic,male,37,380
12,vic,male,38,387
12,vic,male,39,401
12,vic,male,40,429
12,vic,male,41,389
12,vic,male,42,390
12,vic,male,43,378
12,vic,male,44,366
12,vic,male,45,371
12,vic,male,46,363
12,vic,male,47,366
12,vic,male,48,374
12,vic,male,49,369
12,vic,male,50,376
12,vic,male,51,360
12,vic,male,52,348
12,vic,male,53,337
12,vic,male,54,336
12,vic,male,55,339
12,vic,male,56,322
12,vic,male,57,314
12,vic,male,58,307
12,vic,male,59,300
12,vic,male,60,299
12,vic,male,61,288
12,vic,male,62,281
12,vic,male,63,279
12,vic,male,64,299
12,vic,male,65,268
12,vic,male,66,233
12,vic,male,67,223
12,vic,male,68,206
12,vic,male,69,205
12,vic,male,70,190
12,vic,male,71,183
12,vic,male,72,176
12,vic,male,73,160
12,vic,male,74,157
12,vic,male,75,149
12,vic,male,76,132
12,vic,male,77,127
12,vic,male,78,123
12,vic,male,79,117
12,vic,male,80,115
12,vic,male,81,98
12,vic,male,82,99
12,vic,male,83,85
12,vic,male,84,86
12,vic,male,85,71
12,vic,male,86,57
12,vic,male,87,48
12,vic,male,88,40
12,vic,male,89,36
12,vic,male,90,26
12,vic,male,91,20
12,vic,male,92,14
12,vic,male,93,11
12,vic,male,94,9
12,vic,male,95,7
12,vic,male,96,5
12,vic,male,97,4
12,vic,male,98,1
12,vic,male,99,1
12,vic,male,100,1
12,vic,female,0,392
12,vic,female,1,341
12,vic,female,2,342
12,vic,female,3,335
12,vic,female,4,331
12,vic,female,5,348
12,vic,female,6,320
12,vic,female,7,316
12,vic,female,8,307
12,vic,female,9,313
12,vic,female,10,330
12,vic,female,11,317
12,vic,female,12,318
12,vic,female,13,309
12,vic,female,14,316
12,vic,female,15,363
12,vic,female,16,337
12,vic,female,17,323
12,vic,female,18,338
12,vic,female,19,340
12,vic,female,20,483
12,vic,female,21,397
12,vic,female,22,392
12,vic,female,23,392
12,vic,female,24,394
12,vic,female,25,499
12,vic,female,26,416
12,vic,female,27,409
12,vic,female,28,406
12,vic,female,29,395
12,vic,female,30,455
12,vic,female,31,394
12,vic,female,32,376
12,vic,female,33,370
12,vic,female,34,366
12,vic,female,35,400
12,vic,female,36,381
12,vic,female,37,385
12,vic,female,38,394
12,vic,female,39,410
12,vic,female,40,443
12,vic,female,41,407
12,vic,female,42,401
12,vic,female,43,390
12,vic,female,44,372
12,vic,female,45,392
12,vic,female,46,373
12,vic,female,47,378
12,vic,female,48,383
12,vic,female,49,382
12,vic,female,50,391
12,vic,female,51,374
12,vic,female,52,366
12,vic,female,53,350
12,vic,female,54,348
12,vic,female,55,353
12,vic,female,56,331
12,vic,female,57,324
12,vic,female,58,324
12,vic,female,59,308
12,vic,female,60,318
12,vic,female,61,300
12,vic,female,62,293
12,vic,female,63,289
12,vic,female,64,307
12,vic,female,65,283
12,vic,female,66,248
12,vic,female,67,240
12,vic,female,68,220
12,vic,female,69,210
12,vic,female,70,200
12,vic,female,71,190
12,vic,female,72,185
12,vic,female,73,178
12,vic,female,74,173
12,vic,female,75,166
12,vic,female,76,160
12,vic,female,77,151
12,vic,female,78,148
12,vic,female,79,140
12,vic,female,80,142
12,vic,female,81,138
12,vic,female,82,130
12,vic,female,83,128
12,vic,female,84,115
12,vic,female,85,111
12,vic,female,86,94
12,vic,female,87,82
12,vic,female,88,75
12,vic,female,89,72
12,vic,female,90,57
12,vic,female,91,47
12,vic,female,92,32
12,vic,female,93,29
12,vic,female,94,21
12,vic,female,95,16
12,vic,female,96,10
12,vic,female,97,13
12,vic,female,98,7
12,vic,female,99,4
12,vic,female,100,3
12,vic,female,101,5
12,qld,male,0,334
12,qld,male,1,334
12,qld,male,2,313
12,qld,male,3,311
12,qld,male,4,302
12,qld,male,5,322
12,qld,male,6,299
12,qld,male,7,285
12,qld,male,8,285
12,qld,male,9,287
12,qld,male,10,309
12,qld,male,11,294
12,qld,male,12,291
12,qld,male,13,297
12,qld,male,14,290
12,qld,male,15,317
12,qld,male,16,310
12,qld,male,17,297
12,qld,male,18,299
12,qld,male,19,301
12,qld,male,20,393
12,qld,male,21,324
12,qld,male,22,313
12,qld,male,23,316
12,qld,male,24,317
12,qld,male,25,413
12,qld,male,26,334
12,qld,male,27,324
12,qld,male,28,331
12,qld,male,29,318
12,qld,male,30,357
12,qld,male,31,309
12,qld,male,32,289
12,qld,male,33,280
12,qld,male,34,286
12,qld,male,35,324
12,qld,male,36,298
12,qld,male,37,311
12,qld,male,38,310
12,qld,male,39,326
12,qld,male,40,353
12,qld,male,41,317
12,qld,male,42,312
12,qld,male,43,295
12,qld,male,44,293
12,qld,male,45,306
12,qld,male,46,291
12,qld,male,47,302
12,qld,male,48,306
12,qld,male,49,306
12,qld,male,50,311
12,qld,male,51,294
12,qld,male,52,287
12,qld,male,53,277
12,qld,male,54,272
12,qld,male,55,285
12,qld,male,56,263
12,qld,male,57,253
12,qld,male,58,260
12,qld,male,59,251
12,qld,male,60,254
12,qld,male,61,239
12,qld,male,62,240
12,qld,male,63,244
12,qld,male,64,248
12,qld,male,65,228
12,qld,male,66,204
12,qld,male,67,190
12,qld,male,68,169
12,qld,male,69,163
12,qld,male,70,156
12,qld,male,71,148
12,qld,male,72,137
12,qld,male,73,127
12,qld,male,74,121
12,qld,male,75,109
12,qld,male,76,98
12,qld,male,77,92
12,qld,male,78,89
12,qld,male,79,85
12,qld,male,80,77
12,qld,male,81,77
12,qld,male,82,71
12,qld,male,83,64
12,qld,male,84,57
12,qld,male,85,47
12,qld,male,86,42
12,qld,male,87,33
12,qld,male,88,30
12,qld,male,89,26
12,qld,male,90,20
12,qld,male,91,15
12,qld,male,92,12
12,qld,male,93,8
12,qld,male,94,5
12,qld,male,95,5
12,qld,male,96,2
12,qld,male,97,1
12,qld,male,98,2
12,qld,male,99,1
12,qld,male,100,1
12,qld,female,0,365
12,qld,female,1,292
12,qld,female,2,296
12,qld,female,3,295
12,qld,female,4,284
12,qld,female,5,308
12,qld,female,6,281
12,qld,female,7,276
12,qld,female,8,270
12,qld,female,9,275
12,qld,female,10,299
12,qld,female,11,280
12,qld,female,12,275
12,qld,female,13,281
12,qld,female,14,279
12,qld,female,15,317
12,qld,female,16,287
12,qld,female,17,288
12,qld,female,18,283
12,qld,female,19,292
12,qld,female,20,381
12,qld,female,21,313
12,qld,female,22,307
12,qld,female,23,299
12,qld,female,24,309
12,qld,female,25,399
12,qld,female,26,328
12,qld,female,27,314
12,qld,female,28,318
12,qld,female,29,305
12,qld,female,30,348
12,qld,female,31,298
12,qld,female,32,290
12,qld,female,33,288
12,qld,female,34,290
12,qld,female,35,321
12,qld,female,36,302
12,qld,female,37,306
12,qld,female,38,319
12,qld,female,39,335
12,qld,female,40,352
12,qld,female,41,322
12,qld,female,42,315
12,qld,female,43,301
12,qld,female,44,296
12,qld,female,45,301
12,qld,female,46,304
12,qld,female,47,310
12,qld,female,48,314
12,qld,female,49,313
12,qld,female,50,325
12,qld,female,51,299
12,qld,female,52,300
12,qld,female,53,288
12,qld,female,54,278
12,qld,female,55,286
12,qld,female,56,272
12,qld,female,57,260
12,qld,female,58,257
12,qld,female,59,247
12,qld,female,60,258
12,qld,female,61,243
12,qld,female,62,234
12,qld,female,63,232
12,qld,female,64,244
12,qld,female,65,215
12,qld,female,66,202
12,qld,female,67,192
12,qld,female,68,169
12,qld,female,69,163
12,qld,female,70,154
12,qld,female,71,147
12,qld,female,72,142
12,qld,female,73,123
12,qld,female,74,119
12,qld,female,75,114
12,qld,female,76,113
12,qld,female,77,103
12,qld,female,78,102
12,qld,female,79,96
12,qld,female,80,97
12,qld,female,81,92
12,qld,female,82,86
12,qld,female,83,83
12,qld,female,84,75
12,qld,female,85,70
12,qld,female,86,65
12,qld,female,87,51
12,qld,female,88,49
12,qld,female,89,42
12,qld,female,90,40
12,qld,female,91,32
12,qld,female,92,21
12,qld,female,93,21
12,qld,female,94,14
12,qld,female,95,13
12,qld,female,96,9
12,qld,female,97,5
12,qld,female,98,4
12,qld,female,99,3
12,qld,female,100,3
12,qld,female,101,1
12,sa,male,0,99
12,sa,male,1,106
12,sa,male,2,101
12,sa,male,3,98
12,sa,male,4,96
12,sa,male,5,106
12,sa,male,6,96
12,sa,male,7,96
12,sa,male,8,94
12,sa,male,9,96
12,sa,male,10,103
12,sa,male,11,98
12,sa,male,12,100
12,sa,male,13,101
12,sa,male,14,100
12,sa,male,15,114
12,sa,male,16,105
12,sa,male,17,104
12,sa,male,18,108
12,sa,male,19,110
12,sa,male,20,139
12,sa,male,21,119
12,sa,male,22,120
12,sa,male,23,117
12,sa,male,24,117
12,sa,male,25,138
12,sa,male,26,119
12,sa,male,27,118
12,sa,male,28,116
12,sa,male,29,112
12,sa,male,30,121
12,sa,male,31,105
12,sa,male,32,102
12,sa,male,33,96
12,sa,male,34,96
12,sa,male,35,111
12,sa,male,36,104
12,sa,male,37,103
12,sa,male,38,106
12,sa,male,39,114
12,sa,male,40,118
12,sa,male,41,119
12,sa,male,42,117
12,sa,male,43,113
12,sa,male,44,111
12,sa,male,45,108
12,sa,male,46,114
12,sa,male,47,116
12,sa,male,48,113
12,sa,male,49,119
12,sa,male,50,118
12,sa,male,51,113
12,sa,male,52,115
12,sa,male,53,110
12,sa,male,54,108
12,sa,male,55,110
12,sa,male,56,101
12,sa,male,57,100
12,sa,male,58,101
12,sa,male,59,98
12,sa,male,60,94
12,sa,male,61,98
12,sa,male,62,96
12,sa,male,63,90
12,sa,male,64,98
12,sa,male,65,86
12,sa,male,66,81
12,sa,male,67,71
12,sa,male,68,70
12,sa,male,69,65
12,sa,male,70,59
12,sa,male,71,58
12,sa,male,72,61
12,sa,male,73,54
12,sa,male,74,54
12,sa,male,75,49
12,sa,male,76,44
12,sa,male,77,42
12,sa,male,78,41
12,sa,male,79,38
12,sa,male,80,38
12,sa,male,81,36
12,sa,male,82,32
12,sa,male,83,33
12,sa,male,84,31
12,sa,male,85,28
12,sa,male,86,19
12,sa,male,87,17
12,sa,male,88,15
12,sa,male,89,11
12,sa,male,90,10
12,sa,male,91,10
12,sa,male,92,3
12,sa,male,93,3
12,sa,male,94,3
12,sa,male,95,2
12,sa,male,96,1
12,sa,male,97,1
12,sa,male,98,1
12,sa,male,101,1
12,sa,female,0,119
12,sa,female,1,99
12,sa,female,2,96
12,sa,female,3,95
12,sa,female,4,97
12,sa,female,5,97
12,sa,female,6,91
12,sa,female,7,90
12,sa,female,8,87
12,sa,female,9,93
12,sa,female,10,96
12,sa,female,11,94
12,sa,female,12,97
12,sa,female,13,94
12,sa,female,14,99
12,sa,female,15,112
12,sa,female,16,100
12,sa,female,17,100
12,sa,female,18,100
12,sa,female,19,107
12,sa,female,20,120
12,sa,female,21,113
12,sa,female,22,112
12,sa,female,23,111
12,sa,female,24,114
12,sa,female,25,136
12,sa,female,26,115
12,sa,female,27,113
12,sa,female,28,107
12,sa,female,29,107
12,sa,female,30,113
12,sa,female,31,103
12,sa,female,32,97
12,sa,female,33,97
12,sa,female,34,101
12,sa,female,35,108
12,sa,female,36,103
12,sa,female,37,102
12,sa,female,38,108
12,sa,female,39,117
12,sa,female,40,121
12,sa,female,41,113
12,sa,female,42,111
12,sa,female,43,112
12,sa,female,44,110
12,sa,female,45,120
12,sa,female,46,111
12,sa,female,47,117
12,sa,female,48,114
12,sa,female,49,119
12,sa,female,50,124
12,sa,female,51,116
12,sa,female,52,113
12,sa,female,53,111
12,sa,female,54,111
12,sa,female,55,109
12,sa,female,56,106
12,sa,female,57,107
12,sa,female,58,105
12,sa,female,59,102
12,sa,female,60,106
12,sa,female,61,98
12,sa,female,62,97
12,sa,female,63,97
12,sa,female,64,101
12,sa,female,65,94
12,sa,female,66,83
12,sa,female,67,78
12,sa,female,68,74
12,sa,female,69,71
12,sa,female,70,66
12,sa,female,71,63
12,sa,female,72,61
12,sa,female,73,60
12,sa,female,74,60
12,sa,female,75,54
12,sa,female,76,53
12,sa,female,77,51
12,sa,female,78,50
12,sa,female,79,48
12,sa,female,80,49
12,sa,female,81,49
12,sa,female,82,44
12,sa,female,83,45
12,sa,female,84,42
12,sa,female,85,39
12,sa,female,86,37
12,sa,female,87,33
12,sa,female,88,28
12,sa,female,89,27
12,sa,female,90,23
12,sa,female,91,16
12,sa,female,92,11
12,sa,female,93,10
12,sa,female,94,9
12,sa,female,95,6
12,sa,female,96,4
12,sa,female,97,4
12,sa,female,98,2
12,sa,female,99,1
12,sa,female,100,2
12,sa,female,101,1
12,wa,male,0,173
12,wa,male,1,163
12,wa,male,2,156
12,wa,male,3,154
12,wa,male,4,157
12,wa,male,5,170
12,wa,male,6,145
12,wa,male,7,144
12,wa,male,8,142
12,wa,male,9,143
12,wa,male,10,158
12,wa,male,11,146
12,wa,male,12,154
12,wa,male,13,147
12,wa,male,14,149
12,wa,male,15,176
12,wa,male,16,155
12,wa,male,17,154
12,wa,male,18,156
12,wa,male,19,156
12,wa,male,20,219
12,wa,male,21,172
12,wa,male,22,174
12,wa,male,23,174
12,wa,male,24,180
12,wa,male,25,253
12,wa,male,26,194
12,wa,male,27,186
12,wa,male,28,184
12,wa,male,29,175
12,wa,male,30,214
12,wa,male,31,168
12,wa,male,32,158
12,wa,male,33,158
12,wa,male,34,152
12,wa,male,35,179
12,wa,male,36,162
12,wa,male,37,159
12,wa,male,38,163
12,wa,male,39,179
12,wa,male,40,205
12,wa,male,41,174
12,wa,male,42,172
12,wa,male,43,165
12,wa,male,44,158
12,wa,male,45,174
12,wa,male,46,161
12,wa,male,47,165
12,wa,male,48,162
12,wa,male,49,163
12,wa,male,50,171
12,wa,male,51,157
12,wa,male,52,157
12,wa,male,53,152
12,wa,male,54,142
12,wa,male,55,157
12,wa,male,56,144
12,wa,male,57,137
12,wa,male,58,135
12,wa,male,59,130
12,wa,male,60,138
12,wa,male,61,126
12,wa,male,62,122
12,wa,male,63,124
12,wa,male,64,123
12,wa,male,65,109
12,wa,male,66,97
12,wa,male,67,93
12,wa,male,68,82
12,wa,male,69,81
12,wa,male,70,75
12,wa,male,71,75
12,wa,male,72,68
12,wa,male,73,62
12,wa,male,74,58
12,wa,male,75,54
12,wa,male,76,51
12,wa,male,77,45
12,wa,male,78,46
12,wa,male,79,43
12,wa,male,80,38
12,wa,male,81,40
12,wa,male,82,32
12,wa,male,83,29
12,wa,male,84,30
12,wa,male,85,19
12,wa,male,86,18
12,wa,male,87,17
12,wa,male,88,13
12,wa,male,89,11
12,wa,male,90,10
12,wa,male,91,7
12,wa,male,92,6
12,wa,male,93,4
12,wa,male,94,3
12,wa,male,95,2
12,wa,male,96,1
12,wa,male,97,1
12,wa,male,98,1
12,wa,male,100,1
12,wa,female,0,174
12,wa,female,1,153
12,wa,female,2,146
12,wa,female,3,148
12,wa,female,4,149
12,wa,female,5,165
12,wa,female,6,141
12,wa,female,7,137
12,wa,female,8,138
12,wa,female,9,140
12,wa,female,10,153
12,wa,female,11,145
12,wa,female,12,142
12,wa,female,13,141
12,wa,female,14,142
12,wa,female,15,161
12,wa,female,16,145
12,wa,female,17,146
12,wa,female,18,147
12,wa,female,19,151
12,wa,female,20,206
12,wa,female,21,164
12,wa,female,22,163
12,wa,female,23,159
12,wa,female,24,166
12,wa,female,25,250
12,wa,female,26,173
12,wa,female,27,166
12,wa,female,28,171
12,wa,female,29,166
12,wa,female,30,202
12,wa,female,31,159
12,wa,female,32,153
12,wa,female,33,155
12,wa,female,34,152
12,wa,female,35,177
12,wa,female,36,157
12,wa,female,37,155
12,wa,female,38,165
12,wa,female,39,171
12,wa,female,40,191
12,wa,female,41,170
12,wa,female,42,168
12,wa,female,43,162
12,wa,female,44,157
12,wa,female,45,162
12,wa,female,46,161
12,wa,female,47,162
12,wa,female,48,167
12,wa,female,49,162
12,wa,female,50,168
12,wa,female,51,158
12,wa,female,52,156
12,wa,female,53,152
12,wa,female,54,149
12,wa,female,55,156
12,wa,female,56,143
12,wa,female,57,138
12,wa,female,58,137
12,wa,female,59,130
12,wa,female,60,133
12,wa,female,61,122
12,wa,female,62,121
12,wa,female,63,117
12,wa,female,64,122
12,wa,female,65,107
12,wa,female,66,96
12,wa,female,67,93
12,wa,female,68,83
12,wa,female,69,83
12,wa,female,70,75
12,wa,female,71,71
12,wa,female,72,70
12,wa,female,73,68
12,wa,female,74,59
12,wa,female,75,61
12,wa,female,76,55
12,wa,female,77,55
12,wa,female,78,52
12,wa,female,79,50
12,wa,female,80,47
12,wa,female,81,48
12,wa,female,82,44
12,wa,female,83,43
12,wa,female,84,37
12,wa,female,85,32
12,wa,female,86,33
12,wa,female,87,29
12,wa,female,88,28
12,wa,female,89,22
12,wa,female,90,20
12,wa,female,91,14
12,wa,female,92,10
12,wa,female,93,11
12,wa,female,94,7
12,wa,female,95,6
12,wa,female,96,6
12,wa,female,97,4
12,wa,female,98,3
12,wa,female,99,1
12,wa,female,101,1
12,tas,male,0,35
12,tas,male,1,32
12,tas,male,2,34
12,tas,male,3,35
12,tas,male,4,33
12,tas,male,5,36
12,tas,male,6,34
12,tas,male,7,32
12,tas,male,8,31
12,tas,male,9,34
12,tas,male,10,36
12,tas,male,11,35
12,tas,male,12,36
12,tas,male,13,35
12,tas,male,14,37
12,tas,male,15,36
12,tas,male,16,35
12,tas,male,17,37
12,tas,male,18,39
12,tas,male,19,35
12,tas,male,20,40
12,tas,male,21,38
12,tas,male,22,37
12,tas,male,23,38
12,tas,male,24,34
12,tas,male,25,37
12,tas,male,26,34
12,tas,male,27,32
12,tas,male,28,33
12,tas,male,29,32
12,tas,male,30,32
12,tas,male,31,28
12,tas,male,32,29
12,tas,male,33,32
12,tas,male,34,28
12,tas,male,35,32
12,tas,male,36,32
12,tas,male,37,34
12,tas,male,38,34
12,tas,male,39,35
12,tas,male,40,37
12,tas,male,41,36
12,tas,male,42,37
12,tas,male,43,36
12,tas,male,44,33
12,tas,male,45,31
12,tas,male,46,33
12,tas,male,47,39
12,tas,male,48,38
12,tas,male,49,39
12,tas,male,50,40
12,tas,male,51,39
12,tas,male,52,36
12,tas,male,53,37
12,tas,male,54,36
12,tas,male,55,41
12,tas,male,56,36
12,tas,male,57,33
12,tas,male,58,35
12,tas,male,59,36
12,tas,male,60,34
12,tas,male,61,34
12,tas,male,62,31
12,tas,male,63,32
12,tas,male,64,37
12,tas,male,65,28
12,tas,male,66,27
12,tas,male,67,27
12,tas,male,68,25
12,tas,male,69,23
12,tas,male,70,22
12,tas,male,71,20
12,tas,male,72,18
12,tas,male,73,18
12,tas,male,74,18
12,tas,male,75,15
12,tas,male,76,14
12,tas,male,77,13
12,tas,male,78,12
12,tas,male,79,13
12,tas,male,80,13
12,tas,male,81,11
12,tas,male,82,10
12,tas,male,83,10
12,tas,male,84,9
12,tas,male,85,8
12,tas,male,86,7
12,tas,male,87,4
12,tas,male,88,4
12,tas,male,89,4
12,tas,male,90,1
12,tas,male,91,2
12,tas,male,94,1
12,tas,male,95,1
12,tas,female,0,31
12,tas,female,1,33
12,tas,female,2,32
12,tas,female,3,34
12,tas,female,4,32
12,tas,female,5,33
12,tas,female,6,32
12,tas,female,7,29
12,tas,female,8,30
12,tas,female,9,31
12,tas,female,10,30
12,tas,female,11,33
12,tas,female,12,32
12,tas,female,13,33
12,tas,female,14,35
12,tas,female,15,34
12,tas,female,16,35
12,tas,female,17,38
12,tas,female,18,34
12,tas,female,19,32
12,tas,female,20,35
12,tas,female,21,33
12,tas,female,22,31
12,tas,female,23,33
12,tas,female,24,32
12,tas,female,25,37
12,tas,female,26,33
12,tas,female,27,33
12,tas,female,28,28
12,tas,female,29,30
12,tas,female,30,40
12,tas,female,31,31
12,tas,female,32,30
12,tas,female,33,31
12,tas,female,34,30
12,tas,female,35,32
12,tas,female,36,32
12,tas,female,37,35
12,tas,female,38,34
12,tas,female,39,33
12,tas,female,40,45
12,tas,female,41,43
12,tas,female,42,36
12,tas,female,43,36
12,tas,female,44,36
12,tas,female,45,33
12,tas,female,46,35
12,tas,female,47,36
12,tas,female,48,38
12,tas,female,49,38
12,tas,female,50,42
12,tas,female,51,38
12,tas,female,52,40
12,tas,female,53,37
12,tas,female,54,39
12,tas,female,55,37
12,tas,female,56,37
12,tas,female,57,34
12,tas,female,58,36
12,tas,female,59,35
12,tas,female,60,37
12,tas,female,61,35
12,tas,female,62,29
12,tas,female,63,33
12,tas,female,64,34
12,tas,female,65,29
12,tas,female,66,25
12,tas,female,67,24
12,tas,female,68,23
12,tas,female,69,23
12,tas,female,70,22
12,tas,female,71,20
12,tas,female,72,19
12,tas,female,73,19
12,tas,female,74,19
12,tas,female,75,18
12,tas,female,76,16
12,tas,female,77,14
12,tas,female,78,14
12,tas,female,79,15
12,tas,female,80,14
12,tas,female,81,14
12,tas,female,82,11
12,tas,female,83,13
12,tas,female,84,11
12,tas,female,85,12
12,tas,female,86,11
12,tas,female,87,10
12,tas,female,88,9
12,tas,female,89,8
12,tas,female,90,7
12,tas,female,91,5
12,tas,female,92,2
12,tas,female,93,2
12,tas,female,94,3
12,tas,female,95,2
12,tas,female,96,3
12,tas,female,97,1
12,tas,female,98,1
12,tas,female,99,1
12,tas,female,101,1
12,nt,male,0,22
12,nt,male,1,23
12,nt,male,2,19
12,nt,male,3,25
12,nt,male,4,18
12,nt,male,5,21
12,nt,male,6,17
12,nt,male,7,16
12,nt,male,8,19
12,nt,male,9,18
12,nt,male,10,24
12,nt,male,11,19
12,nt,male,12,18
12,nt,male,13,17
12,nt,male,14,18
12,nt,male,15,21
12,nt,male,16,19
12,nt,male,17,18
12,nt,male,18,18
12,nt,male,19,23
12,nt,male,20,27
12,nt,male,21,23
12,nt,male,22,23
12,nt,male,23,23
12,nt,male,24,23
12,nt,male,25,26
12,nt,male,26,26
12,nt,male,27,28
12,nt,male,28,25
12,nt,male,29,25
12,nt,male,30,27
12,nt,male,31,24
12,nt,male,32,20
12,nt,male,33,21
12,nt,male,34,21
12,nt,male,35,27
12,nt,male,36,21
12,nt,male,37,18
12,nt,male,38,20
12,nt,male,39,19
12,nt,male,40,22
12,nt,male,41,19
12,nt,male,42,21
12,nt,male,43,15
12,nt,male,44,16
12,nt,male,45,20
12,nt,male,46,23
12,nt,male,47,18
12,nt,male,48,17
12,nt,male,49,18
12,nt,male,50,17
12,nt,male,51,16
12,nt,male,52,15
12,nt,male,53,14
12,nt,male,54,14
12,nt,male,55,15
12,nt,male,56,14
12,nt,male,57,15
12,nt,male,58,13
12,nt,male,59,13
12,nt,male,60,14
12,nt,male,61,12
12,nt,male,62,16
12,nt,male,63,9
12,nt,male,64,11
12,nt,male,65,9
12,nt,male,66,9
12,nt,male,67,7
12,nt,male,68,6
12,nt,male,69,6
12,nt,male,70,7
12,nt,male,71,6
12,nt,male,72,5
12,nt,male,73,4
12,nt,male,74,3
12,nt,male,75,4
12,nt,male,76,3
12,nt,male,77,2
12,nt,male,78,2
12,nt,male,79,2
12,nt,male,80,2
12,nt,male,81,2
12,nt,male,82,1
12,nt,male,83,1
12,nt,male,84,1
12,nt,male,85,1
12,nt,female,0,19
12,nt,female,1,21
12,nt,female,2,19
12,nt,female,3,20
12,nt,female,4,18
12,nt,female,5,20
12,nt,female,6,18
12,nt,female,7,18
12,nt,female,8,19
12,nt,female,9,17
12,nt,female,10,17
12,nt,female,11,16
12,nt,female,12,16
12,nt,female,13,18
12,nt,female,14,17
12,nt,female,15,17
12,nt,female,16,16
12,nt,female,17,17
12,nt,female,18,17
12,nt,female,19,15
12,nt,female,20,20
12,nt,female,21,17
12,nt,female,22,17
12,nt,female,23,18
12,nt,female,24,20
12,nt,female,25,27
12,nt,female,26,24
12,nt,female,27,22
12,nt,female,28,26
12,nt,female,29,21
12,nt,female,30,25
12,nt,female,31,20
12,nt,female,32,19
12,nt,female,33,19
12,nt,female,34,20
12,nt,female,35,24
12,nt,female,36,19
12,nt,female,37,19
12,nt,female,38,21
12,nt,female,39,20
12,nt,female,40,22
12,nt,female,41,19
12,nt,female,42,19
12,nt,female,43,18
12,nt,female,44,17
12,nt,female,45,17
12,nt,female,46,16
12,nt,female,47,15
12,nt,female,48,14
12,nt,female,49,15
12,nt,female,50,17
12,nt,female,51,13
12,nt,female,52,16
12,nt,female,53,14
12,nt,female,54,16
12,nt,female,55,12
12,nt,female,56,13
12,nt,female,57,13
12,nt,female,58,12
12,nt,female,59,13
12,nt,female,60,12
12,nt,female,61,7
12,nt,female,62,9
12,nt,female,63,8
12,nt,female,64,8
12,nt,female,65,10
12,nt,female,66,7
12,nt,female,67,7
12,nt,female,68,4
12,nt,female,69,5
12,nt,female,70,5
12,nt,female,71,5
12,nt,female,72,3
12,nt,female,73,3
12,nt,female,74,2
12,nt,female,75,2
12,nt,female,76,2
12,nt,female,77,3
12,nt,female,78,2
12,nt,female,79,1
12,nt,female,80,1
12,nt,female,81,1
12,nt,female,82,1
12,nt,female,84,1
12,nt,female,85,1
12,nt,female,86,1
12,nt,female,87,1
12,nt,female,88,1
12,act,male,0,37
12,act,male,1,24
12,act,male,2,23
12,act,male,3,24
12,act,male,4,24
12,act,male,5,24
12,act,male,6,26
12,act,male,7,22
12,act,male,8,22
12,act,male,9,20
12,act,male,10,22
12,act,male,11,22
12,act,male,12,20
12,act,male,13,22
12,act,male,14,21
12,act,male,15,27
12,act,male,16,22
12,act,male,17,26
12,act,male,18,26
12,act,male,19,31
12,act,male,20,39
12,act,male,21,37
12,act,male,22,34
12,act,male,23,34
12,act,male,24,36
12,act,male,25,42
12,act,male,26,33
12,act,male,27,35
12,act,male,28,33
12,act,male,29,34
12,act,male,30,39
12,act,male,31,31
12,act,male,32,29
12,act,male,33,30
12,act,male,34,29
12,act,male,35,32
12,act,male,36,30
12,act,male,37,29
12,act,male,38,28
12,act,male,39,28
12,act,male,40,30
12,act,male,41,26
12,act,male,42,25
12,act,male,43,26
12,act,male,44,28
12,act,male,45,29
12,act,male,46,26
12,act,male,47,26
12,act,male,48,23
12,act,male,49,27
12,act,male,50,26
12,act,male,51,26
12,act,male,52,24
12,act,male,53,23
12,act,male,54,24
12,act,male,55,22
12,act,male,56,22
12,act,male,57,22
12,act,male,58,20
12,act,male,59,19
12,act,male,60,20
12,act,male,61,21
12,act,male,62,16
12,act,male,63,18
12,act,male,64,19
12,act,male,65,14
12,act,male,66,13
12,act,male,67,12
12,act,male,68,13
12,act,male,69,11
12,act,male,70,11
12,act,male,71,11
12,act,male,72,9
12,act,male,73,9
12,act,male,74,9
12,act,male,75,7
12,act,male,76,7
12,act,male,77,6
12,act,male,78,6
12,act,male,79,5
12,act,male,80,4
12,act,male,81,4
12,act,male,82,4
12,act,male,83,4
12,act,male,84,3
12,act,male,85,4
12,act,male,86,3
12,act,male,87,3
12,act,male,88,2
12,act,male,89,2
12,act,male,90,3
12,act,male,91,1
12,act,male,93,1
12,act,female,0,35
12,act,female,1,26
12,act,female,2,26
12,act,female,3,22
12,act,female,4,23
12,act,female,5,24
12,act,female,6,21
12,act,female,7,22
12,act,female,8,22
12,act,female,9,21
12,act,female,10,24
12,act,female,11,25
12,act,female,12,21
12,act,female,13,21
12,act,female,14,23
12,act,female,15,25
12,act,female,16,23
12,act,female,17,24
12,act,female,18,24
12,act,female,19,27
12,act,female,20,36
12,act,female,21,38
12,act,female,22,33
12,act,female,23,33
12,act,female,24,33
12,act,female,25,38
12,act,female,26,33
12,act,female,27,33
12,act,female,28,33
12,act,female,29,34
12,act,female,30,36
12,act,female,31,34
12,act,female,32,28
12,act,female,33,28
12,act,female,34,27
12,act,female,35,30
12,act,female,36,28
12,act,female,37,30
12,act,female,38,29
12,act,female,39,28
12,act,female,40,30
12,act,female,41,29
12,act,female,42,30
12,act,female,43,28
12,act,female,44,25
12,act,female,45,27
12,act,female,46,24
12,act,female,47,28
12,act,female,48,26
12,act,female,49,26
12,act,female,50,28
12,act,female,51,30
12,act,female,52,26
12,act,female,53,24
12,act,female,54,25
12,act,female,55,25
12,act,female,56,23
12,act,female,57,22
12,act,female,58,22
12,act,female,59,20
12,act,female,60,21
12,act,female,61,18
12,act,female,62,18
12,act,female,63,20
12,act,female,64,22
12,act,female,65,17
12,act,female,66,16
12,act,female,67,14
12,act,female,68,12
12,act,female,69,11
12,act,female,70,12
12,act,female,71,10
12,act,female,72,10
12,act,female,73,9
12,act,female,74,10
12,act,female,75,8
12,act,female,76,7
12,act,female,77,8
12,act,female,78,7
12,act,female,79,8
12,act,female,80,6
12,act,female,81,7
12,act,female,82,6
12,act,female,83,5
12,act,female,84,5
12,act,female,85,5
12,act,female,86,5
12,act,female,87,5
12,act,female,88,4
12,act,female,89,3
12,act,female,90,1
12,act,female,91,1
12,act,female,92,2
12,act,female,93,1
12,act,female,96,1
13,nsw,male,0,544
13,nsw,male,1,500
13,nsw,male,2,484
13,nsw,male,3,466
13,nsw,male,4,463
13,nsw,male,5,490
13,nsw,male,6,458
13,nsw,male,7,451
13,nsw,male,8,444
13,nsw,male,9,442
13,nsw,male,10,475
13,nsw,male,11,453
13,nsw,male,12,447
13,nsw,male,13,444
13,nsw,male,14,453
13,nsw,male,15,509
13,nsw,male,16,473
13,nsw,male,17,457
13,nsw,male,18,460
13,nsw,male,19,466
13,nsw,male,20,613
13,nsw,male,21,521
13,nsw,male,22,499
13,nsw,male,23,498
13,nsw,male,24,498
13,nsw,male,25,652
13,nsw,male,26,536
13,nsw,male,27,513
13,nsw,male,28,512
13,nsw,male,29,510
13,nsw,male,30,608
13,nsw,male,31,500
13,nsw,male,32,488
13,nsw,male,33,468
13,nsw,male,34,472
13,nsw,male,35,522
13,nsw,male,36,481
13,nsw,male,37,484
13,nsw,male,38,498
13,nsw,male,39,514
13,nsw,male,40,556
13,nsw,male,41,497
13,nsw,male,42,476
13,nsw,male,43,462
13,nsw,male,44,454
13,nsw,male,45,482
13,nsw,male,46,478
13,nsw,male,47,484
13,nsw,male,48,497
13,nsw,male,49,490
13,nsw,male,50,516
13,nsw,male,51,486
13,nsw,male,52,473
13,nsw,male,53,461
13,nsw,male,54,456
13,nsw,male,55,452
13,nsw,male,56,433
13,nsw,male,57,415
13,nsw,male,58,414
13,nsw,male,59,400
13,nsw,male,60,408
13,nsw,male,61,393
13,nsw,male,62,377
13,nsw,male,63,393
13,nsw,male,64,392
13,nsw,male,65,377
13,nsw,male,66,333
13,nsw,male,67,319
13,nsw,male,68,289
13,nsw,male,69,276
13,nsw,male,70,258
13,nsw,male,71,245
13,nsw,male,72,229
13,nsw,male,73,218
13,nsw,male,74,210
13,nsw,male,75,202
13,nsw,male,76,183
13,nsw,male,77,171
13,nsw,male,78,158
13,nsw,male,79,154
13,nsw,male,80,151
13,nsw,male,81,145
13,nsw,male,82,131
13,nsw,male,83,123
13,nsw,male,84,108
13,nsw,male,85,92
13,nsw,male,86,78
13,nsw,male,87,71
13,nsw,male,88,62
13,nsw,male,89,53
13,nsw,male,90,38
13,nsw,male,91,32
13,nsw,male,92,20
13,nsw,male,93,16
13,nsw,male,94,14
13,nsw,male,95,9
13,nsw,male,96,4
13,nsw,male,97,2
13,nsw,male,98,2
13,nsw,male,99,1
13,nsw,male,101,1
13,nsw,female,0,540
13,nsw,female,1,483
13,nsw,female,2,462
13,nsw,female,3,454
13,nsw,female,4,451
13,nsw,female,5,467
13,nsw,female,6,434
13,nsw,female,7,423
13,nsw,female,8,425
13,nsw,female,9,419
13,nsw,female,10,441
13,nsw,female,11,430
13,nsw,female,12,423
13,nsw,female,13,418
13,nsw,female,14,429
13,nsw,female,15,469
13,nsw,female,16,442
13,nsw,female,17,438
13,nsw,female,18,442
13,nsw,female,19,440
13,nsw,female,20,603
13,nsw,female,21,506
13,nsw,female,22,474
13,nsw,female,23,469
13,nsw,female,24,477
13,nsw,female,25,635
13,nsw,female,26,540
13,nsw,female,27,509
13,nsw,female,28,510
13,nsw,female,29,504
13,nsw,female,30,579
13,nsw,female,31,499
13,nsw,female,32,485
13,nsw,female,33,482
13,nsw,female,34,480
13,nsw,female,35,523
13,nsw,female,36,496
13,nsw,female,37,498
13,nsw,female,38,514
13,nsw,female,39,524
13,nsw,female,40,554
13,nsw,female,41,496
13,nsw,female,42,489
13,nsw,female,43,481
13,nsw,female,44,468
13,nsw,female,45,489
13,nsw,female,46,478
13,nsw,female,47,494
13,nsw,female,48,507
13,nsw,female,49,505
13,nsw,female,50,520
13,nsw,female,51,496
13,nsw,female,52,476
13,nsw,female,53,472
13,nsw,female,54,458
13,nsw,female,55,457
13,nsw,female,56,447
13,nsw,female,57,427
13,nsw,female,58,421
13,nsw,female,59,402
13,nsw,female,60,415
13,nsw,female,61,392
13,nsw,female,62,382
13,nsw,female,63,387
13,nsw,female,64,397
13,nsw,female,65,381
13,nsw,female,66,338
13,nsw,female,67,318
13,nsw,female,68,296
13,nsw,female,69,277
13,nsw,female,70,270
13,nsw,female,71,257
13,nsw,female,72,246
13,nsw,female,73,237
13,nsw,female,74,229
13,nsw,female,75,227
13,nsw,female,76,210
13,nsw,female,77,194
13,nsw,female,78,191
13,nsw,female,79,192
13,nsw,female,80,186
13,nsw,female,81,188
13,nsw,female,82,173
13,nsw,female,83,166
13,nsw,female,84,155
13,nsw,female,85,143
13,nsw,female,86,130
13,nsw,female,87,113
13,nsw,female,88,104
13,nsw,female,89,96
13,nsw,female,90,80
13,nsw,female,91,66
13,nsw,female,92,47
13,nsw,female,93,36
13,nsw,female,94,34
13,nsw,female,95,23
13,nsw,female,96,18
13,nsw,female,97,13
13,nsw,female,98,10
13,nsw,female,99,5
13,nsw,female,100,5
13,nsw,female,101,2
13,nsw,female,102,1
13,vic,male,0,376
13,vic,male,1,373
13,vic,male,2,357
13,vic,male,3,354
13,vic,male,4,351
13,vic,male,5,365
13,vic,male,6,335
13,vic,male,7,335
13,vic,male,8,329
13,vic,male,9,323
13,vic,male,10,341
13,vic,male,11,329
13,vic,male,12,324
13,vic,male,13,338
13,vic,male,14,339
13,vic,male,15,387
13,vic,male,16,357
13,vic,male,17,349
13,vic,male,18,356
13,vic,male,19,358
13,vic,male,20,494
13,vic,male,21,430
13,vic,male,22,415
13,vic,male,23,414
13,vic,male,24,427
13,vic,male,25,517
13,vic,male,26,441
13,vic,male,27,423
13,vic,male,28,422
13,vic,male,29,404
13,vic,male,30,455
13,vic,male,31,403
13,vic,male,32,378
13,vic,male,33,370
13,vic,male,34,368
13,vic,male,35,411
13,vic,male,36,374
13,vic,male,37,378
13,vic,male,38,384
13,vic,male,39,400
13,vic,male,40,427
13,vic,male,41,393
13,vic,male,42,389
13,vic,male,43,377
13,vic,male,44,367
13,vic,male,45,376
13,vic,male,46,362
13,vic,male,47,364
13,vic,male,48,371
13,vic,male,49,369
13,vic,male,50,374
13,vic,male,51,362
13,vic,male,52,352
13,vic,male,53,333
13,vic,male,54,337
13,vic,male,55,339
13,vic,male,56,321
13,vic,male,57,315
13,vic,male,58,307
13,vic,male,59,303
13,vic,male,60,296
13,vic,male,61,291
13,vic,male,62,278
13,vic,male,63,281
13,vic,male,64,295
13,vic,male,65,274
13,vic,male,66,234
13,vic,male,67,223
13,vic,male,68,208
13,vic,male,69,202
13,vic,male,70,192
13,vic,male,71,183
13,vic,male,72,177
13,vic,male,73,161
13,vic,male,74,157
13,vic,male,75,147
13,vic,male,76,133
13,vic,male,77,129
13,vic,male,78,122
13,vic,male,79,118
13,vic,male,80,113
13,vic,male,81,98
13,vic,male,82,100
13,vic,male,83,84
13,vic,male,84,87
13,vic,male,85,70
13,vic,male,86,59
13,vic,male,87,48
13,vic,male,88,40
13,vic,male,89,37
13,vic,male,90,26
13,vic,male,91,21
13,vic,male,92,15
13,vic,male,93,12
13,vic,male,94,8
13,vic,male,95,7
13,vic,male,96,6
13,vic,male,97,4
13,vic,male,98,1
13,vic,male,99,1
13,vic,female,0,377
13,vic,female,1,347
13,vic,female,2,341
13,vic,female,3,336
13,vic,female,4,331
13,vic,female,5,348
13,vic,female,6,323
13,vic,female,7,316
13,vic,female,8,309
13,vic,female,9,312
13,vic,female,10,329
13,vic,female,11,319
13,vic,female,12,315
13,vic,female,13,309
13,vic,female,14,317
13,vic,female,15,362
13,vic,female,16,338
13,vic,female,17,322
13,vic,female,18,336
13,vic,female,19,341
13,vic,female,20,481
13,vic,female,21,403
13,vic,female,22,393
13,vic,female,23,390
13,vic,female,24,393
13,vic,female,25,495
13,vic,female,26,427
13,vic,female,27,411
13,vic,female,28,408
13,vic,female,29,396
13,vic,female,30,453
13,vic,female,31,398
13,vic,female,32,374
13,vic,female,33,370
13,vic,female,34,369
13,vic,female,35,403
13,vic,female,36,377
13,vic,female,37,383
13,vic,female,38,394
13,vic,female,39,408
13,vic,female,40,442
13,vic,female,41,409
13,vic,female,42,402
13,vic,female,43,390
13,vic,female,44,371
13,vic,female,45,392
13,vic,female,46,376
13,vic,female,47,376
13,vic,female,48,383
13,vic,female,49,382
13,vic,female,50,389
13,vic,female,51,373
13,vic,female,52,365
13,vic,female,53,349
13,vic,female,54,348
13,vic,female,55,353
13,vic,female,56,334
13,vic,female,57,324
13,vic,female,58,324
13,vic,female,59,308
13,vic,female,60,313
13,vic,female,61,304
13,vic,female,62,292
13,vic,female,63,289
13,vic,female,64,306
13,vic,female,65,284
13,vic,female,66,251
13,vic,female,67,240
13,vic,female,68,222
13,vic,female,69,210
13,vic,female,70,200
13,vic,female,71,192
13,vic,female,72,185
13,vic,female,73,179
13,vic,female,74,172
13,vic,female,75,167
13,vic,female,76,160
13,vic,female,77,151
13,vic,female,78,148
13,vic,female,79,141
13,vic,female,80,140
13,vic,female,81,141
13,vic,female,82,128
13,vic,female,83,126
13,vic,female,84,115
13,vic,female,85,110
13,vic,female,86,97
13,vic,female,87,80
13,vic,female,88,74
13,vic,female,89,71
13,vic,female,90,56
13,vic,female,91,47
13,vic,female,92,32
13,vic,female,93,29
13,vic,female,94,22
13,vic,female,95,16
13,vic,female,96,10
13,vic,female,97,13
13,vic,female,98,7
13,vic,female,99,5
13,vic,female,100,3
13,vic,female,101,3
13,vic,female,102,1
13,qld,male,0,328
13,qld,male,1,334
13,qld,male,2,314
13,qld,male,3,311
13,qld,male,4,301
13,qld,male,5,324
13,qld,male,6,300
13,qld,male,7,286
13,qld,male,8,286
13,qld,male,9,286
13,qld,male,10,306
13,qld,male,11,298
13,qld,male,12,292
13,qld,male,13,296
13,qld,male,14,290
13,qld,male,15,320
13,qld,male,16,312
13,qld,male,17,298
13,qld,male,18,300
13,qld,male,19,300
13,qld,male,20,387
13,qld,male,21,334
13,qld,male,22,313
13,qld,male,23,316
13,qld,male,24,316
13,qld,male,25,418
13,qld,male,26,335
13,qld,male,27,324
13,qld,male,28,328
13,qld,male,29,319
13,qld,male,30,360
13,qld,male,31,314
13,qld,male,32,288
13,qld,male,33,280
13,qld,male,34,286
13,qld,male,35,323
13,qld,male,36,301
13,qld,male,37,311
13,qld,male,38,308
13,qld,male,39,326
13,qld,male,40,351
13,qld,male,41,320
13,qld,male,42,312
13,qld,male,43,295
13,qld,male,44,293
13,qld,male,45,304
13,qld,male,46,295
13,qld,male,47,298
13,qld,male,48,308
13,qld,male,49,305
13,qld,male,50,310
13,qld,male,51,297
13,qld,male,52,289
13,qld,male,53,276
13,qld,male,54,270
13,qld,male,55,281
13,qld,male,56,266
13,qld,male,57,254
13,qld,male,58,259
13,qld,male,59,252
13,qld,male,60,254
13,qld,male,61,239
13,qld,male,62,241
13,qld,male,63,243
13,qld,male,64,248
13,qld,male,65,229
13,qld,male,66,204
13,qld,male,67,191
13,qld,male,68,171
13,qld,male,69,163
13,qld,male,70,157
13,qld,male,71,145
13,qld,male,72,137
13,qld,male,73,129
13,qld,male,74,121
13,qld,male,75,107
13,qld,male,76,100
13,qld,male,77,92
13,qld,male,78,87
13,qld,male,79,88
13,qld,male,80,73
13,qld,male,81,77
13,qld,male,82,71
13,qld,male,83,64
13,qld,male,84,57
13,qld,male,85,47
13,qld,male,86,40
13,qld,male,87,34
13,qld,male,88,30
13,qld,male,89,27
13,qld,male,90,20
13,qld,male,91,15
13,qld,male,92,11
13,qld,male,93,7
13,qld,male,94,6
13,qld,male,95,5
13,qld,male,96,2
13,qld,male,97,1
13,qld,male,98,2
13,qld,male,99,1
13,qld,male,100,1
13,qld,female,0,358
13,qld,female,1,300
13,qld,female,2,294
13,qld,female,3,294
13,qld,female,4,286
13,qld,female,5,308
13,qld,female,6,282
13,qld,female,7,276
13,qld,female,8,269
13,qld,female,9,274
13,qld,female,10,298
13,qld,female,11,283
13,qld,female,12,273
13,qld,female,13,282
13,qld,female,14,278
13,qld,female,15,317
13,qld,female,16,288
13,qld,female,17,287
13,qld,female,18,286
13,qld,female,19,288
13,qld,female,20,377
13,qld,female,21,319
13,qld,female,22,302
13,qld,female,23,300
13,qld,female,24,306
13,qld,female,25,392
13,qld,female,26,336
13,qld,female,27,311
13,qld,female,28,319
13,qld,female,29,304
13,qld,female,30,350
13,qld,female,31,301
13,qld,female,32,290
13,qld,female,33,289
13,qld,female,34,289
13,qld,female,35,323
13,qld,female,36,300
13,qld,female,37,307
13,qld,female,38,316
13,qld,female,39,334
13,qld,female,40,350
13,qld,female,41,329
13,qld,female,42,312
13,qld,female,43,303
13,qld,female,44,296
13,qld,female,45,302
13,qld,female,46,304
13,qld,female,47,308
13,qld,female,48,313
13,qld,female,49,311
13,qld,female,50,319
13,qld,female,51,304
13,qld,female,52,297
13,qld,female,53,289
13,qld,female,54,278
13,qld,female,55,285
13,qld,female,56,275
13,qld,female,57,260
13,qld,female,58,256
13,qld,female,59,247
13,qld,female,60,254
13,qld,female,61,250
13,qld,female,62,233
13,qld,female,63,234
13,qld,female,64,240
13,qld,female,65,220
13,qld,female,66,204
13,qld,female,67,193
13,qld,female,68,170
13,qld,female,69,165
13,qld,female,70,154
13,qld,female,71,146
13,qld,female,72,144
13,qld,female,73,125
13,qld,female,74,118
13,qld,female,75,116
13,qld,female,76,112
13,qld,female,77,103
13,qld,female,78,102
13,qld,female,79,97
13,qld,female,80,97
13,qld,female,81,92
13,qld,female,82,86
13,qld,female,83,84
13,qld,female,84,75
13,qld,female,85,70
13,qld,female,86,64
13,qld,female,87,54
13,qld,female,88,47
13,qld,female,89,42
13,qld,female,90,39
13,qld,female,91,33
13,qld,female,92,22
13,qld,female,93,22
13,qld,female,94,13
13,qld,female,95,14
13,qld,female,96,9
13,qld,female,97,5
13,qld,female,98,5
13,qld,female,99,3
13,qld,female,100,3
13,qld,female,101,1
13,sa,male,0,110
13,sa,male,1,102
13,sa,male,2,102
13,sa,male,3,99
13,sa,male,4,95
13,sa,male,5,105
13,sa,male,6,97
13,sa,male,7,96
13,sa,male,8,93
13,sa,male,9,96
13,sa,male,10,101
13,sa,male,11,100
13,sa,male,12,100
13,sa,male,13,101
13,sa,male,14,99
13,sa,male,15,112
13,sa,male,16,106
13,sa,male,17,105
13,sa,male,18,107
13,sa,male,19,110
13,sa,male,20,138
13,sa,male,21,121
13,sa,male,22,118
13,sa,male,23,118
13,sa,male,24,117
13,sa,male,25,138
13,sa,male,26,119
13,sa,male,27,119
13,sa,male,28,116
13,sa,male,29,112
13,sa,male,30,122
13,sa,male,31,105
13,sa,male,32,102
13,sa,male,33,98
13,sa,male,34,97
13,sa,male,35,111
13,sa,male,36,104
13,sa,male,37,103
13,sa,male,38,106
13,sa,male,39,113
13,sa,male,40,120
13,sa,male,41,119
13,sa,male,42,118
13,sa,male,43,114
13,sa,male,44,111
13,sa,male,45,108
13,sa,male,46,113
13,sa,male,47,116
13,sa,male,48,114
13,sa,male,49,117
13,sa,male,50,120
13,sa,male,51,112
13,sa,male,52,116
13,sa,male,53,110
13,sa,male,54,108
13,sa,male,55,110
13,sa,male,56,102
13,sa,male,57,101
13,sa,male,58,100
13,sa,male,59,96
13,sa,male,60,94
13,sa,male,61,97
13,sa,male,62,96
13,sa,male,63,90
13,sa,male,64,97
13,sa,male,65,87
13,sa,male,66,83
13,sa,male,67,71
13,sa,male,68,69
13,sa,male,69,65
13,sa,male,70,60
13,sa,male,71,58
13,sa,male,72,61
13,sa,male,73,54
13,sa,male,74,54
13,sa,male,75,50
13,sa,male,76,44
13,sa,male,77,42
13,sa,male,78,42
13,sa,male,79,38
13,sa,male,80,38
13,sa,male,81,35
13,sa,male,82,32
13,sa,male,83,32
13,sa,male,84,31
13,sa,male,85,28
13,sa,male,86,19
13,sa,male,87,17
13,sa,male,88,16
13,sa,male,89,11
13,sa,male,90,9
13,sa,male,91,10
13,sa,male,92,4
13,sa,male,93,3
13,sa,male,94,3
13,sa,male,95,2
13,sa,male,96,1
13,sa,male,97,1
13,sa,male,98,1
13,sa,male,101,1
13,sa,female,0,117
13,sa,female,1,99
13,sa,female,2,95
13,sa,female,3,96
13,sa,female,4,97
13,sa,female,5,99
13,sa,female,6,91
13,sa,female,7,89
13,sa,female,8,88
13,sa,female,9,92
13,sa,female,10,96
13,sa,female,11,94
13,sa,female,12,97
13,sa,female,13,94
13,sa,female,14,99
13,sa,female,15,110
13,sa,female,16,102
13,sa,female,17,100
13,sa,female,18,99
13,sa,female,19,107
13,sa,female,20,119
13,sa,female,21,113
13,sa,female,22,112
13,sa,female,23,110
13,sa,female,24,114
13,sa,female,25,134
13,sa,female,26,119
13,sa,female,27,112
13,sa,female,28,107
13,sa,female,29,108
13,sa,female,30,113
13,sa,female,31,103
13,sa,female,32,99
13,sa,female,33,96
13,sa,female,34,102
13,sa,female,35,107
13,sa,female,36,105
13,sa,female,37,100
13,sa,female,38,109
13,sa,female,39,115
13,sa,female,40,122
13,sa,female,41,113
13,sa,female,42,112
13,sa,female,43,112
13,sa,female,44,110
13,sa,female,45,120
13,sa,female,46,111
13,sa,female,47,116
13,sa,female,48,114
13,sa,female,49,119
13,sa,female,50,124
13,sa,female,51,115
13,sa,female,52,115
13,sa,female,53,111
13,sa,female,54,111
13,sa,female,55,109
13,sa,female,56,106
13,sa,female,57,107
13,sa,female,58,105
13,sa,female,59,102
13,sa,female,60,108
13,sa,female,61,100
13,sa,female,62,96
13,sa,female,63,97
13,sa,female,64,100
13,sa,female,65,95
13,sa,female,66,84
13,sa,female,67,78
13,sa,female,68,74
13,sa,female,69,71
13,sa,female,70,66
13,sa,female,71,64
13,sa,female,72,61
13,sa,female,73,60
13,sa,female,74,60
13,sa,female,75,54
13,sa,female,76,53
13,sa,female,77,51
13,sa,female,78,49
13,sa,female,79,48
13,sa,female,80,49
13,sa,female,81,49
13,sa,female,82,43
13,sa,female,83,45
13,sa,female,84,43
13,sa,female,85,38
13,sa,female,86,38
13,sa,female,87,33
13,sa,female,88,28
13,sa,female,89,28
13,sa,female,90,22
13,sa,female,91,17
13,sa,female,92,11
13,sa,female,93,11
13,sa,female,94,8
13,sa,female,95,6
13,sa,female,96,4
13,sa,female,97,5
13,sa,female,98,2
13,sa,female,99,1
13,sa,female,100,2
13,sa,female,101,1
13,wa,male,0,177
13,wa,male,1,166
13,wa,male,2,154
13,wa,male,3,153
13,wa,male,4,157
13,wa,male,5,171
13,wa,male,6,148
13,wa,male,7,142
13,wa,male,8,142
13,wa,male,9,143
13,wa,male,10,157
13,wa,male,11,146
13,wa,male,12,153
13,wa,male,13,147
13,wa,male,14,150
13,wa,male,15,170
13,wa,male,16,159
13,wa,male,17,154
13,wa,male,18,155
13,wa,male,19,157
13,wa,male,20,222
13,wa,male,21,170
13,wa,male,22,174
13,wa,male,23,173
13,wa,male,24,180
13,wa,male,25,254
13,wa,male,26,199
13,wa,male,27,186
13,wa,male,28,184
13,wa,male,29,176
13,wa,male,30,217
13,wa,male,31,171
13,wa,male,32,157
13,wa,male,33,157
13,wa,male,34,152
13,wa,male,35,179
13,wa,male,36,165
13,wa,male,37,158
13,wa,male,38,162
13,wa,male,39,176
13,wa,male,40,207
13,wa,male,41,176
13,wa,male,42,172
13,wa,male,43,166
13,wa,male,44,159
13,wa,male,45,174
13,wa,male,46,163
13,wa,male,47,165
13,wa,male,48,161
13,wa,male,49,164
13,wa,male,50,172
13,wa,male,51,156
13,wa,male,52,157
13,wa,male,53,152
13,wa,male,54,143
13,wa,male,55,158
13,wa,male,56,144
13,wa,male,57,139
13,wa,male,58,135
13,wa,male,59,130
13,wa,male,60,137
13,wa,male,61,128
13,wa,male,62,123
13,wa,male,63,124
13,wa,male,64,121
13,wa,male,65,111
13,wa,male,66,98
13,wa,male,67,93
13,wa,male,68,81
13,wa,male,69,83
13,wa,male,70,75
13,wa,male,71,75
13,wa,male,72,68
13,wa,male,73,61
13,wa,male,74,59
13,wa,male,75,53
13,wa,male,76,52
13,wa,male,77,44
13,wa,male,78,46
13,wa,male,79,43
13,wa,male,80,38
13,wa,male,81,41
13,wa,male,82,32
13,wa,male,83,29
13,wa,male,84,30
13,wa,male,85,21
13,wa,male,86,17
13,wa,male,87,17
13,wa,male,88,14
13,wa,male,89,11
13,wa,male,90,10
13,wa,male,91,7
13,wa,male,92,6
13,wa,male,93,5
13,wa,male,94,3
13,wa,male,95,2
13,wa,male,96,1
13,wa,male,97,1
13,wa,male,98,1
13,wa,male,100,1
13,wa,female,0,170
13,wa,female,1,157
13,wa,female,2,147
13,wa,female,3,146
13,wa,female,4,149
13,wa,female,5,168
13,wa,female,6,143
13,wa,female,7,137
13,wa,female,8,138
13,wa,female,9,139
13,wa,female,10,153
13,wa,female,11,145
13,wa,female,12,141
13,wa,female,13,141
13,wa,female,14,142
13,wa,female,15,158
13,wa,female,16,149
13,wa,female,17,146
13,wa,female,18,147
13,wa,female,19,150
13,wa,female,20,205
13,wa,female,21,166
13,wa,female,22,162
13,wa,female,23,160
13,wa,female,24,166
13,wa,female,25,250
13,wa,female,26,177
13,wa,female,27,167
13,wa,female,28,168
13,wa,female,29,165
13,wa,female,30,200
13,wa,female,31,164
13,wa,female,32,155
13,wa,female,33,155
13,wa,female,34,152
13,wa,female,35,182
13,wa,female,36,157
13,wa,female,37,155
13,wa,female,38,163
13,wa,female,39,170
13,wa,female,40,191
13,wa,female,41,172
13,wa,female,42,167
13,wa,female,43,163
13,wa,female,44,159
13,wa,female,45,161
13,wa,female,46,161
13,wa,female,47,161
13,wa,female,48,167
13,wa,female,49,162
13,wa,female,50,168
13,wa,female,51,158
13,wa,female,52,155
13,wa,female,53,152
13,wa,female,54,150
13,wa,female,55,156
13,wa,female,56,145
13,wa,female,57,138
13,wa,female,58,137
13,wa,female,59,128
13,wa,female,60,132
13,wa,female,61,124
13,wa,female,62,121
13,wa,female,63,116
13,wa,female,64,121
13,wa,female,65,110
13,wa,female,66,96
13,wa,female,67,93
13,wa,female,68,84
13,wa,female,69,83
13,wa,female,70,76
13,wa,female,71,71
13,wa,female,72,70
13,wa,female,73,67
13,wa,female,74,60
13,wa,female,75,61
13,wa,female,76,55
13,wa,female,77,55
13,wa,female,78,52
13,wa,female,79,51
13,wa,female,80,46
13,wa,female,81,48
13,wa,female,82,44
13,wa,female,83,43
13,wa,female,84,38
13,wa,female,85,32
13,wa,female,86,33
13,wa,female,87,28
13,wa,female,88,29
13,wa,female,89,23
13,wa,female,90,19
13,wa,female,91,14
13,wa,female,92,12
13,wa,female,93,10
13,wa,female,94,8
13,wa,female,95,5
13,wa,female,96,6
13,wa,female,97,5
13,wa,female,98,3
13,wa,female,99,1
13,wa,female,101,1
13,tas,male,0,33
13,tas,male,1,33
13,tas,male,2,34
13,tas,male,3,35
13,tas,male,4,33
13,tas,male,5,36
13,tas,male,6,34
13,tas,male,7,31
13,tas,male,8,31
13,tas,male,9,34
13,tas,male,10,36
13,tas,male,11,35
13,tas,male,12,35
13,tas,male,13,36
13,tas,male,14,37
13,tas,male,15,37
13,tas,male,16,35
13,tas,male,17,36
13,tas,male,18,40
13,tas,male,19,35
13,tas,male,20,41
13,tas,male,21,38
13,tas,male,22,37
13,tas,male,23,38
13,tas,male,24,34
13,tas,male,25,38
13,tas,male,26,34
13,tas,male,27,32
13,tas,male,28,33
13,tas,male,29,33
13,tas,male,30,32
13,tas,male,31,29
13,tas,male,32,29
13,tas,male,33,34
13,tas,male,34,28
13,tas,male,35,32
13,tas,male,36,32
13,tas,male,37,32
13,tas,male,38,35
13,tas,male,39,35
13,tas,male,40,36
13,tas,male,41,37
13,tas,male,42,37
13,tas,male,43,36
13,tas,male,44,32
13,tas,male,45,34
13,tas,male,46,33
13,tas,male,47,38
13,tas,male,48,38
13,tas,male,49,40
13,tas,male,50,40
13,tas,male,51,40
13,tas,male,52,36
13,tas,male,53,37
13,tas,male,54,36
13,tas,male,55,39
13,tas,male,56,38
13,tas,male,57,33
13,tas,male,58,35
13,tas,male,59,36
13,tas,male,60,34
13,tas,male,61,34
13,tas,male,62,31
13,tas,male,63,33
13,tas,male,64,36
13,tas,male,65,29
13,tas,male,66,27
13,tas,male,67,27
13,tas,male,68,25
13,tas,male,69,23
13,tas,male,70,22
13,tas,male,71,20
13,tas,male,72,18
13,tas,male,73,18
13,tas,male,74,18
13,tas,male,75,16
13,tas,male,76,14
13,tas,male,77,13
13,tas,male,78,12
13,tas,male,79,13
13,tas,male,80,13
13,tas,male,81,10
13,tas,male,82,11
13,tas,male,83,9
13,tas,male,84,9
13,tas,male,85,8
13,tas,male,86,7
13,tas,male,87,5
13,tas,male,88,4
13,tas,male,89,4
13,tas,male,90,1
13,tas,male,91,2
13,tas,male,94,1
13,tas,male,95,1
13,tas,female,0,30
13,tas,female,1,33
13,tas,female,2,32
13,tas,female,3,34
13,tas,female,4,32
13,tas,female,5,32
13,tas,female,6,32
13,tas,female,7,31
13,tas,female,8,30
13,tas,female,9,30
13,tas,female,10,31
13,tas,female,11,32
13,tas,female,12,32
13,tas,female,13,33
13,tas,female,14,35
13,tas,female,15,34
13,tas,female,16,36
13,tas,female,17,38
13,tas,female,18,33
13,tas,female,19,33
13,tas,female,20,34
13,tas,female,21,33
13,tas,female,22,33
13,tas,female,23,33
13,tas,female,24,32
13,tas,female,25,38
13,tas,female,26,32
13,tas,female,27,34
13,tas,female,28,29
13,tas,female,29,29
13,tas,female,30,39
13,tas,female,31,33
13,tas,female,32,29
13,tas,female,33,29
13,tas,female,34,30
13,tas,female,35,33
13,tas,female,36,31
13,tas,female,37,35
13,tas,female,38,35
13,tas,female,39,32
13,tas,female,40,46
13,tas,female,41,42
13,tas,female,42,37
13,tas,female,43,36
13,tas,female,44,36
13,tas,female,45,32
13,tas,female,46,36
13,tas,female,47,36
13,tas,female,48,38
13,tas,female,49,37
13,tas,female,50,42
13,tas,female,51,38
13,tas,female,52,39
13,tas,female,53,38
13,tas,female,54,38
13,tas,female,55,38
13,tas,female,56,37
13,tas,female,57,34
13,tas,female,58,36
13,tas,female,59,35
13,tas,female,60,35
13,tas,female,61,35
13,tas,female,62,30
13,tas,female,63,33
13,tas,female,64,34
13,tas,female,65,30
13,tas,female,66,25
13,tas,female,67,24
13,tas,female,68,23
13,tas,female,69,23
13,tas,female,70,22
13,tas,female,71,21
13,tas,female,72,18
13,tas,female,73,19
13,tas,female,74,19
13,tas,female,75,18
13,tas,female,76,17
13,tas,female,77,14
13,tas,female,78,14
13,tas,female,79,15
13,tas,female,80,14
13,tas,female,81,13
13,tas,female,82,11
13,tas,female,83,13
13,tas,female,84,11
13,tas,female,85,12
13,tas,female,86,11
13,tas,female,87,10
13,tas,female,88,9
13,tas,female,89,8
13,tas,female,90,7
13,tas,female,91,6
13,tas,female,92,2
13,tas,female,93,2
13,tas,female,94,3
13,tas,female,95,2
13,tas,female,96,3
13,tas,female,97,1
13,tas,female,98,1
13,tas,female,99,1
13,tas,female,101,1
13,nt,male,0,22
13,nt,male,1,23
13,nt,male,2,19
13,nt,male,3,23
13,nt,male,4,19
13,nt,male,5,21
13,nt,male,6,18
13,nt,male,7,17
13,nt,male,8,18
13,nt,male,9,19
13,nt,male,10,23
13,nt,male,11,21
13,nt,male,12,17
13,nt,male,13,16
13,nt,male,14,20
13,nt,male,15,19
13,nt,male,16,20
13,nt,male,17,20
13,nt,male,18,17
13,nt,male,19,24
13,nt,male,20,26
13,nt,male,21,23
13,nt,male,22,24
13,nt,male,23,22
13,nt,male,24,23
13,nt,male,25,26
13,nt,male,26,27
13,nt,male,27,27
13,nt,male,28,25
13,nt,male,29,26
13,nt,male,30,27
13,nt,male,31,25
13,nt,male,32,21
13,nt,male,33,21
13,nt,male,34,23
13,nt,male,35,25
13,nt,male,36,23
13,nt,male,37,18
13,nt,male,38,21
13,nt,male,39,19
13,nt,male,40,22
13,nt,male,41,17
13,nt,male,42,23
13,nt,male,43,16
13,nt,male,44,16
13,nt,male,45,20
13,nt,male,46,21
13,nt,male,47,20
13,nt,male,48,17
13,nt,male,49,18
13,nt,male,50,17
13,nt,male,51,16
13,nt,male,52,15
13,nt,male,53,14
13,nt,male,54,15
13,nt,male,55,15
13,nt,male,56,14
13,nt,male,57,14
13,nt,male,58,13
13,nt,male,59,13
13,nt,male,60,14
13,nt,male,61,12
13,nt,male,62,16
13,nt,male,63,9
13,nt,male,64,11
13,nt,male,65,9
13,nt,male,66,9
13,nt,male,67,7
13,nt,male,68,6
13,nt,male,69,6
13,nt,male,70,7
13,nt,male,71,7
13,nt,male,72,5
13,nt,male,73,4
13,nt,male,74,3
13,nt,male,75,4
13,nt,male,76,3
13,nt,male,77,2
13,nt,male,78,2
13,nt,male,79,2
13,nt,male,80,2
13,nt,male,81,3
13,nt,male,82,1
13,nt,male,83,1
13,nt,male,84,1
13,nt,male,85,1
13,nt,female,0,22
13,nt,female,1,20
13,nt,female,2,19
13,nt,female,3,20
13,nt,female,4,18
13,nt,female,5,21
13,nt,female,6,18
13,nt,female,7,17
13,nt,female,8,19
13,nt,female,9,18
13,nt,female,10,17
13,nt,female,11,16
13,nt,female,12,16
13,nt,female,13,18
13,nt,female,14,17
13,nt,female,15,17
13,nt,female,16,16
13,nt,female,17,17
13,nt,female,18,17
13,nt,female,19,15
13,nt,female,20,22
13,nt,female,21,17
13,nt,female,22,18
13,nt,female,23,18
13,nt,female,24,19
13,nt,female,25,27
13,nt,female,26,24
13,nt,female,27,22
13,nt,female,28,26
13,nt,female,29,22
13,nt,female,30,25
13,nt,female,31,20
13,nt,female,32,20
13,nt,female,33,19
13,nt,female,34,21
13,nt,female,35,22
13,nt,female,36,21
13,nt,female,37,18
13,nt,female,38,21
13,nt,female,39,22
13,nt,female,40,21
13,nt,female,41,19
13,nt,female,42,21
13,nt,female,43,18
13,nt,female,44,17
13,nt,female,45,17
13,nt,female,46,16
13,nt,female,47,15
13,nt,female,48,14
13,nt,female,49,15
13,nt,female,50,17
13,nt,female,51,13
13,nt,female,52,16
13,nt,female,53,14
13,nt,female,54,16
13,nt,female,55,12
13,nt,female,56,13
13,nt,female,57,13
13,nt,female,58,12
13,nt,female,59,13
13,nt,female,60,12
13,nt,female,61,8
13,nt,female,62,8
13,nt,female,63,8
13,nt,female,64,8
13,nt,female,65,10
13,nt,female,66,7
13,nt,female,67,8
13,nt,female,68,4
13,nt,female,69,5
13,nt,female,70,5
13,nt,female,71,5
13,nt,female,72,3
13,nt,female,73,3
13,nt,female,74,2
13,nt,female,75,2
13,nt,female,76,2
13,nt,female,77,3
13,nt,female,78,2
13,nt,female,79,1
13,nt,female,80,1
13,nt,female,81,1
13,nt,female,82,1
13,nt,female,84,1
13,nt,female,85,1
13,nt,female,86,1
13,nt,female,87,1
13,nt,female,88,1
13,act,male,0,37
13,act,male,1,27
13,act,male,2,23
13,act,male,3,24
13,act,male,4,24
13,act,male,5,25
13,act,male,6,26
13,act,male,7,22
13,act,male,8,22
13,act,male,9,20
13,act,male,10,22
13,act,male,11,22
13,act,male,12,20
13,act,male,13,22
13,act,male,14,21
13,act,male,15,26
13,act,male,16,23
13,act,male,17,26
13,act,male,18,26
13,act,male,19,32
13,act,male,20,38
13,act,male,21,36
13,act,male,22,35
13,act,male,23,34
13,act,male,24,36
13,act,male,25,41
13,act,male,26,34
13,act,male,27,36
13,act,male,28,33
13,act,male,29,34
13,act,male,30,37
13,act,male,31,35
13,act,male,32,29
13,act,male,33,29
13,act,male,34,29
13,act,male,35,31
13,act,male,36,30
13,act,male,37,30
13,act,male,38,28
13,act,male,39,28
13,act,male,40,30
13,act,male,41,28
13,act,male,42,25
13,act,male,43,25
13,act,male,44,29
13,act,male,45,29
13,act,male,46,26
13,act,male,47,25
13,act,male,48,23
13,act,male,49,27
13,act,male,50,26
13,act,male,51,26
13,act,male,52,24
13,act,male,53,23
13,act,male,54,24
13,act,male,55,21
13,act,male,56,22
13,act,male,57,21
13,act,male,58,21
13,act,male,59,19
13,act,male,60,21
13,act,male,61,21
13,act,male,62,18
13,act,male,63,17
13,act,male,64,19
13,act,male,65,15
13,act,male,66,13
13,act,male,67,12
13,act,male,68,12
13,act,male,69,12
13,act,male,70,11
13,act,male,71,11
13,act,male,72,9
13,act,male,73,9
13,act,male,74,9
13,act,male,75,7
13,act,male,76,7
13,act,male,77,6
13,act,male,78,6
13,act,male,79,6
13,act,male,80,4
13,act,male,81,4
13,act,male,82,4
13,act,male,83,4
13,act,male,84,3
13,act,male,85,4
13,act,male,86,3
13,act,male,87,3
13,act,male,88,1
13,act,male,89,2
13,act,male,90,3
13,act,male,91,1
13,act,male,93,1
13,act,female,0,37
13,act,female,1,24
13,act,female,2,26
13,act,female,3,22
13,act,female,4,22
13,act,female,5,24
13,act,female,6,22
13,act,female,7,22
13,act,female,8,22
13,act,female,9,20
13,act,female,10,24
13,act,female,11,24
13,act,female,12,21
13,act,female,13,21
13,act,female,14,23
13,act,female,15,25
13,act,female,16,22
13,act,female,17,25
13,act,female,18,23
13,act,female,19,27
13,act,female,20,34
13,act,female,21,38
13,act,female,22,34
13,act,female,23,34
13,act,female,24,34
13,act,female,25,38
13,act,female,26,33
13,act,female,27,34
13,act,female,28,33
13,act,female,29,34
13,act,female,30,36
13,act,female,31,35
13,act,female,32,29
13,act,female,33,28
13,act,female,34,27
13,act,female,35,30
13,act,female,36,29
13,act,female,37,29
13,act,female,38,30
13,act,female,39,28
13,act,female,40,30
13,act,female,41,29
13,act,female,42,30
13,act,female,43,28
13,act,female,44,25
13,act,female,45,27
13,act,female,46,24
13,act,female,47,28
13,act,female,48,25
13,act,female,49,28
13,act,female,50,28
13,act,female,51,30
13,act,female,52,26
13,act,female,53,24
13,act,female,54,25
13,act,female,55,25
13,act,female,56,23
13,act,female,57,22
13,act,female,58,22
13,act,female,59,20
13,act,female,60,22
13,act,female,61,18
13,act,female,62,19
13,act,female,63,19
13,act,female,64,22
13,act,female,65,19
13,act,female,66,16
13,act,female,67,14
13,act,female,68,12
13,act,female,69,11
13,act,female,70,12
13,act,female,71,10
13,act,female,72,10
13,act,female,73,9
13,act,female,74,10
13,act,female,75,8
13,act,female,76,7
13,act,female,77,8
13,act,female,78,7
13,act,female,79,8
13,act,female,80,6
13,act,female,81,7
13,act,female,82,6
13,act,female,83,5
13,act,female,84,6
13,act,female,85,4
13,act,female,86,6
13,act,female,87,5
13,act,female,88,4
13,act,female,89,3
13,act,female,90,2
13,act,female,91,1
13,act,female,92,2
13,act,female,93,1
13,act,female,96,1
14,nsw,male,0,531
14,nsw,male,1,509
14,nsw,male,2,485
14,nsw,male,3,469
14,nsw,male,4,461
14,nsw,male,5,493
14,nsw,male,6,460
14,nsw,male,7,450
14,nsw,male,8,443
14,nsw,male,9,444
14,nsw,male,10,471
14,nsw,male,11,455
14,nsw,male,12,445
14,nsw,male,13,445
14,nsw,male,14,451
14,nsw,male,15,511
14,nsw,male,16,479
14,nsw,male,17,457
14,nsw,male,18,460
14,nsw,male,19,462
14,nsw,male,20,610
14,nsw,male,21,534
14,nsw,male,22,497
14,nsw,male,23,497
14,nsw,male,24,496
14,nsw,male,25,641
14,nsw,male,26,546
14,nsw,male,27,514
14,nsw,male,28,511
14,nsw,male,29,507
14,nsw,male,30,603
14,nsw,male,31,513
14,nsw,male,32,488
14,nsw,male,33,470
14,nsw,male,34,471
14,nsw,male,35,530
14,nsw,male,36,485
14,nsw,male,37,478
14,nsw,male,38,497
14,nsw,male,39,512
14,nsw,male,40,548
14,nsw,male,41,505
14,nsw,male,42,475
14,nsw,male,43,466
14,nsw,male,44,454
14,nsw,male,45,479
14,nsw,male,46,479
14,nsw,male,47,481
14,nsw,male,48,492
14,nsw,male,49,492
14,nsw,male,50,516
14,nsw,male,51,489
14,nsw,male,52,474
14,nsw,male,53,458
14,nsw,male,54,455
14,nsw,male,55,453
14,nsw,male,56,435
14,nsw,male,57,416
14,nsw,male,58,412
14,nsw,male,59,403
14,nsw,male,60,408
14,nsw,male,61,396
14,nsw,male,62,377
14,nsw,male,63,391
14,nsw,male,64,391
14,nsw,male,65,379
14,nsw,male,66,337
14,nsw,male,67,319
14,nsw,male,68,293
14,nsw,male,69,276
14,nsw,male,70,256
14,nsw,male,71,246
14,nsw,male,72,232
14,nsw,male,73,216
14,nsw,male,74,213
14,nsw,male,75,200
14,nsw,male,76,183
14,nsw,male,77,172
14,nsw,male,78,158
14,nsw,male,79,152
14,nsw,male,80,152
14,nsw,male,81,144
14,nsw,male,82,130
14,nsw,male,83,124
14,nsw,male,84,108
14,nsw,male,85,94
14,nsw,male,86,77
14,nsw,male,87,70
14,nsw,male,88,64
14,nsw,male,89,51
14,nsw,male,90,40
14,nsw,male,91,31
14,nsw,male,92,22
14,nsw,male,93,15
14,nsw,male,94,14
14,nsw,male,95,10
14,nsw,male,96,4
14,nsw,male,97,2
14,nsw,male,98,1
14,nsw,male,99,2
14,nsw,male,101,1
14,nsw,female,0,532
14,nsw,female,1,491
14,nsw,female,2,462
14,nsw,female,3,455
14,nsw,female,4,449
14,nsw,female,5,465
14,nsw,female,6,438
14,nsw,female,7,425
14,nsw,female,8,424
14,nsw,female,9,419
14,nsw,female,10,441
14,nsw,female,11,431
14,nsw,female,12,423
14,nsw,female,13,415
14,nsw,female,14,430
14,nsw,female,15,471
14,nsw,female,16,439
14,nsw,female,17,438
14,nsw,female,18,442
14,nsw,female,19,439
14,nsw,female,20,591
14,nsw,female,21,520
14,nsw,female,22,473
14,nsw,female,23,471
14,nsw,female,24,476
14,nsw,female,25,629
14,nsw,female,26,551
14,nsw,female,27,507
14,nsw,female,28,510
14,nsw,female,29,506
14,nsw,female,30,578
14,nsw,female,31,510
14,nsw,female,32,481
14,nsw,female,33,485
14,nsw,female,34,476
14,nsw,female,35,524
14,nsw,female,36,496
14,nsw,female,37,496
14,nsw,female,38,514
14,nsw,female,39,521
14,nsw,female,40,556
14,nsw,female,41,500
14,nsw,female,42,487
14,nsw,female,43,482
14,nsw,female,44,468
14,nsw,female,45,488
14,nsw,female,46,482
14,nsw,female,47,489
14,nsw,female,48,508
14,nsw,female,49,503
14,nsw,female,50,521
14,nsw,female,51,497
14,nsw,female,52,479
14,nsw,female,53,471
14,nsw,female,54,458
14,nsw,female,55,458
14,nsw,female,56,445
14,nsw,female,57,429
14,nsw,female,58,421
14,nsw,female,59,402
14,nsw,female,60,419
14,nsw,female,61,390
14,nsw,female,62,384
14,nsw,female,63,383
14,nsw,female,64,396
14,nsw,female,65,385
14,nsw,female,66,338
14,nsw,female,67,321
14,nsw,female,68,298
14,nsw,female,69,278
14,nsw,female,70,270
14,nsw,female,71,257
14,nsw,female,72,247
14,nsw,female,73,237
14,nsw,female,74,230
14,nsw,female,75,226
14,nsw,female,76,210
14,nsw,female,77,195
14,nsw,female,78,192
14,nsw,female,79,188
14,nsw,female,80,186
14,nsw,female,81,188
14,nsw,female,82,174
14,nsw,female,83,167
14,nsw,female,84,152
14,nsw,female,85,140
14,nsw,female,86,133
14,nsw,female,87,115
14,nsw,female,88,103
14,nsw,female,89,96
14,nsw,female,90,84
14,nsw,female,91,63
14,nsw,female,92,46
14,nsw,female,93,37
14,nsw,female,94,35
14,nsw,female,95,23
14,nsw,female,96,18
14,nsw,female,97,13
14,nsw,female,98,11
14,nsw,female,99,5
14,nsw,female,100,4
14,nsw,female,101,3
14,nsw,female,102,1
14,vic,male,0,376
14,vic,male,1,379
14,vic,male,2,355
14,vic,male,3,353
14,vic,male,4,351
14,vic,male,5,365
14,vic,male,6,337
14,vic,male,7,333
14,vic,male,8,327
14,vic,male,9,321
14,vic,male,10,338
14,vic,male,11,331
14,vic,male,12,324
14,vic,male,13,337
14,vic,male,14,339
14,vic,male,15,389
14,vic,male,16,359
14,vic,male,17,349
14,vic,male,18,355
14,vic,male,19,356
14,vic,male,20,486
14,vic,male,21,442
14,vic,male,22,414
14,vic,male,23,414
14,vic,male,24,427
14,vic,male,25,518
14,vic,male,26,449
14,vic,male,27,421
14,vic,male,28,423
14,vic,male,29,406
14,vic,male,30,451
14,vic,male,31,407
14,vic,male,32,378
14,vic,male,33,373
14,vic,male,34,368
14,vic,male,35,403
14,vic,male,36,382
14,vic,male,37,377
14,vic,male,38,382
14,vic,male,39,399
14,vic,male,40,423
14,vic,male,41,400
14,vic,male,42,389
14,vic,male,43,377
14,vic,male,44,366
14,vic,male,45,377
14,vic,male,46,362
14,vic,male,47,362
14,vic,male,48,369
14,vic,male,49,368
14,vic,male,50,370
14,vic,male,51,363
14,vic,male,52,353
14,vic,male,53,332
14,vic,male,54,337
14,vic,male,55,337
14,vic,male,56,325
14,vic,male,57,314
14,vic,male,58,306
14,vic,male,59,303
14,vic,male,60,300
14,vic,male,61,289
14,vic,male,62,280
14,vic,male,63,279
14,vic,male,64,294
14,vic,male,65,277
14,vic,male,66,235
14,vic,male,67,224
14,vic,male,68,210
14,vic,male,69,201
14,vic,male,70,192
14,vic,male,71,183
14,vic,male,72,178
14,vic,male,73,161
14,vic,male,74,157
14,vic,male,75,149
14,vic,male,76,132
14,vic,male,77,129
14,vic,male,78,123
14,vic,male,79,115
14,vic,male,80,113
14,vic,male,81,99
14,vic,male,82,98
14,vic,male,83,86
14,vic,male,84,88
14,vic,male,85,70
14,vic,male,86,58
14,vic,male,87,46
14,vic,male,88,40
14,vic,male,89,36
14,vic,male,90,26
14,vic,male,91,22
14,vic,male,92,15
14,vic,male,93,12
14,vic,male,94,8
14,vic,male,95,6
14,vic,male,96,7
14,vic,male,97,3
14,vic,male,98,2
14,vic,male,99,1
14,vic,female,0,378
14,vic,female,1,350
14,vic,female,2,339
14,vic,female,3,334
14,vic,female,4,333
14,vic,female,5,350
14,vic,female,6,322
14,vic,female,7,316
14,vic,female,8,310
14,vic,female,9,312
14,vic,female,10,328
14,vic,female,11,319
14,vic,female,12,314
14,vic,female,13,309
14,vic,female,14,319
14,vic,female,15,363
14,vic,female,16,337
14,vic,female,17,322
14,vic,female,18,335
14,vic,female,19,341
14,vic,female,20,479
14,vic,female,21,408
14,vic,female,22,394
14,vic,female,23,388
14,vic,female,24,391
14,vic,female,25,495
14,vic,female,26,434
14,vic,female,27,411
14,vic,female,28,410
14,vic,female,29,395
14,vic,female,30,451
14,vic,female,31,405
14,vic,female,32,376
14,vic,female,33,370
14,vic,female,34,369
14,vic,female,35,400
14,vic,female,36,380
14,vic,female,37,383
14,vic,female,38,390
14,vic,female,39,408
14,vic,female,40,443
14,vic,female,41,412
14,vic,female,42,403
14,vic,female,43,391
14,vic,female,44,372
14,vic,female,45,388
14,vic,female,46,381
14,vic,female,47,375
14,vic,female,48,382
14,vic,female,49,382
14,vic,female,50,391
14,vic,female,51,372
14,vic,female,52,365
14,vic,female,53,352
14,vic,female,54,346
14,vic,female,55,353
14,vic,female,56,340
14,vic,female,57,321
14,vic,female,58,325
14,vic,female,59,308
14,vic,female,60,312
14,vic,female,61,307
14,vic,female,62,294
14,vic,female,63,290
14,vic,female,64,302
14,vic,female,65,287
14,vic,female,66,254
14,vic,female,67,241
14,vic,female,68,223
14,vic,female,69,210
14,vic,female,70,200
14,vic,female,71,193
14,vic,female,72,185
14,vic,female,73,180
14,vic,female,74,173
14,vic,female,75,166
14,vic,female,76,160
14,vic,female,77,153
14,vic,female,78,146
14,vic,female,79,141
14,vic,female,80,138
14,vic,female,81,141
14,vic,female,82,129
14,vic,female,83,124
14,vic,female,84,114
14,vic,female,85,112
14,vic,female,86,95
14,vic,female,87,79
14,vic,female,88,76
14,vic,female,89,70
14,vic,female,90,58
14,vic,female,91,47
14,vic,female,92,31
14,vic,female,93,27
14,vic,female,94,22
14,vic,female,95,16
14,vic,female,96,11
14,vic,female,97,13
14,vic,female,98,7
14,vic,female,99,6
14,vic,female,100,2
14,vic,female,101,3
14,vic,female,102,1
14,qld,male,0,333
14,qld,male,1,331
14,qld,male,2,313
14,qld,male,3,313
14,qld,male,4,300
14,qld,male,5,325
14,qld,male,6,301
14,qld,male,7,284
14,qld,male,8,288
14,qld,male,9,284
14,qld,male,10,305
14,qld,male,11,300
14,qld,male,12,294
14,qld,male,13,294
14,qld,male,14,290
14,qld,male,15,323
14,qld,male,16,309
14,qld,male,17,299
14,qld,male,18,298
14,qld,male,19,300
14,qld,male,20,383
14,qld,male,21,342
14,qld,male,22,313
14,qld,male,23,317
14,qld,male,24,314
14,qld,male,25,415
14,qld,male,26,344
14,qld,male,27,324
14,qld,male,28,328
14,qld,male,29,318
14,qld,male,30,368
14,qld,male,31,314
14,qld,male,32,289
14,qld,male,33,281
14,qld,male,34,284
14,qld,male,35,319
14,qld,male,36,305
14,qld,male,37,312
14,qld,male,38,307
14,qld,male,39,325
14,qld,male,40,344
14,qld,male,41,328
14,qld,male,42,313
14,qld,male,43,298
14,qld,male,44,290
14,qld,male,45,307
14,qld,male,46,293
14,qld,male,47,298
14,qld,male,48,305
14,qld,male,49,305
14,qld,male,50,312
14,qld,male,51,295
14,qld,male,52,289
14,qld,male,53,278
14,qld,male,54,269
14,qld,male,55,282
14,qld,male,56,266
14,qld,male,57,256
14,qld,male,58,257
14,qld,male,59,253
14,qld,male,60,255
14,qld,male,61,240
14,qld,male,62,240
14,qld,male,63,243
14,qld,male,64,247
14,qld,male,65,235
14,qld,male,66,206
14,qld,male,67,191
14,qld,male,68,173
14,qld,male,69,161
14,qld,male,70,159
14,qld,male,71,146
14,qld,male,72,136
14,qld,male,73,130
14,qld,male,74,121
14,qld,male,75,108
14,qld,male,76,99
14,qld,male,77,92
14,qld,male,78,87
14,qld,male,79,88
14,qld,male,80,75
14,qld,male,81,74
14,qld,male,82,72
14,qld,male,83,64
14,qld,male,84,58
14,qld,male,85,46
14,qld,male,86,40
14,qld,male,87,34
14,qld,male,88,30
14,qld,male,89,26
14,qld,male,90,22
14,qld,male,91,13
14,qld,male,92,12
14,qld,male,93,6
14,qld,male,94,6
14,qld,male,95,5
14,qld,male,96,2
14,qld,male,97,2
14,qld,male,98,2
14,qld,male,99,1
14,qld,male,100,1
14,qld,female,0,362
14,qld,female,1,305
14,qld,female,2,291
14,qld,female,3,294
14,qld,female,4,287
14,qld,female,5,306
14,qld,female,6,284
14,qld,female,7,276
14,qld,female,8,271
14,qld,female,9,272
14,qld,female,10,297
14,qld,female,11,283
14,qld,female,12,274
14,qld,female,13,281
14,qld,female,14,277
14,qld,female,15,312
14,qld,female,16,294
14,qld,female,17,284
14,qld,female,18,284
14,qld,female,19,289
14,qld,female,20,371
14,qld,female,21,328
14,qld,female,22,303
14,qld,female,23,298
14,qld,female,24,305
14,qld,female,25,390
14,qld,female,26,343
14,qld,female,27,310
14,qld,female,28,319
14,qld,female,29,304
14,qld,female,30,354
14,qld,female,31,305
14,qld,female,32,288
14,qld,female,33,289
14,qld,female,34,289
14,qld,female,35,321
14,qld,female,36,301
14,qld,female,37,301
14,qld,female,38,316
14,qld,female,39,332
14,qld,female,40,352
14,qld,female,41,330
14,qld,female,42,312
14,qld,female,43,305
14,qld,female,44,296
14,qld,female,45,302
14,qld,female,46,300
14,qld,female,47,311
14,qld,female,48,310
14,qld,female,49,312
14,qld,female,50,320
14,qld,female,51,302
14,qld,female,52,295
14,qld,female,53,290
14,qld,female,54,279
14,qld,female,55,285
14,qld,female,56,274
14,qld,female,57,262
14,qld,female,58,256
14,qld,female,59,247
14,qld,female,60,252
14,qld,female,61,251
14,qld,female,62,233
14,qld,female,63,233
14,qld,female,64,239
14,qld,female,65,222
14,qld,female,66,207
14,qld,female,67,192
14,qld,female,68,171
14,qld,female,69,163
14,qld,female,70,155
14,qld,female,71,147
14,qld,female,72,144
14,qld,female,73,126
14,qld,female,74,118
14,qld,female,75,116
14,qld,female,76,113
14,qld,female,77,102
14,qld,female,78,102
14,qld,female,79,96
14,qld,female,80,98
14,qld,female,81,92
14,qld,female,82,86
14,qld,female,83,83
14,qld,female,84,75
14,qld,female,85,70
14,qld,female,86,64
14,qld,female,87,55
14,qld,female,88,47
14,qld,female,89,43
14,qld,female,90,38
14,qld,female,91,34
14,qld,female,92,23
14,qld,female,93,21
14,qld,female,94,14
14,qld,female,95,14
14,qld,female,96,10
14,qld,female,97,4
14,qld,female,98,5
14,qld,female,99,3
14,qld,female,100,4
14,qld,female,101,1
14,sa,male,0,106
14,sa,male,1,103
14,sa,male,2,101
14,sa,male,3,100
14,sa,male,4,95
14,sa,male,5,106
14,sa,male,6,99
14,sa,male,7,96
14,sa,male,8,93
14,sa,male,9,96
14,sa,male,10,104
14,sa,male,11,98
14,sa,male,12,99
14,sa,male,13,101
14,sa,male,14,99
14,sa,male,15,111
14,sa,male,16,107
14,sa,male,17,104
14,sa,male,18,108
14,sa,male,19,112
14,sa,male,20,132
14,sa,male,21,124
14,sa,male,22,117
14,sa,male,23,117
14,sa,male,24,119
14,sa,male,25,138
14,sa,male,26,119
14,sa,male,27,118
14,sa,male,28,116
14,sa,male,29,113
14,sa,male,30,123
14,sa,male,31,107
14,sa,male,32,103
14,sa,male,33,97
14,sa,male,34,96
14,sa,male,35,108
14,sa,male,36,108
14,sa,male,37,102
14,sa,male,38,105
14,sa,male,39,113
14,sa,male,40,119
14,sa,male,41,120
14,sa,male,42,118
14,sa,male,43,112
14,sa,male,44,113
14,sa,male,45,109
14,sa,male,46,111
14,sa,male,47,116
14,sa,male,48,116
14,sa,male,49,116
14,sa,male,50,119
14,sa,male,51,113
14,sa,male,52,115
14,sa,male,53,111
14,sa,male,54,109
14,sa,male,55,108
14,sa,male,56,103
14,sa,male,57,100
14,sa,male,58,99
14,sa,male,59,96
14,sa,male,60,95
14,sa,male,61,96
14,sa,male,62,96
14,sa,male,63,90
14,sa,male,64,96
14,sa,male,65,89
14,sa,male,66,83
14,sa,male,67,71
14,sa,male,68,70
14,sa,male,69,66
14,sa,male,70,60
14,sa,male,71,57
14,sa,male,72,62
14,sa,male,73,55
14,sa,male,74,54
14,sa,male,75,50
14,sa,male,76,45
14,sa,male,77,42
14,sa,male,78,42
14,sa,male,79,38
14,sa,male,80,37
14,sa,male,81,35
14,sa,male,82,32
14,sa,male,83,33
14,sa,male,84,31
14,sa,male,85,27
14,sa,male,86,22
14,sa,male,87,17
14,sa,male,88,16
14,sa,male,89,11
14,sa,male,90,8
14,sa,male,91,10
14,sa,male,92,5
14,sa,male,93,3
14,sa,male,94,3
14,sa,male,95,2
14,sa,male,96,1
14,sa,male,97,1
14,sa,male,98,1
14,sa,male,101,1
14,sa,female,0,116
14,sa,female,1,104
14,sa,female,2,95
14,sa,female,3,96
14,sa,female,4,97
14,sa,female,5,99
14,sa,female,6,91
14,sa,female,7,89
14,sa,female,8,89
14,sa,female,9,90
14,sa,female,10,95
14,sa,female,11,95
14,sa,female,12,97
14,sa,female,13,95
14,sa,female,14,98
14,sa,female,15,109
14,sa,female,16,102
14,sa,female,17,100
14,sa,female,18,100
14,sa,female,19,106
14,sa,female,20,121
14,sa,female,21,114
14,sa,female,22,113
14,sa,female,23,111
14,sa,female,24,112
14,sa,female,25,132
14,sa,female,26,126
14,sa,female,27,112
14,sa,female,28,106
14,sa,female,29,108
14,sa,female,30,117
14,sa,female,31,103
14,sa,female,32,101
14,sa,female,33,96
14,sa,female,34,101
14,sa,female,35,112
14,sa,female,36,103
14,sa,female,37,103
14,sa,female,38,108
14,sa,female,39,116
14,sa,female,40,121
14,sa,female,41,114
14,sa,female,42,112
14,sa,female,43,111
14,sa,female,44,111
14,sa,female,45,118
14,sa,female,46,113
14,sa,female,47,115
14,sa,female,48,114
14,sa,female,49,119
14,sa,female,50,125
14,sa,female,51,115
14,sa,female,52,115
14,sa,female,53,111
14,sa,female,54,111
14,sa,female,55,110
14,sa,female,56,105
14,sa,female,57,108
14,sa,female,58,105
14,sa,female,59,103
14,sa,female,60,107
14,sa,female,61,99
14,sa,female,62,97
14,sa,female,63,96
14,sa,female,64,99
14,sa,female,65,96
14,sa,female,66,85
14,sa,female,67,79
14,sa,female,68,74
14,sa,female,69,69
14,sa,female,70,67
14,sa,female,71,63
14,sa,female,72,61
14,sa,female,73,61
14,sa,female,74,60
14,sa,female,75,54
14,sa,female,76,53
14,sa,female,77,49
14,sa,female,78,52
14,sa,female,79,49
14,sa,female,80,47
14,sa,female,81,47
14,sa,female,82,45
14,sa,female,83,44
14,sa,female,84,43
14,sa,female,85,39
14,sa,female,86,38
14,sa,female,87,34
14,sa,female,88,29
14,sa,female,89,26
14,sa,female,90,23
14,sa,female,91,17
14,sa,female,92,10
14,sa,female,93,12
14,sa,female,94,8
14,sa,female,95,5
14,sa,female,96,5
14,sa,female,97,4
14,sa,female,98,3
14,sa,female,99,1
14,sa,female,100,2
14,sa,female,101,1
14,wa,male,0,169
14,wa,male,1,169
14,wa,male,2,156
14,wa,male,3,153
14,wa,male,4,156
14,wa,male,5,172
14,wa,male,6,148
14,wa,male,7,142
14,wa,male,8,140
14,wa,male,9,144
14,wa,male,10,158
14,wa,male,11,146
14,wa,male,12,153
14,wa,male,13,148
14,wa,male,14,150
14,wa,male,15,170
14,wa,male,16,157
14,wa,male,17,155
14,wa,male,18,157
14,wa,male,19,157
14,wa,male,20,226
14,wa,male,21,172
14,wa,male,22,173
14,wa,male,23,173
14,wa,male,24,179
14,wa,male,25,256
14,wa,male,26,199
14,wa,male,27,188
14,wa,male,28,185
14,wa,male,29,175
14,wa,male,30,218
14,wa,male,31,174
14,wa,male,32,157
14,wa,male,33,157
14,wa,male,34,149
14,wa,male,35,177
14,wa,male,36,166
14,wa,male,37,158
14,wa,male,38,163
14,wa,male,39,172
14,wa,male,40,206
14,wa,male,41,179
14,wa,male,42,171
14,wa,male,43,165
14,wa,male,44,160
14,wa,male,45,176
14,wa,male,46,164
14,wa,male,47,164
14,wa,male,48,162
14,wa,male,49,163
14,wa,male,50,170
14,wa,male,51,157
14,wa,male,52,157
14,wa,male,53,154
14,wa,male,54,145
14,wa,male,55,156
14,wa,male,56,144
14,wa,male,57,140
14,wa,male,58,134
14,wa,male,59,131
14,wa,male,60,138
14,wa,male,61,129
14,wa,male,62,123
14,wa,male,63,123
14,wa,male,64,122
14,wa,male,65,113
14,wa,male,66,98
14,wa,male,67,94
14,wa,male,68,81
14,wa,male,69,83
14,wa,male,70,74
14,wa,male,71,75
14,wa,male,72,69
14,wa,male,73,61
14,wa,male,74,59
14,wa,male,75,54
14,wa,male,76,52
14,wa,male,77,44
14,wa,male,78,46
14,wa,male,79,44
14,wa,male,80,37
14,wa,male,81,40
14,wa,male,82,32
14,wa,male,83,29
14,wa,male,84,30
14,wa,male,85,22
14,wa,male,86,17
14,wa,male,87,17
14,wa,male,88,14
14,wa,male,89,11
14,wa,male,90,10
14,wa,male,91,8
14,wa,male,92,6
14,wa,male,93,3
14,wa,male,94,4
14,wa,male,95,2
14,wa,male,96,1
14,wa,male,97,1
14,wa,male,98,1
14,wa,male,100,1
14,wa,female,0,164
14,wa,female,1,160
14,wa,female,2,146
14,wa,female,3,148
14,wa,female,4,149
14,wa,female,5,167
14,wa,female,6,145
14,wa,female,7,138
14,wa,female,8,137
14,wa,female,9,140
14,wa,female,10,154
14,wa,female,11,146
14,wa,female,12,141
14,wa,female,13,140
14,wa,female,14,141
14,wa,female,15,157
14,wa,female,16,150
14,wa,female,17,145
14,wa,female,18,148
14,wa,female,19,150
14,wa,female,20,206
14,wa,female,21,169
14,wa,female,22,160
14,wa,female,23,161
14,wa,female,24,164
14,wa,female,25,249
14,wa,female,26,179
14,wa,female,27,169
14,wa,female,28,167
14,wa,female,29,165
14,wa,female,30,199
14,wa,female,31,170
14,wa,female,32,157
14,wa,female,33,153
14,wa,female,34,152
14,wa,female,35,184
14,wa,female,36,159
14,wa,female,37,156
14,wa,female,38,162
14,wa,female,39,170
14,wa,female,40,189
14,wa,female,41,174
14,wa,female,42,167
14,wa,female,43,164
14,wa,female,44,158
14,wa,female,45,163
14,wa,female,46,161
14,wa,female,47,162
14,wa,female,48,165
14,wa,female,49,162
14,wa,female,50,168
14,wa,female,51,159
14,wa,female,52,158
14,wa,female,53,149
14,wa,female,54,150
14,wa,female,55,158
14,wa,female,56,144
14,wa,female,57,139
14,wa,female,58,137
14,wa,female,59,127
14,wa,female,60,132
14,wa,female,61,124
14,wa,female,62,121
14,wa,female,63,117
14,wa,female,64,120
14,wa,female,65,114
14,wa,female,66,95
14,wa,female,67,93
14,wa,female,68,85
14,wa,female,69,83
14,wa,female,70,75
14,wa,female,71,72
14,wa,female,72,70
14,wa,female,73,67
14,wa,female,74,61
14,wa,female,75,62
14,wa,female,76,56
14,wa,female,77,52
14,wa,female,78,52
14,wa,female,79,50
14,wa,female,80,48
14,wa,female,81,47
14,wa,female,82,44
14,wa,female,83,42
14,wa,female,84,39
14,wa,female,85,31
14,wa,female,86,33
14,wa,female,87,29
14,wa,female,88,27
14,wa,female,89,24
14,wa,female,90,20
14,wa,female,91,14
14,wa,female,92,13
14,wa,female,93,10
14,wa,female,94,8
14,wa,female,95,6
14,wa,female,96,6
14,wa,female,97,4
14,wa,female,98,4
14,wa,female,99,1
14,wa,female,101,1
14,tas,male,0,33
14,tas,male,1,34
14,tas,male,2,35
14,tas,male,3,35
14,tas,male,4,33
14,tas,male,5,36
14,tas,male,6,34
14,tas,male,7,32
14,tas,male,8,32
14,tas,male,9,33
14,tas,male,10,36
14,tas,male,11,35
14,tas,male,12,34
14,tas,male,13,37
14,tas,male,14,37
14,tas,male,15,37
14,tas,male,16,37
14,tas,male,17,35
14,tas,male,18,39
14,tas,male,19,37
14,tas,male,20,40
14,tas,male,21,39
14,tas,male,22,37
14,tas,male,23,38
14,tas,male,24,34
14,tas,male,25,38
14,tas,male,26,35
14,tas,male,27,32
14,tas,male,28,33
14,tas,male,29,32
14,tas,male,30,32
14,tas,male,31,30
14,tas,male,32,28
14,tas,male,33,34
14,tas,male,34,30
14,tas,male,35,31
14,tas,male,36,32
14,tas,male,37,33
14,tas,male,38,35
14,tas,male,39,35
14,tas,male,40,35
14,tas,male,41,37
14,tas,male,42,37
14,tas,male,43,36
14,tas,male,44,32
14,tas,male,45,34
14,tas,male,46,34
14,tas,male,47,37
14,tas,male,48,38
14,tas,male,49,41
14,tas,male,50,40
14,tas,male,51,40
14,tas,male,52,36
14,tas,male,53,38
14,tas,male,54,35
14,tas,male,55,39
14,tas,male,56,38
14,tas,male,57,33
14,tas,male,58,35
14,tas,male,59,36
14,tas,male,60,33
14,tas,male,61,35
14,tas,male,62,32
14,tas,male,63,32
14,tas,male,64,36
14,tas,male,65,29
14,tas,male,66,27
14,tas,male,67,26
14,tas,male,68,26
14,tas,male,69,23
14,tas,male,70,22
14,tas,male,71,21
14,tas,male,72,17
14,tas,male,73,18
14,tas,male,74,18
14,tas,male,75,16
14,tas,male,76,14
14,tas,male,77,13
14,tas,male,78,12
14,tas,male,79,13
14,tas,male,80,13
14,tas,male,81,10
14,tas,male,82,12
14,tas,male,83,8
14,tas,male,84,9
14,tas,male,85,8
14,tas,male,86,9
14,tas,male,87,4
14,tas,male,88,5
14,tas,male,89,4
14,tas,male,90,1
14,tas,male,91,2
14,tas,male,94,1
14,tas,male,95,1
14,tas,female,0,30
14,tas,female,1,34
14,tas,female,2,32
14,tas,female,3,33
14,tas,female,4,32
14,tas,female,5,33
14,tas,female,6,32
14,tas,female,7,30
14,tas,female,8,30
14,tas,female,9,31
14,tas,female,10,31
14,tas,female,11,31
14,tas,female,12,32
14,tas,female,13,33
14,tas,female,14,34
14,tas,female,15,33
14,tas,female,16,37
14,tas,female,17,38
14,tas,female,18,33
14,tas,female,19,33
14,tas,female,20,34
14,tas,female,21,33
14,tas,female,22,33
14,tas,female,23,34
14,tas,female,24,33
14,tas,female,25,37
14,tas,female,26,34
14,tas,female,27,33
14,tas,female,28,30
14,tas,female,29,30
14,tas,female,30,38
14,tas,female,31,32
14,tas,female,32,31
14,tas,female,33,28
14,tas,female,34,30
14,tas,female,35,33
14,tas,female,36,33
14,tas,female,37,33
14,tas,female,38,36
14,tas,female,39,31
14,tas,female,40,45
14,tas,female,41,42
14,tas,female,42,38
14,tas,female,43,35
14,tas,female,44,36
14,tas,female,45,33
14,tas,female,46,36
14,tas,female,47,36
14,tas,female,48,38
14,tas,female,49,38
14,tas,female,50,40
14,tas,female,51,40
14,tas,female,52,39
14,tas,female,53,38
14,tas,female,54,37
14,tas,female,55,38
14,tas,female,56,38
14,tas,female,57,34
14,tas,female,58,36
14,tas,female,59,35
14,tas,female,60,35
14,tas,female,61,35
14,tas,female,62,30
14,tas,female,63,33
14,tas,female,64,34
14,tas,female,65,30
14,tas,female,66,26
14,tas,female,67,24
14,tas,female,68,23
14,tas,female,69,23
14,tas,female,70,22
14,tas,female,71,21
14,tas,female,72,18
14,tas,female,73,20
14,tas,female,74,19
14,tas,female,75,18
14,tas,female,76,15
14,tas,female,77,15
14,tas,female,78,13
14,tas,female,79,16
14,tas,female,80,14
14,tas,female,81,13
14,tas,female,82,11
14,tas,female,83,13
14,tas,female,84,12
14,tas,female,85,11
14,tas,female,86,11
14,tas,female,87,10
14,tas,female,88,9
14,tas,female,89,8
14,tas,female,90,8
14,tas,female,91,5
14,tas,female,92,2
14,tas,female,93,2
14,tas,female,94,3
14,tas,female,95,2
14,tas,female,96,3
14,tas,female,97,1
14,tas,female,98,1
14,tas,female,99,1
14,tas,female,101,1
14,nt,male,0,21
14,nt,male,1,23
14,nt,male,2,20
14,nt,male,3,22
14,nt,male,4,20
14,nt,male,5,21
14,nt,male,6,18
14,nt,male,7,17
14,nt,male,8,18
14,nt,male,9,18
14,nt,male,10,26
14,nt,male,11,20
14,nt,male,12,17
14,nt,male,13,17
14,nt,male,14,19
14,nt,male,15,18
14,nt,male,16,21
14,nt,male,17,20
14,nt,male,18,17
14,nt,male,19,23
14,nt,male,20,29
14,nt,male,21,22
14,nt,male,22,23
14,nt,male,23,23
14,nt,male,24,23
14,nt,male,25,26
14,nt,male,26,27
14,nt,male,27,29
14,nt,male,28,24
14,nt,male,29,25
14,nt,male,30,28
14,nt,male,31,26
14,nt,male,32,22
14,nt,male,33,21
14,nt,male,34,24
14,nt,male,35,25
14,nt,male,36,24
14,nt,male,37,18
14,nt,male,38,20
14,nt,male,39,19
14,nt,male,40,23
14,nt,male,41,18
14,nt,male,42,23
14,nt,male,43,16
14,nt,male,44,18
14,nt,male,45,18
14,nt,male,46,23
14,nt,male,47,20
14,nt,male,48,17
14,nt,male,49,18
14,nt,male,50,18
14,nt,male,51,16
14,nt,male,52,16
14,nt,male,53,14
14,nt,male,54,16
14,nt,male,55,14
14,nt,male,56,14
14,nt,male,57,14
14,nt,male,58,13
14,nt,male,59,13
14,nt,male,60,14
14,nt,male,61,12
14,nt,male,62,15
14,nt,male,63,11
14,nt,male,64,10
14,nt,male,65,9
14,nt,male,66,9
14,nt,male,67,8
14,nt,male,68,6
14,nt,male,69,6
14,nt,male,70,7
14,nt,male,71,6
14,nt,male,72,5
14,nt,male,73,4
14,nt,male,74,4
14,nt,male,75,4
14,nt,male,76,3
14,nt,male,77,2
14,nt,male,78,2
14,nt,male,79,2
14,nt,male,80,2
14,nt,male,81,3
14,nt,male,82,1
14,nt,male,83,1
14,nt,male,84,1
14,nt,male,85,1
14,nt,female,0,24
14,nt,female,1,20
14,nt,female,2,18
14,nt,female,3,21
14,nt,female,4,18
14,nt,female,5,22
14,nt,female,6,17
14,nt,female,7,17
14,nt,female,8,20
14,nt,female,9,17
14,nt,female,10,18
14,nt,female,11,17
14,nt,female,12,16
14,nt,female,13,17
14,nt,female,14,16
14,nt,female,15,18
14,nt,female,16,15
14,nt,female,17,17
14,nt,female,18,16
14,nt,female,19,16
14,nt,female,20,21
14,nt,female,21,17
14,nt,female,22,18
14,nt,female,23,18
14,nt,female,24,22
14,nt,female,25,25
14,nt,female,26,23
14,nt,female,27,23
14,nt,female,28,26
14,nt,female,29,21
14,nt,female,30,25
14,nt,female,31,22
14,nt,female,32,20
14,nt,female,33,19
14,nt,female,34,21
14,nt,female,35,23
14,nt,female,36,21
14,nt,female,37,19
14,nt,female,38,21
14,nt,female,39,21
14,nt,female,40,23
14,nt,female,41,20
14,nt,female,42,20
14,nt,female,43,18
14,nt,female,44,17
14,nt,female,45,17
14,nt,female,46,17
14,nt,female,47,15
14,nt,female,48,14
14,nt,female,49,15
14,nt,female,50,17
14,nt,female,51,14
14,nt,female,52,16
14,nt,female,53,14
14,nt,female,54,16
14,nt,female,55,12
14,nt,female,56,13
14,nt,female,57,12
14,nt,female,58,13
14,nt,female,59,13
14,nt,female,60,12
14,nt,female,61,9
14,nt,female,62,8
14,nt,female,63,8
14,nt,female,64,8
14,nt,female,65,11
14,nt,female,66,7
14,nt,female,67,7
14,nt,female,68,4
14,nt,female,69,5
14,nt,female,70,5
14,nt,female,71,5
14,nt,female,72,4
14,nt,female,73,3
14,nt,female,74,2
14,nt,female,75,2
14,nt,female,76,2
14,nt,female,77,4
14,nt,female,78,2
14,nt,female,79,1
14,nt,female,80,1
14,nt,female,81,1
14,nt,female,82,1
14,nt,female,84,1
14,nt,female,85,1
14,nt,female,86,1
14,nt,female,87,1
14,nt,female,88,1
14,act,male,0,36
14,act,male,1,26
14,act,male,2,23
14,act,male,3,24
14,act,male,4,24
14,act,male,5,26
14,act,male,6,26
14,act,male,7,22
14,act,male,8,22
14,act,male,9,20
14,act,male,10,22
14,act,male,11,22
14,act,male,12,20
14,act,male,13,22
14,act,male,14,21
14,act,male,15,26
14,act,male,16,24
14,act,male,17,26
14,act,male,18,27
14,act,male,19,30
14,act,male,20,39
14,act,male,21,35
14,act,male,22,36
14,act,male,23,34
14,act,male,24,37
14,act,male,25,40
14,act,male,26,36
14,act,male,27,34
14,act,male,28,33
14,act,male,29,36
14,act,male,30,36
14,act,male,31,34
14,act,male,32,29
14,act,male,33,29
14,act,male,34,29
14,act,male,35,32
14,act,male,36,28
14,act,male,37,32
14,act,male,38,28
14,act,male,39,27
14,act,male,40,30
14,act,male,41,30
14,act,male,42,26
14,act,male,43,25
14,act,male,44,28
14,act,male,45,29
14,act,male,46,25
14,act,male,47,27
14,act,male,48,24
14,act,male,49,26
14,act,male,50,26
14,act,male,51,26
14,act,male,52,24
14,act,male,53,23
14,act,male,54,24
14,act,male,55,22
14,act,male,56,21
14,act,male,57,21
14,act,male,58,21
14,act,male,59,19
14,act,male,60,22
14,act,male,61,21
14,act,male,62,18
14,act,male,63,17
14,act,male,64,19
14,act,male,65,15
14,act,male,66,13
14,act,male,67,13
14,act,male,68,11
14,act,male,69,12
14,act,male,70,11
14,act,male,71,11
14,act,male,72,9
14,act,male,73,9
14,act,male,74,9
14,act,male,75,7
14,act,male,76,7
14,act,male,77,6
14,act,male,78,6
14,act,male,79,5
14,act,male,80,5
14,act,male,81,3
14,act,male,82,4
14,act,male,83,4
14,act,male,84,3
14,act,male,85,4
14,act,male,86,4
14,act,male,87,3
14,act,male,88,1
14,act,male,89,1
14,act,male,90,3
14,act,male,91,1
14,act,male,93,1
14,act,female,0,35
14,act,female,1,25
14,act,female,2,26
14,act,female,3,22
14,act,female,4,22
14,act,female,5,26
14,act,female,6,21
14,act,female,7,21
14,act,female,8,22
14,act,female,9,20
14,act,female,10,25
14,act,female,11,24
14,act,female,12,21
14,act,female,13,21
14,act,female,14,23
14,act,female,15,26
14,act,female,16,23
14,act,female,17,25
14,act,female,18,24
14,act,female,19,27
14,act,female,20,38
14,act,female,21,36
14,act,female,22,35
14,act,female,23,34
14,act,female,24,32
14,act,female,25,40
14,act,female,26,33
14,act,female,27,34
14,act,female,28,34
14,act,female,29,33
14,act,female,30,38
14,act,female,31,35
14,act,female,32,28
14,act,female,33,29
14,act,female,34,27
14,act,female,35,29
14,act,female,36,30
14,act,female,37,28
14,act,female,38,29
14,act,female,39,30
14,act,female,40,30
14,act,female,41,30
14,act,female,42,30
14,act,female,43,27
14,act,female,44,26
14,act,female,45,27
14,act,female,46,25
14,act,female,47,28
14,act,female,48,25
14,act,female,49,28
14,act,female,50,28
14,act,female,51,30
14,act,female,52,25
14,act,female,53,25
14,act,female,54,25
14,act,female,55,26
14,act,female,56,22
14,act,female,57,22
14,act,female,58,22
14,act,female,59,20
14,act,female,60,22
14,act,female,61,20
14,act,female,62,18
14,act,female,63,19
14,act,female,64,22
14,act,female,65,19
14,act,female,66,16
14,act,female,67,14
14,act,female,68,12
14,act,female,69,11
14,act,female,70,12
14,act,female,71,10
14,act,female,72,10
14,act,female,73,9
14,act,female,74,10
14,act,female,75,8
14,act,female,76,7
14,act,female,77,8
14,act,female,78,8
14,act,female,79,8
14,act,female,80,6
14,act,female,81,6
14,act,female,82,5
14,act,female,83,5
14,act,female,84,6
14,act,female,85,4
14,act,female,86,5
14,act,female,87,5
14,act,female,88,4
14,act,female,89,2
14,act,female,90,3
14,act,female,91,1
14,act,female,92,2
14,act,female,93,1
14,act,female,96,1
15,nsw,male,0,538
15,nsw,male,1,523
15,nsw,male,2,485
15,nsw,male,3,469
15,nsw,male,4,460
15,nsw,male,5,495
15,nsw,male,6,462
15,nsw,male,7,451
15,nsw,male,8,443
15,nsw,male,9,442
15,nsw,male,10,473
15,nsw,male,11,456
15,nsw,male,12,445
15,nsw,male,13,445
15,nsw,male,14,445
15,nsw,male,15,511
15,nsw,male,16,484
15,nsw,male,17,460
15,nsw,male,18,454
15,nsw,male,19,461
15,nsw,male,20,615
15,nsw,male,21,543
15,nsw,male,22,495
15,nsw,male,23,497
15,nsw,male,24,493
15,nsw,male,25,641
15,nsw,male,26,550
15,nsw,male,27,513
15,nsw,male,28,514
15,nsw,male,29,504
15,nsw,male,30,600
15,nsw,male,31,527
15,nsw,male,32,491
15,nsw,male,33,469
15,nsw,male,34,470
15,nsw,male,35,531
15,nsw,male,36,489
15,nsw,male,37,471
15,nsw,male,38,496
15,nsw,male,39,507
15,nsw,male,40,549
15,nsw,male,41,510
15,nsw,male,42,476
15,nsw,male,43,465
15,nsw,male,44,451
15,nsw,male,45,482
15,nsw,male,46,477
15,nsw,male,47,480
15,nsw,male,48,489
15,nsw,male,49,492
15,nsw,male,50,514
15,nsw,male,51,488
15,nsw,male,52,476
15,nsw,male,53,456
15,nsw,male,54,456
15,nsw,male,55,454
15,nsw,male,56,437
15,nsw,male,57,417
15,nsw,male,58,411
15,nsw,male,59,403
15,nsw,male,60,410
15,nsw,male,61,395
15,nsw,male,62,375
15,nsw,male,63,390
15,nsw,male,64,390
15,nsw,male,65,384
15,nsw,male,66,340
15,nsw,male,67,318
15,nsw,male,68,297
15,nsw,male,69,274
15,nsw,male,70,258
15,nsw,male,71,245
15,nsw,male,72,235
15,nsw,male,73,219
15,nsw,male,74,209
15,nsw,male,75,201
15,nsw,male,76,183
15,nsw,male,77,175
15,nsw,male,78,158
15,nsw,male,79,149
15,nsw,male,80,152
15,nsw,male,81,143
15,nsw,male,82,129
15,nsw,male,83,122
15,nsw,male,84,110
15,nsw,male,85,97
15,nsw,male,86,73
15,nsw,male,87,70
15,nsw,male,88,63
15,nsw,male,89,53
15,nsw,male,90,41
15,nsw,male,91,31
15,nsw,male,92,22
15,nsw,male,93,13
15,nsw,male,94,15
15,nsw,male,95,10
15,nsw,male,96,4
15,nsw,male,97,3
15,nsw,male,98,1
15,nsw,male,99,2
15,nsw,male,101,1
15,nsw,female,0,525
15,nsw,female,1,497
15,nsw,female,2,461
15,nsw,female,3,455
15,nsw,female,4,450
15,nsw,female,5,464
15,nsw,female,6,444
15,nsw,female,7,424
15,nsw,female,8,422
15,nsw,female,9,419
15,nsw,female,10,442
15,nsw,female,11,432
15,nsw,female,12,423
15,nsw,female,13,414
15,nsw,female,14,430
15,nsw,female,15,473
15,nsw,female,16,442
15,nsw,female,17,434
15,nsw,female,18,443
15,nsw,female,19,435
15,nsw,female,20,589
15,nsw,female,21,529
15,nsw,female,22,476
15,nsw,female,23,469
15,nsw,female,24,475
15,nsw,female,25,626
15,nsw,female,26,559
15,nsw,female,27,507
15,nsw,female,28,509
15,nsw,female,29,507
15,nsw,female,30,583
15,nsw,female,31,513
15,nsw,female,32,481
15,nsw,female,33,482
15,nsw,female,34,476
15,nsw,female,35,518
15,nsw,female,36,504
15,nsw,female,37,494
15,nsw,female,38,510
15,nsw,female,39,521
15,nsw,female,40,554
15,nsw,female,41,505
15,nsw,female,42,486
15,nsw,female,43,483
15,nsw,female,44,468
15,nsw,female,45,488
15,nsw,female,46,482
15,nsw,female,47,486
15,nsw,female,48,505
15,nsw,female,49,503
15,nsw,female,50,516
15,nsw,female,51,502
15,nsw,female,52,480
15,nsw,female,53,471
15,nsw,female,54,459
15,nsw,female,55,461
15,nsw,female,56,445
15,nsw,female,57,429
15,nsw,female,58,420
15,nsw,female,59,405
15,nsw,female,60,418
15,nsw,female,61,392
15,nsw,female,62,379
15,nsw,female,63,385
15,nsw,female,64,393
15,nsw,female,65,390
15,nsw,female,66,339
15,nsw,female,67,320
15,nsw,female,68,301
15,nsw,female,69,278
15,nsw,female,70,273
15,nsw,female,71,256
15,nsw,female,72,249
15,nsw,female,73,238
15,nsw,female,74,229
15,nsw,female,75,224
15,nsw,female,76,214
15,nsw,female,77,195
15,nsw,female,78,191
15,nsw,female,79,187
15,nsw,female,80,186
15,nsw,female,81,187
15,nsw,female,82,176
15,nsw,female,83,168
15,nsw,female,84,151
15,nsw,female,85,140
15,nsw,female,86,134
15,nsw,female,87,115
15,nsw,female,88,102
15,nsw,female,89,95
15,nsw,female,90,85
15,nsw,female,91,61
15,nsw,female,92,48
15,nsw,female,93,34
15,nsw,female,94,37
15,nsw,female,95,22
15,nsw,female,96,17
15,nsw,female,97,14
15,nsw,female,98,11
15,nsw,female,99,6
15,nsw,female,100,4
15,nsw,female,101,2
15,nsw,female,102,1
15,vic,male,0,367
15,vic,male,1,383
15,vic,male,2,356
15,vic,male,3,353
15,vic,male,4,351
15,vic,male,5,365
15,vic,male,6,340
15,vic,male,7,332
15,vic,male,8,329
15,vic,male,9,321
15,vic,male,10,338
15,vic,male,11,332
15,vic,male,12,322
15,vic,male,13,335
15,vic,male,14,338
15,vic,male,15,383
15,vic,male,16,368
15,vic,male,17,347
15,vic,male,18,353
15,vic,male,19,356
15,vic,male,20,481
15,vic,male,21,450
15,vic,male,22,411
15,vic,male,23,414
15,vic,male,24,424
15,vic,male,25,525
15,vic,male,26,451
15,vic,male,27,423
15,vic,male,28,419
15,vic,male,29,409
15,vic,male,30,455
15,vic,male,31,412
15,vic,male,32,379
15,vic,male,33,373
15,vic,male,34,368
15,vic,male,35,404
15,vic,male,36,383
15,vic,male,37,377
15,vic,male,38,380
15,vic,male,39,397
15,vic,male,40,422
15,vic,male,41,400
15,vic,male,42,389
15,vic,male,43,380
15,vic,male,44,367
15,vic,male,45,381
15,vic,male,46,359
15,vic,male,47,361
15,vic,male,48,369
15,vic,male,49,368
15,vic,male,50,370
15,vic,male,51,366
15,vic,male,52,349
15,vic,male,53,333
15,vic,male,54,337
15,vic,male,55,334
15,vic,male,56,330
15,vic,male,57,313
15,vic,male,58,307
15,vic,male,59,303
15,vic,male,60,299
15,vic,male,61,291
15,vic,male,62,280
15,vic,male,63,279
15,vic,male,64,291
15,vic,male,65,282
15,vic,male,66,239
15,vic,male,67,223
15,vic,male,68,211
15,vic,male,69,201
15,vic,male,70,193
15,vic,male,71,182
15,vic,male,72,179
15,vic,male,73,162
15,vic,male,74,158
15,vic,male,75,148
15,vic,male,76,133
15,vic,male,77,130
15,vic,male,78,123
15,vic,male,79,113
15,vic,male,80,115
15,vic,male,81,99
15,vic,male,82,97
15,vic,male,83,87
15,vic,male,84,84
15,vic,male,85,71
15,vic,male,86,60
15,vic,male,87,47
15,vic,male,88,41
15,vic,male,89,34
15,vic,male,90,27
15,vic,male,91,24
15,vic,male,92,15
15,vic,male,93,11
15,vic,male,94,9
15,vic,male,95,6
15,vic,male,96,6
15,vic,male,97,4
15,vic,male,98,1
15,vic,male,99,2
15,vic,female,0,377
15,vic,female,1,349
15,vic,female,2,339
15,vic,female,3,335
15,vic,female,4,333
15,vic,female,5,352
15,vic,female,6,322
15,vic,female,7,316
15,vic,female,8,309
15,vic,female,9,312
15,vic,female,10,329
15,vic,female,11,321
15,vic,female,12,313
15,vic,female,13,310
15,vic,female,14,317
15,vic,female,15,365
15,vic,female,16,337
15,vic,female,17,325
15,vic,female,18,330
15,vic,female,19,339
15,vic,female,20,472
15,vic,female,21,421
15,vic,female,22,392
15,vic,female,23,388
15,vic,female,24,391
15,vic,female,25,495
15,vic,female,26,443
15,vic,female,27,407
15,vic,female,28,410
15,vic,female,29,398
15,vic,female,30,452
15,vic,female,31,408
15,vic,female,32,375
15,vic,female,33,374
15,vic,female,34,365
15,vic,female,35,399
15,vic,female,36,380
15,vic,female,37,384
15,vic,female,38,389
15,vic,female,39,407
15,vic,female,40,442
15,vic,female,41,418
15,vic,female,42,401
15,vic,female,43,392
15,vic,female,44,370
15,vic,female,45,390
15,vic,female,46,380
15,vic,female,47,371
15,vic,female,48,383
15,vic,female,49,381
15,vic,female,50,389
15,vic,female,51,374
15,vic,female,52,363
15,vic,female,53,356
15,vic,female,54,344
15,vic,female,55,354
15,vic,female,56,341
15,vic,female,57,322
15,vic,female,58,324
15,vic,female,59,310
15,vic,female,60,310
15,vic,female,61,308
15,vic,female,62,297
15,vic,female,63,289
15,vic,female,64,297
15,vic,female,65,290
15,vic,female,66,255
15,vic,female,67,241
15,vic,female,68,225
15,vic,female,69,211
15,vic,female,70,202
15,vic,female,71,196
15,vic,female,72,181
15,vic,female,73,182
15,vic,female,74,172
15,vic,female,75,167
15,vic,female,76,161
15,vic,female,77,152
15,vic,female,78,147
15,vic,female,79,141
15,vic,female,80,137
15,vic,female,81,141
15,vic,female,82,130
15,vic,female,83,124
15,vic,female,84,114
15,vic,female,85,112
15,vic,female,86,95
15,vic,female,87,76
15,vic,female,88,78
15,vic,female,89,68
15,vic,female,90,59
15,vic,female,91,47
15,vic,female,92,32
15,vic,female,93,29
15,vic,female,94,21
15,vic,female,95,17
15,vic,female,96,11
15,vic,female,97,13
15,vic,female,98,7
15,vic,female,99,5
15,vic,female,100,3
15,vic,female,101,3
15,vic,female,102,1
15,qld,male,0,333
15,qld,male,1,330
15,qld,male,2,312
15,qld,male,3,313
15,qld,male,4,302
15,qld,male,5,322
15,qld,male,6,300
15,qld,male,7,284
15,qld,male,8,288
15,qld,male,9,284
15,qld,male,10,305
15,qld,male,11,301
15,qld,male,12,293
15,qld,male,13,295
15,qld,male,14,290
15,qld,male,15,317
15,qld,male,16,314
15,qld,male,17,299
15,qld,male,18,302
15,qld,male,19,298
15,qld,male,20,376
15,qld,male,21,347
15,qld,male,22,313
15,qld,male,23,317
15,qld,male,24,313
15,qld,male,25,411
15,qld,male,26,351
15,qld,male,27,325
15,qld,male,28,328
15,qld,male,29,317
15,qld,male,30,362
15,qld,male,31,324
15,qld,male,32,287
15,qld,male,33,281
15,qld,male,34,285
15,qld,male,35,316
15,qld,male,36,307
15,qld,male,37,309
15,qld,male,38,309
15,qld,male,39,319
15,qld,male,40,348
15,qld,male,41,329
15,qld,male,42,314
15,qld,male,43,299
15,qld,male,44,290
15,qld,male,45,306
15,qld,male,46,292
15,qld,male,47,296
15,qld,male,48,305
15,qld,male,49,302
15,qld,male,50,313
15,qld,male,51,295
15,qld,male,52,290
15,qld,male,53,279
15,qld,male,54,268
15,qld,male,55,284
15,qld,male,56,268
15,qld,male,57,254
15,qld,male,58,257
15,qld,male,59,251
15,qld,male,60,257
15,qld,male,61,243
15,qld,male,62,237
15,qld,male,63,242
15,qld,male,64,246
15,qld,male,65,240
15,qld,male,66,206
15,qld,male,67,192
15,qld,male,68,175
15,qld,male,69,160
15,qld,male,70,160
15,qld,male,71,144
15,qld,male,72,138
15,qld,male,73,130
15,qld,male,74,123
15,qld,male,75,109
15,qld,male,76,98
15,qld,male,77,91
15,qld,male,78,89
15,qld,male,79,87
15,qld,male,80,76
15,qld,male,81,76
15,qld,male,82,70
15,qld,male,83,64
15,qld,male,84,58
15,qld,male,85,49
15,qld,male,86,38
15,qld,male,87,33
15,qld,male,88,30
15,qld,male,89,27
15,qld,male,90,21
15,qld,male,91,14
15,qld,male,92,11
15,qld,male,93,6
15,qld,male,94,7
15,qld,male,95,5
15,qld,male,96,2
15,qld,male,97,2
15,qld,male,98,2
15,qld,male,99,1
15,qld,male,100,1
15,qld,female,0,374
15,qld,female,1,305
15,qld,female,2,290
15,qld,female,3,294
15,qld,female,4,287
15,qld,female,5,308
15,qld,female,6,285
15,qld,female,7,276
15,qld,female,8,270
15,qld,female,9,272
15,qld,female,10,297
15,qld,female,11,284
15,qld,female,12,272
15,qld,female,13,280
15,qld,female,14,278
15,qld,female,15,311
15,qld,female,16,297
15,qld,female,17,281
15,qld,female,18,285
15,qld,female,19,288
15,qld,female,20,376
15,qld,female,21,326
15,qld,female,22,303
15,qld,female,23,299
15,qld,female,24,305
15,qld,female,25,390
15,qld,female,26,343
15,qld,female,27,312
15,qld,female,28,316
15,qld,female,29,307
15,qld,female,30,353
15,qld,female,31,313
15,qld,female,32,286
15,qld,female,33,291
15,qld,female,34,289
15,qld,female,35,318
15,qld,female,36,304
15,qld,female,37,299
15,qld,female,38,313
15,qld,female,39,331
15,qld,female,40,351
15,qld,female,41,330
15,qld,female,42,315
15,qld,female,43,301
15,qld,female,44,298
15,qld,female,45,301
15,qld,female,46,300
15,qld,female,47,308
15,qld,female,48,311
15,qld,female,49,311
15,qld,female,50,321
15,qld,female,51,303
15,qld,female,52,296
15,qld,female,53,290
15,qld,female,54,279
15,qld,female,55,285
15,qld,female,56,277
15,qld,female,57,262
15,qld,female,58,257
15,qld,female,59,247
15,qld,female,60,251
15,qld,female,61,252
15,qld,female,62,231
15,qld,female,63,232
15,qld,female,64,241
15,qld,female,65,223
15,qld,female,66,210
15,qld,female,67,194
15,qld,female,68,174
15,qld,female,69,162
15,qld,female,70,156
15,qld,female,71,148
15,qld,female,72,144
15,qld,female,73,126
15,qld,female,74,118
15,qld,female,75,119
15,qld,female,76,112
15,qld,female,77,101
15,qld,female,78,102
15,qld,female,79,97
15,qld,female,80,97
15,qld,female,81,92
15,qld,female,82,87
15,qld,female,83,82
15,qld,female,84,76
15,qld,female,85,71
15,qld,female,86,65
15,qld,female,87,56
15,qld,female,88,46
15,qld,female,89,43
15,qld,female,90,39
15,qld,female,91,33
15,qld,female,92,22
15,qld,female,93,21
15,qld,female,94,14
15,qld,female,95,15
15,qld,female,96,10
15,qld,female,97,4
15,qld,female,98,5
15,qld,female,99,3
15,qld,female,100,3
15,qld,female,101,2
15,sa,male,0,106
15,sa,male,1,103
15,sa,male,2,102
15,sa,male,3,98
15,sa,male,4,96
15,sa,male,5,106
15,sa,male,6,100
15,sa,male,7,96
15,sa,male,8,93
15,sa,male,9,95
15,sa,male,10,104
15,sa,male,11,99
15,sa,male,12,99
15,sa,male,13,99
15,sa,male,14,100
15,sa,male,15,110
15,sa,male,16,108
15,sa,male,17,104
15,sa,male,18,108
15,sa,male,19,111
15,sa,male,20,130
15,sa,male,21,128
15,sa,male,22,116
15,sa,male,23,119
15,sa,male,24,116
15,sa,male,25,137
15,sa,male,26,121
15,sa,male,27,117
15,sa,male,28,115
15,sa,male,29,115
15,sa,male,30,124
15,sa,male,31,107
15,sa,male,32,103
15,sa,male,33,97
15,sa,male,34,96
15,sa,male,35,108
15,sa,male,36,109
15,sa,male,37,103
15,sa,male,38,104
15,sa,male,39,112
15,sa,male,40,119
15,sa,male,41,120
15,sa,male,42,118
15,sa,male,43,112
15,sa,male,44,114
15,sa,male,45,109
15,sa,male,46,112
15,sa,male,47,116
15,sa,male,48,115
15,sa,male,49,116
15,sa,male,50,119
15,sa,male,51,112
15,sa,male,52,115
15,sa,male,53,112
15,sa,male,54,109
15,sa,male,55,108
15,sa,male,56,103
15,sa,male,57,101
15,sa,male,58,98
15,sa,male,59,97
15,sa,male,60,96
15,sa,male,61,96
15,sa,male,62,96
15,sa,male,63,91
15,sa,male,64,95
15,sa,male,65,90
15,sa,male,66,84
15,sa,male,67,71
15,sa,male,68,70
15,sa,male,69,66
15,sa,male,70,62
15,sa,male,71,56
15,sa,male,72,61
15,sa,male,73,54
15,sa,male,74,55
15,sa,male,75,52
15,sa,male,76,45
15,sa,male,77,42
15,sa,male,78,41
15,sa,male,79,39
15,sa,male,80,37
15,sa,male,81,33
15,sa,male,82,35
15,sa,male,83,30
15,sa,male,84,31
15,sa,male,85,28
15,sa,male,86,22
15,sa,male,87,17
15,sa,male,88,15
15,sa,male,89,11
15,sa,male,90,9
15,sa,male,91,10
15,sa,male,92,5
15,sa,male,93,4
15,sa,male,94,3
15,sa,male,95,2
15,sa,male,96,1
15,sa,male,97,1
15,sa,male,98,1
15,sa,male,101,1
15,sa,female,0,117
15,sa,female,1,105
15,sa,female,2,95
15,sa,female,3,96
15,sa,female,4,97
15,sa,female,5,100
15,sa,female,6,91
15,sa,female,7,90
15,sa,female,8,91
15,sa,female,9,89
15,sa,female,10,93
15,sa,female,11,97
15,sa,female,12,95
15,sa,female,13,95
15,sa,female,14,97
15,sa,female,15,110
15,sa,female,16,103
15,sa,female,17,100
15,sa,female,18,99
15,sa,female,19,106
15,sa,female,20,123
15,sa,female,21,115
15,sa,female,22,112
15,sa,female,23,110
15,sa,female,24,112
15,sa,female,25,133
15,sa,female,26,125
15,sa,female,27,112
15,sa,female,28,108
15,sa,female,29,107
15,sa,female,30,117
15,sa,female,31,103
15,sa,female,32,101
15,sa,female,33,97
15,sa,female,34,101
15,sa,female,35,109
15,sa,female,36,106
15,sa,female,37,103
15,sa,female,38,107
15,sa,female,39,115
15,sa,female,40,122
15,sa,female,41,114
15,sa,female,42,111
15,sa,female,43,113
15,sa,female,44,111
15,sa,female,45,117
15,sa,female,46,113
15,sa,female,47,115
15,sa,female,48,114
15,sa,female,49,119
15,sa,female,50,125
15,sa,female,51,116
15,sa,female,52,115
15,sa,female,53,111
15,sa,female,54,111
15,sa,female,55,111
15,sa,female,56,104
15,sa,female,57,107
15,sa,female,58,105
15,sa,female,59,103
15,sa,female,60,106
15,sa,female,61,101
15,sa,female,62,96
15,sa,female,63,96
15,sa,female,64,99
15,sa,female,65,97
15,sa,female,66,85
15,sa,female,67,79
15,sa,female,68,75
15,sa,female,69,68
15,sa,female,70,67
15,sa,female,71,64
15,sa,female,72,60
15,sa,female,73,61
15,sa,female,74,60
15,sa,female,75,55
15,sa,female,76,53
15,sa,female,77,50
15,sa,female,78,49
15,sa,female,79,50
15,sa,female,80,46
15,sa,female,81,47
15,sa,female,82,46
15,sa,female,83,42
15,sa,female,84,44
15,sa,female,85,38
15,sa,female,86,38
15,sa,female,87,35
15,sa,female,88,30
15,sa,female,89,25
15,sa,female,90,23
15,sa,female,91,18
15,sa,female,92,9
15,sa,female,93,11
15,sa,female,94,8
15,sa,female,95,6
15,sa,female,96,4
15,sa,female,97,5
15,sa,female,98,3
15,sa,female,99,1
15,sa,female,100,2
15,sa,female,101,1
15,wa,male,0,168
15,wa,male,1,173
15,wa,male,2,153
15,wa,male,3,152
15,wa,male,4,156
15,wa,male,5,176
15,wa,male,6,148
15,wa,male,7,141
15,wa,male,8,140
15,wa,male,9,144
15,wa,male,10,159
15,wa,male,11,147
15,wa,male,12,149
15,wa,male,13,150
15,wa,male,14,150
15,wa,male,15,167
15,wa,male,16,161
15,wa,male,17,153
15,wa,male,18,156
15,wa,male,19,157
15,wa,male,20,228
15,wa,male,21,173
15,wa,male,22,174
15,wa,male,23,172
15,wa,male,24,179
15,wa,male,25,253
15,wa,male,26,205
15,wa,male,27,188
15,wa,male,28,185
15,wa,male,29,176
15,wa,male,30,219
15,wa,male,31,176
15,wa,male,32,159
15,wa,male,33,156
15,wa,male,34,153
15,wa,male,35,174
15,wa,male,36,165
15,wa,male,37,158
15,wa,male,38,163
15,wa,male,39,173
15,wa,male,40,205
15,wa,male,41,181
15,wa,male,42,172
15,wa,male,43,165
15,wa,male,44,161
15,wa,male,45,176
15,wa,male,46,166
15,wa,male,47,163
15,wa,male,48,162
15,wa,male,49,163
15,wa,male,50,168
15,wa,male,51,159
15,wa,male,52,156
15,wa,male,53,155
15,wa,male,54,145
15,wa,male,55,156
15,wa,male,56,144
15,wa,male,57,141
15,wa,male,58,135
15,wa,male,59,131
15,wa,male,60,137
15,wa,male,61,130
15,wa,male,62,123
15,wa,male,63,124
15,wa,male,64,122
15,wa,male,65,116
15,wa,male,66,100
15,wa,male,67,92
15,wa,male,68,82
15,wa,male,69,84
15,wa,male,70,75
15,wa,male,71,73
15,wa,male,72,70
15,wa,male,73,61
15,wa,male,74,60
15,wa,male,75,55
15,wa,male,76,52
15,wa,male,77,43
15,wa,male,78,46
15,wa,male,79,44
15,wa,male,80,37
15,wa,male,81,41
15,wa,male,82,32
15,wa,male,83,28
15,wa,male,84,29
15,wa,male,85,23
15,wa,male,86,17
15,wa,male,87,16
15,wa,male,88,15
15,wa,male,89,11
15,wa,male,90,10
15,wa,male,91,8
15,wa,male,92,6
15,wa,male,93,4
15,wa,male,94,3
15,wa,male,95,2
15,wa,male,96,2
15,wa,male,97,1
15,wa,male,98,1
15,wa,male,100,1
15,wa,female,0,160
15,wa,female,1,167
15,wa,female,2,146
15,wa,female,3,147
15,wa,female,4,150
15,wa,female,5,165
15,wa,female,6,149
15,wa,female,7,136
15,wa,female,8,138
15,wa,female,9,140
15,wa,female,10,152
15,wa,female,11,147
15,wa,female,12,140
15,wa,female,13,140
15,wa,female,14,140
15,wa,female,15,156
15,wa,female,16,151
15,wa,female,17,146
15,wa,female,18,148
15,wa,female,19,148
15,wa,female,20,199
15,wa,female,21,177
15,wa,female,22,159
15,wa,female,23,162
15,wa,female,24,162
15,wa,female,25,255
15,wa,female,26,181
15,wa,female,27,169
15,wa,female,28,167
15,wa,female,29,166
15,wa,female,30,199
15,wa,female,31,173
15,wa,female,32,159
15,wa,female,33,152
15,wa,female,34,151
15,wa,female,35,184
15,wa,female,36,161
15,wa,female,37,156
15,wa,female,38,162
15,wa,female,39,170
15,wa,female,40,186
15,wa,female,41,178
15,wa,female,42,167
15,wa,female,43,163
15,wa,female,44,160
15,wa,female,45,164
15,wa,female,46,158
15,wa,female,47,164
15,wa,female,48,163
15,wa,female,49,162
15,wa,female,50,168
15,wa,female,51,160
15,wa,female,52,159
15,wa,female,53,148
15,wa,female,54,152
15,wa,female,55,154
15,wa,female,56,145
15,wa,female,57,138
15,wa,female,58,137
15,wa,female,59,129
15,wa,female,60,131
15,wa,female,61,125
15,wa,female,62,118
15,wa,female,63,118
15,wa,female,64,119
15,wa,female,65,116
15,wa,female,66,96
15,wa,female,67,93
15,wa,female,68,86
15,wa,female,69,83
15,wa,female,70,76
15,wa,female,71,72
15,wa,female,72,70
15,wa,female,73,68
15,wa,female,74,61
15,wa,female,75,61
15,wa,female,76,56
15,wa,female,77,51
15,wa,female,78,54
15,wa,female,79,49
15,wa,female,80,47
15,wa,female,81,48
15,wa,female,82,44
15,wa,female,83,43
15,wa,female,84,40
15,wa,female,85,31
15,wa,female,86,33
15,wa,female,87,29
15,wa,female,88,27
15,wa,female,89,24
15,wa,female,90,18
15,wa,female,91,15
15,wa,female,92,14
15,wa,female,93,9
15,wa,female,94,7
15,wa,female,95,7
15,wa,female,96,5
15,wa,female,97,5
15,wa,female,98,3
15,wa,female,99,2
15,wa,female,101,1
15,tas,male,0,38
15,tas,male,1,31
15,tas,male,2,35
15,tas,male,3,35
15,tas,male,4,33
15,tas,male,5,35
15,tas,male,6,35
15,tas,male,7,32
15,tas,male,8,32
15,tas,male,9,34
15,tas,male,10,36
15,tas,male,11,35
15,tas,male,12,35
15,tas,male,13,37
15,tas,male,14,37
15,tas,male,15,39
15,tas,male,16,37
15,tas,male,17,35
15,tas,male,18,39
15,tas,male,19,37
15,tas,male,20,39
15,tas,male,21,40
15,tas,male,22,36
15,tas,male,23,37
15,tas,male,24,36
15,tas,male,25,40
15,tas,male,26,33
15,tas,male,27,32
15,tas,male,28,33
15,tas,male,29,33
15,tas,male,30,32
15,tas,male,31,30
15,tas,male,32,28
15,tas,male,33,33
15,tas,male,34,30
15,tas,male,35,32
15,tas,male,36,32
15,tas,male,37,33
15,tas,male,38,35
15,tas,male,39,35
15,tas,male,40,37
15,tas,male,41,36
15,tas,male,42,37
15,tas,male,43,35
15,tas,male,44,34
15,tas,male,45,34
15,tas,male,46,33
15,tas,male,47,37
15,tas,male,48,38
15,tas,male,49,40
15,tas,male,50,39
15,tas,male,51,41
15,tas,male,52,36
15,tas,male,53,38
15,tas,male,54,35
15,tas,male,55,39
15,tas,male,56,38
15,tas,male,57,33
15,tas,male,58,35
15,tas,male,59,36
15,tas,male,60,34
15,tas,male,61,34
15,tas,male,62,33
15,tas,male,63,31
15,tas,male,64,35
15,tas,male,65,31
15,tas,male,66,26
15,tas,male,67,27
15,tas,male,68,26
15,tas,male,69,23
15,tas,male,70,22
15,tas,male,71,21
15,tas,male,72,18
15,tas,male,73,17
15,tas,male,74,18
15,tas,male,75,16
15,tas,male,76,13
15,tas,male,77,13
15,tas,male,78,13
15,tas,male,79,12
15,tas,male,80,13
15,tas,male,81,10
15,tas,male,82,12
15,tas,male,83,8
15,tas,male,84,9
15,tas,male,85,9
15,tas,male,86,8
15,tas,male,87,5
15,tas,male,88,5
15,tas,male,89,4
15,tas,male,90,1
15,tas,male,91,2
15,tas,male,94,1
15,tas,male,95,1
15,tas,female,0,31
15,tas,female,1,33
15,tas,female,2,33
15,tas,female,3,33
15,tas,female,4,32
15,tas,female,5,32
15,tas,female,6,31
15,tas,female,7,31
15,tas,female,8,30
15,tas,female,9,31
15,tas,female,10,32
15,tas,female,11,32
15,tas,female,12,31
15,tas,female,13,33
15,tas,female,14,34
15,tas,female,15,33
15,tas,female,16,37
15,tas,female,17,39
15,tas,female,18,32
15,tas,female,19,33
15,tas,female,20,35
15,tas,female,21,34
15,tas,female,22,33
15,tas,female,23,34
15,tas,female,24,33
15,tas,female,25,37
15,tas,female,26,36
15,tas,female,27,33
15,tas,female,28,31
15,tas,female,29,29
15,tas,female,30,38
15,tas,female,31,33
15,tas,female,32,31
15,tas,female,33,28
15,tas,female,34,30
15,tas,female,35,33
15,tas,female,36,32
15,tas,female,37,33
15,tas,female,38,36
15,tas,female,39,31
15,tas,female,40,45
15,tas,female,41,43
15,tas,female,42,38
15,tas,female,43,36
15,tas,female,44,36
15,tas,female,45,33
15,tas,female,46,36
15,tas,female,47,37
15,tas,female,48,38
15,tas,female,49,38
15,tas,female,50,40
15,tas,female,51,40
15,tas,female,52,39
15,tas,female,53,38
15,tas,female,54,37
15,tas,female,55,37
15,tas,female,56,39
15,tas,female,57,34
15,tas,female,58,36
15,tas,female,59,35
15,tas,female,60,35
15,tas,female,61,34
15,tas,female,62,32
15,tas,female,63,33
15,tas,female,64,33
15,tas,female,65,31
15,tas,female,66,26
15,tas,female,67,24
15,tas,female,68,24
15,tas,female,69,22
15,tas,female,70,22
15,tas,female,71,21
15,tas,female,72,19
15,tas,female,73,19
15,tas,female,74,19
15,tas,female,75,18
15,tas,female,76,16
15,tas,female,77,16
15,tas,female,78,12
15,tas,female,79,15
15,tas,female,80,14
15,tas,female,81,14
15,tas,female,82,11
15,tas,female,83,13
15,tas,female,84,12
15,tas,female,85,11
15,tas,female,86,11
15,tas,female,87,10
15,tas,female,88,9
15,tas,female,89,9
15,tas,female,90,7
15,tas,female,91,6
15,tas,female,92,2
15,tas,female,93,2
15,tas,female,94,2
15,tas,female,95,3
15,tas,female,96,3
15,tas,female,97,1
15,tas,female,98,1
15,tas,female,99,1
15,tas,female,101,2
15,nt,male,0,25
15,nt,male,1,25
15,nt,male,2,19
15,nt,male,3,24
15,nt,male,4,19
15,nt,male,5,22
15,nt,male,6,19
15,nt,male,7,18
15,nt,male,8,17
15,nt,male,9,19
15,nt,male,10,25
15,nt,male,11,22
15,nt,male,12,17
15,nt,male,13,16
15,nt,male,14,21
15,nt,male,15,18
15,nt,male,16,20
15,nt,male,17,21
15,nt,male,18,19
15,nt,male,19,23
15,nt,male,20,28
15,nt,male,21,23
15,nt,male,22,22
15,nt,male,23,21
15,nt,male,24,24
15,nt,male,25,28
15,nt,male,26,26
15,nt,male,27,28
15,nt,male,28,26
15,nt,male,29,24
15,nt,male,30,30
15,nt,male,31,26
15,nt,male,32,21
15,nt,male,33,20
15,nt,male,34,23
15,nt,male,35,28
15,nt,male,36,22
15,nt,male,37,19
15,nt,male,38,20
15,nt,male,39,21
15,nt,male,40,21
15,nt,male,41,19
15,nt,male,42,23
15,nt,male,43,17
15,nt,male,44,18
15,nt,male,45,17
15,nt,male,46,24
15,nt,male,47,21
15,nt,male,48,17
15,nt,male,49,18
15,nt,male,50,18
15,nt,male,51,16
15,nt,male,52,16
15,nt,male,53,14
15,nt,male,54,16
15,nt,male,55,14
15,nt,male,56,15
15,nt,male,57,14
15,nt,male,58,13
15,nt,male,59,13
15,nt,male,60,14
15,nt,male,61,12
15,nt,male,62,16
15,nt,male,63,11
15,nt,male,64,10
15,nt,male,65,9
15,nt,male,66,9
15,nt,male,67,8
15,nt,male,68,6
15,nt,male,69,6
15,nt,male,70,7
15,nt,male,71,7
15,nt,male,72,5
15,nt,male,73,4
15,nt,male,74,3
15,nt,male,75,4
15,nt,male,76,4
15,nt,male,77,3
15,nt,male,78,2
15,nt,male,79,2
15,nt,male,80,2
15,nt,male,81,3
15,nt,male,82,1
15,nt,male,83,1
15,nt,male,84,1
15,nt,male,85,1
15,nt,female,0,27
15,nt,female,1,18
15,nt,female,2,19
15,nt,female,3,21
15,nt,female,4,18
15,nt,female,5,22
15,nt,female,6,18
15,nt,female,7,18
15,nt,female,8,19
15,nt,female,9,18
15,nt,female,10,18
15,nt,female,11,17
15,nt,female,12,16
15,nt,female,13,18
15,nt,female,14,16
15,nt,female,15,17
15,nt,female,16,16
15,nt,female,17,17
15,nt,female,18,16
15,nt,female,19,16
15,nt,female,20,22
15,nt,female,21,17
15,nt,female,22,18
15,nt,female,23,18
15,nt,female,24,21
15,nt,female,25,27
15,nt,female,26,23
15,nt,female,27,23
15,nt,female,28,26
15,nt,female,29,21
15,nt,female,30,24
15,nt,female,31,24
15,nt,female,32,19
15,nt,female,33,18
15,nt,female,34,22
15,nt,female,35,23
15,nt,female,36,21
15,nt,female,37,20
15,nt,female,38,21
15,nt,female,39,21
15,nt,female,40,22
15,nt,female,41,21
15,nt,female,42,22
15,nt,female,43,18
15,nt,female,44,17
15,nt,female,45,18
15,nt,female,46,16
15,nt,female,47,15
15,nt,female,48,15
15,nt,female,49,14
15,nt,female,50,18
15,nt,female,51,14
15,nt,female,52,16
15,nt,female,53,14
15,nt,female,54,16
15,nt,female,55,13
15,nt,female,56,12
15,nt,female,57,12
15,nt,female,58,13
15,nt,female,59,12
15,nt,female,60,13
15,nt,female,61,10
15,nt,female,62,8
15,nt,female,63,9
15,nt,female,64,8
15,nt,female,65,9
15,nt,female,66,8
15,nt,female,67,8
15,nt,female,68,4
15,nt,female,69,5
15,nt,female,70,5
15,nt,female,71,5
15,nt,female,72,3
15,nt,female,73,3
15,nt,female,74,3
15,nt,female,75,2
15,nt,female,76,2
15,nt,female,77,5
15,nt,female,78,2
15,nt,female,79,1
15,nt,female,80,1
15,nt,female,81,1
15,nt,female,82,1
15,nt,female,84,1
15,nt,female,85,1
15,nt,female,86,1
15,nt,female,87,1
15,nt,female,88,1
15,act,male,0,38
15,act,male,1,27
15,act,male,2,23
15,act,male,3,24
15,act,male,4,24
15,act,male,5,26
15,act,male,6,26
15,act,male,7,22
15,act,male,8,22
15,act,male,9,21
15,act,male,10,22
15,act,male,11,22
15,act,male,12,20
15,act,male,13,22
15,act,male,14,21
15,act,male,15,25
15,act,male,16,24
15,act,male,17,27
15,act,male,18,26
15,act,male,19,32
15,act,male,20,42
15,act,male,21,34
15,act,male,22,37
15,act,male,23,33
15,act,male,24,36
15,act,male,25,41
15,act,male,26,36
15,act,male,27,34
15,act,male,28,33
15,act,male,29,35
15,act,male,30,36
15,act,male,31,35
15,act,male,32,28
15,act,male,33,29
15,act,male,34,29
15,act,male,35,32
15,act,male,36,29
15,act,male,37,31
15,act,male,38,28
15,act,male,39,28
15,act,male,40,30
15,act,male,41,31
15,act,male,42,27
15,act,male,43,26
15,act,male,44,27
15,act,male,45,29
15,act,male,46,26
15,act,male,47,27
15,act,male,48,24
15,act,male,49,25
15,act,male,50,26
15,act,male,51,26
15,act,male,52,24
15,act,male,53,23
15,act,male,54,24
15,act,male,55,22
15,act,male,56,20
15,act,male,57,22
15,act,male,58,22
15,act,male,59,19
15,act,male,60,21
15,act,male,61,21
15,act,male,62,18
15,act,male,63,17
15,act,male,64,19
15,act,male,65,16
15,act,male,66,13
15,act,male,67,13
15,act,male,68,11
15,act,male,69,13
15,act,male,70,10
15,act,male,71,11
15,act,male,72,9
15,act,male,73,9
15,act,male,74,10
15,act,male,75,6
15,act,male,76,7
15,act,male,77,6
15,act,male,78,6
15,act,male,79,6
15,act,male,80,4
15,act,male,81,4
15,act,male,82,4
15,act,male,83,4
15,act,male,84,3
15,act,male,85,4
15,act,male,86,3
15,act,male,87,3
15,act,male,88,2
15,act,male,89,1
15,act,male,90,2
15,act,male,91,2
15,act,male,93,1
15,act,female,0,33
15,act,female,1,24
15,act,female,2,25
15,act,female,3,23
15,act,female,4,22
15,act,female,5,26
15,act,female,6,20
15,act,female,7,22
15,act,female,8,23
15,act,female,9,21
15,act,female,10,22
15,act,female,11,24
15,act,female,12,21
15,act,female,13,22
15,act,female,14,22
15,act,female,15,26
15,act,female,16,23
15,act,female,17,26
15,act,female,18,24
15,act,female,19,28
15,act,female,20,36
15,act,female,21,38
15,act,female,22,34
15,act,female,23,35
15,act,female,24,32
15,act,female,25,41
15,act,female,26,34
15,act,female,27,33
15,act,female,28,33
15,act,female,29,35
15,act,female,30,36
15,act,female,31,35
15,act,female,32,29
15,act,female,33,28
15,act,female,34,27
15,act,female,35,30
15,act,female,36,30
15,act,female,37,28
15,act,female,38,29
15,act,female,39,30
15,act,female,40,30
15,act,female,41,30
15,act,female,42,30
15,act,female,43,27
15,act,female,44,27
15,act,female,45,27
15,act,female,46,25
15,act,female,47,28
15,act,female,48,25
15,act,female,49,29
15,act,female,50,28
15,act,female,51,30
15,act,female,52,25
15,act,female,53,25
15,act,female,54,25
15,act,female,55,26
15,act,female,56,21
15,act,female,57,22
15,act,female,58,21
15,act,female,59,22
15,act,female,60,22
15,act,female,61,19
15,act,female,62,20
15,act,female,63,19
15,act,female,64,22
15,act,female,65,19
15,act,female,66,16
15,act,female,67,15
15,act,female,68,12
15,act,female,69,11
15,act,female,70,12
15,act,female,71,10
15,act,female,72,10
15,act,female,73,9
15,act,female,74,10
15,act,female,75,9
15,act,female,76,7
15,act,female,77,8
15,act,female,78,7
15,act,female,79,8
15,act,female,80,6
15,act,female,81,7
15,act,female,82,4
15,act,female,83,5
15,act,female,84,6
15,act,female,85,5
15,act,female,86,5
15,act,female,87,5
15,act,female,88,4
15,act,female,89,1
15,act,female,90,3
15,act,female,91,1
15,act,female,92,2
15,act,female,93,1
15,act,female,96,1
16,nsw,male,0,544
16,nsw,male,1,518
16,nsw,male,2,486
16,nsw,male,3,468
16,nsw,male,4,461
16,nsw,male,5,495
16,nsw,male,6,464
16,nsw,male,7,449
16,nsw,male,8,445
16,nsw,male,9,440
16,nsw,male,10,473
16,nsw,male,11,458
16,nsw,male,12,444
16,nsw,male,13,443
16,nsw,male,14,445
16,nsw,male,15,508
16,nsw,male,16,489
16,nsw,male,17,461
16,nsw,male,18,454
16,nsw,male,19,456
16,nsw,male,20,608
16,nsw,male,21,552
16,nsw,male,22,494
16,nsw,male,23,497
16,nsw,male,24,494
16,nsw,male,25,639
16,nsw,male,26,563
16,nsw,male,27,514
16,nsw,male,28,510
16,nsw,male,29,504
16,nsw,male,30,597
16,nsw,male,31,536
16,nsw,male,32,491
16,nsw,male,33,469
16,nsw,male,34,469
16,nsw,male,35,526
16,nsw,male,36,493
16,nsw,male,37,474
16,nsw,male,38,495
16,nsw,male,39,503
16,nsw,male,40,549
16,nsw,male,41,513
16,nsw,male,42,475
16,nsw,male,43,466
16,nsw,male,44,451
16,nsw,male,45,483
16,nsw,male,46,475
16,nsw,male,47,480
16,nsw,male,48,485
16,nsw,male,49,491
16,nsw,male,50,517
16,nsw,male,51,493
16,nsw,male,52,473
16,nsw,male,53,456
16,nsw,male,54,457
16,nsw,male,55,456
16,nsw,male,56,436
16,nsw,male,57,417
16,nsw,male,58,409
16,nsw,male,59,404
16,nsw,male,60,411
16,nsw,male,61,397
16,nsw,male,62,376
16,nsw,male,63,389
16,nsw,male,64,389
16,nsw,male,65,384
16,nsw,male,66,343
16,nsw,male,67,322
16,nsw,male,68,297
16,nsw,male,69,276
16,nsw,male,70,254
16,nsw,male,71,246
16,nsw,male,72,235
16,nsw,male,73,219
16,nsw,male,74,209
16,nsw,male,75,203
16,nsw,male,76,184
16,nsw,male,77,173
16,nsw,male,78,160
16,nsw,male,79,148
16,nsw,male,80,151
16,nsw,male,81,141
16,nsw,male,82,134
16,nsw,male,83,116
16,nsw,male,84,110
16,nsw,male,85,96
16,nsw,male,86,75
16,nsw,male,87,72
16,nsw,male,88,62
16,nsw,male,89,52
16,nsw,male,90,40
16,nsw,male,91,29
16,nsw,male,92,20
16,nsw,male,93,14
16,nsw,male,94,15
16,nsw,male,95,9
16,nsw,male,96,5
16,nsw,male,97,3
16,nsw,male,98,1
16,nsw,male,99,2
16,nsw,male,101,1
16,nsw,female,0,504
16,nsw,female,1,506
16,nsw,female,2,462
16,nsw,female,3,456
16,nsw,female,4,450
16,nsw,female,5,461
16,nsw,female,6,444
16,nsw,female,7,423
16,nsw,female,8,423
16,nsw,female,9,420
16,nsw,female,10,437
16,nsw,female,11,435
16,nsw,female,12,423
16,nsw,female,13,412
16,nsw,female,14,429
16,nsw,female,15,473
16,nsw,female,16,451
16,nsw,female,17,431
16,nsw,female,18,440
16,nsw,female,19,434
16,nsw,female,20,585
16,nsw,female,21,541
16,nsw,female,22,478
16,nsw,female,23,469
16,nsw,female,24,473
16,nsw,female,25,617
16,nsw,female,26,573
16,nsw,female,27,505
16,nsw,female,28,508
16,nsw,female,29,508
16,nsw,female,30,587
16,nsw,female,31,519
16,nsw,female,32,476
16,nsw,female,33,485
16,nsw,female,34,477
16,nsw,female,35,516
16,nsw,female,36,507
16,nsw,female,37,493
16,nsw,female,38,508
16,nsw,female,39,519
16,nsw,female,40,558
16,nsw,female,41,508
16,nsw,female,42,483
16,nsw,female,43,484
16,nsw,female,44,469
16,nsw,female,45,485
16,nsw,female,46,480
16,nsw,female,47,485
16,nsw,female,48,504
16,nsw,female,49,503
16,nsw,female,50,515
16,nsw,female,51,503
16,nsw,female,52,483
16,nsw,female,53,465
16,nsw,female,54,460
16,nsw,female,55,461
16,nsw,female,56,443
16,nsw,female,57,431
16,nsw,female,58,418
16,nsw,female,59,408
16,nsw,female,60,422
16,nsw,female,61,392
16,nsw,female,62,382
16,nsw,female,63,383
16,nsw,female,64,389
16,nsw,female,65,393
16,nsw,female,66,341
16,nsw,female,67,319
16,nsw,female,68,303
16,nsw,female,69,281
16,nsw,female,70,271
16,nsw,female,71,258
16,nsw,female,72,248
16,nsw,female,73,239
16,nsw,female,74,231
16,nsw,female,75,223
16,nsw,female,76,215
16,nsw,female,77,196
16,nsw,female,78,193
16,nsw,female,79,182
16,nsw,female,80,188
16,nsw,female,81,187
16,nsw,female,82,175
16,nsw,female,83,170
16,nsw,female,84,152
16,nsw,female,85,143
16,nsw,female,86,132
16,nsw,female,87,116
16,nsw,female,88,103
16,nsw,female,89,95
16,nsw,female,90,86
16,nsw,female,91,61
16,nsw,female,92,48
16,nsw,female,93,35
16,nsw,female,94,36
16,nsw,female,95,22
16,nsw,female,96,18
16,nsw,female,97,14
16,nsw,female,98,11
16,nsw,female,99,7
16,nsw,female,100,2
16,nsw,female,101,2
16,nsw,female,102,2
16,vic,male,0,375
16,vic,male,1,374
16,vic,male,2,356
16,vic,male,3,352
16,vic,male,4,349
16,vic,male,5,366
16,vic,male,6,343
16,vic,male,7,330
16,vic,male,8,328
16,vic,male,9,321
16,vic,male,10,338
16,vic,male,11,333
16,vic,male,12,322
16,vic,male,13,336
16,vic,male,14,336
16,vic,male,15,382
16,vic,male,16,367
16,vic,male,17,348
16,vic,male,18,352
16,vic,male,19,356
16,vic,male,20,479
16,vic,male,21,457
16,vic,male,22,411
16,vic,male,23,413
16,vic,male,24,421
16,vic,male,25,522
16,vic,male,26,462
16,vic,male,27,422
16,vic,male,28,421
16,vic,male,29,410
16,vic,male,30,456
16,vic,male,31,413
16,vic,male,32,379
16,vic,male,33,373
16,vic,male,34,370
16,vic,male,35,401
16,vic,male,36,383
16,vic,male,37,375
16,vic,male,38,380
16,vic,male,39,394
16,vic,male,40,422
16,vic,male,41,404
16,vic,male,42,390
16,vic,male,43,377
16,vic,male,44,370
16,vic,male,45,379
16,vic,male,46,358
16,vic,male,47,361
16,vic,male,48,367
16,vic,male,49,370
16,vic,male,50,369
16,vic,male,51,367
16,vic,male,52,349
16,vic,male,53,335
16,vic,male,54,336
16,vic,male,55,335
16,vic,male,56,330
16,vic,male,57,311
16,vic,male,58,307
16,vic,male,59,303
16,vic,male,60,301
16,vic,male,61,290
16,vic,male,62,282
16,vic,male,63,280
16,vic,male,64,288
16,vic,male,65,288
16,vic,male,66,239
16,vic,male,67,224
16,vic,male,68,213
16,vic,male,69,200
16,vic,male,70,194
16,vic,male,71,185
16,vic,male,72,174
16,vic,male,73,158
16,vic,male,74,159
16,vic,male,75,148
16,vic,male,76,135
16,vic,male,77,129
16,vic,male,78,123
16,vic,male,79,113
16,vic,male,80,115
16,vic,male,81,104
16,vic,male,82,94
16,vic,male,83,85
16,vic,male,84,84
16,vic,male,85,69
16,vic,male,86,59
16,vic,male,87,49
16,vic,male,88,40
16,vic,male,89,35
16,vic,male,90,28
16,vic,male,91,23
16,vic,male,92,14
16,vic,male,93,11
16,vic,male,94,9
16,vic,male,95,7
16,vic,male,96,6
16,vic,male,97,4
16,vic,male,98,1
16,vic,male,99,2
16,vic,female,0,374
16,vic,female,1,347
16,vic,female,2,339
16,vic,female,3,334
16,vic,female,4,333
16,vic,female,5,351
16,vic,female,6,327
16,vic,female,7,314
16,vic,female,8,309
16,vic,female,9,313
16,vic,female,10,329
16,vic,female,11,323
16,vic,female,12,311
16,vic,female,13,312
16,vic,female,14,316
16,vic,female,15,367
16,vic,female,16,339
16,vic,female,17,325
16,vic,female,18,330
16,vic,female,19,338
16,vic,female,20,466
16,vic,female,21,434
16,vic,female,22,391
16,vic,female,23,389
16,vic,female,24,388
16,vic,female,25,496
16,vic,female,26,454
16,vic,female,27,404
16,vic,female,28,413
16,vic,female,29,395
16,vic,female,30,453
16,vic,female,31,412
16,vic,female,32,373
16,vic,female,33,372
16,vic,female,34,366
16,vic,female,35,398
16,vic,female,36,382
16,vic,female,37,382
16,vic,female,38,386
16,vic,female,39,404
16,vic,female,40,442
16,vic,female,41,419
16,vic,female,42,402
16,vic,female,43,390
16,vic,female,44,375
16,vic,female,45,386
16,vic,female,46,381
16,vic,female,47,369
16,vic,female,48,386
16,vic,female,49,378
16,vic,female,50,391
16,vic,female,51,380
16,vic,female,52,361
16,vic,female,53,358
16,vic,female,54,342
16,vic,female,55,354
16,vic,female,56,343
16,vic,female,57,322
16,vic,female,58,323
16,vic,female,59,310
16,vic,female,60,313
16,vic,female,61,309
16,vic,female,62,296
16,vic,female,63,289
16,vic,female,64,294
16,vic,female,65,294
16,vic,female,66,257
16,vic,female,67,242
16,vic,female,68,227
16,vic,female,69,211
16,vic,female,70,206
16,vic,female,71,192
16,vic,female,72,182
16,vic,female,73,183
16,vic,female,74,173
16,vic,female,75,166
16,vic,female,76,162
16,vic,female,77,152
16,vic,female,78,146
16,vic,female,79,141
16,vic,female,80,138
16,vic,female,81,140
16,vic,female,82,129
16,vic,female,83,127
16,vic,female,84,113
16,vic,female,85,113
16,vic,female,86,98
16,vic,female,87,74
16,vic,female,88,78
16,vic,female,89,67
16,vic,female,90,60
16,vic,female,91,48
16,vic,female,92,32
16,vic,female,93,29
16,vic,female,94,22
16,vic,female,95,17
16,vic,female,96,10
16,vic,female,97,13
16,vic,female,98,8
16,vic,female,99,5
16,vic,female,100,3
16,vic,female,101,3
16,vic,female,102,1
16,qld,male,0,331
16,qld,male,1,336
16,qld,male,2,313
16,qld,male,3,312
16,qld,male,4,304
16,qld,male,5,322
16,qld,male,6,303
16,qld,male,7,286
16,qld,male,8,286
16,qld,male,9,280
16,qld,male,10,306
16,qld,male,11,302
16,qld,male,12,294
16,qld,male,13,292
16,qld,male,14,289
16,qld,male,15,322
16,qld,male,16,315
16,qld,male,17,297
16,qld,male,18,303
16,qld,male,19,297
16,qld,male,20,374
16,qld,male,21,357
16,qld,male,22,311
16,qld,male,23,318
16,qld,male,24,312
16,qld,male,25,407
16,qld,male,26,360
16,qld,male,27,325
16,qld,male,28,325
16,qld,male,29,318
16,qld,male,30,356
16,qld,male,31,333
16,qld,male,32,286
16,qld,male,33,282
16,qld,male,34,282
16,qld,male,35,316
16,qld,male,36,307
16,qld,male,37,308
16,qld,male,38,309
16,qld,male,39,318
16,qld,male,40,345
16,qld,male,41,333
16,qld,male,42,313
16,qld,male,43,300
16,qld,male,44,292
16,qld,male,45,305
16,qld,male,46,291
16,qld,male,47,296
16,qld,male,48,302
16,qld,male,49,302
16,qld,male,50,313
16,qld,male,51,297
16,qld,male,52,291
16,qld,male,53,280
16,qld,male,54,267
16,qld,male,55,283
16,qld,male,56,269
16,qld,male,57,253
16,qld,male,58,255
16,qld,male,59,251
16,qld,male,60,255
16,qld,male,61,242
16,qld,male,62,240
16,qld,male,63,240
16,qld,male,64,243
16,qld,male,65,242
16,qld,male,66,205
16,qld,male,67,195
16,qld,male,68,177
16,qld,male,69,159
16,qld,male,70,161
16,qld,male,71,143
16,qld,male,72,139
16,qld,male,73,130
16,qld,male,74,124
16,qld,male,75,108
16,qld,male,76,100
16,qld,male,77,90
16,qld,male,78,89
16,qld,male,79,87
16,qld,male,80,76
16,qld,male,81,75
16,qld,male,82,69
16,qld,male,83,64
16,qld,male,84,61
16,qld,male,85,48
16,qld,male,86,40
16,qld,male,87,32
16,qld,male,88,30
16,qld,male,89,27
16,qld,male,90,22
16,qld,male,91,14
16,qld,male,92,11
16,qld,male,93,7
16,qld,male,94,6
16,qld,male,95,5
16,qld,male,96,3
16,qld,male,97,2
16,qld,male,98,2
16,qld,male,99,1
16,qld,male,100,1
16,qld,female,0,370
16,qld,female,1,314
16,qld,female,2,290
16,qld,female,3,292
16,qld,female,4,289
16,qld,female,5,305
16,qld,female,6,290
16,qld,female,7,276
16,qld,female,8,272
16,qld,female,9,270
16,qld,female,10,294
16,qld,female,11,286
16,qld,female,12,273
16,qld,female,13,279
16,qld,female,14,277
16,qld,female,15,312
16,qld,female,16,298
16,qld,female,17,281
16,qld,female,18,285
16,qld,female,19,287
16,qld,female,20,367
16,qld,female,21,334
16,qld,female,22,303
16,qld,female,23,299
16,qld,female,24,307
16,qld,female,25,384
16,qld,female,26,353
16,qld,female,27,315
16,qld,female,28,315
16,qld,female,29,307
16,qld,female,30,346
16,qld,female,31,318
16,qld,female,32,291
16,qld,female,33,289
16,qld,female,34,291
16,qld,female,35,317
16,qld,female,36,308
16,qld,female,37,297
16,qld,female,38,313
16,qld,female,39,328
16,qld,female,40,351
16,qld,female,41,333
16,qld,female,42,316
16,qld,female,43,302
16,qld,female,44,297
16,qld,female,45,307
16,qld,female,46,301
16,qld,female,47,305
16,qld,female,48,308
16,qld,female,49,308
16,qld,female,50,322
16,qld,female,51,306
16,qld,female,52,294
16,qld,female,53,289
16,qld,female,54,281
16,qld,female,55,285
16,qld,female,56,277
16,qld,female,57,263
16,qld,female,58,255
16,qld,female,59,250
16,qld,female,60,251
16,qld,female,61,252
16,qld,female,62,233
16,qld,female,63,231
16,qld,female,64,239
16,qld,female,65,228
16,qld,female,66,209
16,qld,female,67,193
16,qld,female,68,176
16,qld,female,69,163
16,qld,female,70,156
16,qld,female,71,149
16,qld,female,72,143
16,qld,female,73,127
16,qld,female,74,119
16,qld,female,75,118
16,qld,female,76,112
16,qld,female,77,103
16,qld,female,78,100
16,qld,female,79,99
16,qld,female,80,97
16,qld,female,81,92
16,qld,female,82,85
16,qld,female,83,84
16,qld,female,84,75
16,qld,female,85,71
16,qld,female,86,65
16,qld,female,87,56
16,qld,female,88,45
16,qld,female,89,44
16,qld,female,90,39
16,qld,female,91,34
16,qld,female,92,22
16,qld,female,93,20
16,qld,female,94,16
16,qld,female,95,15
16,qld,female,96,9
16,qld,female,97,5
16,qld,female,98,4
16,qld,female,99,4
16,qld,female,100,3
16,qld,female,101,2
16,sa,male,0,106
16,sa,male,1,104
16,sa,male,2,101
16,sa,male,3,99
16,sa,male,4,96
16,sa,male,5,106
16,sa,male,6,100
16,sa,male,7,95
16,sa,male,8,93
16,sa,male,9,96
16,sa,male,10,104
16,sa,male,11,99
16,sa,male,12,98
16,sa,male,13,100
16,sa,male,14,99
16,sa,male,15,112
16,sa,male,16,107
16,sa,male,17,106
16,sa,male,18,107
16,sa,male,19,110
16,sa,male,20,129
16,sa,male,21,130
16,sa,male,22,115
16,sa,male,23,119
16,sa,male,24,117
16,sa,male,25,137
16,sa,male,26,123
16,sa,male,27,118
16,sa,male,28,115
16,sa,male,29,116
16,sa,male,30,126
16,sa,male,31,111
16,sa,male,32,102
16,sa,male,33,97
16,sa,male,34,95
16,sa,male,35,107
16,sa,male,36,110
16,sa,male,37,100
16,sa,male,38,104
16,sa,male,39,112
16,sa,male,40,118
16,sa,male,41,121
16,sa,male,42,119
16,sa,male,43,112
16,sa,male,44,114
16,sa,male,45,111
16,sa,male,46,112
16,sa,male,47,114
16,sa,male,48,116
16,sa,male,49,116
16,sa,male,50,120
16,sa,male,51,113
16,sa,male,52,113
16,sa,male,53,113
16,sa,male,54,108
16,sa,male,55,108
16,sa,male,56,103
16,sa,male,57,102
16,sa,male,58,98
16,sa,male,59,97
16,sa,male,60,95
16,sa,male,61,96
16,sa,male,62,96
16,sa,male,63,91
16,sa,male,64,93
16,sa,male,65,92
16,sa,male,66,84
16,sa,male,67,72
16,sa,male,68,70
16,sa,male,69,67
16,sa,male,70,62
16,sa,male,71,57
16,sa,male,72,60
16,sa,male,73,54
16,sa,male,74,54
16,sa,male,75,52
16,sa,male,76,45
16,sa,male,77,42
16,sa,male,78,41
16,sa,male,79,39
16,sa,male,80,37
16,sa,male,81,34
16,sa,male,82,33
16,sa,male,83,30
16,sa,male,84,32
16,sa,male,85,28
16,sa,male,86,22
16,sa,male,87,17
16,sa,male,88,16
16,sa,male,89,11
16,sa,male,90,9
16,sa,male,91,10
16,sa,male,92,6
16,sa,male,93,3
16,sa,male,94,4
16,sa,male,95,2
16,sa,male,96,1
16,sa,male,97,1
16,sa,male,98,1
16,sa,male,101,1
16,sa,female,0,113
16,sa,female,1,108
16,sa,female,2,95
16,sa,female,3,96
16,sa,female,4,96
16,sa,female,5,102
16,sa,female,6,92
16,sa,female,7,90
16,sa,female,8,90
16,sa,female,9,88
16,sa,female,10,96
16,sa,female,11,95
16,sa,female,12,95
16,sa,female,13,95
16,sa,female,14,98
16,sa,female,15,105
16,sa,female,16,106
16,sa,female,17,99
16,sa,female,18,101
16,sa,female,19,105
16,sa,female,20,125
16,sa,female,21,115
16,sa,female,22,112
16,sa,female,23,109
16,sa,female,24,113
16,sa,female,25,131
16,sa,female,26,128
16,sa,female,27,112
16,sa,female,28,108
16,sa,female,29,107
16,sa,female,30,122
16,sa,female,31,104
16,sa,female,32,104
16,sa,female,33,94
16,sa,female,34,101
16,sa,female,35,109
16,sa,female,36,106
16,sa,female,37,102
16,sa,female,38,107
16,sa,female,39,114
16,sa,female,40,121
16,sa,female,41,118
16,sa,female,42,110
16,sa,female,43,113
16,sa,female,44,111
16,sa,female,45,115
16,sa,female,46,113
16,sa,female,47,114
16,sa,female,48,115
16,sa,female,49,119
16,sa,female,50,122
16,sa,female,51,119
16,sa,female,52,114
16,sa,female,53,112
16,sa,female,54,111
16,sa,female,55,111
16,sa,female,56,104
16,sa,female,57,107
16,sa,female,58,106
16,sa,female,59,104
16,sa,female,60,105
16,sa,female,61,101
16,sa,female,62,96
16,sa,female,63,96
16,sa,female,64,99
16,sa,female,65,100
16,sa,female,66,85
16,sa,female,67,80
16,sa,female,68,75
16,sa,female,69,68
16,sa,female,70,68
16,sa,female,71,64
16,sa,female,72,61
16,sa,female,73,62
16,sa,female,74,59
16,sa,female,75,55
16,sa,female,76,51
16,sa,female,77,50
16,sa,female,78,49
16,sa,female,79,50
16,sa,female,80,45
16,sa,female,81,47
16,sa,female,82,45
16,sa,female,83,42
16,sa,female,84,44
16,sa,female,85,40
16,sa,female,86,37
16,sa,female,87,35
16,sa,female,88,31
16,sa,female,89,24
16,sa,female,90,23
16,sa,female,91,18
16,sa,female,92,8
16,sa,female,93,11
16,sa,female,94,8
16,sa,female,95,5
16,sa,female,96,5
16,sa,female,97,4
16,sa,female,98,4
16,sa,female,99,1
16,sa,female,100,2
16,sa,female,101,1
16,wa,male,0,170
16,wa,male,1,172
16,wa,male,2,154
16,wa,male,3,152
16,wa,male,4,156
16,wa,male,5,177
16,wa,male,6,151
16,wa,male,7,142
16,wa,male,8,139
16,wa,male,9,144
16,wa,male,10,160
16,wa,male,11,148
16,wa,male,12,149
16,wa,male,13,150
16,wa,male,14,150
16,wa,male,15,167
16,wa,male,16,162
16,wa,male,17,152
16,wa,male,18,154
16,wa,male,19,158
16,wa,male,20,228
16,wa,male,21,181
16,wa,male,22,172
16,wa,male,23,172
16,wa,male,24,177
16,wa,male,25,251
16,wa,male,26,211
16,wa,male,27,189
16,wa,male,28,182
16,wa,male,29,176
16,wa,male,30,219
16,wa,male,31,182
16,wa,male,32,159
16,wa,male,33,155
16,wa,male,34,155
16,wa,male,35,171
16,wa,male,36,168
16,wa,male,37,157
16,wa,male,38,164
16,wa,male,39,172
16,wa,male,40,204
16,wa,male,41,183
16,wa,male,42,171
16,wa,male,43,164
16,wa,male,44,162
16,wa,male,45,176
16,wa,male,46,167
16,wa,male,47,163
16,wa,male,48,164
16,wa,male,49,161
16,wa,male,50,169
16,wa,male,51,159
16,wa,male,52,158
16,wa,male,53,154
16,wa,male,54,147
16,wa,male,55,156
16,wa,male,56,144
16,wa,male,57,142
16,wa,male,58,134
16,wa,male,59,133
16,wa,male,60,136
16,wa,male,61,131
16,wa,male,62,121
16,wa,male,63,122
16,wa,male,64,124
16,wa,male,65,117
16,wa,male,66,99
16,wa,male,67,91
16,wa,male,68,83
16,wa,male,69,84
16,wa,male,70,77
16,wa,male,71,72
16,wa,male,72,70
16,wa,male,73,62
16,wa,male,74,59
16,wa,male,75,57
16,wa,male,76,49
16,wa,male,77,45
16,wa,male,78,46
16,wa,male,79,44
16,wa,male,80,38
16,wa,male,81,40
16,wa,male,82,32
16,wa,male,83,30
16,wa,male,84,28
16,wa,male,85,24
16,wa,male,86,17
16,wa,male,87,16
16,wa,male,88,16
16,wa,male,89,10
16,wa,male,90,11
16,wa,male,91,9
16,wa,male,92,5
16,wa,male,93,4
16,wa,male,94,3
16,wa,male,95,2
16,wa,male,96,2
16,wa,male,97,1
16,wa,male,98,1
16,wa,male,100,1
16,wa,female,0,146
16,wa,female,1,178
16,wa,female,2,146
16,wa,female,3,148
16,wa,female,4,148
16,wa,female,5,166
16,wa,female,6,151
16,wa,female,7,136
16,wa,female,8,137
16,wa,female,9,140
16,wa,female,10,152
16,wa,female,11,147
16,wa,female,12,140
16,wa,female,13,141
16,wa,female,14,140
16,wa,female,15,159
16,wa,female,16,153
16,wa,female,17,145
16,wa,female,18,148
16,wa,female,19,147
16,wa,female,20,201
16,wa,female,21,181
16,wa,female,22,157
16,wa,female,23,163
16,wa,female,24,161
16,wa,female,25,254
16,wa,female,26,187
16,wa,female,27,168
16,wa,female,28,165
16,wa,female,29,168
16,wa,female,30,198
16,wa,female,31,177
16,wa,female,32,157
16,wa,female,33,154
16,wa,female,34,149
16,wa,female,35,182
16,wa,female,36,166
16,wa,female,37,155
16,wa,female,38,159
16,wa,female,39,172
16,wa,female,40,183
16,wa,female,41,181
16,wa,female,42,167
16,wa,female,43,164
16,wa,female,44,162
16,wa,female,45,163
16,wa,female,46,157
16,wa,female,47,164
16,wa,female,48,163
16,wa,female,49,161
16,wa,female,50,167
16,wa,female,51,162
16,wa,female,52,157
16,wa,female,53,150
16,wa,female,54,148
16,wa,female,55,159
16,wa,female,56,146
16,wa,female,57,139
16,wa,female,58,135
16,wa,female,59,128
16,wa,female,60,132
16,wa,female,61,125
16,wa,female,62,119
16,wa,female,63,117
16,wa,female,64,120
16,wa,female,65,116
16,wa,female,66,97
16,wa,female,67,95
16,wa,female,68,85
16,wa,female,69,83
16,wa,female,70,76
16,wa,female,71,74
16,wa,female,72,69
16,wa,female,73,68
16,wa,female,74,61
16,wa,female,75,60
16,wa,female,76,55
16,wa,female,77,51
16,wa,female,78,53
16,wa,female,79,49
16,wa,female,80,47
16,wa,female,81,47
16,wa,female,82,45
16,wa,female,83,41
16,wa,female,84,39
16,wa,female,85,32
16,wa,female,86,32
16,wa,female,87,30
16,wa,female,88,27
16,wa,female,89,24
16,wa,female,90,20
16,wa,female,91,14
16,wa,female,92,13
16,wa,female,93,9
16,wa,female,94,8
16,wa,female,95,6
16,wa,female,96,6
16,wa,female,97,5
16,wa,female,98,3
16,wa,female,99,2
16,wa,female,101,1
16,tas,male,0,37
16,tas,male,1,32
16,tas,male,2,34
16,tas,male,3,35
16,tas,male,4,34
16,tas,male,5,35
16,tas,male,6,35
16,tas,male,7,31
16,tas,male,8,33
16,tas,male,9,33
16,tas,male,10,36
16,tas,male,11,36
16,tas,male,12,34
16,tas,male,13,37
16,tas,male,14,37
16,tas,male,15,39
16,tas,male,16,37
16,tas,male,17,36
16,tas,male,18,38
16,tas,male,19,39
16,tas,male,20,38
16,tas,male,21,40
16,tas,male,22,37
16,tas,male,23,37
16,tas,male,24,37
16,tas,male,25,39
16,tas,male,26,36
16,tas,male,27,32
16,tas,male,28,33
16,tas,male,29,32
16,tas,male,30,33
16,tas,male,31,30
16,tas,male,32,28
16,tas,male,33,33
16,tas,male,34,30
16,tas,male,35,30
16,tas,male,36,33
16,tas,male,37,34
16,tas,male,38,34
16,tas,male,39,36
16,tas,male,40,37
16,tas,male,41,37
16,tas,male,42,38
16,tas,male,43,36
16,tas,male,44,33
16,tas,male,45,34
16,tas,male,46,34
16,tas,male,47,36
16,tas,male,48,39
16,tas,male,49,40
16,tas,male,50,39
16,tas,male,51,41
16,tas,male,52,36
16,tas,male,53,38
16,tas,male,54,35
16,tas,male,55,39
16,tas,male,56,38
16,tas,male,57,34
16,tas,male,58,34
16,tas,male,59,37
16,tas,male,60,33
16,tas,male,61,35
16,tas,male,62,32
16,tas,male,63,32
16,tas,male,64,34
16,tas,male,65,32
16,tas,male,66,26
16,tas,male,67,27
16,tas,male,68,26
16,tas,male,69,23
16,tas,male,70,23
16,tas,male,71,21
16,tas,male,72,17
16,tas,male,73,18
16,tas,male,74,18
16,tas,male,75,16
16,tas,male,76,13
16,tas,male,77,13
16,tas,male,78,13
16,tas,male,79,12
16,tas,male,80,13
16,tas,male,81,11
16,tas,male,82,11
16,tas,male,83,8
16,tas,male,84,10
16,tas,male,85,8
16,tas,male,86,9
16,tas,male,87,4
16,tas,male,88,5
16,tas,male,89,5
16,tas,male,91,2
16,tas,male,94,1
16,tas,male,95,1
16,tas,female,0,31
16,tas,female,1,32
16,tas,female,2,32
16,tas,female,3,33
16,tas,female,4,32
16,tas,female,5,33
16,tas,female,6,30
16,tas,female,7,32
16,tas,female,8,29
16,tas,female,9,32
16,tas,female,10,32
16,tas,female,11,31
16,tas,female,12,32
16,tas,female,13,34
16,tas,female,14,33
16,tas,female,15,33
16,tas,female,16,36
16,tas,female,17,39
16,tas,female,18,34
16,tas,female,19,32
16,tas,female,20,36
16,tas,female,21,34
16,tas,female,22,32
16,tas,female,23,35
16,tas,female,24,33
16,tas,female,25,37
16,tas,female,26,35
16,tas,female,27,34
16,tas,female,28,30
16,tas,female,29,30
16,tas,female,30,38
16,tas,female,31,32
16,tas,female,32,31
16,tas,female,33,29
16,tas,female,34,30
16,tas,female,35,32
16,tas,female,36,33
16,tas,female,37,33
16,tas,female,38,35
16,tas,female,39,32
16,tas,female,40,46
16,tas,female,41,41
16,tas,female,42,40
16,tas,female,43,36
16,tas,female,44,37
16,tas,female,45,33
16,tas,female,46,35
16,tas,female,47,37
16,tas,female,48,38
16,tas,female,49,38
16,tas,female,50,41
16,tas,female,51,39
16,tas,female,52,39
16,tas,female,53,38
16,tas,female,54,37
16,tas,female,55,37
16,tas,female,56,39
16,tas,female,57,34
16,tas,female,58,36
16,tas,female,59,36
16,tas,female,60,34
16,tas,female,61,35
16,tas,female,62,32
16,tas,female,63,32
16,tas,female,64,33
16,tas,female,65,31
16,tas,female,66,27
16,tas,female,67,24
16,tas,female,68,23
16,tas,female,69,22
16,tas,female,70,22
16,tas,female,71,22
16,tas,female,72,18
16,tas,female,73,20
16,tas,female,74,19
16,tas,female,75,18
16,tas,female,76,16
16,tas,female,77,15
16,tas,female,78,14
16,tas,female,79,14
16,tas,female,80,14
16,tas,female,81,14
16,tas,female,82,11
16,tas,female,83,13
16,tas,female,84,12
16,tas,female,85,11
16,tas,female,86,11
16,tas,female,87,10
16,tas,female,88,10
16,tas,female,89,8
16,tas,female,90,8
16,tas,female,91,4
16,tas,female,92,3
16,tas,female,93,2
16,tas,female,94,2
16,tas,female,95,3
16,tas,female,96,3
16,tas,female,97,1
16,tas,female,98,1
16,tas,female,99,1
16,tas,female,101,1
16,nt,male,0,26
16,nt,male,1,24
16,nt,male,2,20
16,nt,male,3,23
16,nt,male,4,20
16,nt,male,5,21
16,nt,male,6,20
16,nt,male,7,17
16,nt,male,8,18
16,nt,male,9,18
16,nt,male,10,26
16,nt,male,11,20
16,nt,male,12,18
16,nt,male,13,17
16,nt,male,14,20
16,nt,male,15,18
16,nt,male,16,21
16,nt,male,17,21
16,nt,male,18,18
16,nt,male,19,25
16,nt,male,20,26
16,nt,male,21,23
16,nt,male,22,22
16,nt,male,23,22
16,nt,male,24,23
16,nt,male,25,29
16,nt,male,26,25
16,nt,male,27,28
16,nt,male,28,28
16,nt,male,29,22
16,nt,male,30,30
16,nt,male,31,27
16,nt,male,32,22
16,nt,male,33,21
16,nt,male,34,22
16,nt,male,35,27
16,nt,male,36,24
16,nt,male,37,19
16,nt,male,38,19
16,nt,male,39,20
16,nt,male,40,23
16,nt,male,41,20
16,nt,male,42,21
16,nt,male,43,17
16,nt,male,44,17
16,nt,male,45,19
16,nt,male,46,22
16,nt,male,47,24
16,nt,male,48,16
16,nt,male,49,19
16,nt,male,50,18
16,nt,male,51,17
16,nt,male,52,16
16,nt,male,53,14
16,nt,male,54,16
16,nt,male,55,14
16,nt,male,56,15
16,nt,male,57,14
16,nt,male,58,13
16,nt,male,59,13
16,nt,male,60,14
16,nt,male,61,12
16,nt,male,62,16
16,nt,male,63,11
16,nt,male,64,10
16,nt,male,65,10
16,nt,male,66,8
16,nt,male,67,9
16,nt,male,68,6
16,nt,male,69,6
16,nt,male,70,7
16,nt,male,71,6
16,nt,male,72,6
16,nt,male,73,4
16,nt,male,74,3
16,nt,male,75,4
16,nt,male,76,4
16,nt,male,77,3
16,nt,male,78,2
16,nt,male,79,2
16,nt,male,80,2
16,nt,male,81,3
16,nt,male,82,1
16,nt,male,83,1
16,nt,male,84,1
16,nt,male,85,1
16,nt,female,0,28
16,nt,female,1,17
16,nt,female,2,19
16,nt,female,3,21
16,nt,female,4,18
16,nt,female,5,22
16,nt,female,6,18
16,nt,female,7,18
16,nt,female,8,20
16,nt,female,9,18
16,nt,female,10,17
16,nt,female,11,18
16,nt,female,12,16
16,nt,female,13,19
16,nt,female,14,15
16,nt,female,15,17
16,nt,female,16,17
16,nt,female,17,17
16,nt,female,18,16
16,nt,female,19,16
16,nt,female,20,23
16,nt,female,21,17
16,nt,female,22,18
16,nt,female,23,17
16,nt,female,24,21
16,nt,female,25,28
16,nt,female,26,24
16,nt,female,27,23
16,nt,female,28,25
16,nt,female,29,22
16,nt,female,30,25
16,nt,female,31,23
16,nt,female,32,20
16,nt,female,33,18
16,nt,female,34,22
16,nt,female,35,23
16,nt,female,36,19
16,nt,female,37,22
16,nt,female,38,21
16,nt,female,39,21
16,nt,female,40,23
16,nt,female,41,21
16,nt,female,42,21
16,nt,female,43,18
16,nt,female,44,17
16,nt,female,45,18
16,nt,female,46,17
16,nt,female,47,16
16,nt,female,48,15
16,nt,female,49,13
16,nt,female,50,19
16,nt,female,51,14
16,nt,female,52,16
16,nt,female,53,15
16,nt,female,54,16
16,nt,female,55,13
16,nt,female,56,12
16,nt,female,57,12
16,nt,female,58,15
16,nt,female,59,11
16,nt,female,60,14
16,nt,female,61,10
16,nt,female,62,8
16,nt,female,63,8
16,nt,female,64,8
16,nt,female,65,9
16,nt,female,66,9
16,nt,female,67,7
16,nt,female,68,5
16,nt,female,69,5
16,nt,female,70,5
16,nt,female,71,5
16,nt,female,72,3
16,nt,female,73,3
16,nt,female,74,3
16,nt,female,75,2
16,nt,female,76,2
16,nt,female,77,4
16,nt,female,78,4
16,nt,female,79,1
16,nt,female,80,1
16,nt,female,81,1
16,nt,female,82,1
16,nt,female,84,1
16,nt,female,85,1
16,nt,female,86,1
16,nt,female,87,1
16,nt,female,88,1
16,act,male,0,36
16,act,male,1,28
16,act,male,2,23
16,act,male,3,25
16,act,male,4,23
16,act,male,5,25
16,act,male,6,27
16,act,male,7,23
16,act,male,8,22
16,act,male,9,22
16,act,male,10,23
16,act,male,11,22
16,act,male,12,20
16,act,male,13,22
16,act,male,14,21
16,act,male,15,25
16,act,male,16,23
16,act,male,17,27
16,act,male,18,25
16,act,male,19,33
16,act,male,20,41
16,act,male,21,36
16,act,male,22,36
16,act,male,23,33
16,act,male,24,36
16,act,male,25,42
16,act,male,26,36
16,act,male,27,34
16,act,male,28,35
16,act,male,29,34
16,act,male,30,36
16,act,male,31,35
16,act,male,32,28
16,act,male,33,31
16,act,male,34,27
16,act,male,35,33
16,act,male,36,29
16,act,male,37,31
16,act,male,38,27
16,act,male,39,28
16,act,male,40,32
16,act,male,41,29
16,act,male,42,28
16,act,male,43,27
16,act,male,44,27
16,act,male,45,29
16,act,male,46,25
16,act,male,47,25
16,act,male,48,26
16,act,male,49,25
16,act,male,50,27
16,act,male,51,25
16,act,male,52,25
16,act,male,53,24
16,act,male,54,24
16,act,male,55,22
16,act,male,56,21
16,act,male,57,23
16,act,male,58,21
16,act,male,59,19
16,act,male,60,22
16,act,male,61,21
16,act,male,62,18
16,act,male,63,17
16,act,male,64,19
16,act,male,65,16
16,act,male,66,13
16,act,male,67,13
16,act,male,68,11
16,act,male,69,13
16,act,male,70,10
16,act,male,71,10
16,act,male,72,11
16,act,male,73,9
16,act,male,74,9
16,act,male,75,7
16,act,male,76,7
16,act,male,77,6
16,act,male,78,6
16,act,male,79,5
16,act,male,80,5
16,act,male,81,4
16,act,male,82,4
16,act,male,83,4
16,act,male,84,3
16,act,male,85,4
16,act,male,86,3
16,act,male,87,3
16,act,male,88,2
16,act,male,89,1
16,act,male,90,2
16,act,male,91,1
16,act,male,93,1
16,act,female,0,32
16,act,female,1,25
16,act,female,2,25
16,act,female,3,23
16,act,female,4,23
16,act,female,5,27
16,act,female,6,21
16,act,female,7,22
16,act,female,8,21
16,act,female,9,22
16,act,female,10,23
16,act,female,11,24
16,act,female,12,21
16,act,female,13,23
16,act,female,14,21
16,act,female,15,27
16,act,female,16,23
16,act,female,17,25
16,act,female,18,25
16,act,female,19,28
16,act,female,20,36
16,act,female,21,37
16,act,female,22,36
16,act,female,23,35
16,act,female,24,31
16,act,female,25,40
16,act,female,26,35
16,act,female,27,33
16,act,female,28,34
16,act,female,29,34
16,act,female,30,37
16,act,female,31,35
16,act,female,32,28
16,act,female,33,28
16,act,female,34,27
16,act,female,35,31
16,act,female,36,29
16,act,female,37,28
16,act,female,38,29
16,act,female,39,29
16,act,female,40,30
16,act,female,41,31
16,act,female,42,29
16,act,female,43,27
16,act,female,44,28
16,act,female,45,27
16,act,female,46,26
16,act,female,47,27
16,act,female,48,25
16,act,female,49,28
16,act,female,50,28
16,act,female,51,29
16,act,female,52,27
16,act,female,53,25
16,act,female,54,24
16,act,female,55,26
16,act,female,56,21
16,act,female,57,23
16,act,female,58,21
16,act,female,59,23
16,act,female,60,22
16,act,female,61,20
16,act,female,62,18
16,act,female,63,20
16,act,female,64,22
16,act,female,65,20
16,act,female,66,16
16,act,female,67,15
16,act,female,68,12
16,act,female,69,11
16,act,female,70,12
16,act,female,71,10
16,act,female,72,10
16,act,female,73,10
16,act,female,74,10
16,act,female,75,8
16,act,female,76,7
16,act,female,77,8
16,act,female,78,8
16,act,female,79,8
16,act,female,80,6
16,act,female,81,7
16,act,female,82,4
16,act,female,83,5
16,act,female,84,6
16,act,female,85,5
16,act,female,86,4
16,act,female,87,5
16,act,female,88,5
16,act,female,89,1
16,act,female,90,3
16,act,female,91,1
16,act,female,92,1
16,act,female,93,1
16,act,female,96,1
17,nsw,male,0,541
17,nsw,male,1,529
17,nsw,male,2,480
17,nsw,male,3,469
17,nsw,male,4,463
17,nsw,male,5,497
17,nsw,male,6,464
17,nsw,male,7,450
17,nsw,male,8,446
17,nsw,male,9,437
17,nsw,male,10,471
17,nsw,male,11,461
17,nsw,male,12,443
17,nsw,male,13,442
17,nsw,male,14,442
17,nsw,male,15,518
17,nsw,male,16,485
17,nsw,male,17,463
17,nsw,male,18,451
17,nsw,male,19,456
17,nsw,male,20,611
17,nsw,male,21,555
17,nsw,male,22,496
17,nsw,male,23,495
17,nsw,male,24,494
17,nsw,male,25,638
17,nsw,male,26,571
17,nsw,male,27,513
17,nsw,male,28,512
17,nsw,male,29,501
17,nsw,male,30,596
17,nsw,male,31,542
17,nsw,male,32,491
17,nsw,male,33,469
17,nsw,male,34,469
17,nsw,male,35,524
17,nsw,male,36,491
17,nsw,male,37,472
17,nsw,male,38,496
17,nsw,male,39,500
17,nsw,male,40,542
17,nsw,male,41,523
17,nsw,male,42,472
17,nsw,male,43,464
17,nsw,male,44,454
17,nsw,male,45,480
17,nsw,male,46,477
17,nsw,male,47,478
17,nsw,male,48,485
17,nsw,male,49,491
17,nsw,male,50,517
17,nsw,male,51,493
17,nsw,male,52,473
17,nsw,male,53,455
17,nsw,male,54,461
17,nsw,male,55,455
17,nsw,male,56,437
17,nsw,male,57,417
17,nsw,male,58,412
17,nsw,male,59,405
17,nsw,male,60,408
17,nsw,male,61,400
17,nsw,male,62,377
17,nsw,male,63,388
17,nsw,male,64,387
17,nsw,male,65,388
17,nsw,male,66,344
17,nsw,male,67,324
17,nsw,male,68,297
17,nsw,male,69,276
17,nsw,male,70,256
17,nsw,male,71,244
17,nsw,male,72,236
17,nsw,male,73,219
17,nsw,male,74,210
17,nsw,male,75,203
17,nsw,male,76,185
17,nsw,male,77,173
17,nsw,male,78,163
17,nsw,male,79,144
17,nsw,male,80,150
17,nsw,male,81,141
17,nsw,male,82,134
17,nsw,male,83,118
17,nsw,male,84,108
17,nsw,male,85,98
17,nsw,male,86,74
17,nsw,male,87,71
17,nsw,male,88,62
17,nsw,male,89,51
17,nsw,male,90,42
17,nsw,male,91,27
17,nsw,male,92,22
17,nsw,male,93,13
17,nsw,male,94,15
17,nsw,male,95,10
17,nsw,male,96,5
17,nsw,male,97,4
17,nsw,male,99,2
17,nsw,male,102,1
17,nsw,female,0,497
17,nsw,female,1,516
17,nsw,female,2,461
17,nsw,female,3,455
17,nsw,female,4,448
17,nsw,female,5,464
17,nsw,female,6,444
17,nsw,female,7,424
17,nsw,female,8,422
17,nsw,female,9,421
17,nsw,female,10,437
17,nsw,female,11,437
17,nsw,female,12,421
17,nsw,female,13,412
17,nsw,female,14,427
17,nsw,female,15,478
17,nsw,female,16,453
17,nsw,female,17,429
17,nsw,female,18,440
17,nsw,female,19,434
17,nsw,female,20,585
17,nsw,female,21,545
17,nsw,female,22,477
17,nsw,female,23,470
17,nsw,female,24,468
17,nsw,female,25,624
17,nsw,female,26,580
17,nsw,female,27,504
17,nsw,female,28,509
17,nsw,female,29,507
17,nsw,female,30,588
17,nsw,female,31,524
17,nsw,female,32,477
17,nsw,female,33,485
17,nsw,female,34,476
17,nsw,female,35,519
17,nsw,female,36,508
17,nsw,female,37,491
17,nsw,female,38,506
17,nsw,female,39,519
17,nsw,female,40,564
17,nsw,female,41,512
17,nsw,female,42,481
17,nsw,female,43,485
17,nsw,female,44,468
17,nsw,female,45,485
17,nsw,female,46,477
17,nsw,female,47,486
17,nsw,female,48,501
17,nsw,female,49,503
17,nsw,female,50,513
17,nsw,female,51,504
17,nsw,female,52,484
17,nsw,female,53,465
17,nsw,female,54,462
17,nsw,female,55,461
17,nsw,female,56,442
17,nsw,female,57,432
17,nsw,female,58,416
17,nsw,female,59,408
17,nsw,female,60,423
17,nsw,female,61,394
17,nsw,female,62,382
17,nsw,female,63,382
17,nsw,female,64,388
17,nsw,female,65,398
17,nsw,female,66,344
17,nsw,female,67,323
17,nsw,female,68,302
17,nsw,female,69,282
17,nsw,female,70,271
17,nsw,female,71,259
17,nsw,female,72,249
17,nsw,female,73,238
17,nsw,female,74,231
17,nsw,female,75,219
17,nsw,female,76,216
17,nsw,female,77,196
17,nsw,female,78,193
17,nsw,female,79,183
17,nsw,female,80,186
17,nsw,female,81,189
17,nsw,female,82,174
17,nsw,female,83,172
17,nsw,female,84,151
17,nsw,female,85,146
17,nsw,female,86,133
17,nsw,female,87,115
17,nsw,female,88,103
17,nsw,female,89,94
17,nsw,female,90,89
17,nsw,female,91,60
17,nsw,female,92,50
17,nsw,female,93,35
17,nsw,female,94,34
17,nsw,female,95,24
17,nsw,female,96,18
17,nsw,female,97,13
17,nsw,female,98,11
17,nsw,female,99,6
17,nsw,female,100,3
17,nsw,female,101,2
17,nsw,female,102,2
17,vic,male,0,376
17,vic,male,1,374
17,vic,male,2,358
17,vic,male,3,350
17,vic,male,4,349
17,vic,male,5,367
17,vic,male,6,346
17,vic,male,7,329
17,vic,male,8,327
17,vic,male,9,323
17,vic,male,10,337
17,vic,male,11,334
17,vic,male,12,324
17,vic,male,13,333
17,vic,male,14,334
17,vic,male,15,383
17,vic,male,16,370
17,vic,male,17,346
17,vic,male,18,353
17,vic,male,19,352
17,vic,male,20,476
17,vic,male,21,464
17,vic,male,22,410
17,vic,male,23,410
17,vic,male,24,421
17,vic,male,25,513
17,vic,male,26,478
17,vic,male,27,422
17,vic,male,28,420
17,vic,male,29,411
17,vic,male,30,458
17,vic,male,31,416
17,vic,male,32,379
17,vic,male,33,373
17,vic,male,34,372
17,vic,male,35,401
17,vic,male,36,385
17,vic,male,37,375
17,vic,male,38,380
17,vic,male,39,392
17,vic,male,40,419
17,vic,male,41,408
17,vic,male,42,387
17,vic,male,43,377
17,vic,male,44,370
17,vic,male,45,377
17,vic,male,46,361
17,vic,male,47,361
17,vic,male,48,365
17,vic,male,49,369
17,vic,male,50,372
17,vic,male,51,368
17,vic,male,52,351
17,vic,male,53,336
17,vic,male,54,334
17,vic,male,55,332
17,vic,male,56,335
17,vic,male,57,310
17,vic,male,58,307
17,vic,male,59,301
17,vic,male,60,302
17,vic,male,61,291
17,vic,male,62,282
17,vic,male,63,280
17,vic,male,64,289
17,vic,male,65,289
17,vic,male,66,241
17,vic,male,67,226
17,vic,male,68,215
17,vic,male,69,197
17,vic,male,70,195
17,vic,male,71,185
17,vic,male,72,174
17,vic,male,73,161
17,vic,male,74,158
17,vic,male,75,145
17,vic,male,76,136
17,vic,male,77,128
17,vic,male,78,123
17,vic,male,79,114
17,vic,male,80,115
17,vic,male,81,104
17,vic,male,82,96
17,vic,male,83,85
17,vic,male,84,82
17,vic,male,85,70
17,vic,male,86,57
17,vic,male,87,49
17,vic,male,88,40
17,vic,male,89,36
17,vic,male,90,27
17,vic,male,91,22
17,vic,male,92,16
17,vic,male,93,11
17,vic,male,94,9
17,vic,male,95,7
17,vic,male,96,6
17,vic,male,97,4
17,vic,male,98,2
17,vic,male,99,1
17,vic,male,100,1
17,vic,female,0,369
17,vic,female,1,345
17,vic,female,2,340
17,vic,female,3,335
17,vic,female,4,332
17,vic,female,5,351
17,vic,female,6,327
17,vic,female,7,314
17,vic,female,8,309
17,vic,female,9,310
17,vic,female,10,326
17,vic,female,11,324
17,vic,female,12,313
17,vic,female,13,311
17,vic,female,14,313
17,vic,female,15,365
17,vic,female,16,343
17,vic,female,17,326
17,vic,female,18,328
17,vic,female,19,338
17,vic,female,20,460
17,vic,female,21,442
17,vic,female,22,393
17,vic,female,23,388
17,vic,female,24,388
17,vic,female,25,492
17,vic,female,26,463
17,vic,female,27,401
17,vic,female,28,410
17,vic,female,29,396
17,vic,female,30,449
17,vic,female,31,423
17,vic,female,32,372
17,vic,female,33,371
17,vic,female,34,368
17,vic,female,35,399
17,vic,female,36,384
17,vic,female,37,379
17,vic,female,38,387
17,vic,female,39,400
17,vic,female,40,442
17,vic,female,41,423
17,vic,female,42,400
17,vic,female,43,391
17,vic,female,44,378
17,vic,female,45,383
17,vic,female,46,384
17,vic,female,47,367
17,vic,female,48,385
17,vic,female,49,376
17,vic,female,50,393
17,vic,female,51,381
17,vic,female,52,363
17,vic,female,53,357
17,vic,female,54,343
17,vic,female,55,354
17,vic,female,56,342
17,vic,female,57,323
17,vic,female,58,323
17,vic,female,59,313
17,vic,female,60,312
17,vic,female,61,307
17,vic,female,62,296
17,vic,female,63,290
17,vic,female,64,292
17,vic,female,65,297
17,vic,female,66,259
17,vic,female,67,242
17,vic,female,68,227
17,vic,female,69,213
17,vic,female,70,204
17,vic,female,71,195
17,vic,female,72,183
17,vic,female,73,183
17,vic,female,74,172
17,vic,female,75,164
17,vic,female,76,163
17,vic,female,77,153
17,vic,female,78,145
17,vic,female,79,141
17,vic,female,80,138
17,vic,female,81,139
17,vic,female,82,131
17,vic,female,83,129
17,vic,female,84,113
17,vic,female,85,111
17,vic,female,86,98
17,vic,female,87,74
17,vic,female,88,78
17,vic,female,89,71
17,vic,female,90,57
17,vic,female,91,48
17,vic,female,92,34
17,vic,female,93,27
17,vic,female,94,24
17,vic,female,95,16
17,vic,female,96,9
17,vic,female,97,13
17,vic,female,98,8
17,vic,female,99,5
17,vic,female,100,3
17,vic,female,101,4
17,vic,female,102,1
17,qld,male,0,338
17,qld,male,1,328
17,qld,male,2,313
17,qld,male,3,312
17,qld,male,4,305
17,qld,male,5,321
17,qld,male,6,305
17,qld,male,7,287
17,qld,male,8,286
17,qld,male,9,282
17,qld,male,10,303
17,qld,male,11,303
17,qld,male,12,295
17,qld,male,13,290
17,qld,male,14,290
17,qld,male,15,322
17,qld,male,16,320
17,qld,male,17,297
17,qld,male,18,301
17,qld,male,19,297
17,qld,male,20,373
17,qld,male,21,362
17,qld,male,22,312
17,qld,male,23,315
17,qld,male,24,310
17,qld,male,25,406
17,qld,male,26,364
17,qld,male,27,326
17,qld,male,28,323
17,qld,male,29,321
17,qld,male,30,356
17,qld,male,31,336
17,qld,male,32,286
17,qld,male,33,283
17,qld,male,34,282
17,qld,male,35,316
17,qld,male,36,313
17,qld,male,37,303
17,qld,male,38,308
17,qld,male,39,317
17,qld,male,40,345
17,qld,male,41,339
17,qld,male,42,307
17,qld,male,43,302
17,qld,male,44,293
17,qld,male,45,303
17,qld,male,46,294
17,qld,male,47,295
17,qld,male,48,300
17,qld,male,49,301
17,qld,male,50,314
17,qld,male,51,297
17,qld,male,52,291
17,qld,male,53,282
17,qld,male,54,266
17,qld,male,55,284
17,qld,male,56,269
17,qld,male,57,254
17,qld,male,58,255
17,qld,male,59,254
17,qld,male,60,253
17,qld,male,61,240
17,qld,male,62,239
17,qld,male,63,241
17,qld,male,64,244
17,qld,male,65,243
17,qld,male,66,208
17,qld,male,67,194
17,qld,male,68,178
17,qld,male,69,159
17,qld,male,70,161
17,qld,male,71,143
17,qld,male,72,140
17,qld,male,73,131
17,qld,male,74,124
17,qld,male,75,108
17,qld,male,76,100
17,qld,male,77,91
17,qld,male,78,88
17,qld,male,79,87
17,qld,male,80,78
17,qld,male,81,71
17,qld,male,82,70
17,qld,male,83,65
17,qld,male,84,62
17,qld,male,85,48
17,qld,male,86,41
17,qld,male,87,31
17,qld,male,88,29
17,qld,male,89,27
17,qld,male,90,23
17,qld,male,91,15
17,qld,male,92,11
17,qld,male,93,8
17,qld,male,94,6
17,qld,male,95,5
17,qld,male,96,3
17,qld,male,97,2
17,qld,male,98,1
17,qld,male,99,2
17,qld,male,100,1
17,qld,female,0,355
17,qld,female,1,323
17,qld,female,2,291
17,qld,female,3,291
17,qld,female,4,290
17,qld,female,5,302
17,qld,female,6,295
17,qld,female,7,276
17,qld,female,8,272
17,qld,female,9,269
17,qld,female,10,292
17,qld,female,11,289
17,qld,female,12,273
17,qld,female,13,278
17,qld,female,14,277
17,qld,female,15,312
17,qld,female,16,301
17,qld,female,17,281
17,qld,female,18,284
17,qld,female,19,287
17,qld,female,20,366
17,qld,female,21,340
17,qld,female,22,303
17,qld,female,23,298
17,qld,female,24,306
17,qld,female,25,389
17,qld,female,26,353
17,qld,female,27,314
17,qld,female,28,318
17,qld,female,29,305
17,qld,female,30,344
17,qld,female,31,325
17,qld,female,32,292
17,qld,female,33,287
17,qld,female,34,291
17,qld,female,35,317
17,qld,female,36,311
17,qld,female,37,296
17,qld,female,38,311
17,qld,female,39,324
17,qld,female,40,353
17,qld,female,41,335
17,qld,female,42,314
17,qld,female,43,302
17,qld,female,44,298
17,qld,female,45,310
17,qld,female,46,301
17,qld,female,47,305
17,qld,female,48,308
17,qld,female,49,305
17,qld,female,50,323
17,qld,female,51,308
17,qld,female,52,291
17,qld,female,53,286
17,qld,female,54,283
17,qld,female,55,287
17,qld,female,56,277
17,qld,female,57,264
17,qld,female,58,254
17,qld,female,59,249
17,qld,female,60,252
17,qld,female,61,250
17,qld,female,62,235
17,qld,female,63,231
17,qld,female,64,237
17,qld,female,65,229
17,qld,female,66,209
17,qld,female,67,195
17,qld,female,68,176
17,qld,female,69,162
17,qld,female,70,159
17,qld,female,71,148
17,qld,female,72,141
17,qld,female,73,127
17,qld,female,74,120
17,qld,female,75,119
17,qld,female,76,112
17,qld,female,77,103
17,qld,female,78,99
17,qld,female,79,99
17,qld,female,80,96
17,qld,female,81,93
17,qld,female,82,84
17,qld,female,83,84
17,qld,female,84,76
17,qld,female,85,71
17,qld,female,86,64
17,qld,female,87,57
17,qld,female,88,45
17,qld,female,89,45
17,qld,female,90,38
17,qld,female,91,35
17,qld,female,92,23
17,qld,female,93,20
17,qld,female,94,15
17,qld,female,95,14
17,qld,female,96,11
17,qld,female,97,5
17,qld,female,98,4
17,qld,female,99,3
17,qld,female,100,4
17,qld,female,101,2
17,sa,male,0,107
17,sa,male,1,102
17,sa,male,2,103
17,sa,male,3,99
17,sa,male,4,96
17,sa,male,5,104
17,sa,male,6,102
17,sa,male,7,95
17,sa,male,8,93
17,sa,male,9,97
17,sa,male,10,104
17,sa,male,11,98
17,sa,male,12,98
17,sa,male,13,100
17,sa,male,14,99
17,sa,male,15,113
17,sa,male,16,106
17,sa,male,17,107
17,sa,male,18,105
17,sa,male,19,111
17,sa,male,20,125
17,sa,male,21,134
17,sa,male,22,114
17,sa,male,23,119
17,sa,male,24,118
17,sa,male,25,134
17,sa,male,26,126
17,sa,male,27,119
17,sa,male,28,115
17,sa,male,29,118
17,sa,male,30,126
17,sa,male,31,111
17,sa,male,32,102
17,sa,male,33,98
17,sa,male,34,95
17,sa,male,35,105
17,sa,male,36,111
17,sa,male,37,100
17,sa,male,38,103
17,sa,male,39,111
17,sa,male,40,119
17,sa,male,41,117
17,sa,male,42,121
17,sa,male,43,113
17,sa,male,44,113
17,sa,male,45,114
17,sa,male,46,110
17,sa,male,47,113
17,sa,male,48,116
17,sa,male,49,117
17,sa,male,50,120
17,sa,male,51,113
17,sa,male,52,114
17,sa,male,53,114
17,sa,male,54,107
17,sa,male,55,107
17,sa,male,56,105
17,sa,male,57,102
17,sa,male,58,97
17,sa,male,59,98
17,sa,male,60,97
17,sa,male,61,94
17,sa,male,62,97
17,sa,male,63,90
17,sa,male,64,94
17,sa,male,65,93
17,sa,male,66,84
17,sa,male,67,72
17,sa,male,68,71
17,sa,male,69,67
17,sa,male,70,62
17,sa,male,71,58
17,sa,male,72,59
17,sa,male,73,54
17,sa,male,74,53
17,sa,male,75,52
17,sa,male,76,46
17,sa,male,77,41
17,sa,male,78,41
17,sa,male,79,40
17,sa,male,80,37
17,sa,male,81,35
17,sa,male,82,32
17,sa,male,83,29
17,sa,male,84,31
17,sa,male,85,28
17,sa,male,86,24
17,sa,male,87,17
17,sa,male,88,16
17,sa,male,89,11
17,sa,male,90,10
17,sa,male,91,9
17,sa,male,92,7
17,sa,male,93,3
17,sa,male,94,3
17,sa,male,95,3
17,sa,male,96,1
17,sa,male,97,1
17,sa,male,98,1
17,sa,male,101,1
17,sa,female,0,107
17,sa,female,1,113
17,sa,female,2,96
17,sa,female,3,95
17,sa,female,4,96
17,sa,female,5,101
17,sa,female,6,94
17,sa,female,7,90
17,sa,female,8,90
17,sa,female,9,88
17,sa,female,10,96
17,sa,female,11,96
17,sa,female,12,95
17,sa,female,13,96
17,sa,female,14,97
17,sa,female,15,107
17,sa,female,16,104
17,sa,female,17,100
17,sa,female,18,99
17,sa,female,19,105
17,sa,female,20,124
17,sa,female,21,116
17,sa,female,22,113
17,sa,female,23,109
17,sa,female,24,112
17,sa,female,25,136
17,sa,female,26,128
17,sa,female,27,111
17,sa,female,28,108
17,sa,female,29,108
17,sa,female,30,120
17,sa,female,31,107
17,sa,female,32,105
17,sa,female,33,93
17,sa,female,34,101
17,sa,female,35,111
17,sa,female,36,106
17,sa,female,37,102
17,sa,female,38,106
17,sa,female,39,113
17,sa,female,40,121
17,sa,female,41,118
17,sa,female,42,111
17,sa,female,43,112
17,sa,female,44,111
17,sa,female,45,117
17,sa,female,46,113
17,sa,female,47,113
17,sa,female,48,117
17,sa,female,49,117
17,sa,female,50,122
17,sa,female,51,119
17,sa,female,52,114
17,sa,female,53,113
17,sa,female,54,110
17,sa,female,55,112
17,sa,female,56,105
17,sa,female,57,106
17,sa,female,58,106
17,sa,female,59,105
17,sa,female,60,104
17,sa,female,61,102
17,sa,female,62,97
17,sa,female,63,95
17,sa,female,64,100
17,sa,female,65,98
17,sa,female,66,89
17,sa,female,67,79
17,sa,female,68,76
17,sa,female,69,68
17,sa,female,70,68
17,sa,female,71,65
17,sa,female,72,61
17,sa,female,73,62
17,sa,female,74,59
17,sa,female,75,55
17,sa,female,76,51
17,sa,female,77,48
17,sa,female,78,50
17,sa,female,79,49
17,sa,female,80,46
17,sa,female,81,47
17,sa,female,82,46
17,sa,female,83,42
17,sa,female,84,43
17,sa,female,85,37
17,sa,female,86,38
17,sa,female,87,35
17,sa,female,88,31
17,sa,female,89,25
17,sa,female,90,24
17,sa,female,91,17
17,sa,female,92,8
17,sa,female,93,12
17,sa,female,94,8
17,sa,female,95,6
17,sa,female,96,5
17,sa,female,97,4
17,sa,female,98,4
17,sa,female,100,2
17,sa,female,101,2
17,wa,male,0,167
17,wa,male,1,178
17,wa,male,2,156
17,wa,male,3,151
17,wa,male,4,154
17,wa,male,5,177
17,wa,male,6,154
17,wa,male,7,141
17,wa,male,8,141
17,wa,male,9,143
17,wa,male,10,162
17,wa,male,11,146
17,wa,male,12,148
17,wa,male,13,150
17,wa,male,14,149
17,wa,male,15,167
17,wa,male,16,163
17,wa,male,17,152
17,wa,male,18,153
17,wa,male,19,157
17,wa,male,20,228
17,wa,male,21,184
17,wa,male,22,170
17,wa,male,23,174
17,wa,male,24,174
17,wa,male,25,243
17,wa,male,26,224
17,wa,male,27,188
17,wa,male,28,183
17,wa,male,29,178
17,wa,male,30,218
17,wa,male,31,185
17,wa,male,32,160
17,wa,male,33,155
17,wa,male,34,153
17,wa,male,35,168
17,wa,male,36,172
17,wa,male,37,158
17,wa,male,38,162
17,wa,male,39,172
17,wa,male,40,202
17,wa,male,41,185
17,wa,male,42,171
17,wa,male,43,164
17,wa,male,44,162
17,wa,male,45,175
17,wa,male,46,168
17,wa,male,47,162
17,wa,male,48,163
17,wa,male,49,160
17,wa,male,50,169
17,wa,male,51,161
17,wa,male,52,157
17,wa,male,53,155
17,wa,male,54,144
17,wa,male,55,157
17,wa,male,56,143
17,wa,male,57,142
17,wa,male,58,134
17,wa,male,59,133
17,wa,male,60,136
17,wa,male,61,130
17,wa,male,62,121
17,wa,male,63,122
17,wa,male,64,126
17,wa,male,65,115
17,wa,male,66,103
17,wa,male,67,90
17,wa,male,68,85
17,wa,male,69,83
17,wa,male,70,77
17,wa,male,71,73
17,wa,male,72,69
17,wa,male,73,62
17,wa,male,74,60
17,wa,male,75,57
17,wa,male,76,50
17,wa,male,77,45
17,wa,male,78,46
17,wa,male,79,44
17,wa,male,80,39
17,wa,male,81,38
17,wa,male,82,34
17,wa,male,83,27
17,wa,male,84,28
17,wa,male,85,24
17,wa,male,86,18
17,wa,male,87,15
17,wa,male,88,17
17,wa,male,89,10
17,wa,male,90,11
17,wa,male,91,9
17,wa,male,92,5
17,wa,male,93,5
17,wa,male,94,3
17,wa,male,95,2
17,wa,male,96,2
17,wa,male,97,1
17,wa,male,98,1
17,wa,male,100,1
17,wa,female,0,140
17,wa,female,1,178
17,wa,female,2,146
17,wa,female,3,148
17,wa,female,4,149
17,wa,female,5,166
17,wa,female,6,152
17,wa,female,7,137
17,wa,female,8,137
17,wa,female,9,139
17,wa,female,10,150
17,wa,female,11,149
17,wa,female,12,140
17,wa,female,13,142
17,wa,female,14,140
17,wa,female,15,161
17,wa,female,16,156
17,wa,female,17,141
17,wa,female,18,147
17,wa,female,19,147
17,wa,female,20,202
17,wa,female,21,184
17,wa,female,22,156
17,wa,female,23,163
17,wa,female,24,160
17,wa,female,25,252
17,wa,female,26,194
17,wa,female,27,169
17,wa,female,28,166
17,wa,female,29,168
17,wa,female,30,200
17,wa,female,31,178
17,wa,female,32,157
17,wa,female,33,154
17,wa,female,34,150
17,wa,female,35,182
17,wa,female,36,167
17,wa,female,37,155
17,wa,female,38,159
17,wa,female,39,170
17,wa,female,40,180
17,wa,female,41,181
17,wa,female,42,169
17,wa,female,43,164
17,wa,female,44,162
17,wa,female,45,166
17,wa,female,46,156
17,wa,female,47,164
17,wa,female,48,163
17,wa,female,49,162
17,wa,female,50,167
17,wa,female,51,162
17,wa,female,52,157
17,wa,female,53,150
17,wa,female,54,147
17,wa,female,55,163
17,wa,female,56,147
17,wa,female,57,138
17,wa,female,58,136
17,wa,female,59,128
17,wa,female,60,132
17,wa,female,61,127
17,wa,female,62,119
17,wa,female,63,116
17,wa,female,64,119
17,wa,female,65,116
17,wa,female,66,99
17,wa,female,67,96
17,wa,female,68,85
17,wa,female,69,82
17,wa,female,70,77
17,wa,female,71,74
17,wa,female,72,69
17,wa,female,73,67
17,wa,female,74,61
17,wa,female,75,60
17,wa,female,76,55
17,wa,female,77,51
17,wa,female,78,53
17,wa,female,79,49
17,wa,female,80,48
17,wa,female,81,46
17,wa,female,82,44
17,wa,female,83,41
17,wa,female,84,41
17,wa,female,85,29
17,wa,female,86,33
17,wa,female,87,29
17,wa,female,88,25
17,wa,female,89,25
17,wa,female,90,19
17,wa,female,91,16
17,wa,female,92,12
17,wa,female,93,9
17,wa,female,94,8
17,wa,female,95,6
17,wa,female,96,6
17,wa,female,97,4
17,wa,female,98,3
17,wa,female,99,2
17,wa,female,102,1
17,tas,male,0,33
17,tas,male,1,35
17,tas,male,2,34
17,tas,male,3,36
17,tas,male,4,34
17,tas,male,5,34
17,tas,male,6,36
17,tas,male,7,32
17,tas,male,8,32
17,tas,male,9,33
17,tas,male,10,34
17,tas,male,11,36
17,tas,male,12,35
17,tas,male,13,37
17,tas,male,14,37
17,tas,male,15,37
17,tas,male,16,39
17,tas,male,17,36
17,tas,male,18,39
17,tas,male,19,39
17,tas,male,20,39
17,tas,male,21,39
17,tas,male,22,37
17,tas,male,23,37
17,tas,male,24,37
17,tas,male,25,38
17,tas,male,26,37
17,tas,male,27,32
17,tas,male,28,32
17,tas,male,29,33
17,tas,male,30,31
17,tas,male,31,31
17,tas,male,32,28
17,tas,male,33,34
17,tas,male,34,30
17,tas,male,35,30
17,tas,male,36,32
17,tas,male,37,34
17,tas,male,38,33
17,tas,male,39,36
17,tas,male,40,38
17,tas,male,41,36
17,tas,male,42,38
17,tas,male,43,37
17,tas,male,44,34
17,tas,male,45,34
17,tas,male,46,34
17,tas,male,47,35
17,tas,male,48,40
17,tas,male,49,39
17,tas,male,50,39
17,tas,male,51,42
17,tas,male,52,37
17,tas,male,53,38
17,tas,male,54,35
17,tas,male,55,37
17,tas,male,56,40
17,tas,male,57,34
17,tas,male,58,34
17,tas,male,59,36
17,tas,male,60,34
17,tas,male,61,35
17,tas,male,62,33
17,tas,male,63,32
17,tas,male,64,34
17,tas,male,65,32
17,tas,male,66,27
17,tas,male,67,26
17,tas,male,68,27
17,tas,male,69,23
17,tas,male,70,23
17,tas,male,71,21
17,tas,male,72,17
17,tas,male,73,18
17,tas,male,74,18
17,tas,male,75,16
17,tas,male,76,14
17,tas,male,77,12
17,tas,male,78,14
17,tas,male,79,12
17,tas,male,80,13
17,tas,male,81,11
17,tas,male,82,11
17,tas,male,83,8
17,tas,male,84,8
17,tas,male,85,8
17,tas,male,86,9
17,tas,male,87,5
17,tas,male,88,5
17,tas,male,89,4
17,tas,male,90,1
17,tas,male,91,1
17,tas,male,92,1
17,tas,male,94,1
17,tas,male,95,1
17,tas,female,0,31
17,tas,female,1,31
17,tas,female,2,32
17,tas,female,3,32
17,tas,female,4,33
17,tas,female,5,33
17,tas,female,6,31
17,tas,female,7,33
17,tas,female,8,28
17,tas,female,9,31
17,tas,female,10,33
17,tas,female,11,30
17,tas,female,12,32
17,tas,female,13,34
17,tas,female,14,33
17,tas,female,15,32
17,tas,female,16,37
17,tas,female,17,38
17,tas,female,18,37
17,tas,female,19,31
17,tas,female,20,38
17,tas,female,21,34
17,tas,female,22,31
17,tas,female,23,35
17,tas,female,24,32
17,tas,female,25,38
17,tas,female,26,35
17,tas,female,27,34
17,tas,female,28,31
17,tas,female,29,29
17,tas,female,30,38
17,tas,female,31,33
17,tas,female,32,30
17,tas,female,33,30
17,tas,female,34,29
17,tas,female,35,33
17,tas,female,36,32
17,tas,female,37,33
17,tas,female,38,35
17,tas,female,39,32
17,tas,female,40,46
17,tas,female,41,41
17,tas,female,42,40
17,tas,female,43,35
17,tas,female,44,37
17,tas,female,45,34
17,tas,female,46,35
17,tas,female,47,39
17,tas,female,48,37
17,tas,female,49,37
17,tas,female,50,42
17,tas,female,51,41
17,tas,female,52,38
17,tas,female,53,39
17,tas,female,54,37
17,tas,female,55,37
17,tas,female,56,39
17,tas,female,57,37
17,tas,female,58,34
17,tas,female,59,36
17,tas,female,60,35
17,tas,female,61,35
17,tas,female,62,31
17,tas,female,63,33
17,tas,female,64,33
17,tas,female,65,33
17,tas,female,66,26
17,tas,female,67,25
17,tas,female,68,22
17,tas,female,69,23
17,tas,female,70,21
17,tas,female,71,22
17,tas,female,72,18
17,tas,female,73,19
17,tas,female,74,19
17,tas,female,75,18
17,tas,female,76,16
17,tas,female,77,16
17,tas,female,78,13
17,tas,female,79,15
17,tas,female,80,14
17,tas,female,81,13
17,tas,female,82,12
17,tas,female,83,13
17,tas,female,84,12
17,tas,female,85,11
17,tas,female,86,11
17,tas,female,87,10
17,tas,female,88,10
17,tas,female,89,8
17,tas,female,90,8
17,tas,female,91,5
17,tas,female,92,3
17,tas,female,93,2
17,tas,female,94,2
17,tas,female,95,2
17,tas,female,96,2
17,tas,female,97,3
17,tas,female,99,1
17,tas,female,101,1
17,nt,male,0,30
17,nt,male,1,25
17,nt,male,2,21
17,nt,male,3,23
17,nt,male,4,20
17,nt,male,5,22
17,nt,male,6,21
17,nt,male,7,18
17,nt,male,8,17
17,nt,male,9,20
17,nt,male,10,26
17,nt,male,11,21
17,nt,male,12,17
17,nt,male,13,17
17,nt,male,14,21
17,nt,male,15,18
17,nt,male,16,21
17,nt,male,17,20
17,nt,male,18,19
17,nt,male,19,24
17,nt,male,20,26
17,nt,male,21,22
17,nt,male,22,23
17,nt,male,23,22
17,nt,male,24,24
17,nt,male,25,29
17,nt,male,26,25
17,nt,male,27,26
17,nt,male,28,29
17,nt,male,29,22
17,nt,male,30,32
17,nt,male,31,26
17,nt,male,32,22
17,nt,male,33,21
17,nt,male,34,22
17,nt,male,35,26
17,nt,male,36,25
17,nt,male,37,20
17,nt,male,38,19
17,nt,male,39,20
17,nt,male,40,23
17,nt,male,41,20
17,nt,male,42,22
17,nt,male,43,17
17,nt,male,44,17
17,nt,male,45,20
17,nt,male,46,20
17,nt,male,47,23
17,nt,male,48,17
17,nt,male,49,18
17,nt,male,50,19
17,nt,male,51,17
17,nt,male,52,16
17,nt,male,53,14
17,nt,male,54,16
17,nt,male,55,14
17,nt,male,56,14
17,nt,male,57,14
17,nt,male,58,14
17,nt,male,59,13
17,nt,male,60,14
17,nt,male,61,12
17,nt,male,62,16
17,nt,male,63,11
17,nt,male,64,9
17,nt,male,65,11
17,nt,male,66,8
17,nt,male,67,9
17,nt,male,68,6
17,nt,male,69,6
17,nt,male,70,7
17,nt,male,71,7
17,nt,male,72,6
17,nt,male,73,4
17,nt,male,74,4
17,nt,male,75,4
17,nt,male,76,3
17,nt,male,77,3
17,nt,male,78,2
17,nt,male,79,2
17,nt,male,80,2
17,nt,male,81,3
17,nt,male,82,2
17,nt,male,83,1
17,nt,male,84,1
17,nt,male,85,1
17,nt,female,0,30
17,nt,female,1,16
17,nt,female,2,20
17,nt,female,3,20
17,nt,female,4,19
17,nt,female,5,21
17,nt,female,6,19
17,nt,female,7,18
17,nt,female,8,20
17,nt,female,9,19
17,nt,female,10,17
17,nt,female,11,17
17,nt,female,12,17
17,nt,female,13,18
17,nt,female,14,16
17,nt,female,15,18
17,nt,female,16,16
17,nt,female,17,19
17,nt,female,18,15
17,nt,female,19,17
17,nt,female,20,22
17,nt,female,21,19
17,nt,female,22,17
17,nt,female,23,18
17,nt,female,24,20
17,nt,female,25,27
17,nt,female,26,25
17,nt,female,27,23
17,nt,female,28,25
17,nt,female,29,22
17,nt,female,30,26
17,nt,female,31,23
17,nt,female,32,20
17,nt,female,33,18
17,nt,female,34,22
17,nt,female,35,23
17,nt,female,36,19
17,nt,female,37,21
17,nt,female,38,21
17,nt,female,39,22
17,nt,female,40,22
17,nt,female,41,22
17,nt,female,42,22
17,nt,female,43,17
17,nt,female,44,17
17,nt,female,45,18
17,nt,female,46,18
17,nt,female,47,16
17,nt,female,48,14
17,nt,female,49,14
17,nt,female,50,18
17,nt,female,51,14
17,nt,female,52,15
17,nt,female,53,15
17,nt,female,54,17
17,nt,female,55,14
17,nt,female,56,13
17,nt,female,57,11
17,nt,female,58,15
17,nt,female,59,11
17,nt,female,60,14
17,nt,female,61,10
17,nt,female,62,8
17,nt,female,63,8
17,nt,female,64,8
17,nt,female,65,9
17,nt,female,66,9
17,nt,female,67,8
17,nt,female,68,4
17,nt,female,69,4
17,nt,female,70,7
17,nt,female,71,5
17,nt,female,72,4
17,nt,female,73,4
17,nt,female,74,2
17,nt,female,75,2
17,nt,female,76,2
17,nt,female,77,4
17,nt,female,78,3
17,nt,female,79,2
17,nt,female,80,1
17,nt,female,81,1
17,nt,female,82,1
17,nt,female,84,1
17,nt,female,85,1
17,nt,female,86,1
17,nt,female,87,1
17,nt,female,88,1
17,act,male,0,35
17,act,male,1,31
17,act,male,2,23
17,act,male,3,25
17,act,male,4,24
17,act,male,5,25
17,act,male,6,27
17,act,male,7,24
17,act,male,8,22
17,act,male,9,22
17,act,male,10,23
17,act,male,11,22
17,act,male,12,20
17,act,male,13,22
17,act,male,14,21
17,act,male,15,25
17,act,male,16,23
17,act,male,17,26
17,act,male,18,26
17,act,male,19,32
17,act,male,20,42
17,act,male,21,36
17,act,male,22,36
17,act,male,23,34
17,act,male,24,36
17,act,male,25,40
17,act,male,26,38
17,act,male,27,35
17,act,male,28,32
17,act,male,29,35
17,act,male,30,38
17,act,male,31,35
17,act,male,32,28
17,act,male,33,31
17,act,male,34,27
17,act,male,35,35
17,act,male,36,28
17,act,male,37,32
17,act,male,38,27
17,act,male,39,27
17,act,male,40,33
17,act,male,41,26
17,act,male,42,29
17,act,male,43,28
17,act,male,44,27
17,act,male,45,28
17,act,male,46,26
17,act,male,47,27
17,act,male,48,26
17,act,male,49,25
17,act,male,50,27
17,act,male,51,25
17,act,male,52,25
17,act,male,53,24
17,act,male,54,24
17,act,male,55,22
17,act,male,56,21
17,act,male,57,23
17,act,male,58,21
17,act,male,59,20
17,act,male,60,21
17,act,male,61,21
17,act,male,62,18
17,act,male,63,17
17,act,male,64,19
17,act,male,65,17
17,act,male,66,12
17,act,male,67,14
17,act,male,68,11
17,act,male,69,13
17,act,male,70,10
17,act,male,71,10
17,act,male,72,11
17,act,male,73,10
17,act,male,74,8
17,act,male,75,7
17,act,male,76,8
17,act,male,77,6
17,act,male,78,6
17,act,male,79,6
17,act,male,80,4
17,act,male,81,5
17,act,male,82,3
17,act,male,83,4
17,act,male,84,3
17,act,male,85,4
17,act,male,86,4
17,act,male,87,3
17,act,male,88,2
17,act,male,90,2
17,act,male,91,2
17,act,male,93,1
17,act,female,0,34
17,act,female,1,25
17,act,female,2,24
17,act,female,3,23
17,act,female,4,23
17,act,female,5,27
17,act,female,6,21
17,act,female,7,22
17,act,female,8,22
17,act,female,9,22
17,act,female,10,25
17,act,female,11,24
17,act,female,12,21
17,act,female,13,23
17,act,female,14,21
17,act,female,15,27
17,act,female,16,24
17,act,female,17,25
17,act,female,18,26
17,act,female,19,28
17,act,female,20,36
17,act,female,21,36
17,act,female,22,36
17,act,female,23,35
17,act,female,24,32
17,act,female,25,40
17,act,female,26,34
17,act,female,27,34
17,act,female,28,35
17,act,female,29,33
17,act,female,30,36
17,act,female,31,37
17,act,female,32,29
17,act,female,33,29
17,act,female,34,27
17,act,female,35,31
17,act,female,36,29
17,act,female,37,26
17,act,female,38,30
17,act,female,39,31
17,act,female,40,30
17,act,female,41,30
17,act,female,42,31
17,act,female,43,27
17,act,female,44,28
17,act,female,45,26
17,act,female,46,26
17,act,female,47,26
17,act,female,48,26
17,act,female,49,27
17,act,female,50,28
17,act,female,51,30
17,act,female,52,30
17,act,female,53,24
17,act,female,54,25
17,act,female,55,25
17,act,female,56,20
17,act,female,57,24
17,act,female,58,21
17,act,female,59,23
17,act,female,60,22
17,act,female,61,20
17,act,female,62,18
17,act,female,63,20
17,act,female,64,22
17,act,female,65,21
17,act,female,66,16
17,act,female,67,14
17,act,female,68,13
17,act,female,69,11
17,act,female,70,11
17,act,female,71,10
17,act,female,72,10
17,act,female,73,10
17,act,female,74,10
17,act,female,75,8
17,act,female,76,7
17,act,female,77,8
17,act,female,78,8
17,act,female,79,8
17,act,female,80,6
17,act,female,81,6
17,act,female,82,5
17,act,female,83,6
17,act,female,84,5
17,act,female,85,5
17,act,female,86,5
17,act,female,87,5
17,act,female,88,4
17,act,female,89,2
17,act,female,90,3
17,act,female,92,2
17,act,female,93,1
17,act,female,96,1
18,nsw,male,0,531
18,nsw,male,1,537
18,nsw,male,2,480
18,nsw,male,3,470
18,nsw,male,4,463
18,nsw,male,5,498
18,nsw,male,6,468
18,nsw,male,7,449
18,nsw,male,8,446
18,nsw,male,9,436
18,nsw,male,10,474
18,nsw,male,11,462
18,nsw,male,12,442
18,nsw,male,13,442
18,nsw,male,14,440
18,nsw,male,15,518
18,nsw,male,16,487
18,nsw,male,17,461
18,nsw,male,18,453
18,nsw,male,19,452
18,nsw,male,20,610
18,nsw,male,21,564
18,nsw,male,22,496
18,nsw,male,23,492
18,nsw,male,24,494
18,nsw,male,25,648
18,nsw,male,26,572
18,nsw,male,27,512
18,nsw,male,28,511
18,nsw,male,29,500
18,nsw,male,30,596
18,nsw,male,31,548
18,nsw,male,32,492
18,nsw,male,33,473
18,nsw,male,34,471
18,nsw,male,35,515
18,nsw,male,36,500
18,nsw,male,37,468
18,nsw,male,38,495
18,nsw,male,39,501
18,nsw,male,40,541
18,nsw,male,41,527
18,nsw,male,42,474
18,nsw,male,43,465
18,nsw,male,44,450
18,nsw,male,45,481
18,nsw,male,46,478
18,nsw,male,47,476
18,nsw,male,48,486
18,nsw,male,49,489
18,nsw,male,50,516
18,nsw,male,51,495
18,nsw,male,52,475
18,nsw,male,53,454
18,nsw,male,54,459
18,nsw,male,55,456
18,nsw,male,56,436
18,nsw,male,57,418
18,nsw,male,58,408
18,nsw,male,59,408
18,nsw,male,60,404
18,nsw,male,61,401
18,nsw,male,62,376
18,nsw,male,63,384
18,nsw,male,64,387
18,nsw,male,65,393
18,nsw,male,66,347
18,nsw,male,67,324
18,nsw,male,68,298
18,nsw,male,69,275
18,nsw,male,70,258
18,nsw,male,71,244
18,nsw,male,72,238
18,nsw,male,73,216
18,nsw,male,74,211
18,nsw,male,75,204
18,nsw,male,76,186
18,nsw,male,77,172
18,nsw,male,78,165
18,nsw,male,79,143
18,nsw,male,80,148
18,nsw,male,81,141
18,nsw,male,82,134
18,nsw,male,83,117
18,nsw,male,84,110
18,nsw,male,85,100
18,nsw,male,86,74
18,nsw,male,87,73
18,nsw,male,88,61
18,nsw,male,89,52
18,nsw,male,90,39
18,nsw,male,91,27
18,nsw,male,92,22
18,nsw,male,93,12
18,nsw,male,94,15
18,nsw,male,95,11
18,nsw,male,96,5
18,nsw,male,97,4
18,nsw,male,99,2
18,nsw,male,102,1
18,nsw,female,0,490
18,nsw,female,1,525
18,nsw,female,2,460
18,nsw,female,3,456
18,nsw,female,4,447
18,nsw,female,5,464
18,nsw,female,6,447
18,nsw,female,7,421
18,nsw,female,8,424
18,nsw,female,9,419
18,nsw,female,10,438
18,nsw,female,11,436
18,nsw,female,12,423
18,nsw,female,13,411
18,nsw,female,14,425
18,nsw,female,15,481
18,nsw,female,16,452
18,nsw,female,17,427
18,nsw,female,18,437
18,nsw,female,19,435
18,nsw,female,20,578
18,nsw,female,21,553
18,nsw,female,22,475
18,nsw,female,23,470
18,nsw,female,24,468
18,nsw,female,25,619
18,nsw,female,26,588
18,nsw,female,27,505
18,nsw,female,28,506
18,nsw,female,29,506
18,nsw,female,30,593
18,nsw,female,31,528
18,nsw,female,32,476
18,nsw,female,33,485
18,nsw,female,34,475
18,nsw,female,35,519
18,nsw,female,36,508
18,nsw,female,37,490
18,nsw,female,38,503
18,nsw,female,39,518
18,nsw,female,40,564
18,nsw,female,41,516
18,nsw,female,42,480
18,nsw,female,43,486
18,nsw,female,44,471
18,nsw,female,45,483
18,nsw,female,46,480
18,nsw,female,47,482
18,nsw,female,48,499
18,nsw,female,49,503
18,nsw,female,50,513
18,nsw,female,51,507
18,nsw,female,52,483
18,nsw,female,53,466
18,nsw,female,54,460
18,nsw,female,55,463
18,nsw,female,56,446
18,nsw,female,57,430
18,nsw,female,58,415
18,nsw,female,59,412
18,nsw,female,60,426
18,nsw,female,61,392
18,nsw,female,62,383
18,nsw,female,63,380
18,nsw,female,64,387
18,nsw,female,65,400
18,nsw,female,66,346
18,nsw,female,67,324
18,nsw,female,68,304
18,nsw,female,69,283
18,nsw,female,70,274
18,nsw,female,71,260
18,nsw,female,72,247
18,nsw,female,73,237
18,nsw,female,74,231
18,nsw,female,75,221
18,nsw,female,76,219
18,nsw,female,77,193
18,nsw,female,78,192
18,nsw,female,79,183
18,nsw,female,80,187
18,nsw,female,81,188
18,nsw,female,82,174
18,nsw,female,83,173
18,nsw,female,84,152
18,nsw,female,85,145
18,nsw,female,86,131
18,nsw,female,87,114
18,nsw,female,88,103
18,nsw,female,89,97
18,nsw,female,90,86
18,nsw,female,91,60
18,nsw,female,92,51
18,nsw,female,93,35
18,nsw,female,94,33
18,nsw,female,95,24
18,nsw,female,96,18
18,nsw,female,97,14
18,nsw,female,98,11
18,nsw,female,99,7
18,nsw,female,100,3
18,nsw,female,101,2
18,nsw,female,102,2
18,vic,male,0,371
18,vic,male,1,373
18,vic,male,2,357
18,vic,male,3,349
18,vic,male,4,350
18,vic,male,5,365
18,vic,male,6,349
18,vic,male,7,328
18,vic,male,8,328
18,vic,male,9,323
18,vic,male,10,335
18,vic,male,11,335
18,vic,male,12,324
18,vic,male,13,332
18,vic,male,14,334
18,vic,male,15,382
18,vic,male,16,373
18,vic,male,17,345
18,vic,male,18,354
18,vic,male,19,350
18,vic,male,20,476
18,vic,male,21,468
18,vic,male,22,408
18,vic,male,23,410
18,vic,male,24,419
18,vic,male,25,513
18,vic,male,26,485
18,vic,male,27,421
18,vic,male,28,419
18,vic,male,29,413
18,vic,male,30,461
18,vic,male,31,423
18,vic,male,32,379
18,vic,male,33,373
18,vic,male,34,372
18,vic,male,35,400
18,vic,male,36,383
18,vic,male,37,375
18,vic,male,38,377
18,vic,male,39,389
18,vic,male,40,419
18,vic,male,41,409
18,vic,male,42,386
18,vic,male,43,376
18,vic,male,44,371
18,vic,male,45,379
18,vic,male,46,363
18,vic,male,47,356
18,vic,male,48,364
18,vic,male,49,371
18,vic,male,50,371
18,vic,male,51,368
18,vic,male,52,352
18,vic,male,53,339
18,vic,male,54,332
18,vic,male,55,332
18,vic,male,56,335
18,vic,male,57,312
18,vic,male,58,308
18,vic,male,59,301
18,vic,male,60,301
18,vic,male,61,293
18,vic,male,62,282
18,vic,male,63,278
18,vic,male,64,288
18,vic,male,65,292
18,vic,male,66,243
18,vic,male,67,227
18,vic,male,68,214
18,vic,male,69,197
18,vic,male,70,195
18,vic,male,71,186
18,vic,male,72,174
18,vic,male,73,165
18,vic,male,74,156
18,vic,male,75,143
18,vic,male,76,137
18,vic,male,77,130
18,vic,male,78,125
18,vic,male,79,112
18,vic,male,80,115
18,vic,male,81,105
18,vic,male,82,95
18,vic,male,83,90
18,vic,male,84,77
18,vic,male,85,72
18,vic,male,86,58
18,vic,male,87,48
18,vic,male,88,41
18,vic,male,89,36
18,vic,male,90,29
18,vic,male,91,22
18,vic,male,92,15
18,vic,male,93,11
18,vic,male,94,9
18,vic,male,95,8
18,vic,male,96,6
18,vic,male,97,4
18,vic,male,98,2
18,vic,male,99,1
18,vic,male,100,1
18,vic,female,0,360
18,vic,female,1,349
18,vic,female,2,339
18,vic,female,3,338
18,vic,female,4,330
18,vic,female,5,351
18,vic,female,6,329
18,vic,female,7,315
18,vic,female,8,308
18,vic,female,9,310
18,vic,female,10,329
18,vic,female,11,324
18,vic,female,12,311
18,vic,female,13,313
18,vic,female,14,310
18,vic,female,15,359
18,vic,female,16,348
18,vic,female,17,325
18,vic,female,18,327
18,vic,female,19,339
18,vic,female,20,461
18,vic,female,21,448
18,vic,female,22,394
18,vic,female,23,387
18,vic,female,24,390
18,vic,female,25,487
18,vic,female,26,472
18,vic,female,27,401
18,vic,female,28,412
18,vic,female,29,394
18,vic,female,30,449
18,vic,female,31,427
18,vic,female,32,374
18,vic,female,33,371
18,vic,female,34,366
18,vic,female,35,394
18,vic,female,36,387
18,vic,female,37,379
18,vic,female,38,384
18,vic,female,39,400
18,vic,female,40,440
18,vic,female,41,425
18,vic,female,42,401
18,vic,female,43,391
18,vic,female,44,379
18,vic,female,45,384
18,vic,female,46,385
18,vic,female,47,364
18,vic,female,48,383
18,vic,female,49,375
18,vic,female,50,395
18,vic,female,51,381
18,vic,female,52,361
18,vic,female,53,359
18,vic,female,54,344
18,vic,female,55,353
18,vic,female,56,342
18,vic,female,57,324
18,vic,female,58,322
18,vic,female,59,316
18,vic,female,60,309
18,vic,female,61,310
18,vic,female,62,296
18,vic,female,63,292
18,vic,female,64,289
18,vic,female,65,303
18,vic,female,66,259
18,vic,female,67,241
18,vic,female,68,230
18,vic,female,69,210
18,vic,female,70,206
18,vic,female,71,194
18,vic,female,72,184
18,vic,female,73,182
18,vic,female,74,173
18,vic,female,75,164
18,vic,female,76,161
18,vic,female,77,154
18,vic,female,78,147
18,vic,female,79,138
18,vic,female,80,137
18,vic,female,81,140
18,vic,female,82,131
18,vic,female,83,127
18,vic,female,84,113
18,vic,female,85,110
18,vic,female,86,103
18,vic,female,87,71
18,vic,female,88,77
18,vic,female,89,71
18,vic,female,90,56
18,vic,female,91,47
18,vic,female,92,34
18,vic,female,93,28
18,vic,female,94,24
18,vic,female,95,16
18,vic,female,96,9
18,vic,female,97,12
18,vic,female,98,9
18,vic,female,99,5
18,vic,female,100,2
18,vic,female,101,3
18,vic,female,102,2
18,qld,male,0,334
18,qld,male,1,329
18,qld,male,2,312
18,qld,male,3,311
18,qld,male,4,305
18,qld,male,5,318
18,qld,male,6,308
18,qld,male,7,286
18,qld,male,8,285
18,qld,male,9,283
18,qld,male,10,301
18,qld,male,11,305
18,qld,male,12,292
18,qld,male,13,290
18,qld,male,14,291
18,qld,male,15,317
18,qld,male,16,323
18,qld,male,17,297
18,qld,male,18,299
18,qld,male,19,298
18,qld,male,20,370
18,qld,male,21,368
18,qld,male,22,313
18,qld,male,23,312
18,qld,male,24,309
18,qld,male,25,405
18,qld,male,26,372
18,qld,male,27,325
18,qld,male,28,322
18,qld,male,29,322
18,qld,male,30,356
18,qld,male,31,340
18,qld,male,32,289
18,qld,male,33,281
18,qld,male,34,278
18,qld,male,35,316
18,qld,male,36,313
18,qld,male,37,305
18,qld,male,38,307
18,qld,male,39,313
18,qld,male,40,347
18,qld,male,41,343
18,qld,male,42,307
18,qld,male,43,304
18,qld,male,44,294
18,qld,male,45,301
18,qld,male,46,296
18,qld,male,47,290
18,qld,male,48,303
18,qld,male,49,299
18,qld,male,50,315
18,qld,male,51,297
18,qld,male,52,290
18,qld,male,53,283
18,qld,male,54,268
18,qld,male,55,285
18,qld,male,56,268
18,qld,male,57,254
18,qld,male,58,255
18,qld,male,59,252
18,qld,male,60,251
18,qld,male,61,239
18,qld,male,62,240
18,qld,male,63,241
18,qld,male,64,241
18,qld,male,65,245
18,qld,male,66,211
18,qld,male,67,194
18,qld,male,68,180
18,qld,male,69,158
18,qld,male,70,160
18,qld,male,71,143
18,qld,male,72,142
18,qld,male,73,130
18,qld,male,74,126
18,qld,male,75,108
18,qld,male,76,101
18,qld,male,77,90
18,qld,male,78,88
18,qld,male,79,86
18,qld,male,80,79
18,qld,male,81,71
18,qld,male,82,70
18,qld,male,83,67
18,qld,male,84,59
18,qld,male,85,50
18,qld,male,86,42
18,qld,male,87,32
18,qld,male,88,28
18,qld,male,89,27
18,qld,male,90,22
18,qld,male,91,16
18,qld,male,92,11
18,qld,male,93,8
18,qld,male,94,7
18,qld,male,95,5
18,qld,male,96,3
18,qld,male,97,2
18,qld,male,98,1
18,qld,male,99,2
18,qld,male,100,1
18,qld,female,0,342
18,qld,female,1,332
18,qld,female,2,290
18,qld,female,3,293
18,qld,female,4,289
18,qld,female,5,302
18,qld,female,6,296
18,qld,female,7,276
18,qld,female,8,272
18,qld,female,9,268
18,qld,female,10,290
18,qld,female,11,290
18,qld,female,12,277
18,qld,female,13,275
18,qld,female,14,275
18,qld,female,15,312
18,qld,female,16,305
18,qld,female,17,280
18,qld,female,18,284
18,qld,female,19,288
18,qld,female,20,363
18,qld,female,21,345
18,qld,female,22,303
18,qld,female,23,296
18,qld,female,24,305
18,qld,female,25,379
18,qld,female,26,363
18,qld,female,27,313
18,qld,female,28,317
18,qld,female,29,310
18,qld,female,30,343
18,qld,female,31,326
18,qld,female,32,294
18,qld,female,33,284
18,qld,female,34,290
18,qld,female,35,318
18,qld,female,36,311
18,qld,female,37,296
18,qld,female,38,310
18,qld,female,39,323
18,qld,female,40,355
18,qld,female,41,333
18,qld,female,42,314
18,qld,female,43,304
18,qld,female,44,296
18,qld,female,45,311
18,qld,female,46,301
18,qld,female,47,304
18,qld,female,48,309
18,qld,female,49,306
18,qld,female,50,323
18,qld,female,51,310
18,qld,female,52,290
18,qld,female,53,288
18,qld,female,54,284
18,qld,female,55,284
18,qld,female,56,280
18,qld,female,57,264
18,qld,female,58,256
18,qld,female,59,247
18,qld,female,60,256
18,qld,female,61,249
18,qld,female,62,234
18,qld,female,63,233
18,qld,female,64,235
18,qld,female,65,233
18,qld,female,66,209
18,qld,female,67,195
18,qld,female,68,179
18,qld,female,69,162
18,qld,female,70,160
18,qld,female,71,148
18,qld,female,72,142
18,qld,female,73,129
18,qld,female,74,119
18,qld,female,75,118
18,qld,female,76,111
18,qld,female,77,105
18,qld,female,78,98
18,qld,female,79,99
18,qld,female,80,96
18,qld,female,81,93
18,qld,female,82,86
18,qld,female,83,84
18,qld,female,84,76
18,qld,female,85,71
18,qld,female,86,64
18,qld,female,87,59
18,qld,female,88,46
18,qld,female,89,45
18,qld,female,90,38
18,qld,female,91,34
18,qld,female,92,24
18,qld,female,93,18
18,qld,female,94,15
18,qld,female,95,14
18,qld,female,96,10
18,qld,female,97,6
18,qld,female,98,4
18,qld,female,99,3
18,qld,female,100,4
18,qld,female,101,2
18,sa,male,0,109
18,sa,male,1,100
18,sa,male,2,103
18,sa,male,3,99
18,sa,male,4,96
18,sa,male,5,104
18,sa,male,6,102
18,sa,male,7,95
18,sa,male,8,94
18,sa,male,9,96
18,sa,male,10,104
18,sa,male,11,98
18,sa,male,12,98
18,sa,male,13,101
18,sa,male,14,98
18,sa,male,15,114
18,sa,male,16,107
18,sa,male,17,108
18,sa,male,18,105
18,sa,male,19,111
18,sa,male,20,125
18,sa,male,21,135
18,sa,male,22,115
18,sa,male,23,120
18,sa,male,24,117
18,sa,male,25,135
18,sa,male,26,126
18,sa,male,27,118
18,sa,male,28,117
18,sa,male,29,117
18,sa,male,30,128
18,sa,male,31,110
18,sa,male,32,102
18,sa,male,33,99
18,sa,male,34,94
18,sa,male,35,107
18,sa,male,36,111
18,sa,male,37,102
18,sa,male,38,101
18,sa,male,39,110
18,sa,male,40,119
18,sa,male,41,118
18,sa,male,42,120
18,sa,male,43,112
18,sa,male,44,113
18,sa,male,45,114
18,sa,male,46,108
18,sa,male,47,114
18,sa,male,48,117
18,sa,male,49,115
18,sa,male,50,119
18,sa,male,51,116
18,sa,male,52,113
18,sa,male,53,114
18,sa,male,54,107
18,sa,male,55,106
18,sa,male,56,107
18,sa,male,57,102
18,sa,male,58,98
18,sa,male,59,98
18,sa,male,60,97
18,sa,male,61,94
18,sa,male,62,97
18,sa,male,63,91
18,sa,male,64,94
18,sa,male,65,93
18,sa,male,66,86
18,sa,male,67,73
18,sa,male,68,70
18,sa,male,69,65
18,sa,male,70,63
18,sa,male,71,59
18,sa,male,72,57
18,sa,male,73,54
18,sa,male,74,54
18,sa,male,75,51
18,sa,male,76,47
18,sa,male,77,41
18,sa,male,78,40
18,sa,male,79,41
18,sa,male,80,36
18,sa,male,81,34
18,sa,male,82,33
18,sa,male,83,29
18,sa,male,84,30
18,sa,male,85,29
18,sa,male,86,24
18,sa,male,87,18
18,sa,male,88,15
18,sa,male,89,11
18,sa,male,90,10
18,sa,male,91,8
18,sa,male,92,7
18,sa,male,93,3
18,sa,male,94,3
18,sa,male,95,3
18,sa,male,96,1
18,sa,male,97,1
18,sa,male,98,1
18,sa,male,101,1
18,sa,female,0,107
18,sa,female,1,116
18,sa,female,2,96
18,sa,female,3,95
18,sa,female,4,96
18,sa,female,5,101
18,sa,female,6,96
18,sa,female,7,90
18,sa,female,8,90
18,sa,female,9,88
18,sa,female,10,99
18,sa,female,11,97
18,sa,female,12,94
18,sa,female,13,96
18,sa,female,14,97
18,sa,female,15,106
18,sa,female,16,106
18,sa,female,17,99
18,sa,female,18,97
18,sa,female,19,105
18,sa,female,20,125
18,sa,female,21,116
18,sa,female,22,113
18,sa,female,23,109
18,sa,female,24,112
18,sa,female,25,134
18,sa,female,26,129
18,sa,female,27,111
18,sa,female,28,108
18,sa,female,29,111
18,sa,female,30,120
18,sa,female,31,108
18,sa,female,32,105
18,sa,female,33,94
18,sa,female,34,99
18,sa,female,35,115
18,sa,female,36,106
18,sa,female,37,102
18,sa,female,38,105
18,sa,female,39,112
18,sa,female,40,122
18,sa,female,41,118
18,sa,female,42,114
18,sa,female,43,112
18,sa,female,44,111
18,sa,female,45,116
18,sa,female,46,114
18,sa,female,47,113
18,sa,female,48,117
18,sa,female,49,114
18,sa,female,50,123
18,sa,female,51,121
18,sa,female,52,113
18,sa,female,53,114
18,sa,female,54,110
18,sa,female,55,112
18,sa,female,56,106
18,sa,female,57,103
18,sa,female,58,105
18,sa,female,59,104
18,sa,female,60,104
18,sa,female,61,103
18,sa,female,62,97
18,sa,female,63,97
18,sa,female,64,98
18,sa,female,65,101
18,sa,female,66,89
18,sa,female,67,79
18,sa,female,68,76
18,sa,female,69,69
18,sa,female,70,68
18,sa,female,71,65
18,sa,female,72,61
18,sa,female,73,62
18,sa,female,74,59
18,sa,female,75,56
18,sa,female,76,51
18,sa,female,77,49
18,sa,female,78,49
18,sa,female,79,48
18,sa,female,80,46
18,sa,female,81,46
18,sa,female,82,46
18,sa,female,83,43
18,sa,female,84,43
18,sa,female,85,36
18,sa,female,86,39
18,sa,female,87,34
18,sa,female,88,31
18,sa,female,89,25
18,sa,female,90,24
18,sa,female,91,18
18,sa,female,92,8
18,sa,female,93,12
18,sa,female,94,8
18,sa,female,95,6
18,sa,female,96,5
18,sa,female,97,4
18,sa,female,98,4
18,sa,female,100,2
18,sa,female,101,2
18,wa,male,0,167
18,wa,male,1,181
18,wa,male,2,156
18,wa,male,3,150
18,wa,male,4,155
18,wa,male,5,176
18,wa,male,6,158
18,wa,male,7,141
18,wa,male,8,140
18,wa,male,9,143
18,wa,male,10,157
18,wa,male,11,152
18,wa,male,12,146
18,wa,male,13,149
18,wa,male,14,147
18,wa,male,15,171
18,wa,male,16,160
18,wa,male,17,152
18,wa,male,18,153
18,wa,male,19,156
18,wa,male,20,232
18,wa,male,21,185
18,wa,male,22,169
18,wa,male,23,174
18,wa,male,24,174
18,wa,male,25,243
18,wa,male,26,230
18,wa,male,27,186
18,wa,male,28,185
18,wa,male,29,178
18,wa,male,30,216
18,wa,male,31,190
18,wa,male,32,160
18,wa,male,33,155
18,wa,male,34,153
18,wa,male,35,169
18,wa,male,36,173
18,wa,male,37,157
18,wa,male,38,162
18,wa,male,39,170
18,wa,male,40,203
18,wa,male,41,185
18,wa,male,42,171
18,wa,male,43,166
18,wa,male,44,163
18,wa,male,45,173
18,wa,male,46,168
18,wa,male,47,162
18,wa,male,48,162
18,wa,male,49,162
18,wa,male,50,168
18,wa,male,51,158
18,wa,male,52,156
18,wa,male,53,155
18,wa,male,54,144
18,wa,male,55,155
18,wa,male,56,146
18,wa,male,57,142
18,wa,male,58,134
18,wa,male,59,133
18,wa,male,60,136
18,wa,male,61,135
18,wa,male,62,118
18,wa,male,63,122
18,wa,male,64,125
18,wa,male,65,118
18,wa,male,66,103
18,wa,male,67,91
18,wa,male,68,86
18,wa,male,69,83
18,wa,male,70,77
18,wa,male,71,73
18,wa,male,72,70
18,wa,male,73,61
18,wa,male,74,60
18,wa,male,75,54
18,wa,male,76,50
18,wa,male,77,45
18,wa,male,78,47
18,wa,male,79,43
18,wa,male,80,40
18,wa,male,81,38
18,wa,male,82,36
18,wa,male,83,27
18,wa,male,84,27
18,wa,male,85,23
18,wa,male,86,20
18,wa,male,87,12
18,wa,male,88,17
18,wa,male,89,10
18,wa,male,90,11
18,wa,male,91,8
18,wa,male,92,7
18,wa,male,93,5
18,wa,male,94,3
18,wa,male,95,2
18,wa,male,96,2
18,wa,male,97,1
18,wa,male,98,1
18,wa,male,100,1
18,wa,female,0,138
18,wa,female,1,179
18,wa,female,2,147
18,wa,female,3,146
18,wa,female,4,151
18,wa,female,5,163
18,wa,female,6,154
18,wa,female,7,137
18,wa,female,8,138
18,wa,female,9,140
18,wa,female,10,148
18,wa,female,11,149
18,wa,female,12,141
18,wa,female,13,144
18,wa,female,14,137
18,wa,female,15,161
18,wa,female,16,157
18,wa,female,17,140
18,wa,female,18,147
18,wa,female,19,147
18,wa,female,20,203
18,wa,female,21,187
18,wa,female,22,158
18,wa,female,23,162
18,wa,female,24,160
18,wa,female,25,244
18,wa,female,26,209
18,wa,female,27,167
18,wa,female,28,168
18,wa,female,29,168
18,wa,female,30,194
18,wa,female,31,184
18,wa,female,32,158
18,wa,female,33,153
18,wa,female,34,151
18,wa,female,35,181
18,wa,female,36,169
18,wa,female,37,154
18,wa,female,38,159
18,wa,female,39,171
18,wa,female,40,179
18,wa,female,41,181
18,wa,female,42,168
18,wa,female,43,164
18,wa,female,44,162
18,wa,female,45,166
18,wa,female,46,154
18,wa,female,47,164
18,wa,female,48,162
18,wa,female,49,163
18,wa,female,50,170
18,wa,female,51,158
18,wa,female,52,158
18,wa,female,53,150
18,wa,female,54,147
18,wa,female,55,163
18,wa,female,56,148
18,wa,female,57,138
18,wa,female,58,137
18,wa,female,59,128
18,wa,female,60,132
18,wa,female,61,129
18,wa,female,62,119
18,wa,female,63,114
18,wa,female,64,118
18,wa,female,65,117
18,wa,female,66,100
18,wa,female,67,96
18,wa,female,68,87
18,wa,female,69,81
18,wa,female,70,77
18,wa,female,71,75
18,wa,female,72,69
18,wa,female,73,68
18,wa,female,74,61
18,wa,female,75,59
18,wa,female,76,56
18,wa,female,77,50
18,wa,female,78,53
18,wa,female,79,50
18,wa,female,80,48
18,wa,female,81,46
18,wa,female,82,44
18,wa,female,83,40
18,wa,female,84,41
18,wa,female,85,30
18,wa,female,86,32
18,wa,female,87,29
18,wa,female,88,26
18,wa,female,89,25
18,wa,female,90,20
18,wa,female,91,15
18,wa,female,92,13
18,wa,female,93,9
18,wa,female,94,7
18,wa,female,95,5
18,wa,female,96,6
18,wa,female,97,4
18,wa,female,98,3
18,wa,female,99,2
18,wa,female,102,1
18,tas,male,0,30
18,tas,male,1,34
18,tas,male,2,37
18,tas,male,3,36
18,tas,male,4,33
18,tas,male,5,34
18,tas,male,6,36
18,tas,male,7,32
18,tas,male,8,33
18,tas,male,9,34
18,tas,male,10,33
18,tas,male,11,36
18,tas,male,12,36
18,tas,male,13,38
18,tas,male,14,35
18,tas,male,15,40
18,tas,male,16,39
18,tas,male,17,36
18,tas,male,18,39
18,tas,male,19,39
18,tas,male,20,38
18,tas,male,21,40
18,tas,male,22,38
18,tas,male,23,36
18,tas,male,24,37
18,tas,male,25,41
18,tas,male,26,36
18,tas,male,27,32
18,tas,male,28,32
18,tas,male,29,32
18,tas,male,30,32
18,tas,male,31,31
18,tas,male,32,29
18,tas,male,33,34
18,tas,male,34,30
18,tas,male,35,30
18,tas,male,36,32
18,tas,male,37,33
18,tas,male,38,33
18,tas,male,39,37
18,tas,male,40,37
18,tas,male,41,37
18,tas,male,42,37
18,tas,male,43,39
18,tas,male,44,35
18,tas,male,45,34
18,tas,male,46,34
18,tas,male,47,35
18,tas,male,48,39
18,tas,male,49,37
18,tas,male,50,40
18,tas,male,51,40
18,tas,male,52,39
18,tas,male,53,38
18,tas,male,54,35
18,tas,male,55,37
18,tas,male,56,41
18,tas,male,57,33
18,tas,male,58,34
18,tas,male,59,36
18,tas,male,60,35
18,tas,male,61,33
18,tas,male,62,35
18,tas,male,63,31
18,tas,male,64,34
18,tas,male,65,35
18,tas,male,66,27
18,tas,male,67,27
18,tas,male,68,26
18,tas,male,69,23
18,tas,male,70,24
18,tas,male,71,19
18,tas,male,72,18
18,tas,male,73,17
18,tas,male,74,18
18,tas,male,75,17
18,tas,male,76,14
18,tas,male,77,13
18,tas,male,78,13
18,tas,male,79,12
18,tas,male,80,13
18,tas,male,81,11
18,tas,male,82,11
18,tas,male,83,9
18,tas,male,84,7
18,tas,male,85,9
18,tas,male,86,8
18,tas,male,87,6
18,tas,male,88,5
18,tas,male,89,4
18,tas,male,90,1
18,tas,male,91,1
18,tas,male,92,1
18,tas,male,94,1
18,tas,male,95,1
18,tas,female,0,30
18,tas,female,1,31
18,tas,female,2,34
18,tas,female,3,32
18,tas,female,4,34
18,tas,female,5,33
18,tas,female,6,32
18,tas,female,7,34
18,tas,female,8,28
18,tas,female,9,30
18,tas,female,10,33
18,tas,female,11,31
18,tas,female,12,31
18,tas,female,13,34
18,tas,female,14,33
18,tas,female,15,32
18,tas,female,16,37
18,tas,female,17,39
18,tas,female,18,36
18,tas,female,19,34
18,tas,female,20,37
18,tas,female,21,35
18,tas,female,22,31
18,tas,female,23,34
18,tas,female,24,32
18,tas,female,25,39
18,tas,female,26,35
18,tas,female,27,35
18,tas,female,28,31
18,tas,female,29,30
18,tas,female,30,37
18,tas,female,31,34
18,tas,female,32,29
18,tas,female,33,31
18,tas,female,34,29
18,tas,female,35,33
18,tas,female,36,34
18,tas,female,37,34
18,tas,female,38,35
18,tas,female,39,32
18,tas,female,40,43
18,tas,female,41,44
18,tas,female,42,40
18,tas,female,43,36
18,tas,female,44,36
18,tas,female,45,35
18,tas,female,46,34
18,tas,female,47,39
18,tas,female,48,37
18,tas,female,49,37
18,tas,female,50,41
18,tas,female,51,42
18,tas,female,52,38
18,tas,female,53,39
18,tas,female,54,37
18,tas,female,55,36
18,tas,female,56,41
18,tas,female,57,38
18,tas,female,58,34
18,tas,female,59,34
18,tas,female,60,36
18,tas,female,61,35
18,tas,female,62,33
18,tas,female,63,31
18,tas,female,64,34
18,tas,female,65,33
18,tas,female,66,26
18,tas,female,67,25
18,tas,female,68,22
18,tas,female,69,23
18,tas,female,70,22
18,tas,female,71,21
18,tas,female,72,20
18,tas,female,73,17
18,tas,female,74,19
18,tas,female,75,19
18,tas,female,76,16
18,tas,female,77,16
18,tas,female,78,13
18,tas,female,79,15
18,tas,female,80,14
18,tas,female,81,13
18,tas,female,82,13
18,tas,female,83,12
18,tas,female,84,12
18,tas,female,85,11
18,tas,female,86,11
18,tas,female,87,10
18,tas,female,88,8
18,tas,female,89,8
18,tas,female,90,7
18,tas,female,91,6
18,tas,female,92,3
18,tas,female,93,2
18,tas,female,94,2
18,tas,female,95,2
18,tas,female,96,1
18,tas,female,97,3
18,tas,female,99,1
18,tas,female,101,1
18,nt,male,0,30
18,nt,male,1,25
18,nt,male,2,21
18,nt,male,3,25
18,nt,male,4,19
18,nt,male,5,23
18,nt,male,6,22
18,nt,male,7,18
18,nt,male,8,17
18,nt,male,9,20
18,nt,male,10,27
18,nt,male,11,22
18,nt,male,12,17
18,nt,male,13,16
18,nt,male,14,21
18,nt,male,15,18
18,nt,male,16,21
18,nt,male,17,22
18,nt,male,18,19
18,nt,male,19,24
18,nt,male,20,22
18,nt,male,21,26
18,nt,male,22,22
18,nt,male,23,22
18,nt,male,24,25
18,nt,male,25,29
18,nt,male,26,24
18,nt,male,27,27
18,nt,male,28,27
18,nt,male,29,24
18,nt,male,30,31
18,nt,male,31,26
18,nt,male,32,22
18,nt,male,33,22
18,nt,male,34,22
18,nt,male,35,26
18,nt,male,36,24
18,nt,male,37,20
18,nt,male,38,18
18,nt,male,39,24
18,nt,male,40,21
18,nt,male,41,20
18,nt,male,42,22
18,nt,male,43,19
18,nt,male,44,17
18,nt,male,45,20
18,nt,male,46,20
18,nt,male,47,23
18,nt,male,48,16
18,nt,male,49,21
18,nt,male,50,21
18,nt,male,51,16
18,nt,male,52,15
18,nt,male,53,15
18,nt,male,54,15
18,nt,male,55,16
18,nt,male,56,14
18,nt,male,57,14
18,nt,male,58,14
18,nt,male,59,13
18,nt,male,60,14
18,nt,male,61,13
18,nt,male,62,15
18,nt,male,63,13
18,nt,male,64,9
18,nt,male,65,10
18,nt,male,66,9
18,nt,male,67,8
18,nt,male,68,7
18,nt,male,69,6
18,nt,male,70,7
18,nt,male,71,7
18,nt,male,72,6
18,nt,male,73,4
18,nt,male,74,4
18,nt,male,75,4
18,nt,male,76,3
18,nt,male,77,3
18,nt,male,78,2
18,nt,male,79,2
18,nt,male,80,2
18,nt,male,81,3
18,nt,male,82,2
18,nt,male,83,1
18,nt,male,84,1
18,nt,male,85,1
18,nt,female,0,31
18,nt,female,1,16
18,nt,female,2,19
18,nt,female,3,20
18,nt,female,4,20
18,nt,female,5,21
18,nt,female,6,19
18,nt,female,7,18
18,nt,female,8,20
18,nt,female,9,19
18,nt,female,10,18
18,nt,female,11,17
18,nt,female,12,16
18,nt,female,13,18
18,nt,female,14,16
18,nt,female,15,18
18,nt,female,16,16
18,nt,female,17,19
18,nt,female,18,16
18,nt,female,19,17
18,nt,female,20,20
18,nt,female,21,21
18,nt,female,22,17
18,nt,female,23,18
18,nt,female,24,19
18,nt,female,25,29
18,nt,female,26,24
18,nt,female,27,24
18,nt,female,28,25
18,nt,female,29,22
18,nt,female,30,25
18,nt,female,31,26
18,nt,female,32,21
18,nt,female,33,18
18,nt,female,34,22
18,nt,female,35,20
18,nt,female,36,22
18,nt,female,37,21
18,nt,female,38,21
18,nt,female,39,21
18,nt,female,40,23
18,nt,female,41,22
18,nt,female,42,21
18,nt,female,43,17
18,nt,female,44,17
18,nt,female,45,18
18,nt,female,46,18
18,nt,female,47,16
18,nt,female,48,14
18,nt,female,49,14
18,nt,female,50,18
18,nt,female,51,14
18,nt,female,52,15
18,nt,female,53,15
18,nt,female,54,15
18,nt,female,55,16
18,nt,female,56,13
18,nt,female,57,11
18,nt,female,58,14
18,nt,female,59,11
18,nt,female,60,14
18,nt,female,61,10
18,nt,female,62,8
18,nt,female,63,9
18,nt,female,64,7
18,nt,female,65,8
18,nt,female,66,10
18,nt,female,67,8
18,nt,female,68,4
18,nt,female,69,4
18,nt,female,70,7
18,nt,female,71,4
18,nt,female,72,5
18,nt,female,73,4
18,nt,female,74,2
18,nt,female,75,2
18,nt,female,76,2
18,nt,female,77,3
18,nt,female,78,4
18,nt,female,79,2
18,nt,female,80,1
18,nt,female,81,1
18,nt,female,82,1
18,nt,female,84,1
18,nt,female,85,1
18,nt,female,86,1
18,nt,female,87,1
18,nt,female,88,1
18,act,male,0,35
18,act,male,1,31
18,act,male,2,23
18,act,male,3,25
18,act,male,4,24
18,act,male,5,27
18,act,male,6,27
18,act,male,7,25
18,act,male,8,21
18,act,male,9,23
18,act,male,10,22
18,act,male,11,21
18,act,male,12,23
18,act,male,13,21
18,act,male,14,22
18,act,male,15,23
18,act,male,16,25
18,act,male,17,24
18,act,male,18,27
18,act,male,19,32
18,act,male,20,39
18,act,male,21,37
18,act,male,22,38
18,act,male,23,35
18,act,male,24,34
18,act,male,25,42
18,act,male,26,38
18,act,male,27,35
18,act,male,28,30
18,act,male,29,37
18,act,male,30,38
18,act,male,31,36
18,act,male,32,27
18,act,male,33,31
18,act,male,34,27
18,act,male,35,33
18,act,male,36,30
18,act,male,37,31
18,act,male,38,27
18,act,male,39,28
18,act,male,40,33
18,act,male,41,26
18,act,male,42,29
18,act,male,43,27
18,act,male,44,28
18,act,male,45,26
18,act,male,46,28
18,act,male,47,27
18,act,male,48,26
18,act,male,49,25
18,act,male,50,27
18,act,male,51,25
18,act,male,52,25
18,act,male,53,23
18,act,male,54,25
18,act,male,55,22
18,act,male,56,22
18,act,male,57,23
18,act,male,58,22
18,act,male,59,20
18,act,male,60,20
18,act,male,61,21
18,act,male,62,20
18,act,male,63,16
18,act,male,64,18
18,act,male,65,18
18,act,male,66,13
18,act,male,67,13
18,act,male,68,11
18,act,male,69,14
18,act,male,70,10
18,act,male,71,10
18,act,male,72,10
18,act,male,73,10
18,act,male,74,8
18,act,male,75,7
18,act,male,76,8
18,act,male,77,7
18,act,male,78,6
18,act,male,79,6
18,act,male,80,4
18,act,male,81,5
18,act,male,82,3
18,act,male,83,4
18,act,male,84,3
18,act,male,85,4
18,act,male,86,4
18,act,male,87,3
18,act,male,88,2
18,act,male,90,2
18,act,male,91,2
18,act,male,93,1
18,act,female,0,33
18,act,female,1,25
18,act,female,2,24
18,act,female,3,24
18,act,female,4,23
18,act,female,5,27
18,act,female,6,21
18,act,female,7,22
18,act,female,8,23
18,act,female,9,22
18,act,female,10,24
18,act,female,11,24
18,act,female,12,21
18,act,female,13,23
18,act,female,14,21
18,act,female,15,27
18,act,female,16,24
18,act,female,17,26
18,act,female,18,26
18,act,female,19,28
18,act,female,20,36
18,act,female,21,37
18,act,female,22,35
18,act,female,23,35
18,act,female,24,33
18,act,female,25,38
18,act,female,26,36
18,act,female,27,35
18,act,female,28,34
18,act,female,29,31
18,act,female,30,37
18,act,female,31,38
18,act,female,32,30
18,act,female,33,29
18,act,female,34,27
18,act,female,35,33
18,act,female,36,28
18,act,female,37,26
18,act,female,38,30
18,act,female,39,31
18,act,female,40,31
18,act,female,41,30
18,act,female,42,30
18,act,female,43,27
18,act,female,44,27
18,act,female,45,28
18,act,female,46,25
18,act,female,47,25
18,act,female,48,27
18,act,female,49,28
18,act,female,50,27
18,act,female,51,30
18,act,female,52,31
18,act,female,53,24
18,act,female,54,25
18,act,female,55,25
18,act,female,56,21
18,act,female,57,23
18,act,female,58,21
18,act,female,59,23
18,act,female,60,22
18,act,female,61,21
18,act,female,62,17
18,act,female,63,21
18,act,female,64,21
18,act,female,65,24
18,act,female,66,16
18,act,female,67,14
18,act,female,68,13
18,act,female,69,11
18,act,female,70,11
18,act,female,71,11
18,act,female,72,10
18,act,female,73,9
18,act,female,74,10
18,act,female,75,9
18,act,female,76,7
18,act,female,77,8
18,act,female,78,7
18,act,female,79,8
18,act,female,80,7
18,act,female,81,6
18,act,female,82,5
18,act,female,83,6
18,act,female,84,5
18,act,female,85,5
18,act,female,86,5
18,act,female,87,5
18,act,female,88,4
18,act,female,89,2
18,act,female,90,3
18,act,female,92,2
18,act,female,93,1
18,act,female,96,1
19,nsw,male,0,542
19,nsw,male,1,540
19,nsw,male,2,479
19,nsw,male,3,473
19,nsw,male,4,463
19,nsw,male,5,495
19,nsw,male,6,471
19,nsw,male,7,449
19,nsw,male,8,445
19,nsw,male,9,435
19,nsw,male,10,474
19,nsw,male,11,461
19,nsw,male,12,443
19,nsw,male,13,438
19,nsw,male,14,439
19,nsw,male,15,516
19,nsw,male,16,493
19,nsw,male,17,457
19,nsw,male,18,453
19,nsw,male,19,454
19,nsw,male,20,601
19,nsw,male,21,572
19,nsw,male,22,497
19,nsw,male,23,491
19,nsw,male,24,491
19,nsw,male,25,648
19,nsw,male,26,586
19,nsw,male,27,514
19,nsw,male,28,510
19,nsw,male,29,499
19,nsw,male,30,592
19,nsw,male,31,555
19,nsw,male,32,492
19,nsw,male,33,469
19,nsw,male,34,470
19,nsw,male,35,509
19,nsw,male,36,503
19,nsw,male,37,467
19,nsw,male,38,493
19,nsw,male,39,498
19,nsw,male,40,544
19,nsw,male,41,529
19,nsw,male,42,477
19,nsw,male,43,463
19,nsw,male,44,451
19,nsw,male,45,478
19,nsw,male,46,478
19,nsw,male,47,474
19,nsw,male,48,487
19,nsw,male,49,487
19,nsw,male,50,511
19,nsw,male,51,500
19,nsw,male,52,474
19,nsw,male,53,454
19,nsw,male,54,460
19,nsw,male,55,455
19,nsw,male,56,438
19,nsw,male,57,418
19,nsw,male,58,405
19,nsw,male,59,407
19,nsw,male,60,403
19,nsw,male,61,400
19,nsw,male,62,378
19,nsw,male,63,382
19,nsw,male,64,386
19,nsw,male,65,395
19,nsw,male,66,348
19,nsw,male,67,326
19,nsw,male,68,300
19,nsw,male,69,275
19,nsw,male,70,262
19,nsw,male,71,244
19,nsw,male,72,238
19,nsw,male,73,213
19,nsw,male,74,213
19,nsw,male,75,204
19,nsw,male,76,187
19,nsw,male,77,174
19,nsw,male,78,164
19,nsw,male,79,145
19,nsw,male,80,145
19,nsw,male,81,142
19,nsw,male,82,135
19,nsw,male,83,118
19,nsw,male,84,109
19,nsw,male,85,100
19,nsw,male,86,74
19,nsw,male,87,72
19,nsw,male,88,63
19,nsw,male,89,50
19,nsw,male,90,40
19,nsw,male,91,28
19,nsw,male,92,22
19,nsw,male,93,13
19,nsw,male,94,15
19,nsw,male,95,11
19,nsw,male,96,5
19,nsw,male,97,3
19,nsw,male,98,1
19,nsw,male,99,2
19,nsw,male,102,1
19,nsw,female,0,478
19,nsw,female,1,531
19,nsw,female,2,461
19,nsw,female,3,454
19,nsw,female,4,446
19,nsw,female,5,464
19,nsw,female,6,451
19,nsw,female,7,421
19,nsw,female,8,424
19,nsw,female,9,418
19,nsw,female,10,440
19,nsw,female,11,435
19,nsw,female,12,425
19,nsw,female,13,414
19,nsw,female,14,422
19,nsw,female,15,482
19,nsw,female,16,459
19,nsw,female,17,426
19,nsw,female,18,437
19,nsw,female,19,432
19,nsw,female,20,574
19,nsw,female,21,564
19,nsw,female,22,472
19,nsw,female,23,470
19,nsw,female,24,467
19,nsw,female,25,613
19,nsw,female,26,600
19,nsw,female,27,501
19,nsw,female,28,507
19,nsw,female,29,506
19,nsw,female,30,594
19,nsw,female,31,534
19,nsw,female,32,475
19,nsw,female,33,486
19,nsw,female,34,475
19,nsw,female,35,519
19,nsw,female,36,509
19,nsw,female,37,488
19,nsw,female,38,503
19,nsw,female,39,517
19,nsw,female,40,562
19,nsw,female,41,515
19,nsw,female,42,481
19,nsw,female,43,485
19,nsw,female,44,472
19,nsw,female,45,483
19,nsw,female,46,482
19,nsw,female,47,479
19,nsw,female,48,499
19,nsw,female,49,503
19,nsw,female,50,512
19,nsw,female,51,507
19,nsw,female,52,484
19,nsw,female,53,468
19,nsw,female,54,461
19,nsw,female,55,459
19,nsw,female,56,453
19,nsw,female,57,429
19,nsw,female,58,415
19,nsw,female,59,413
19,nsw,female,60,425
19,nsw,female,61,397
19,nsw,female,62,383
19,nsw,female,63,379
19,nsw,female,64,385
19,nsw,female,65,407
19,nsw,female,66,348
19,nsw,female,67,325
19,nsw,female,68,306
19,nsw,female,69,283
19,nsw,female,70,274
19,nsw,female,71,261
19,nsw,female,72,250
19,nsw,female,73,237
19,nsw,female,74,234
19,nsw,female,75,222
19,nsw,female,76,217
19,nsw,female,77,193
19,nsw,female,78,191
19,nsw,female,79,183
19,nsw,female,80,189
19,nsw,female,81,186
19,nsw,female,82,177
19,nsw,female,83,169
19,nsw,female,84,153
19,nsw,female,85,144
19,nsw,female,86,132
19,nsw,female,87,113
19,nsw,female,88,104
19,nsw,female,89,96
19,nsw,female,90,85
19,nsw,female,91,59
19,nsw,female,92,53
19,nsw,female,93,35
19,nsw,female,94,34
19,nsw,female,95,23
19,nsw,female,96,18
19,nsw,female,97,15
19,nsw,female,98,11
19,nsw,female,99,7
19,nsw,female,100,3
19,nsw,female,101,3
19,nsw,female,102,2
19,vic,male,0,365
19,vic,male,1,378
19,vic,male,2,356
19,vic,male,3,348
19,vic,male,4,350
19,vic,male,5,368
19,vic,male,6,349
19,vic,male,7,329
19,vic,male,8,329
19,vic,male,9,324
19,vic,male,10,334
19,vic,male,11,336
19,vic,male,12,323
19,vic,male,13,331
19,vic,male,14,335
19,vic,male,15,380
19,vic,male,16,374
19,vic,male,17,346
19,vic,male,18,352
19,vic,male,19,349
19,vic,male,20,471
19,vic,male,21,478
19,vic,male,22,407
19,vic,male,23,410
19,vic,male,24,419
19,vic,male,25,515
19,vic,male,26,489
19,vic,male,27,420
19,vic,male,28,421
19,vic,male,29,413
19,vic,male,30,459
19,vic,male,31,432
19,vic,male,32,380
19,vic,male,33,375
19,vic,male,34,370
19,vic,male,35,402
19,vic,male,36,389
19,vic,male,37,374
19,vic,male,38,377
19,vic,male,39,387
19,vic,male,40,418
19,vic,male,41,409
19,vic,male,42,389
19,vic,male,43,377
19,vic,male,44,371
19,vic,male,45,374
19,vic,male,46,366
19,vic,male,47,354
19,vic,male,48,365
19,vic,male,49,370
19,vic,male,50,369
19,vic,male,51,369
19,vic,male,52,350
19,vic,male,53,342
19,vic,male,54,330
19,vic,male,55,337
19,vic,male,56,332
19,vic,male,57,313
19,vic,male,58,309
19,vic,male,59,299
19,vic,male,60,303
19,vic,male,61,291
19,vic,male,62,282
19,vic,male,63,279
19,vic,male,64,285
19,vic,male,65,299
19,vic,male,66,247
19,vic,male,67,225
19,vic,male,68,216
19,vic,male,69,196
19,vic,male,70,196
19,vic,male,71,187
19,vic,male,72,175
19,vic,male,73,166
19,vic,male,74,153
19,vic,male,75,145
19,vic,male,76,137
19,vic,male,77,128
19,vic,male,78,123
19,vic,male,79,114
19,vic,male,80,113
19,vic,male,81,104
19,vic,male,82,93
19,vic,male,83,91
19,vic,male,84,76
19,vic,male,85,73
19,vic,male,86,60
19,vic,male,87,46
19,vic,male,88,39
19,vic,male,89,37
19,vic,male,90,29
19,vic,male,91,22
19,vic,male,92,16
19,vic,male,93,10
19,vic,male,94,9
19,vic,male,95,7
19,vic,male,96,6
19,vic,male,97,5
19,vic,male,98,1
19,vic,male,99,1
19,vic,male,100,1
19,vic,female,0,355
19,vic,female,1,367
19,vic,female,2,338
19,vic,female,3,338
19,vic,female,4,330
19,vic,female,5,347
19,vic,female,6,332
19,vic,female,7,316
19,vic,female,8,308
19,vic,female,9,310
19,vic,female,10,330
19,vic,female,11,328
19,vic,female,12,311
19,vic,female,13,312
19,vic,female,14,311
19,vic,female,15,357
19,vic,female,16,352
19,vic,female,17,325
19,vic,female,18,323
19,vic,female,19,337
19,vic,female,20,459
19,vic,female,21,456
19,vic,female,22,390
19,vic,female,23,388
19,vic,female,24,389
19,vic,female,25,483
19,vic,female,26,478
19,vic,female,27,401
19,vic,female,28,410
19,vic,female,29,397
19,vic,female,30,453
19,vic,female,31,431
19,vic,female,32,372
19,vic,female,33,370
19,vic,female,34,365
19,vic,female,35,392
19,vic,female,36,391
19,vic,female,37,379
19,vic,female,38,381
19,vic,female,39,400
19,vic,female,40,436
19,vic,female,41,431
19,vic,female,42,402
19,vic,female,43,391
19,vic,female,44,381
19,vic,female,45,386
19,vic,female,46,384
19,vic,female,47,365
19,vic,female,48,380
19,vic,female,49,378
19,vic,female,50,392
19,vic,female,51,385
19,vic,female,52,360
19,vic,female,53,359
19,vic,female,54,344
19,vic,female,55,354
19,vic,female,56,341
19,vic,female,57,326
19,vic,female,58,320
19,vic,female,59,315
19,vic,female,60,314
19,vic,female,61,308
19,vic,female,62,297
19,vic,female,63,292
19,vic,female,64,287
19,vic,female,65,303
19,vic,female,66,263
19,vic,female,67,240
19,vic,female,68,232
19,vic,female,69,211
19,vic,female,70,207
19,vic,female,71,194
19,vic,female,72,183
19,vic,female,73,181
19,vic,female,74,173
19,vic,female,75,166
19,vic,female,76,160
19,vic,female,77,156
19,vic,female,78,147
19,vic,female,79,140
19,vic,female,80,136
19,vic,female,81,138
19,vic,female,82,127
19,vic,female,83,128
19,vic,female,84,116
19,vic,female,85,108
19,vic,female,86,100
19,vic,female,87,72
19,vic,female,88,76
19,vic,female,89,71
19,vic,female,90,56
19,vic,female,91,45
19,vic,female,92,37
19,vic,female,93,27
19,vic,female,94,23
19,vic,female,95,18
19,vic,female,96,8
19,vic,female,97,12
19,vic,female,98,9
19,vic,female,99,4
19,vic,female,100,2
19,vic,female,101,3
19,vic,female,102,2
19,qld,male,0,322
19,qld,male,1,335
19,qld,male,2,312
19,qld,male,3,311
19,qld,male,4,305
19,qld,male,5,321
19,qld,male,6,310
19,qld,male,7,289
19,qld,male,8,283
19,qld,male,9,282
19,qld,male,10,300
19,qld,male,11,307
19,qld,male,12,291
19,qld,male,13,287
19,qld,male,14,293
19,qld,male,15,315
19,qld,male,16,325
19,qld,male,17,299
19,qld,male,18,301
19,qld,male,19,296
19,qld,male,20,365
19,qld,male,21,377
19,qld,male,22,309
19,qld,male,23,311
19,qld,male,24,308
19,qld,male,25,400
19,qld,male,26,382
19,qld,male,27,326
19,qld,male,28,320
19,qld,male,29,324
19,qld,male,30,359
19,qld,male,31,344
19,qld,male,32,289
19,qld,male,33,284
19,qld,male,34,276
19,qld,male,35,314
19,qld,male,36,314
19,qld,male,37,303
19,qld,male,38,309
19,qld,male,39,311
19,qld,male,40,343
19,qld,male,41,345
19,qld,male,42,307
19,qld,male,43,305
19,qld,male,44,297
19,qld,male,45,298
19,qld,male,46,295
19,qld,male,47,289
19,qld,male,48,303
19,qld,male,49,298
19,qld,male,50,317
19,qld,male,51,298
19,qld,male,52,289
19,qld,male,53,283
19,qld,male,54,269
19,qld,male,55,284
19,qld,male,56,270
19,qld,male,57,255
19,qld,male,58,253
19,qld,male,59,250
19,qld,male,60,253
19,qld,male,61,241
19,qld,male,62,240
19,qld,male,63,240
19,qld,male,64,239
19,qld,male,65,250
19,qld,male,66,212
19,qld,male,67,194
19,qld,male,68,183
19,qld,male,69,157
19,qld,male,70,162
19,qld,male,71,143
19,qld,male,72,142
19,qld,male,73,131
19,qld,male,74,122
19,qld,male,75,110
19,qld,male,76,101
19,qld,male,77,92
19,qld,male,78,86
19,qld,male,79,84
19,qld,male,80,81
19,qld,male,81,71
19,qld,male,82,70
19,qld,male,83,68
19,qld,male,84,59
19,qld,male,85,49
19,qld,male,86,43
19,qld,male,87,29
19,qld,male,88,29
19,qld,male,89,29
19,qld,male,90,22
19,qld,male,91,15
19,qld,male,92,12
19,qld,male,93,9
19,qld,male,94,7
19,qld,male,95,4
19,qld,male,96,4
19,qld,male,97,2
19,qld,male,98,1
19,qld,male,99,1
19,qld,male,100,1
19,qld,female,0,359
19,qld,female,1,332
19,qld,female,2,288
19,qld,female,3,293
19,qld,female,4,290
19,qld,female,5,304
19,qld,female,6,295
19,qld,female,7,274
19,qld,female,8,270
19,qld,female,9,268
19,qld,female,10,293
19,qld,female,11,289
19,qld,female,12,277
19,qld,female,13,275
19,qld,female,14,276
19,qld,female,15,308
19,qld,female,16,309
19,qld,female,17,281
19,qld,female,18,283
19,qld,female,19,287
19,qld,female,20,359
19,qld,female,21,348
19,qld,female,22,304
19,qld,female,23,294
19,qld,female,24,305
19,qld,female,25,379
19,qld,female,26,367
19,qld,female,27,315
19,qld,female,28,315
19,qld,female,29,312
19,qld,female,30,346
19,qld,female,31,331
19,qld,female,32,297
19,qld,female,33,284
19,qld,female,34,288
19,qld,female,35,318
19,qld,female,36,309
19,qld,female,37,296
19,qld,female,38,308
19,qld,female,39,323
19,qld,female,40,353
19,qld,female,41,341
19,qld,female,42,311
19,qld,female,43,305
19,qld,female,44,297
19,qld,female,45,311
19,qld,female,46,301
19,qld,female,47,304
19,qld,female,48,308
19,qld,female,49,306
19,qld,female,50,324
19,qld,female,51,311
19,qld,female,52,292
19,qld,female,53,286
19,qld,female,54,286
19,qld,female,55,285
19,qld,female,56,278
19,qld,female,57,266
19,qld,female,58,254
19,qld,female,59,248
19,qld,female,60,255
19,qld,female,61,251
19,qld,female,62,233
19,qld,female,63,234
19,qld,female,64,233
19,qld,female,65,235
19,qld,female,66,210
19,qld,female,67,197
19,qld,female,68,178
19,qld,female,69,162
19,qld,female,70,161
19,qld,female,71,149
19,qld,female,72,143
19,qld,female,73,132
19,qld,female,74,117
19,qld,female,75,116
19,qld,female,76,111
19,qld,female,77,106
19,qld,female,78,98
19,qld,female,79,101
19,qld,female,80,93
19,qld,female,81,94
19,qld,female,82,86
19,qld,female,83,86
19,qld,female,84,74
19,qld,female,85,71
19,qld,female,86,67
19,qld,female,87,57
19,qld,female,88,46
19,qld,female,89,44
19,qld,female,90,39
19,qld,female,91,33
19,qld,female,92,25
19,qld,female,93,19
19,qld,female,94,14
19,qld,female,95,14
19,qld,female,96,10
19,qld,female,97,6
19,qld,female,98,4
19,qld,female,99,4
19,qld,female,100,3
19,qld,female,101,3
19,sa,male,0,103
19,sa,male,1,105
19,sa,male,2,104
19,sa,male,3,97
19,sa,male,4,97
19,sa,male,5,102
19,sa,male,6,103
19,sa,male,7,94
19,sa,male,8,94
19,sa,male,9,95
19,sa,male,10,105
19,sa,male,11,98
19,sa,male,12,97
19,sa,male,13,102
19,sa,male,14,98
19,sa,male,15,116
19,sa,male,16,108
19,sa,male,17,107
19,sa,male,18,104
19,sa,male,19,110
19,sa,male,20,127
19,sa,male,21,136
19,sa,male,22,114
19,sa,male,23,120
19,sa,male,24,116
19,sa,male,25,133
19,sa,male,26,131
19,sa,male,27,118
19,sa,male,28,117
19,sa,male,29,117
19,sa,male,30,126
19,sa,male,31,113
19,sa,male,32,102
19,sa,male,33,99
19,sa,male,34,96
19,sa,male,35,106
19,sa,male,36,112
19,sa,male,37,99
19,sa,male,38,102
19,sa,male,39,110
19,sa,male,40,116
19,sa,male,41,119
19,sa,male,42,120
19,sa,male,43,113
19,sa,male,44,113
19,sa,male,45,113
19,sa,male,46,107
19,sa,male,47,113
19,sa,male,48,118
19,sa,male,49,114
19,sa,male,50,120
19,sa,male,51,116
19,sa,male,52,113
19,sa,male,53,114
19,sa,male,54,108
19,sa,male,55,106
19,sa,male,56,106
19,sa,male,57,102
19,sa,male,58,99
19,sa,male,59,99
19,sa,male,60,99
19,sa,male,61,93
19,sa,male,62,96
19,sa,male,63,91
19,sa,male,64,93
19,sa,male,65,95
19,sa,male,66,85
19,sa,male,67,74
19,sa,male,68,69
19,sa,male,69,67
19,sa,male,70,62
19,sa,male,71,60
19,sa,male,72,56
19,sa,male,73,55
19,sa,male,74,54
19,sa,male,75,51
19,sa,male,76,47
19,sa,male,77,41
19,sa,male,78,43
19,sa,male,79,39
19,sa,male,80,36
19,sa,male,81,33
19,sa,male,82,34
19,sa,male,83,30
19,sa,male,84,30
19,sa,male,85,29
19,sa,male,86,24
19,sa,male,87,18
19,sa,male,88,15
19,sa,male,89,12
19,sa,male,90,11
19,sa,male,91,7
19,sa,male,92,8
19,sa,male,93,2
19,sa,male,94,4
19,sa,male,95,2
19,sa,male,96,2
19,sa,male,97,1
19,sa,male,98,1
19,sa,male,101,1
19,sa,female,0,115
19,sa,female,1,111
19,sa,female,2,96
19,sa,female,3,95
19,sa,female,4,96
19,sa,female,5,101
19,sa,female,6,96
19,sa,female,7,92
19,sa,female,8,89
19,sa,female,9,87
19,sa,female,10,99
19,sa,female,11,98
19,sa,female,12,94
19,sa,female,13,95
19,sa,female,14,97
19,sa,female,15,106
19,sa,female,16,107
19,sa,female,17,98
19,sa,female,18,98
19,sa,female,19,104
19,sa,female,20,127
19,sa,female,21,113
19,sa,female,22,115
19,sa,female,23,108
19,sa,female,24,113
19,sa,female,25,133
19,sa,female,26,131
19,sa,female,27,110
19,sa,female,28,110
19,sa,female,29,110
19,sa,female,30,120
19,sa,female,31,111
19,sa,female,32,104
19,sa,female,33,96
19,sa,female,34,98
19,sa,female,35,112
19,sa,female,36,106
19,sa,female,37,104
19,sa,female,38,104
19,sa,female,39,111
19,sa,female,40,121
19,sa,female,41,121
19,sa,female,42,111
19,sa,female,43,111
19,sa,female,44,111
19,sa,female,45,116
19,sa,female,46,114
19,sa,female,47,113
19,sa,female,48,117
19,sa,female,49,114
19,sa,female,50,123
19,sa,female,51,122
19,sa,female,52,112
19,sa,female,53,114
19,sa,female,54,110
19,sa,female,55,112
19,sa,female,56,106
19,sa,female,57,103
19,sa,female,58,105
19,sa,female,59,106
19,sa,female,60,104
19,sa,female,61,104
19,sa,female,62,96
19,sa,female,63,97
19,sa,female,64,97
19,sa,female,65,102
19,sa,female,66,90
19,sa,female,67,82
19,sa,female,68,73
19,sa,female,69,71
19,sa,female,70,66
19,sa,female,71,66
19,sa,female,72,61
19,sa,female,73,62
19,sa,female,74,59
19,sa,female,75,56
19,sa,female,76,51
19,sa,female,77,50
19,sa,female,78,48
19,sa,female,79,49
19,sa,female,80,46
19,sa,female,81,44
19,sa,female,82,46
19,sa,female,83,41
19,sa,female,84,43
19,sa,female,85,36
19,sa,female,86,38
19,sa,female,87,34
19,sa,female,88,31
19,sa,female,89,25
19,sa,female,90,25
19,sa,female,91,17
19,sa,female,92,8
19,sa,female,93,12
19,sa,female,94,8
19,sa,female,95,5
19,sa,female,96,6
19,sa,female,97,4
19,sa,female,98,4
19,sa,female,100,2
19,sa,female,101,2
19,wa,male,0,165
19,wa,male,1,182
19,wa,male,2,157
19,wa,male,3,152
19,wa,male,4,154
19,wa,male,5,178
19,wa,male,6,159
19,wa,male,7,141
19,wa,male,8,141
19,wa,male,9,142
19,wa,male,10,158
19,wa,male,11,152
19,wa,male,12,145
19,wa,male,13,149
19,wa,male,14,147
19,wa,male,15,166
19,wa,male,16,166
19,wa,male,17,152
19,wa,male,18,154
19,wa,male,19,155
19,wa,male,20,230
19,wa,male,21,189
19,wa,male,22,168
19,wa,male,23,175
19,wa,male,24,174
19,wa,male,25,248
19,wa,male,26,229
19,wa,male,27,185
19,wa,male,28,188
19,wa,male,29,178
19,wa,male,30,215
19,wa,male,31,194
19,wa,male,32,161
19,wa,male,33,154
19,wa,male,34,152
19,wa,male,35,167
19,wa,male,36,172
19,wa,male,37,156
19,wa,male,38,161
19,wa,male,39,168
19,wa,male,40,201
19,wa,male,41,191
19,wa,male,42,170
19,wa,male,43,167
19,wa,male,44,163
19,wa,male,45,169
19,wa,male,46,172
19,wa,male,47,161
19,wa,male,48,162
19,wa,male,49,161
19,wa,male,50,170
19,wa,male,51,159
19,wa,male,52,157
19,wa,male,53,154
19,wa,male,54,146
19,wa,male,55,154
19,wa,male,56,147
19,wa,male,57,142
19,wa,male,58,133
19,wa,male,59,135
19,wa,male,60,133
19,wa,male,61,135
19,wa,male,62,118
19,wa,male,63,122
19,wa,male,64,125
19,wa,male,65,120
19,wa,male,66,103
19,wa,male,67,91
19,wa,male,68,87
19,wa,male,69,84
19,wa,male,70,78
19,wa,male,71,71
19,wa,male,72,69
19,wa,male,73,63
19,wa,male,74,59
19,wa,male,75,54
19,wa,male,76,49
19,wa,male,77,47
19,wa,male,78,45
19,wa,male,79,43
19,wa,male,80,41
19,wa,male,81,37
19,wa,male,82,36
19,wa,male,83,27
19,wa,male,84,27
19,wa,male,85,24
19,wa,male,86,20
19,wa,male,87,13
19,wa,male,88,17
19,wa,male,89,10
19,wa,male,90,9
19,wa,male,91,8
19,wa,male,92,7
19,wa,male,93,6
19,wa,male,94,2
19,wa,male,95,3
19,wa,male,96,2
19,wa,male,97,1
19,wa,male,98,1
19,wa,male,100,1
19,wa,female,0,144
19,wa,female,1,174
19,wa,female,2,149
19,wa,female,3,145
19,wa,female,4,150
19,wa,female,5,164
19,wa,female,6,155
19,wa,female,7,138
19,wa,female,8,138
19,wa,female,9,140
19,wa,female,10,147
19,wa,female,11,150
19,wa,female,12,142
19,wa,female,13,144
19,wa,female,14,136
19,wa,female,15,161
19,wa,female,16,157
19,wa,female,17,141
19,wa,female,18,146
19,wa,female,19,146
19,wa,female,20,203
19,wa,female,21,193
19,wa,female,22,159
19,wa,female,23,162
19,wa,female,24,159
19,wa,female,25,239
19,wa,female,26,218
19,wa,female,27,166
19,wa,female,28,166
19,wa,female,29,168
19,wa,female,30,194
19,wa,female,31,186
19,wa,female,32,158
19,wa,female,33,153
19,wa,female,34,150
19,wa,female,35,180
19,wa,female,36,174
19,wa,female,37,152
19,wa,female,38,160
19,wa,female,39,169
19,wa,female,40,177
19,wa,female,41,185
19,wa,female,42,169
19,wa,female,43,165
19,wa,female,44,161
19,wa,female,45,166
19,wa,female,46,153
19,wa,female,47,162
19,wa,female,48,162
19,wa,female,49,164
19,wa,female,50,171
19,wa,female,51,158
19,wa,female,52,158
19,wa,female,53,151
19,wa,female,54,146
19,wa,female,55,160
19,wa,female,56,151
19,wa,female,57,140
19,wa,female,58,137
19,wa,female,59,127
19,wa,female,60,133
19,wa,female,61,130
19,wa,female,62,117
19,wa,female,63,113
19,wa,female,64,117
19,wa,female,65,119
19,wa,female,66,102
19,wa,female,67,96
19,wa,female,68,89
19,wa,female,69,81
19,wa,female,70,77
19,wa,female,71,76
19,wa,female,72,69
19,wa,female,73,68
19,wa,female,74,61
19,wa,female,75,59
19,wa,female,76,59
19,wa,female,77,49
19,wa,female,78,53
19,wa,female,79,50
19,wa,female,80,48
19,wa,female,81,46
19,wa,female,82,44
19,wa,female,83,40
19,wa,female,84,42
19,wa,female,85,30
19,wa,female,86,31
19,wa,female,87,30
19,wa,female,88,26
19,wa,female,89,24
19,wa,female,90,20
19,wa,female,91,16
19,wa,female,92,13
19,wa,female,93,10
19,wa,female,94,6
19,wa,female,95,5
19,wa,female,96,5
19,wa,female,97,5
19,wa,female,98,2
19,wa,female,99,3
19,wa,female,102,1
19,tas,male,0,29
19,tas,male,1,34
19,tas,male,2,36
19,tas,male,3,36
19,tas,male,4,34
19,tas,male,5,33
19,tas,male,6,37
19,tas,male,7,33
19,tas,male,8,32
19,tas,male,9,33
19,tas,male,10,34
19,tas,male,11,36
19,tas,male,12,37
19,tas,male,13,37
19,tas,male,14,35
19,tas,male,15,41
19,tas,male,16,39
19,tas,male,17,36
19,tas,male,18,39
19,tas,male,19,39
19,tas,male,20,39
19,tas,male,21,39
19,tas,male,22,39
19,tas,male,23,36
19,tas,male,24,38
19,tas,male,25,41
19,tas,male,26,37
19,tas,male,27,32
19,tas,male,28,31
19,tas,male,29,34
19,tas,male,30,33
19,tas,male,31,33
19,tas,male,32,29
19,tas,male,33,33
19,tas,male,34,31
19,tas,male,35,29
19,tas,male,36,34
19,tas,male,37,35
19,tas,male,38,32
19,tas,male,39,37
19,tas,male,40,36
19,tas,male,41,38
19,tas,male,42,37
19,tas,male,43,37
19,tas,male,44,37
19,tas,male,45,35
19,tas,male,46,33
19,tas,male,47,36
19,tas,male,48,39
19,tas,male,49,38
19,tas,male,50,40
19,tas,male,51,40
19,tas,male,52,39
19,tas,male,53,38
19,tas,male,54,35
19,tas,male,55,37
19,tas,male,56,41
19,tas,male,57,33
19,tas,male,58,34
19,tas,male,59,36
19,tas,male,60,35
19,tas,male,61,33
19,tas,male,62,35
19,tas,male,63,31
19,tas,male,64,34
19,tas,male,65,36
19,tas,male,66,26
19,tas,male,67,28
19,tas,male,68,26
19,tas,male,69,23
19,tas,male,70,24
19,tas,male,71,19
19,tas,male,72,19
19,tas,male,73,17
19,tas,male,74,17
19,tas,male,75,18
19,tas,male,76,14
19,tas,male,77,13
19,tas,male,78,13
19,tas,male,79,12
19,tas,male,80,13
19,tas,male,81,11
19,tas,male,82,11
19,tas,male,83,9
19,tas,male,84,7
19,tas,male,85,9
19,tas,male,86,8
19,tas,male,87,7
19,tas,male,88,4
19,tas,male,89,5
19,tas,male,91,1
19,tas,male,92,1
19,tas,male,94,1
19,tas,male,95,1
19,tas,female,0,32
19,tas,female,1,30
19,tas,female,2,34
19,tas,female,3,31
19,tas,female,4,34
19,tas,female,5,34
19,tas,female,6,31
19,tas,female,7,33
19,tas,female,8,29
19,tas,female,9,31
19,tas,female,10,33
19,tas,female,11,30
19,tas,female,12,31
19,tas,female,13,34
19,tas,female,14,33
19,tas,female,15,32
19,tas,female,16,36
19,tas,female,17,40
19,tas,female,18,36
19,tas,female,19,34
19,tas,female,20,38
19,tas,female,21,35
19,tas,female,22,31
19,tas,female,23,34
19,tas,female,24,33
19,tas,female,25,38
19,tas,female,26,36
19,tas,female,27,35
19,tas,female,28,32
19,tas,female,29,30
19,tas,female,30,34
19,tas,female,31,36
19,tas,female,32,30
19,tas,female,33,30
19,tas,female,34,31
19,tas,female,35,33
19,tas,female,36,35
19,tas,female,37,33
19,tas,female,38,35
19,tas,female,39,33
19,tas,female,40,42
19,tas,female,41,43
19,tas,female,42,41
19,tas,female,43,37
19,tas,female,44,35
19,tas,female,45,36
19,tas,female,46,34
19,tas,female,47,40
19,tas,female,48,37
19,tas,female,49,38
19,tas,female,50,40
19,tas,female,51,40
19,tas,female,52,39
19,tas,female,53,40
19,tas,female,54,37
19,tas,female,55,37
19,tas,female,56,40
19,tas,female,57,38
19,tas,female,58,34
19,tas,female,59,34
19,tas,female,60,36
19,tas,female,61,35
19,tas,female,62,33
19,tas,female,63,31
19,tas,female,64,34
19,tas,female,65,33
19,tas,female,66,27
19,tas,female,67,25
19,tas,female,68,22
19,tas,female,69,23
19,tas,female,70,21
19,tas,female,71,21
19,tas,female,72,20
19,tas,female,73,18
19,tas,female,74,19
19,tas,female,75,19
19,tas,female,76,17
19,tas,female,77,15
19,tas,female,78,14
19,tas,female,79,14
19,tas,female,80,14
19,tas,female,81,14
19,tas,female,82,13
19,tas,female,83,12
19,tas,female,84,12
19,tas,female,85,11
19,tas,female,86,11
19,tas,female,87,9
19,tas,female,88,7
19,tas,female,89,8
19,tas,female,90,8
19,tas,female,91,5
19,tas,female,92,4
19,tas,female,93,1
19,tas,female,94,2
19,tas,female,95,3
19,tas,female,96,1
19,tas,female,97,3
19,tas,female,99,1
19,tas,female,101,1
19,nt,male,0,31
19,nt,male,1,24
19,nt,male,2,22
19,nt,male,3,24
19,nt,male,4,22
19,nt,male,5,22
19,nt,male,6,20
19,nt,male,7,19
19,nt,male,8,17
19,nt,male,9,20
19,nt,male,10,25
19,nt,male,11,23
19,nt,male,12,18
19,nt,male,13,16
19,nt,male,14,20
19,nt,male,15,20
19,nt,male,16,20
19,nt,male,17,22
19,nt,male,18,19
19,nt,male,19,23
19,nt,male,20,24
19,nt,male,21,27
19,nt,male,22,22
19,nt,male,23,22
19,nt,male,24,26
19,nt,male,25,27
19,nt,male,26,26
19,nt,male,27,27
19,nt,male,28,27
19,nt,male,29,24
19,nt,male,30,31
19,nt,male,31,24
19,nt,male,32,24
19,nt,male,33,20
19,nt,male,34,22
19,nt,male,35,24
19,nt,male,36,28
19,nt,male,37,21
19,nt,male,38,17
19,nt,male,39,22
19,nt,male,40,22
19,nt,male,41,22
19,nt,male,42,21
19,nt,male,43,20
19,nt,male,44,17
19,nt,male,45,21
19,nt,male,46,20
19,nt,male,47,24
19,nt,male,48,16
19,nt,male,49,20
19,nt,male,50,21
19,nt,male,51,18
19,nt,male,52,15
19,nt,male,53,15
19,nt,male,54,15
19,nt,male,55,16
19,nt,male,56,15
19,nt,male,57,14
19,nt,male,58,14
19,nt,male,59,13
19,nt,male,60,14
19,nt,male,61,13
19,nt,male,62,14
19,nt,male,63,14
19,nt,male,64,9
19,nt,male,65,11
19,nt,male,66,9
19,nt,male,67,9
19,nt,male,68,6
19,nt,male,69,6
19,nt,male,70,6
19,nt,male,71,8
19,nt,male,72,7
19,nt,male,73,4
19,nt,male,74,3
19,nt,male,75,3
19,nt,male,76,5
19,nt,male,77,1
19,nt,male,78,4
19,nt,male,79,2
19,nt,male,80,2
19,nt,male,81,3
19,nt,male,82,2
19,nt,male,83,1
19,nt,male,84,1
19,nt,male,85,1
19,nt,female,0,34
19,nt,female,1,13
19,nt,female,2,21
19,nt,female,3,20
19,nt,female,4,20
19,nt,female,5,20
19,nt,female,6,21
19,nt,female,7,17
19,nt,female,8,20
19,nt,female,9,19
19,nt,female,10,18
19,nt,female,11,18
19,nt,female,12,15
19,nt,female,13,18
19,nt,female,14,17
19,nt,female,15,18
19,nt,female,16,17
19,nt,female,17,17
19,nt,female,18,18
19,nt,female,19,16
19,nt,female,20,20
19,nt,female,21,21
19,nt,female,22,16
19,nt,female,23,18
19,nt,female,24,20
19,nt,female,25,28
19,nt,female,26,24
19,nt,female,27,23
19,nt,female,28,26
19,nt,female,29,22
19,nt,female,30,24
19,nt,female,31,28
19,nt,female,32,20
19,nt,female,33,18
19,nt,female,34,21
19,nt,female,35,22
19,nt,female,36,22
19,nt,female,37,22
19,nt,female,38,19
19,nt,female,39,22
19,nt,female,40,23
19,nt,female,41,22
19,nt,female,42,19
19,nt,female,43,19
19,nt,female,44,17
19,nt,female,45,18
19,nt,female,46,17
19,nt,female,47,15
19,nt,female,48,16
19,nt,female,49,13
19,nt,female,50,19
19,nt,female,51,15
19,nt,female,52,14
19,nt,female,53,15
19,nt,female,54,15
19,nt,female,55,16
19,nt,female,56,12
19,nt,female,57,12
19,nt,female,58,14
19,nt,female,59,11
19,nt,female,60,14
19,nt,female,61,10
19,nt,female,62,8
19,nt,female,63,9
19,nt,female,64,7
19,nt,female,65,8
19,nt,female,66,10
19,nt,female,67,7
19,nt,female,68,6
19,nt,female,69,4
19,nt,female,70,7
19,nt,female,71,4
19,nt,female,72,4
19,nt,female,73,4
19,nt,female,74,3
19,nt,female,75,2
19,nt,female,76,2
19,nt,female,77,3
19,nt,female,78,4
19,nt,female,79,2
19,nt,female,80,1
19,nt,female,81,1
19,nt,female,82,2
19,nt,female,84,1
19,nt,female,85,1
19,nt,female,86,1
19,nt,female,87,1
19,nt,female,88,1
19,act,male,0,36
19,act,male,1,31
19,act,male,2,23
19,act,male,3,25
19,act,male,4,24
19,act,male,5,28
19,act,male,6,26
19,act,male,7,25
19,act,male,8,21
19,act,male,9,23
19,act,male,10,21
19,act,male,11,22
19,act,male,12,23
19,act,male,13,21
19,act,male,14,22
19,act,male,15,23
19,act,male,16,26
19,act,male,17,24
19,act,male,18,27
19,act,male,19,32
19,act,male,20,40
19,act,male,21,38
19,act,male,22,38
19,act,male,23,34
19,act,male,24,34
19,act,male,25,43
19,act,male,26,41
19,act,male,27,35
19,act,male,28,30
19,act,male,29,36
19,act,male,30,36
19,act,male,31,39
19,act,male,32,26
19,act,male,33,31
19,act,male,34,28
19,act,male,35,31
19,act,male,36,33
19,act,male,37,29
19,act,male,38,28
19,act,male,39,29
19,act,male,40,31
19,act,male,41,27
19,act,male,42,30
19,act,male,43,27
19,act,male,44,27
19,act,male,45,27
19,act,male,46,28
19,act,male,47,27
19,act,male,48,26
19,act,male,49,24
19,act,male,50,28
19,act,male,51,27
19,act,male,52,25
19,act,male,53,23
19,act,male,54,24
19,act,male,55,22
19,act,male,56,22
19,act,male,57,23
19,act,male,58,22
19,act,male,59,20
19,act,male,60,21
19,act,male,61,21
19,act,male,62,19
19,act,male,63,16
19,act,male,64,19
19,act,male,65,18
19,act,male,66,13
19,act,male,67,13
19,act,male,68,11
19,act,male,69,14
19,act,male,70,10
19,act,male,71,10
19,act,male,72,10
19,act,male,73,10
19,act,male,74,8
19,act,male,75,8
19,act,male,76,8
19,act,male,77,6
19,act,male,78,6
19,act,male,79,6
19,act,male,80,4
19,act,male,81,5
19,act,male,82,4
19,act,male,83,4
19,act,male,84,3
19,act,male,85,4
19,act,male,86,3
19,act,male,87,3
19,act,male,88,3
19,act,male,90,2
19,act,male,91,2
19,act,male,93,1
19,act,female,0,37
19,act,female,1,24
19,act,female,2,24
19,act,female,3,24
19,act,female,4,23
19,act,female,5,26
19,act,female,6,21
19,act,female,7,22
19,act,female,8,23
19,act,female,9,22
19,act,female,10,24
19,act,female,11,24
19,act,female,12,21
19,act,female,13,23
19,act,female,14,21
19,act,female,15,27
19,act,female,16,24
19,act,female,17,26
19,act,female,18,26
19,act,female,19,28
19,act,female,20,34
19,act,female,21,38
19,act,female,22,34
19,act,female,23,35
19,act,female,24,33
19,act,female,25,39
19,act,female,26,38
19,act,female,27,35
19,act,female,28,34
19,act,female,29,31
19,act,female,30,38
19,act,female,31,37
19,act,female,32,33
19,act,female,33,27
19,act,female,34,27
19,act,female,35,32
19,act,female,36,29
19,act,female,37,27
19,act,female,38,30
19,act,female,39,31
19,act,female,40,29
19,act,female,41,32
19,act,female,42,29
19,act,female,43,31
19,act,female,44,27
19,act,female,45,28
19,act,female,46,25
19,act,female,47,25
19,act,female,48,27
19,act,female,49,28
19,act,female,50,27
19,act,female,51,31
19,act,female,52,31
19,act,female,53,24
19,act,female,54,25
19,act,female,55,24
19,act,female,56,23
19,act,female,57,22
19,act,female,58,21
19,act,female,59,23
19,act,female,60,23
19,act,female,61,20
19,act,female,62,17
19,act,female,63,21
19,act,female,64,18
19,act,female,65,22
19,act,female,66,17
19,act,female,67,15
19,act,female,68,13
19,act,female,69,11
19,act,female,70,11
19,act,female,71,11
19,act,female,72,10
19,act,female,73,9
19,act,female,74,10
19,act,female,75,9
19,act,female,76,7
19,act,female,77,8
19,act,female,78,8
19,act,female,79,7
19,act,female,80,7
19,act,female,81,6
19,act,female,82,5
19,act,female,83,6
19,act,female,84,5
19,act,female,85,5
19,act,female,86,5
19,act,female,87,5
19,act,female,88,5
19,act,female,89,2
19,act,female,90,2
19,act,female,91,1
19,act,female,92,2
19,act,female,93,1
19,act,female,96,1
20,nsw,male,0,543
20,nsw,male,1,536
20,nsw,male,2,478
20,nsw,male,3,473
20,nsw,male,4,464
20,nsw,male,5,492
20,nsw,male,6,471
20,nsw,male,7,452
20,nsw,male,8,445
20,nsw,male,9,435
20,nsw,male,10,475
20,nsw,male,11,460
20,nsw,male,12,444
20,nsw,male,13,438
20,nsw,male,14,441
20,nsw,male,15,519
20,nsw,male,16,495
20,nsw,male,17,454
20,nsw,male,18,453
20,nsw,male,19,454
20,nsw,male,20,600
20,nsw,male,21,586
20,nsw,male,22,495
20,nsw,male,23,491
20,nsw,male,24,492
20,nsw,male,25,641
20,nsw,male,26,601
20,nsw,male,27,513
20,nsw,male,28,507
20,nsw,male,29,501
20,nsw,male,30,587
20,nsw,male,31,567
20,nsw,male,32,488
20,nsw,male,33,474
20,nsw,male,34,464
20,nsw,male,35,512
20,nsw,male,36,501
20,nsw,male,37,466
20,nsw,male,38,491
20,nsw,male,39,496
20,nsw,male,40,548
20,nsw,male,41,534
20,nsw,male,42,473
20,nsw,male,43,468
20,nsw,male,44,446
20,nsw,male,45,475
20,nsw,male,46,479
20,nsw,male,47,473
20,nsw,male,48,489
20,nsw,male,49,484
20,nsw,male,50,507
20,nsw,male,51,500
20,nsw,male,52,475
20,nsw,male,53,456
20,nsw,male,54,457
20,nsw,male,55,458
20,nsw,male,56,435
20,nsw,male,57,419
20,nsw,male,58,405
20,nsw,male,59,407
20,nsw,male,60,402
20,nsw,male,61,404
20,nsw,male,62,376
20,nsw,male,63,378
20,nsw,male,64,384
20,nsw,male,65,403
20,nsw,male,66,349
20,nsw,male,67,326
20,nsw,male,68,302
20,nsw,male,69,277
20,nsw,male,70,265
20,nsw,male,71,241
20,nsw,male,72,239
20,nsw,male,73,214
20,nsw,male,74,216
20,nsw,male,75,201
20,nsw,male,76,186
20,nsw,male,77,175
20,nsw,male,78,162
20,nsw,male,79,148
20,nsw,male,80,144
20,nsw,male,81,141
20,nsw,male,82,136
20,nsw,male,83,119
20,nsw,male,84,110
20,nsw,male,85,99
20,nsw,male,86,75
20,nsw,male,87,71
20,nsw,male,88,63
20,nsw,male,89,48
20,nsw,male,90,43
20,nsw,male,91,26
20,nsw,male,92,21
20,nsw,male,93,15
20,nsw,male,94,14
20,nsw,male,95,10
20,nsw,male,96,5
20,nsw,male,97,3
20,nsw,male,98,1
20,nsw,male,99,2
20,nsw,male,102,1
20,nsw,female,0,474
20,nsw,female,1,531
20,nsw,female,2,461
20,nsw,female,3,453
20,nsw,female,4,449
20,nsw,female,5,461
20,nsw,female,6,455
20,nsw,female,7,420
20,nsw,female,8,424
20,nsw,female,9,420
20,nsw,female,10,440
20,nsw,female,11,435
20,nsw,female,12,425
20,nsw,female,13,414
20,nsw,female,14,420
20,nsw,female,15,484
20,nsw,female,16,461
20,nsw,female,17,429
20,nsw,female,18,436
20,nsw,female,19,432
20,nsw,female,20,565
20,nsw,female,21,575
20,nsw,female,22,471
20,nsw,female,23,469
20,nsw,female,24,469
20,nsw,female,25,609
20,nsw,female,26,612
20,nsw,female,27,498
20,nsw,female,28,510
20,nsw,female,29,505
20,nsw,female,30,596
20,nsw,female,31,536
20,nsw,female,32,479
20,nsw,female,33,482
20,nsw,female,34,472
20,nsw,female,35,520
20,nsw,female,36,508
20,nsw,female,37,487
20,nsw,female,38,500
20,nsw,female,39,516
20,nsw,female,40,558
20,nsw,female,41,521
20,nsw,female,42,479
20,nsw,female,43,484
20,nsw,female,44,469
20,nsw,female,45,483
20,nsw,female,46,483
20,nsw,female,47,477
20,nsw,female,48,497
20,nsw,female,49,504
20,nsw,female,50,514
20,nsw,female,51,508
20,nsw,female,52,484
20,nsw,female,53,465
20,nsw,female,54,463
20,nsw,female,55,460
20,nsw,female,56,451
20,nsw,female,57,429
20,nsw,female,58,417
20,nsw,female,59,413
20,nsw,female,60,423
20,nsw,female,61,399
20,nsw,female,62,381
20,nsw,female,63,378
20,nsw,female,64,383
20,nsw,female,65,411
20,nsw,female,66,352
20,nsw,female,67,327
20,nsw,female,68,306
20,nsw,female,69,284
20,nsw,female,70,273
20,nsw,female,71,260
20,nsw,female,72,250
20,nsw,female,73,238
20,nsw,female,74,235
20,nsw,female,75,222
20,nsw,female,76,214
20,nsw,female,77,194
20,nsw,female,78,191
20,nsw,female,79,185
20,nsw,female,80,187
20,nsw,female,81,187
20,nsw,female,82,179
20,nsw,female,83,166
20,nsw,female,84,154
20,nsw,female,85,146
20,nsw,female,86,130
20,nsw,female,87,113
20,nsw,female,88,105
20,nsw,female,89,94
20,nsw,female,90,87
20,nsw,female,91,59
20,nsw,female,92,54
20,nsw,female,93,37
20,nsw,female,94,32
20,nsw,female,95,25
20,nsw,female,96,18
20,nsw,female,97,16
20,nsw,female,98,10
20,nsw,female,99,8
20,nsw,female,100,3
20,nsw,female,101,3
20,nsw,female,102,2
20,vic,male,0,371
20,vic,male,1,376
20,vic,male,2,356
20,vic,male,3,350
20,vic,male,4,348
20,vic,male,5,368
20,vic,male,6,351
20,vic,male,7,329
20,vic,male,8,328
20,vic,male,9,325
20,vic,male,10,335
20,vic,male,11,336
20,vic,male,12,323
20,vic,male,13,330
20,vic,male,14,337
20,vic,male,15,379
20,vic,male,16,375
20,vic,male,17,348
20,vic,male,18,350
20,vic,male,19,350
20,vic,male,20,476
20,vic,male,21,484
20,vic,male,22,402
20,vic,male,23,412
20,vic,male,24,419
20,vic,male,25,507
20,vic,male,26,498
20,vic,male,27,421
20,vic,male,28,420
20,vic,male,29,413
20,vic,male,30,462
20,vic,male,31,435
20,vic,male,32,382
20,vic,male,33,372
20,vic,male,34,370
20,vic,male,35,399
20,vic,male,36,393
20,vic,male,37,376
20,vic,male,38,376
20,vic,male,39,384
20,vic,male,40,417
20,vic,male,41,410
20,vic,male,42,389
20,vic,male,43,381
20,vic,male,44,370
20,vic,male,45,376
20,vic,male,46,367
20,vic,male,47,354
20,vic,male,48,362
20,vic,male,49,368
20,vic,male,50,369
20,vic,male,51,370
20,vic,male,52,350
20,vic,male,53,344
20,vic,male,54,329
20,vic,male,55,337
20,vic,male,56,330
20,vic,male,57,314
20,vic,male,58,309
20,vic,male,59,300
20,vic,male,60,302
20,vic,male,61,292
20,vic,male,62,283
20,vic,male,63,279
20,vic,male,64,283
20,vic,male,65,302
20,vic,male,66,249
20,vic,male,67,226
20,vic,male,68,217
20,vic,male,69,196
20,vic,male,70,195
20,vic,male,71,188
20,vic,male,72,175
20,vic,male,73,169
20,vic,male,74,152
20,vic,male,75,147
20,vic,male,76,136
20,vic,male,77,126
20,vic,male,78,122
20,vic,male,79,115
20,vic,male,80,112
20,vic,male,81,103
20,vic,male,82,96
20,vic,male,83,89
20,vic,male,84,78
20,vic,male,85,73
20,vic,male,86,60
20,vic,male,87,44
20,vic,male,88,40
20,vic,male,89,39
20,vic,male,90,28
20,vic,male,91,23
20,vic,male,92,16
20,vic,male,93,9
20,vic,male,94,8
20,vic,male,95,8
20,vic,male,96,6
20,vic,male,97,4
20,vic,male,98,2
20,vic,male,99,1
20,vic,male,100,1
20,vic,female,0,347
20,vic,female,1,371
20,vic,female,2,336
20,vic,female,3,338
20,vic,female,4,329
20,vic,female,5,346
20,vic,female,6,338
20,vic,female,7,313
20,vic,female,8,309
20,vic,female,9,308
20,vic,female,10,325
20,vic,female,11,333
20,vic,female,12,310
20,vic,female,13,313
20,vic,female,14,311
20,vic,female,15,352
20,vic,female,16,357
20,vic,female,17,325
20,vic,female,18,323
20,vic,female,19,336
20,vic,female,20,454
20,vic,female,21,460
20,vic,female,22,389
20,vic,female,23,388
20,vic,female,24,388
20,vic,female,25,481
20,vic,female,26,486
20,vic,female,27,403
20,vic,female,28,406
20,vic,female,29,401
20,vic,female,30,453
20,vic,female,31,435
20,vic,female,32,373
20,vic,female,33,370
20,vic,female,34,366
20,vic,female,35,394
20,vic,female,36,391
20,vic,female,37,380
20,vic,female,38,380
20,vic,female,39,398
20,vic,female,40,432
20,vic,female,41,437
20,vic,female,42,400
20,vic,female,43,392
20,vic,female,44,384
20,vic,female,45,385
20,vic,female,46,386
20,vic,female,47,365
20,vic,female,48,378
20,vic,female,49,378
20,vic,female,50,391
20,vic,female,51,384
20,vic,female,52,361
20,vic,female,53,361
20,vic,female,54,346
20,vic,female,55,354
20,vic,female,56,342
20,vic,female,57,325
20,vic,female,58,320
20,vic,female,59,318
20,vic,female,60,311
20,vic,female,61,308
20,vic,female,62,296
20,vic,female,63,294
20,vic,female,64,283
20,vic,female,65,311
20,vic,female,66,266
20,vic,female,67,240
20,vic,female,68,232
20,vic,female,69,212
20,vic,female,70,208
20,vic,female,71,194
20,vic,female,72,182
20,vic,female,73,182
20,vic,female,74,174
20,vic,female,75,169
20,vic,female,76,160
20,vic,female,77,157
20,vic,female,78,146
20,vic,female,79,142
20,vic,female,80,132
20,vic,female,81,137
20,vic,female,82,129
20,vic,female,83,127
20,vic,female,84,114
20,vic,female,85,109
20,vic,female,86,99
20,vic,female,87,76
20,vic,female,88,76
20,vic,female,89,69
20,vic,female,90,58
20,vic,female,91,46
20,vic,female,92,36
20,vic,female,93,27
20,vic,female,94,23
20,vic,female,95,18
20,vic,female,96,9
20,vic,female,97,11
20,vic,female,98,9
20,vic,female,99,5
20,vic,female,100,2
20,vic,female,101,3
20,vic,female,102,2
20,qld,male,0,316
20,qld,male,1,340
20,qld,male,2,310
20,qld,male,3,312
20,qld,male,4,305
20,qld,male,5,319
20,qld,male,6,311
20,qld,male,7,289
20,qld,male,8,284
20,qld,male,9,282
20,qld,male,10,301
20,qld,male,11,305
20,qld,male,12,289
20,qld,male,13,288
20,qld,male,14,293
20,qld,male,15,316
20,qld,male,16,323
20,qld,male,17,300
20,qld,male,18,299
20,qld,male,19,298
20,qld,male,20,361
20,qld,male,21,381
20,qld,male,22,308
20,qld,male,23,312
20,qld,male,24,307
20,qld,male,25,395
20,qld,male,26,386
20,qld,male,27,326
20,qld,male,28,317
20,qld,male,29,326
20,qld,male,30,358
20,qld,male,31,347
20,qld,male,32,291
20,qld,male,33,285
20,qld,male,34,278
20,qld,male,35,312
20,qld,male,36,314
20,qld,male,37,300
20,qld,male,38,310
20,qld,male,39,311
20,qld,male,40,340
20,qld,male,41,348
20,qld,male,42,306
20,qld,male,43,303
20,qld,male,44,296
20,qld,male,45,301
20,qld,male,46,294
20,qld,male,47,290
20,qld,male,48,304
20,qld,male,49,295
20,qld,male,50,316
20,qld,male,51,300
20,qld,male,52,288
20,qld,male,53,282
20,qld,male,54,272
20,qld,male,55,281
20,qld,male,56,274
20,qld,male,57,255
20,qld,male,58,252
20,qld,male,59,250
20,qld,male,60,254
20,qld,male,61,242
20,qld,male,62,237
20,qld,male,63,240
20,qld,male,64,240
20,qld,male,65,247
20,qld,male,66,217
20,qld,male,67,194
20,qld,male,68,185
20,qld,male,69,157
20,qld,male,70,161
20,qld,male,71,145
20,qld,male,72,143
20,qld,male,73,131
20,qld,male,74,122
20,qld,male,75,110
20,qld,male,76,102
20,qld,male,77,92
20,qld,male,78,87
20,qld,male,79,83
20,qld,male,80,82
20,qld,male,81,71
20,qld,male,82,70
20,qld,male,83,69
20,qld,male,84,59
20,qld,male,85,51
20,qld,male,86,43
20,qld,male,87,29
20,qld,male,88,30
20,qld,male,89,26
20,qld,male,90,22
20,qld,male,91,15
20,qld,male,92,11
20,qld,male,93,9
20,qld,male,94,6
20,qld,male,95,5
20,qld,male,96,3
20,qld,male,97,3
20,qld,male,98,1
20,qld,male,99,1
20,qld,male,100,1
20,qld,female,0,354
20,qld,female,1,333
20,qld,female,2,289
20,qld,female,3,292
20,qld,female,4,288
20,qld,female,5,304
20,qld,female,6,297
20,qld,female,7,275
20,qld,female,8,270
20,qld,female,9,266
20,qld,female,10,293
20,qld,female,11,289
20,qld,female,12,278
20,qld,female,13,273
20,qld,female,14,277
20,qld,female,15,301
20,qld,female,16,312
20,qld,female,17,283
20,qld,female,18,281
20,qld,female,19,285
20,qld,female,20,356
20,qld,female,21,351
20,qld,female,22,304
20,qld,female,23,299
20,qld,female,24,299
20,qld,female,25,383
20,qld,female,26,373
20,qld,female,27,316
20,qld,female,28,313
20,qld,female,29,311
20,qld,female,30,349
20,qld,female,31,333
20,qld,female,32,294
20,qld,female,33,285
20,qld,female,34,289
20,qld,female,35,310
20,qld,female,36,315
20,qld,female,37,296
20,qld,female,38,306
20,qld,female,39,319
20,qld,female,40,351
20,qld,female,41,344
20,qld,female,42,312
20,qld,female,43,307
20,qld,female,44,297
20,qld,female,45,309
20,qld,female,46,303
20,qld,female,47,302
20,qld,female,48,308
20,qld,female,49,307
20,qld,female,50,325
20,qld,female,51,313
20,qld,female,52,292
20,qld,female,53,285
20,qld,female,54,289
20,qld,female,55,284
20,qld,female,56,278
20,qld,female,57,266
20,qld,female,58,256
20,qld,female,59,248
20,qld,female,60,254
20,qld,female,61,252
20,qld,female,62,234
20,qld,female,63,234
20,qld,female,64,231
20,qld,female,65,241
20,qld,female,66,209
20,qld,female,67,198
20,qld,female,68,182
20,qld,female,69,161
20,qld,female,70,159
20,qld,female,71,150
20,qld,female,72,142
20,qld,female,73,134
20,qld,female,74,117
20,qld,female,75,115
20,qld,female,76,110
20,qld,female,77,107
20,qld,female,78,96
20,qld,female,79,100
20,qld,female,80,95
20,qld,female,81,93
20,qld,female,82,87
20,qld,female,83,86
20,qld,female,84,73
20,qld,female,85,73
20,qld,female,86,66
20,qld,female,87,58
20,qld,female,88,45
20,qld,female,89,43
20,qld,female,90,40
20,qld,female,91,33
20,qld,female,92,25
20,qld,female,93,19
20,qld,female,94,14
20,qld,female,95,14
20,qld,female,96,11
20,qld,female,97,6
20,qld,female,98,4
20,qld,female,99,4
20,qld,female,100,3
20,qld,female,101,2
20,qld,female,102,1
20,sa,male,0,100
20,sa,male,1,107
20,sa,male,2,104
20,sa,male,3,97
20,sa,male,4,97
20,sa,male,5,103
20,sa,male,6,103
20,sa,male,7,93
20,sa,male,8,94
20,sa,male,9,96
20,sa,male,10,105
20,sa,male,11,97
20,sa,male,12,98
20,sa,male,13,102
20,sa,male,14,99
20,sa,male,15,114
20,sa,male,16,109
20,sa,male,17,108
20,sa,male,18,103
20,sa,male,19,110
20,sa,male,20,126
20,sa,male,21,136
20,sa,male,22,113
20,sa,male,23,121
20,sa,male,24,117
20,sa,male,25,135
20,sa,male,26,132
20,sa,male,27,118
20,sa,male,28,116
20,sa,male,29,117
20,sa,male,30,126
20,sa,male,31,114
20,sa,male,32,103
20,sa,male,33,100
20,sa,male,34,98
20,sa,male,35,103
20,sa,male,36,110
20,sa,male,37,98
20,sa,male,38,102
20,sa,male,39,109
20,sa,male,40,117
20,sa,male,41,118
20,sa,male,42,120
20,sa,male,43,113
20,sa,male,44,114
20,sa,male,45,112
20,sa,male,46,108
20,sa,male,47,113
20,sa,male,48,116
20,sa,male,49,113
20,sa,male,50,122
20,sa,male,51,117
20,sa,male,52,113
20,sa,male,53,114
20,sa,male,54,108
20,sa,male,55,108
20,sa,male,56,105
20,sa,male,57,103
20,sa,male,58,99
20,sa,male,59,99
20,sa,male,60,99
20,sa,male,61,94
20,sa,male,62,95
20,sa,male,63,94
20,sa,male,64,90
20,sa,male,65,97
20,sa,male,66,85
20,sa,male,67,75
20,sa,male,68,70
20,sa,male,69,66
20,sa,male,70,63
20,sa,male,71,60
20,sa,male,72,57
20,sa,male,73,54
20,sa,male,74,54
20,sa,male,75,51
20,sa,male,76,46
20,sa,male,77,41
20,sa,male,78,43
20,sa,male,79,38
20,sa,male,80,36
20,sa,male,81,34
20,sa,male,82,34
20,sa,male,83,31
20,sa,male,84,29
20,sa,male,85,29
20,sa,male,86,24
20,sa,male,87,17
20,sa,male,88,15
20,sa,male,89,12
20,sa,male,90,10
20,sa,male,91,8
20,sa,male,92,8
20,sa,male,93,2
20,sa,male,94,3
20,sa,male,95,3
20,sa,male,96,2
20,sa,male,97,1
20,sa,male,98,1
20,sa,male,101,1
20,sa,female,0,108
20,sa,female,1,116
20,sa,female,2,97
20,sa,female,3,96
20,sa,female,4,95
20,sa,female,5,101
20,sa,female,6,97
20,sa,female,7,91
20,sa,female,8,89
20,sa,female,9,87
20,sa,female,10,100
20,sa,female,11,97
20,sa,female,12,94
20,sa,female,13,95
20,sa,female,14,97
20,sa,female,15,107
20,sa,female,16,108
20,sa,female,17,98
20,sa,female,18,97
20,sa,female,19,104
20,sa,female,20,128
20,sa,female,21,114
20,sa,female,22,115
20,sa,female,23,109
20,sa,female,24,110
20,sa,female,25,132
20,sa,female,26,134
20,sa,female,27,111
20,sa,female,28,110
20,sa,female,29,111
20,sa,female,30,122
20,sa,female,31,111
20,sa,female,32,102
20,sa,female,33,98
20,sa,female,34,98
20,sa,female,35,113
20,sa,female,36,106
20,sa,female,37,102
20,sa,female,38,104
20,sa,female,39,110
20,sa,female,40,123
20,sa,female,41,119
20,sa,female,42,113
20,sa,female,43,110
20,sa,female,44,111
20,sa,female,45,115
20,sa,female,46,116
20,sa,female,47,111
20,sa,female,48,117
20,sa,female,49,114
20,sa,female,50,123
20,sa,female,51,124
20,sa,female,52,114
20,sa,female,53,111
20,sa,female,54,111
20,sa,female,55,112
20,sa,female,56,106
20,sa,female,57,103
20,sa,female,58,107
20,sa,female,59,104
20,sa,female,60,105
20,sa,female,61,102
20,sa,female,62,98
20,sa,female,63,96
20,sa,female,64,95
20,sa,female,65,105
20,sa,female,66,91
20,sa,female,67,82
20,sa,female,68,74
20,sa,female,69,72
20,sa,female,70,66
20,sa,female,71,66
20,sa,female,72,60
20,sa,female,73,63
20,sa,female,74,58
20,sa,female,75,56
20,sa,female,76,52
20,sa,female,77,50
20,sa,female,78,50
20,sa,female,79,47
20,sa,female,80,47
20,sa,female,81,43
20,sa,female,82,46
20,sa,female,83,41
20,sa,female,84,40
20,sa,female,85,37
20,sa,female,86,38
20,sa,female,87,34
20,sa,female,88,31
20,sa,female,89,27
20,sa,female,90,23
20,sa,female,91,17
20,sa,female,92,8
20,sa,female,93,12
20,sa,female,94,7
20,sa,female,95,5
20,sa,female,96,6
20,sa,female,97,4
20,sa,female,98,3
20,sa,female,99,1
20,sa,female,100,2
20,sa,female,101,2
20,wa,male,0,171
20,wa,male,1,179
20,wa,male,2,157
20,wa,male,3,153
20,wa,male,4,152
20,wa,male,5,178
20,wa,male,6,160
20,wa,male,7,141
20,wa,male,8,143
20,wa,male,9,141
20,wa,male,10,159
20,wa,male,11,150
20,wa,male,12,146
20,wa,male,13,148
20,wa,male,14,146
20,wa,male,15,164
20,wa,male,16,168
20,wa,male,17,152
20,wa,male,18,153
20,wa,male,19,155
20,wa,male,20,230
20,wa,male,21,193
20,wa,male,22,167
20,wa,male,23,174
20,wa,male,24,172
20,wa,male,25,250
20,wa,male,26,233
20,wa,male,27,185
20,wa,male,28,188
20,wa,male,29,178
20,wa,male,30,210
20,wa,male,31,199
20,wa,male,32,161
20,wa,male,33,155
20,wa,male,34,152
20,wa,male,35,166
20,wa,male,36,173
20,wa,male,37,158
20,wa,male,38,158
20,wa,male,39,167
20,wa,male,40,198
20,wa,male,41,198
20,wa,male,42,167
20,wa,male,43,168
20,wa,male,44,163
20,wa,male,45,171
20,wa,male,46,170
20,wa,male,47,161
20,wa,male,48,162
20,wa,male,49,158
20,wa,male,50,165
20,wa,male,51,163
20,wa,male,52,155
20,wa,male,53,155
20,wa,male,54,145
20,wa,male,55,154
20,wa,male,56,149
20,wa,male,57,142
20,wa,male,58,136
20,wa,male,59,133
20,wa,male,60,134
20,wa,male,61,136
20,wa,male,62,120
20,wa,male,63,121
20,wa,male,64,125
20,wa,male,65,123
20,wa,male,66,105
20,wa,male,67,93
20,wa,male,68,87
20,wa,male,69,83
20,wa,male,70,78
20,wa,male,71,71
20,wa,male,72,69
20,wa,male,73,63
20,wa,male,74,59
20,wa,male,75,54
20,wa,male,76,48
20,wa,male,77,47
20,wa,male,78,44
20,wa,male,79,43
20,wa,male,80,42
20,wa,male,81,35
20,wa,male,82,36
20,wa,male,83,28
20,wa,male,84,27
20,wa,male,85,24
20,wa,male,86,21
20,wa,male,87,11
20,wa,male,88,16
20,wa,male,89,11
20,wa,male,90,9
20,wa,male,91,9
20,wa,male,92,7
20,wa,male,93,5
20,wa,male,94,3
20,wa,male,95,3
20,wa,male,96,2
20,wa,male,97,1
20,wa,male,98,1
20,wa,male,100,1
20,wa,female,0,147
20,wa,female,1,172
20,wa,female,2,149
20,wa,female,3,149
20,wa,female,4,146
20,wa,female,5,164
20,wa,female,6,157
20,wa,female,7,137
20,wa,female,8,138
20,wa,female,9,140
20,wa,female,10,147
20,wa,female,11,150
20,wa,female,12,142
20,wa,female,13,144
20,wa,female,14,137
20,wa,female,15,161
20,wa,female,16,156
20,wa,female,17,142
20,wa,female,18,146
20,wa,female,19,147
20,wa,female,20,202
20,wa,female,21,199
20,wa,female,22,160
20,wa,female,23,161
20,wa,female,24,159
20,wa,female,25,231
20,wa,female,26,231
20,wa,female,27,164
20,wa,female,28,164
20,wa,female,29,167
20,wa,female,30,195
20,wa,female,31,189
20,wa,female,32,158
20,wa,female,33,154
20,wa,female,34,149
20,wa,female,35,181
20,wa,female,36,175
20,wa,female,37,151
20,wa,female,38,163
20,wa,female,39,165
20,wa,female,40,176
20,wa,female,41,188
20,wa,female,42,168
20,wa,female,43,166
20,wa,female,44,161
20,wa,female,45,170
20,wa,female,46,154
20,wa,female,47,159
20,wa,female,48,161
20,wa,female,49,165
20,wa,female,50,170
20,wa,female,51,159
20,wa,female,52,156
20,wa,female,53,153
20,wa,female,54,146
20,wa,female,55,164
20,wa,female,56,151
20,wa,female,57,141
20,wa,female,58,137
20,wa,female,59,127
20,wa,female,60,133
20,wa,female,61,131
20,wa,female,62,117
20,wa,female,63,115
20,wa,female,64,116
20,wa,female,65,119
20,wa,female,66,103
20,wa,female,67,95
20,wa,female,68,88
20,wa,female,69,82
20,wa,female,70,79
20,wa,female,71,75
20,wa,female,72,69
20,wa,female,73,68
20,wa,female,74,63
20,wa,female,75,58
20,wa,female,76,59
20,wa,female,77,49
20,wa,female,78,53
20,wa,female,79,51
20,wa,female,80,48
20,wa,female,81,45
20,wa,female,82,45
20,wa,female,83,39
20,wa,female,84,43
20,wa,female,85,30
20,wa,female,86,30
20,wa,female,87,27
20,wa,female,88,25
20,wa,female,89,25
20,wa,female,90,20
20,wa,female,91,17
20,wa,female,92,13
20,wa,female,93,10
20,wa,female,94,6
20,wa,female,95,5
20,wa,female,96,5
20,wa,female,97,5
20,wa,female,98,2
20,wa,female,99,3
20,wa,female,102,1
20,tas,male,0,34
20,tas,male,1,34
20,tas,male,2,35
20,tas,male,3,36
20,tas,male,4,35
20,tas,male,5,33
20,tas,male,6,36
20,tas,male,7,33
20,tas,male,8,32
20,tas,male,9,32
20,tas,male,10,36
20,tas,male,11,36
20,tas,male,12,36
20,tas,male,13,37
20,tas,male,14,35
20,tas,male,15,41
20,tas,male,16,39
20,tas,male,17,36
20,tas,male,18,39
20,tas,male,19,39
20,tas,male,20,40
20,tas,male,21,39
20,tas,male,22,39
20,tas,male,23,36
20,tas,male,24,39
20,tas,male,25,40
20,tas,male,26,37
20,tas,male,27,31
20,tas,male,28,33
20,tas,male,29,34
20,tas,male,30,30
20,tas,male,31,35
20,tas,male,32,29
20,tas,male,33,35
20,tas,male,34,30
20,tas,male,35,30
20,tas,male,36,34
20,tas,male,37,33
20,tas,male,38,33
20,tas,male,39,37
20,tas,male,40,36
20,tas,male,41,38
20,tas,male,42,37
20,tas,male,43,37
20,tas,male,44,37
20,tas,male,45,35
20,tas,male,46,33
20,tas,male,47,36
20,tas,male,48,38
20,tas,male,49,38
20,tas,male,50,41
20,tas,male,51,39
20,tas,male,52,39
20,tas,male,53,39
20,tas,male,54,35
20,tas,male,55,37
20,tas,male,56,41
20,tas,male,57,34
20,tas,male,58,33
20,tas,male,59,36
20,tas,male,60,35
20,tas,male,61,34
20,tas,male,62,34
20,tas,male,63,32
20,tas,male,64,33
20,tas,male,65,36
20,tas,male,66,27
20,tas,male,67,27
20,tas,male,68,27
20,tas,male,69,24
20,tas,male,70,23
20,tas,male,71,20
20,tas,male,72,19
20,tas,male,73,16
20,tas,male,74,18
20,tas,male,75,17
20,tas,male,76,15
20,tas,male,77,13
20,tas,male,78,13
20,tas,male,79,12
20,tas,male,80,14
20,tas,male,81,11
20,tas,male,82,11
20,tas,male,83,9
20,tas,male,84,8
20,tas,male,85,8
20,tas,male,86,8
20,tas,male,87,8
20,tas,male,88,4
20,tas,male,89,4
20,tas,male,90,1
20,tas,male,91,1
20,tas,male,92,1
20,tas,male,94,1
20,tas,male,95,1
20,tas,female,0,32
20,tas,female,1,29
20,tas,female,2,34
20,tas,female,3,31
20,tas,female,4,34
20,tas,female,5,33
20,tas,female,6,33
20,tas,female,7,32
20,tas,female,8,30
20,tas,female,9,30
20,tas,female,10,33
20,tas,female,11,30
20,tas,female,12,32
20,tas,female,13,33
20,tas,female,14,33
20,tas,female,15,34
20,tas,female,16,35
20,tas,female,17,39
20,tas,female,18,37
20,tas,female,19,35
20,tas,female,20,38
20,tas,female,21,33
20,tas,female,22,31
20,tas,female,23,34
20,tas,female,24,32
20,tas,female,25,38
20,tas,female,26,37
20,tas,female,27,35
20,tas,female,28,33
20,tas,female,29,30
20,tas,female,30,32
20,tas,female,31,38
20,tas,female,32,30
20,tas,female,33,30
20,tas,female,34,30
20,tas,female,35,38
20,tas,female,36,34
20,tas,female,37,33
20,tas,female,38,35
20,tas,female,39,33
20,tas,female,40,41
20,tas,female,41,43
20,tas,female,42,42
20,tas,female,43,37
20,tas,female,44,35
20,tas,female,45,37
20,tas,female,46,33
20,tas,female,47,39
20,tas,female,48,39
20,tas,female,49,36
20,tas,female,50,40
20,tas,female,51,42
20,tas,female,52,39
20,tas,female,53,40
20,tas,female,54,36
20,tas,female,55,38
20,tas,female,56,40
20,tas,female,57,38
20,tas,female,58,34
20,tas,female,59,34
20,tas,female,60,37
20,tas,female,61,35
20,tas,female,62,33
20,tas,female,63,30
20,tas,female,64,34
20,tas,female,65,34
20,tas,female,66,26
20,tas,female,67,26
20,tas,female,68,22
20,tas,female,69,23
20,tas,female,70,21
20,tas,female,71,22
20,tas,female,72,19
20,tas,female,73,18
20,tas,female,74,19
20,tas,female,75,20
20,tas,female,76,16
20,tas,female,77,16
20,tas,female,78,13
20,tas,female,79,15
20,tas,female,80,14
20,tas,female,81,14
20,tas,female,82,13
20,tas,female,83,12
20,tas,female,84,12
20,tas,female,85,11
20,tas,female,86,11
20,tas,female,87,9
20,tas,female,88,8
20,tas,female,89,7
20,tas,female,90,8
20,tas,female,91,5
20,tas,female,92,2
20,tas,female,93,2
20,tas,female,94,2
20,tas,female,95,3
20,tas,female,96,1
20,tas,female,97,3
20,tas,female,99,1
20,tas,female,101,1
20,nt,male,0,29
20,nt,male,1,24
20,nt,male,2,22
20,nt,male,3,24
20,nt,male,4,22
20,nt,male,5,20
20,nt,male,6,23
20,nt,male,7,18
20,nt,male,8,16
20,nt,male,9,21
20,nt,male,10,23
20,nt,male,11,26
20,nt,male,12,18
20,nt,male,13,16
20,nt,male,14,19
20,nt,male,15,21
20,nt,male,16,20
20,nt,male,17,21
20,nt,male,18,19
20,nt,male,19,22
20,nt,male,20,24
20,nt,male,21,27
20,nt,male,22,23
20,nt,male,23,21
20,nt,male,24,25
20,nt,male,25,28
20,nt,male,26,28
20,nt,male,27,26
20,nt,male,28,28
20,nt,male,29,25
20,nt,male,30,31
20,nt,male,31,24
20,nt,male,32,25
20,nt,male,33,21
20,nt,male,34,21
20,nt,male,35,23
20,nt,male,36,29
20,nt,male,37,21
20,nt,male,38,17
20,nt,male,39,21
20,nt,male,40,24
20,nt,male,41,21
20,nt,male,42,22
20,nt,male,43,21
20,nt,male,44,17
20,nt,male,45,20
20,nt,male,46,21
20,nt,male,47,23
20,nt,male,48,17
20,nt,male,49,20
20,nt,male,50,21
20,nt,male,51,17
20,nt,male,52,16
20,nt,male,53,15
20,nt,male,54,15
20,nt,male,55,15
20,nt,male,56,15
20,nt,male,57,14
20,nt,male,58,14
20,nt,male,59,13
20,nt,male,60,14
20,nt,male,61,13
20,nt,male,62,13
20,nt,male,63,15
20,nt,male,64,9
20,nt,male,65,12
20,nt,male,66,8
20,nt,male,67,9
20,nt,male,68,7
20,nt,male,69,6
20,nt,male,70,6
20,nt,male,71,8
20,nt,male,72,6
20,nt,male,73,4
20,nt,male,74,4
20,nt,male,75,3
20,nt,male,76,5
20,nt,male,77,1
20,nt,male,78,4
20,nt,male,79,2
20,nt,male,80,2
20,nt,male,81,3
20,nt,male,82,2
20,nt,male,83,1
20,nt,male,84,1
20,nt,male,85,1
20,nt,female,0,30
20,nt,female,1,17
20,nt,female,2,21
20,nt,female,3,21
20,nt,female,4,20
20,nt,female,5,20
20,nt,female,6,21
20,nt,female,7,17
20,nt,female,8,20
20,nt,female,9,19
20,nt,female,10,18
20,nt,female,11,17
20,nt,female,12,16
20,nt,female,13,18
20,nt,female,14,17
20,nt,female,15,19
20,nt,female,16,16
20,nt,female,17,18
20,nt,female,18,17
20,nt,female,19,17
20,nt,female,20,19
20,nt,female,21,22
20,nt,female,22,15
20,nt,female,23,19
20,nt,female,24,18
20,nt,female,25,27
20,nt,female,26,26
20,nt,female,27,24
20,nt,female,28,26
20,nt,female,29,23
20,nt,female,30,26
20,nt,female,31,26
20,nt,female,32,21
20,nt,female,33,19
20,nt,female,34,21
20,nt,female,35,20
20,nt,female,36,25
20,nt,female,37,21
20,nt,female,38,19
20,nt,female,39,22
20,nt,female,40,24
20,nt,female,41,23
20,nt,female,42,19
20,nt,female,43,19
20,nt,female,44,16
20,nt,female,45,18
20,nt,female,46,17
20,nt,female,47,16
20,nt,female,48,15
20,nt,female,49,13
20,nt,female,50,18
20,nt,female,51,16
20,nt,female,52,13
20,nt,female,53,16
20,nt,female,54,15
20,nt,female,55,16
20,nt,female,56,12
20,nt,female,57,12
20,nt,female,58,13
20,nt,female,59,12
20,nt,female,60,14
20,nt,female,61,10
20,nt,female,62,9
20,nt,female,63,8
20,nt,female,64,7
20,nt,female,65,8
20,nt,female,66,11
20,nt,female,67,7
20,nt,female,68,5
20,nt,female,69,4
20,nt,female,70,7
20,nt,female,71,4
20,nt,female,72,5
20,nt,female,73,4
20,nt,female,74,3
20,nt,female,75,2
20,nt,female,76,2
20,nt,female,77,3
20,nt,female,78,4
20,nt,female,79,2
20,nt,female,80,1
20,nt,female,81,1
20,nt,female,82,2
20,nt,female,84,1
20,nt,female,85,1
20,nt,female,86,1
20,nt,female,87,1
20,nt,female,88,1
20,act,male,0,31
20,act,male,1,34
20,act,male,2,23
20,act,male,3,25
20,act,male,4,24
20,act,male,5,29
20,act,male,6,26
20,act,male,7,24
20,act,male,8,22
20,act,male,9,23
20,act,male,10,22
20,act,male,11,22
20,act,male,12,23
20,act,male,13,21
20,act,male,14,22
20,act,male,15,22
20,act,male,16,26
20,act,male,17,25
20,act,male,18,27
20,act,male,19,29
20,act,male,20,39
20,act,male,21,42
20,act,male,22,41
20,act,male,23,34
20,act,male,24,34
20,act,male,25,41
20,act,male,26,42
20,act,male,27,34
20,act,male,28,34
20,act,male,29,35
20,act,male,30,36
20,act,male,31,40
20,act,male,32,26
20,act,male,33,31
20,act,male,34,28
20,act,male,35,31
20,act,male,36,34
20,act,male,37,30
20,act,male,38,29
20,act,male,39,27
20,act,male,40,31
20,act,male,41,28
20,act,male,42,30
20,act,male,43,26
20,act,male,44,27
20,act,male,45,27
20,act,male,46,28
20,act,male,47,26
20,act,male,48,28
20,act,male,49,24
20,act,male,50,27
20,act,male,51,27
20,act,male,52,26
20,act,male,53,22
20,act,male,54,24
20,act,male,55,24
20,act,male,56,22
20,act,male,57,23
20,act,male,58,21
20,act,male,59,21
20,act,male,60,20
20,act,male,61,21
20,act,male,62,20
20,act,male,63,16
20,act,male,64,18
20,act,male,65,18
20,act,male,66,14
20,act,male,67,13
20,act,male,68,11
20,act,male,69,14
20,act,male,70,10
20,act,male,71,10
20,act,male,72,11
20,act,male,73,10
20,act,male,74,7
20,act,male,75,8
20,act,male,76,8
20,act,male,77,7
20,act,male,78,6
20,act,male,79,6
20,act,male,80,4
20,act,male,81,5
20,act,male,82,3
20,act,male,83,4
20,act,male,84,3
20,act,male,85,3
20,act,male,86,4
20,act,male,87,3
20,act,male,88,3
20,act,male,90,2
20,act,male,91,2
20,act,male,93,1
20,act,female,0,35
20,act,female,1,26
20,act,female,2,23
20,act,female,3,25
20,act,female,4,23
20,act,female,5,26
20,act,female,6,22
20,act,female,7,22
20,act,female,8,21
20,act,female,9,23
20,act,female,10,24
20,act,female,11,25
20,act,female,12,21
20,act,female,13,22
20,act,female,14,21
20,act,female,15,29
20,act,female,16,24
20,act,female,17,24
20,act,female,18,27
20,act,female,19,27
20,act,female,20,34
20,act,female,21,38
20,act,female,22,35
20,act,female,23,34
20,act,female,24,32
20,act,female,25,41
20,act,female,26,38
20,act,female,27,34
20,act,female,28,35
20,act,female,29,31
20,act,female,30,39
20,act,female,31,38
20,act,female,32,31
20,act,female,33,28
20,act,female,34,27
20,act,female,35,30
20,act,female,36,30
20,act,female,37,26
20,act,female,38,30
20,act,female,39,31
20,act,female,40,29
20,act,female,41,32
20,act,female,42,30
20,act,female,43,31
20,act,female,44,27
20,act,female,45,28
20,act,female,46,25
20,act,female,47,25
20,act,female,48,27
20,act,female,49,28
20,act,female,50,27
20,act,female,51,29
20,act,female,52,32
20,act,female,53,24
20,act,female,54,25
20,act,female,55,24
20,act,female,56,23
20,act,female,57,23
20,act,female,58,21
20,act,female,59,23
20,act,female,60,24
20,act,female,61,19
20,act,female,62,17
20,act,female,63,21
20,act,female,64,18
20,act,female,65,23
20,act,female,66,17
20,act,female,67,15
20,act,female,68,13
20,act,female,69,11
20,act,female,70,11
20,act,female,71,11
20,act,female,72,10
20,act,female,73,10
20,act,female,74,10
20,act,female,75,8
20,act,female,76,8
20,act,female,77,7
20,act,female,78,8
20,act,female,79,7
20,act,female,80,8
20,act,female,81,6
20,act,female,82,5
20,act,female,83,6
20,act,female,84,5
20,act,female,85,5
20,act,female,86,5
20,act,female,87,5
20,act,female,88,4
20,act,female,89,2
20,act,female,90,3
20,act,female,91,1
20,act,female,92,2
20,act,female,93,1
20,act,female,96,1
21,nsw,male,0,538
21,nsw,male,1,543
21,nsw,male,2,478
21,nsw,male,3,473
21,nsw,male,4,461
21,nsw,male,5,494
21,nsw,male,6,474
21,nsw,male,7,450
21,nsw,male,8,445
21,nsw,male,9,435
21,nsw,male,10,470
21,nsw,male,11,466
21,nsw,male,12,444
21,nsw,male,13,438
21,nsw,male,14,437
21,nsw,male,15,518
21,nsw,male,16,498
21,nsw,male,17,455
21,nsw,male,18,446
21,nsw,male,19,456
21,nsw,male,20,605
21,nsw,male,21,589
21,nsw,male,22,498
21,nsw,male,23,490
21,nsw,male,24,491
21,nsw,male,25,633
21,nsw,male,26,610
21,nsw,male,27,511
21,nsw,male,28,506
21,nsw,male,29,499
21,nsw,male,30,584
21,nsw,male,31,574
21,nsw,male,32,487
21,nsw,male,33,478
21,nsw,male,34,460
21,nsw,male,35,507
21,nsw,male,36,505
21,nsw,male,37,468
21,nsw,male,38,485
21,nsw,male,39,496
21,nsw,male,40,545
21,nsw,male,41,541
21,nsw,male,42,478
21,nsw,male,43,465
21,nsw,male,44,447
21,nsw,male,45,474
21,nsw,male,46,477
21,nsw,male,47,472
21,nsw,male,48,487
21,nsw,male,49,482
21,nsw,male,50,510
21,nsw,male,51,502
21,nsw,male,52,473
21,nsw,male,53,455
21,nsw,male,54,458
21,nsw,male,55,460
21,nsw,male,56,435
21,nsw,male,57,419
21,nsw,male,58,405
21,nsw,male,59,408
21,nsw,male,60,400
21,nsw,male,61,405
21,nsw,male,62,374
21,nsw,male,63,377
21,nsw,male,64,383
21,nsw,male,65,406
21,nsw,male,66,351
21,nsw,male,67,322
21,nsw,male,68,306
21,nsw,male,69,276
21,nsw,male,70,265
21,nsw,male,71,243
21,nsw,male,72,239
21,nsw,male,73,215
21,nsw,male,74,215
21,nsw,male,75,206
21,nsw,male,76,185
21,nsw,male,77,172
21,nsw,male,78,162
21,nsw,male,79,148
21,nsw,male,80,145
21,nsw,male,81,143
21,nsw,male,82,136
21,nsw,male,83,118
21,nsw,male,84,112
21,nsw,male,85,100
21,nsw,male,86,74
21,nsw,male,87,72
21,nsw,male,88,63
21,nsw,male,89,49
21,nsw,male,90,43
21,nsw,male,91,28
21,nsw,male,92,20
21,nsw,male,93,15
21,nsw,male,94,13
21,nsw,male,95,10
21,nsw,male,96,5
21,nsw,male,97,3
21,nsw,male,98,1
21,nsw,male,99,2
21,nsw,male,102,1
21,nsw,female,0,469
21,nsw,female,1,536
21,nsw,female,2,458
21,nsw,female,3,453
21,nsw,female,4,448
21,nsw,female,5,463
21,nsw,female,6,457
21,nsw,female,7,419
21,nsw,female,8,424
21,nsw,female,9,421
21,nsw,female,10,439
21,nsw,female,11,437
21,nsw,female,12,424
21,nsw,female,13,415
21,nsw,female,14,420
21,nsw,female,15,483
21,nsw,female,16,465
21,nsw,female,17,424
21,nsw,female,18,435
21,nsw,female,19,432
21,nsw,female,20,564
21,nsw,female,21,584
21,nsw,female,22,471
21,nsw,female,23,467
21,nsw,female,24,469
21,nsw,female,25,601
21,nsw,female,26,620
21,nsw,female,27,499
21,nsw,female,28,510
21,nsw,female,29,500
21,nsw,female,30,591
21,nsw,female,31,549
21,nsw,female,32,479
21,nsw,female,33,480
21,nsw,female,34,475
21,nsw,female,35,515
21,nsw,female,36,514
21,nsw,female,37,485
21,nsw,female,38,497
21,nsw,female,39,516
21,nsw,female,40,556
21,nsw,female,41,523
21,nsw,female,42,484
21,nsw,female,43,480
21,nsw,female,44,473
21,nsw,female,45,481
21,nsw,female,46,483
21,nsw,female,47,475
21,nsw,female,48,497
21,nsw,female,49,502
21,nsw,female,50,515
21,nsw,female,51,509
21,nsw,female,52,483
21,nsw,female,53,465
21,nsw,female,54,463
21,nsw,female,55,462
21,nsw,female,56,451
21,nsw,female,57,427
21,nsw,female,58,419
21,nsw,female,59,412
21,nsw,female,60,423
21,nsw,female,61,400
21,nsw,female,62,380
21,nsw,female,63,377
21,nsw,female,64,383
21,nsw,female,65,415
21,nsw,female,66,354
21,nsw,female,67,326
21,nsw,female,68,308
21,nsw,female,69,285
21,nsw,female,70,273
21,nsw,female,71,261
21,nsw,female,72,250
21,nsw,female,73,242
21,nsw,female,74,235
21,nsw,female,75,221
21,nsw,female,76,216
21,nsw,female,77,193
21,nsw,female,78,190
21,nsw,female,79,185
21,nsw,female,80,187
21,nsw,female,81,185
21,nsw,female,82,179
21,nsw,female,83,167
21,nsw,female,84,155
21,nsw,female,85,143
21,nsw,female,86,130
21,nsw,female,87,113
21,nsw,female,88,106
21,nsw,female,89,94
21,nsw,female,90,86
21,nsw,female,91,63
21,nsw,female,92,52
21,nsw,female,93,36
21,nsw,female,94,32
21,nsw,female,95,27
21,nsw,female,96,18
21,nsw,female,97,15
21,nsw,female,98,10
21,nsw,female,99,7
21,nsw,female,100,3
21,nsw,female,101,3
21,nsw,female,102,1
21,vic,male,0,367
21,vic,male,1,375
21,vic,male,2,357
21,vic,male,3,352
21,vic,male,4,348
21,vic,male,5,367
21,vic,male,6,352
21,vic,male,7,327
21,vic,male,8,329
21,vic,male,9,324
21,vic,male,10,337
21,vic,male,11,336
21,vic,male,12,324
21,vic,male,13,328
21,vic,male,14,339
21,vic,male,15,381
21,vic,male,16,376
21,vic,male,17,349
21,vic,male,18,350
21,vic,male,19,348
21,vic,male,20,475
21,vic,male,21,492
21,vic,male,22,402
21,vic,male,23,408
21,vic,male,24,418
21,vic,male,25,507
21,vic,male,26,502
21,vic,male,27,424
21,vic,male,28,416
21,vic,male,29,416
21,vic,male,30,456
21,vic,male,31,441
21,vic,male,32,382
21,vic,male,33,372
21,vic,male,34,368
21,vic,male,35,395
21,vic,male,36,397
21,vic,male,37,377
21,vic,male,38,372
21,vic,male,39,382
21,vic,male,40,417
21,vic,male,41,414
21,vic,male,42,391
21,vic,male,43,379
21,vic,male,44,370
21,vic,male,45,378
21,vic,male,46,365
21,vic,male,47,353
21,vic,male,48,358
21,vic,male,49,370
21,vic,male,50,367
21,vic,male,51,371
21,vic,male,52,349
21,vic,male,53,344
21,vic,male,54,329
21,vic,male,55,339
21,vic,male,56,329
21,vic,male,57,314
21,vic,male,58,309
21,vic,male,59,297
21,vic,male,60,303
21,vic,male,61,295
21,vic,male,62,279
21,vic,male,63,279
21,vic,male,64,282
21,vic,male,65,306
21,vic,male,66,254
21,vic,male,67,228
21,vic,male,68,216
21,vic,male,69,198
21,vic,male,70,192
21,vic,male,71,190
21,vic,male,72,176
21,vic,male,73,168
21,vic,male,74,150
21,vic,male,75,145
21,vic,male,76,139
21,vic,male,77,125
21,vic,male,78,122
21,vic,male,79,116
21,vic,male,80,113
21,vic,male,81,103
21,vic,male,82,94
21,vic,male,83,91
21,vic,male,84,78
21,vic,male,85,74
21,vic,male,86,60
21,vic,male,87,45
21,vic,male,88,38
21,vic,male,89,36
21,vic,male,90,29
21,vic,male,91,22
21,vic,male,92,15
21,vic,male,93,10
21,vic,male,94,7
21,vic,male,95,8
21,vic,male,96,5
21,vic,male,97,5
21,vic,male,98,2
21,vic,male,99,1
21,vic,male,100,1
21,vic,female,0,341
21,vic,female,1,385
21,vic,female,2,339
21,vic,female,3,335
21,vic,female,4,330
21,vic,female,5,345
21,vic,female,6,340
21,vic,female,7,316
21,vic,female,8,309
21,vic,female,9,308
21,vic,female,10,327
21,vic,female,11,332
21,vic,female,12,311
21,vic,female,13,315
21,vic,female,14,306
21,vic,female,15,354
21,vic,female,16,357
21,vic,female,17,326
21,vic,female,18,321
21,vic,female,19,336
21,vic,female,20,448
21,vic,female,21,467
21,vic,female,22,390
21,vic,female,23,386
21,vic,female,24,390
21,vic,female,25,480
21,vic,female,26,493
21,vic,female,27,401
21,vic,female,28,405
21,vic,female,29,403
21,vic,female,30,444
21,vic,female,31,445
21,vic,female,32,373
21,vic,female,33,368
21,vic,female,34,369
21,vic,female,35,389
21,vic,female,36,389
21,vic,female,37,378
21,vic,female,38,382
21,vic,female,39,395
21,vic,female,40,429
21,vic,female,41,439
21,vic,female,42,400
21,vic,female,43,393
21,vic,female,44,384
21,vic,female,45,385
21,vic,female,46,387
21,vic,female,47,364
21,vic,female,48,377
21,vic,female,49,379
21,vic,female,50,392
21,vic,female,51,383
21,vic,female,52,360
21,vic,female,53,363
21,vic,female,54,345
21,vic,female,55,354
21,vic,female,56,342
21,vic,female,57,326
21,vic,female,58,320
21,vic,female,59,320
21,vic,female,60,314
21,vic,female,61,306
21,vic,female,62,297
21,vic,female,63,292
21,vic,female,64,284
21,vic,female,65,320
21,vic,female,66,267
21,vic,female,67,239
21,vic,female,68,232
21,vic,female,69,210
21,vic,female,70,209
21,vic,female,71,194
21,vic,female,72,183
21,vic,female,73,182
21,vic,female,74,175
21,vic,female,75,169
21,vic,female,76,160
21,vic,female,77,157
21,vic,female,78,146
21,vic,female,79,143
21,vic,female,80,132
21,vic,female,81,136
21,vic,female,82,130
21,vic,female,83,125
21,vic,female,84,119
21,vic,female,85,107
21,vic,female,86,101
21,vic,female,87,76
21,vic,female,88,73
21,vic,female,89,68
21,vic,female,90,62
21,vic,female,91,44
21,vic,female,92,37
21,vic,female,93,24
21,vic,female,94,23
21,vic,female,95,17
21,vic,female,96,10
21,vic,female,97,10
21,vic,female,98,9
21,vic,female,99,4
21,vic,female,100,2
21,vic,female,101,3
21,vic,female,102,2
21,qld,male,0,309
21,qld,male,1,346
21,qld,male,2,311
21,qld,male,3,311
21,qld,male,4,304
21,qld,male,5,322
21,qld,male,6,312
21,qld,male,7,294
21,qld,male,8,278
21,qld,male,9,280
21,qld,male,10,301
21,qld,male,11,304
21,qld,male,12,289
21,qld,male,13,287
21,qld,male,14,292
21,qld,male,15,324
21,qld,male,16,319
21,qld,male,17,303
21,qld,male,18,297
21,qld,male,19,297
21,qld,male,20,367
21,qld,male,21,381
21,qld,male,22,310
21,qld,male,23,311
21,qld,male,24,308
21,qld,male,25,390
21,qld,male,26,395
21,qld,male,27,325
21,qld,male,28,317
21,qld,male,29,324
21,qld,male,30,362
21,qld,male,31,345
21,qld,male,32,295
21,qld,male,33,286
21,qld,male,34,276
21,qld,male,35,309
21,qld,male,36,318
21,qld,male,37,299
21,qld,male,38,309
21,qld,male,39,310
21,qld,male,40,337
21,qld,male,41,349
21,qld,male,42,308
21,qld,male,43,304
21,qld,male,44,294
21,qld,male,45,299
21,qld,male,46,296
21,qld,male,47,290
21,qld,male,48,300
21,qld,male,49,297
21,qld,male,50,312
21,qld,male,51,302
21,qld,male,52,288
21,qld,male,53,283
21,qld,male,54,271
21,qld,male,55,281
21,qld,male,56,275
21,qld,male,57,256
21,qld,male,58,252
21,qld,male,59,254
21,qld,male,60,250
21,qld,male,61,244
21,qld,male,62,238
21,qld,male,63,238
21,qld,male,64,242
21,qld,male,65,248
21,qld,male,66,218
21,qld,male,67,196
21,qld,male,68,186
21,qld,male,69,157
21,qld,male,70,161
21,qld,male,71,146
21,qld,male,72,142
21,qld,male,73,132
21,qld,male,74,122
21,qld,male,75,113
21,qld,male,76,102
21,qld,male,77,92
21,qld,male,78,88
21,qld,male,79,84
21,qld,male,80,81
21,qld,male,81,72
21,qld,male,82,68
21,qld,male,83,69
21,qld,male,84,60
21,qld,male,85,51
21,qld,male,86,43
21,qld,male,87,29
21,qld,male,88,30
21,qld,male,89,28
21,qld,male,90,22
21,qld,male,91,16
21,qld,male,92,10
21,qld,male,93,9
21,qld,male,94,7
21,qld,male,95,3
21,qld,male,96,4
21,qld,male,97,3
21,qld,male,98,1
21,qld,male,99,1
21,qld,male,100,1
21,qld,female,0,349
21,qld,female,1,335
21,qld,female,2,291
21,qld,female,3,293
21,qld,female,4,287
21,qld,female,5,303
21,qld,female,6,298
21,qld,female,7,274
21,qld,female,8,270
21,qld,female,9,265
21,qld,female,10,295
21,qld,female,11,288
21,qld,female,12,276
21,qld,female,13,271
21,qld,female,14,276
21,qld,female,15,303
21,qld,female,16,311
21,qld,female,17,283
21,qld,female,18,282
21,qld,female,19,283
21,qld,female,20,358
21,qld,female,21,358
21,qld,female,22,304
21,qld,female,23,301
21,qld,female,24,296
21,qld,female,25,382
21,qld,female,26,378
21,qld,female,27,319
21,qld,female,28,310
21,qld,female,29,311
21,qld,female,30,346
21,qld,female,31,340
21,qld,female,32,293
21,qld,female,33,287
21,qld,female,34,285
21,qld,female,35,307
21,qld,female,36,321
21,qld,female,37,295
21,qld,female,38,302
21,qld,female,39,320
21,qld,female,40,347
21,qld,female,41,348
21,qld,female,42,314
21,qld,female,43,307
21,qld,female,44,295
21,qld,female,45,313
21,qld,female,46,301
21,qld,female,47,303
21,qld,female,48,307
21,qld,female,49,307
21,qld,female,50,321
21,qld,female,51,316
21,qld,female,52,293
21,qld,female,53,284
21,qld,female,54,288
21,qld,female,55,284
21,qld,female,56,282
21,qld,female,57,264
21,qld,female,58,258
21,qld,female,59,248
21,qld,female,60,256
21,qld,female,61,252
21,qld,female,62,235
21,qld,female,63,233
21,qld,female,64,229
21,qld,female,65,243
21,qld,female,66,209
21,qld,female,67,200
21,qld,female,68,182
21,qld,female,69,164
21,qld,female,70,157
21,qld,female,71,150
21,qld,female,72,142
21,qld,female,73,136
21,qld,female,74,118
21,qld,female,75,114
21,qld,female,76,111
21,qld,female,77,107
21,qld,female,78,98
21,qld,female,79,100
21,qld,female,80,92
21,qld,female,81,95
21,qld,female,82,86
21,qld,female,83,86
21,qld,female,84,75
21,qld,female,85,71
21,qld,female,86,67
21,qld,female,87,57
21,qld,female,88,47
21,qld,female,89,43
21,qld,female,90,40
21,qld,female,91,34
21,qld,female,92,26
21,qld,female,93,19
21,qld,female,94,14
21,qld,female,95,14
21,qld,female,96,11
21,qld,female,97,7
21,qld,female,98,3
21,qld,female,99,4
21,qld,female,100,3
21,qld,female,101,2
21,qld,female,102,1
21,sa,male,0,101
21,sa,male,1,104
21,sa,male,2,104
21,sa,male,3,101
21,sa,male,4,94
21,sa,male,5,102
21,sa,male,6,104
21,sa,male,7,93
21,sa,male,8,92
21,sa,male,9,95
21,sa,male,10,106
21,sa,male,11,98
21,sa,male,12,97
21,sa,male,13,101
21,sa,male,14,100
21,sa,male,15,115
21,sa,male,16,108
21,sa,male,17,110
21,sa,male,18,103
21,sa,male,19,110
21,sa,male,20,129
21,sa,male,21,139
21,sa,male,22,112
21,sa,male,23,122
21,sa,male,24,116
21,sa,male,25,134
21,sa,male,26,133
21,sa,male,27,119
21,sa,male,28,116
21,sa,male,29,118
21,sa,male,30,125
21,sa,male,31,115
21,sa,male,32,103
21,sa,male,33,101
21,sa,male,34,97
21,sa,male,35,103
21,sa,male,36,111
21,sa,male,37,98
21,sa,male,38,102
21,sa,male,39,109
21,sa,male,40,116
21,sa,male,41,118
21,sa,male,42,119
21,sa,male,43,116
21,sa,male,44,113
21,sa,male,45,112
21,sa,male,46,106
21,sa,male,47,115
21,sa,male,48,116
21,sa,male,49,114
21,sa,male,50,121
21,sa,male,51,117
21,sa,male,52,113
21,sa,male,53,115
21,sa,male,54,109
21,sa,male,55,107
21,sa,male,56,104
21,sa,male,57,103
21,sa,male,58,100
21,sa,male,59,100
21,sa,male,60,99
21,sa,male,61,94
21,sa,male,62,95
21,sa,male,63,94
21,sa,male,64,90
21,sa,male,65,98
21,sa,male,66,85
21,sa,male,67,76
21,sa,male,68,70
21,sa,male,69,66
21,sa,male,70,62
21,sa,male,71,60
21,sa,male,72,58
21,sa,male,73,54
21,sa,male,74,53
21,sa,male,75,50
21,sa,male,76,46
21,sa,male,77,42
21,sa,male,78,43
21,sa,male,79,38
21,sa,male,80,35
21,sa,male,81,35
21,sa,male,82,32
21,sa,male,83,31
21,sa,male,84,30
21,sa,male,85,29
21,sa,male,86,24
21,sa,male,87,18
21,sa,male,88,14
21,sa,male,89,14
21,sa,male,90,9
21,sa,male,91,8
21,sa,male,92,8
21,sa,male,93,2
21,sa,male,94,4
21,sa,male,95,3
21,sa,male,96,2
21,sa,male,97,1
21,sa,male,98,1
21,sa,male,101,1
21,sa,female,0,106
21,sa,female,1,118
21,sa,female,2,97
21,sa,female,3,96
21,sa,female,4,95
21,sa,female,5,103
21,sa,female,6,97
21,sa,female,7,92
21,sa,female,8,89
21,sa,female,9,87
21,sa,female,10,99
21,sa,female,11,97
21,sa,female,12,95
21,sa,female,13,94
21,sa,female,14,97
21,sa,female,15,108
21,sa,female,16,107
21,sa,female,17,97
21,sa,female,18,99
21,sa,female,19,101
21,sa,female,20,128
21,sa,female,21,117
21,sa,female,22,116
21,sa,female,23,109
21,sa,female,24,110
21,sa,female,25,130
21,sa,female,26,138
21,sa,female,27,112
21,sa,female,28,109
21,sa,female,29,110
21,sa,female,30,122
21,sa,female,31,111
21,sa,female,32,104
21,sa,female,33,99
21,sa,female,34,96
21,sa,female,35,111
21,sa,female,36,107
21,sa,female,37,102
21,sa,female,38,103
21,sa,female,39,110
21,sa,female,40,119
21,sa,female,41,122
21,sa,female,42,112
21,sa,female,43,111
21,sa,female,44,111
21,sa,female,45,115
21,sa,female,46,115
21,sa,female,47,113
21,sa,female,48,115
21,sa,female,49,114
21,sa,female,50,124
21,sa,female,51,125
21,sa,female,52,113
21,sa,female,53,111
21,sa,female,54,111
21,sa,female,55,112
21,sa,female,56,106
21,sa,female,57,103
21,sa,female,58,107
21,sa,female,59,105
21,sa,female,60,103
21,sa,female,61,101
21,sa,female,62,98
21,sa,female,63,96
21,sa,female,64,96
21,sa,female,65,104
21,sa,female,66,90
21,sa,female,67,83
21,sa,female,68,75
21,sa,female,69,71
21,sa,female,70,66
21,sa,female,71,66
21,sa,female,72,61
21,sa,female,73,63
21,sa,female,74,58
21,sa,female,75,56
21,sa,female,76,51
21,sa,female,77,51
21,sa,female,78,50
21,sa,female,79,47
21,sa,female,80,46
21,sa,female,81,43
21,sa,female,82,43
21,sa,female,83,40
21,sa,female,84,41
21,sa,female,85,38
21,sa,female,86,38
21,sa,female,87,34
21,sa,female,88,31
21,sa,female,89,26
21,sa,female,90,25
21,sa,female,91,17
21,sa,female,92,8
21,sa,female,93,12
21,sa,female,94,6
21,sa,female,95,6
21,sa,female,96,5
21,sa,female,97,4
21,sa,female,98,4
21,sa,female,99,1
21,sa,female,100,2
21,sa,female,101,2
21,wa,male,0,168
21,wa,male,1,180
21,wa,male,2,158
21,wa,male,3,152
21,wa,male,4,154
21,wa,male,5,177
21,wa,male,6,164
21,wa,male,7,141
21,wa,male,8,144
21,wa,male,9,140
21,wa,male,10,158
21,wa,male,11,151
21,wa,male,12,145
21,wa,male,13,149
21,wa,male,14,147
21,wa,male,15,169
21,wa,male,16,165
21,wa,male,17,149
21,wa,male,18,155
21,wa,male,19,155
21,wa,male,20,226
21,wa,male,21,200
21,wa,male,22,167
21,wa,male,23,172
21,wa,male,24,173
21,wa,male,25,247
21,wa,male,26,241
21,wa,male,27,183
21,wa,male,28,189
21,wa,male,29,179
21,wa,male,30,208
21,wa,male,31,203
21,wa,male,32,160
21,wa,male,33,154
21,wa,male,34,154
21,wa,male,35,164
21,wa,male,36,176
21,wa,male,37,157
21,wa,male,38,158
21,wa,male,39,167
21,wa,male,40,196
21,wa,male,41,199
21,wa,male,42,165
21,wa,male,43,171
21,wa,male,44,164
21,wa,male,45,168
21,wa,male,46,172
21,wa,male,47,161
21,wa,male,48,162
21,wa,male,49,159
21,wa,male,50,164
21,wa,male,51,167
21,wa,male,52,154
21,wa,male,53,154
21,wa,male,54,146
21,wa,male,55,154
21,wa,male,56,150
21,wa,male,57,143
21,wa,male,58,134
21,wa,male,59,133
21,wa,male,60,132
21,wa,male,61,137
21,wa,male,62,120
21,wa,male,63,120
21,wa,male,64,126
21,wa,male,65,126
21,wa,male,66,104
21,wa,male,67,93
21,wa,male,68,87
21,wa,male,69,82
21,wa,male,70,79
21,wa,male,71,71
21,wa,male,72,69
21,wa,male,73,64
21,wa,male,74,59
21,wa,male,75,56
21,wa,male,76,46
21,wa,male,77,48
21,wa,male,78,44
21,wa,male,79,44
21,wa,male,80,42
21,wa,male,81,35
21,wa,male,82,36
21,wa,male,83,30
21,wa,male,84,25
21,wa,male,85,27
21,wa,male,86,19
21,wa,male,87,12
21,wa,male,88,16
21,wa,male,89,12
21,wa,male,90,8
21,wa,male,91,9
21,wa,male,92,4
21,wa,male,93,6
21,wa,male,94,3
21,wa,male,95,3
21,wa,male,96,2
21,wa,male,97,1
21,wa,male,98,1
21,wa,male,100,1
21,wa,female,0,147
21,wa,female,1,173
21,wa,female,2,149
21,wa,female,3,149
21,wa,female,4,146
21,wa,female,5,162
21,wa,female,6,161
21,wa,female,7,138
21,wa,female,8,138
21,wa,female,9,140
21,wa,female,10,147
21,wa,female,11,150
21,wa,female,12,141
21,wa,female,13,143
21,wa,female,14,137
21,wa,female,15,161
21,wa,female,16,155
21,wa,female,17,143
21,wa,female,18,146
21,wa,female,19,147
21,wa,female,20,206
21,wa,female,21,202
21,wa,female,22,157
21,wa,female,23,161
21,wa,female,24,159
21,wa,female,25,223
21,wa,female,26,241
21,wa,female,27,163
21,wa,female,28,163
21,wa,female,29,170
21,wa,female,30,192
21,wa,female,31,197
21,wa,female,32,157
21,wa,female,33,151
21,wa,female,34,151
21,wa,female,35,182
21,wa,female,36,176
21,wa,female,37,152
21,wa,female,38,160
21,wa,female,39,164
21,wa,female,40,175
21,wa,female,41,189
21,wa,female,42,168
21,wa,female,43,166
21,wa,female,44,161
21,wa,female,45,170
21,wa,female,46,154
21,wa,female,47,161
21,wa,female,48,159
21,wa,female,49,164
21,wa,female,50,170
21,wa,female,51,160
21,wa,female,52,158
21,wa,female,53,153
21,wa,female,54,146
21,wa,female,55,164
21,wa,female,56,152
21,wa,female,57,143
21,wa,female,58,136
21,wa,female,59,126
21,wa,female,60,135
21,wa,female,61,128
21,wa,female,62,120
21,wa,female,63,114
21,wa,female,64,116
21,wa,female,65,122
21,wa,female,66,102
21,wa,female,67,95
21,wa,female,68,89
21,wa,female,69,83
21,wa,female,70,80
21,wa,female,71,74
21,wa,female,72,69
21,wa,female,73,68
21,wa,female,74,63
21,wa,female,75,58
21,wa,female,76,60
21,wa,female,77,49
21,wa,female,78,53
21,wa,female,79,52
21,wa,female,80,46
21,wa,female,81,45
21,wa,female,82,43
21,wa,female,83,40
21,wa,female,84,42
21,wa,female,85,32
21,wa,female,86,30
21,wa,female,87,25
21,wa,female,88,26
21,wa,female,89,24
21,wa,female,90,20
21,wa,female,91,18
21,wa,female,92,13
21,wa,female,93,10
21,wa,female,94,7
21,wa,female,95,4
21,wa,female,96,4
21,wa,female,97,4
21,wa,female,98,2
21,wa,female,99,3
21,wa,female,102,1
21,tas,male,0,34
21,tas,male,1,33
21,tas,male,2,35
21,tas,male,3,35
21,tas,male,4,36
21,tas,male,5,33
21,tas,male,6,36
21,tas,male,7,34
21,tas,male,8,33
21,tas,male,9,32
21,tas,male,10,35
21,tas,male,11,36
21,tas,male,12,35
21,tas,male,13,38
21,tas,male,14,35
21,tas,male,15,42
21,tas,male,16,40
21,tas,male,17,35
21,tas,male,18,41
21,tas,male,19,39
21,tas,male,20,41
21,tas,male,21,40
21,tas,male,22,37
21,tas,male,23,38
21,tas,male,24,39
21,tas,male,25,39
21,tas,male,26,37
21,tas,male,27,32
21,tas,male,28,33
21,tas,male,29,35
21,tas,male,30,31
21,tas,male,31,35
21,tas,male,32,29
21,tas,male,33,33
21,tas,male,34,32
21,tas,male,35,29
21,tas,male,36,36
21,tas,male,37,33
21,tas,male,38,33
21,tas,male,39,36
21,tas,male,40,37
21,tas,male,41,38
21,tas,male,42,35
21,tas,male,43,38
21,tas,male,44,38
21,tas,male,45,36
21,tas,male,46,31
21,tas,male,47,35
21,tas,male,48,39
21,tas,male,49,38
21,tas,male,50,41
21,tas,male,51,39
21,tas,male,52,39
21,tas,male,53,40
21,tas,male,54,35
21,tas,male,55,38
21,tas,male,56,41
21,tas,male,57,34
21,tas,male,58,34
21,tas,male,59,35
21,tas,male,60,36
21,tas,male,61,34
21,tas,male,62,36
21,tas,male,63,30
21,tas,male,64,32
21,tas,male,65,37
21,tas,male,66,27
21,tas,male,67,27
21,tas,male,68,27
21,tas,male,69,24
21,tas,male,70,23
21,tas,male,71,20
21,tas,male,72,19
21,tas,male,73,16
21,tas,male,74,17
21,tas,male,75,17
21,tas,male,76,16
21,tas,male,77,13
21,tas,male,78,13
21,tas,male,79,12
21,tas,male,80,14
21,tas,male,81,11
21,tas,male,82,11
21,tas,male,83,9
21,tas,male,84,8
21,tas,male,85,8
21,tas,male,86,8
21,tas,male,87,7
21,tas,male,88,4
21,tas,male,89,5
21,tas,male,90,1
21,tas,male,91,1
21,tas,male,92,1
21,tas,male,94,1
21,tas,female,0,28
21,tas,female,1,33
21,tas,female,2,33
21,tas,female,3,32
21,tas,female,4,34
21,tas,female,5,33
21,tas,female,6,33
21,tas,female,7,32
21,tas,female,8,30
21,tas,female,9,31
21,tas,female,10,32
21,tas,female,11,31
21,tas,female,12,31
21,tas,female,13,33
21,tas,female,14,33
21,tas,female,15,34
21,tas,female,16,36
21,tas,female,17,40
21,tas,female,18,35
21,tas,female,19,36
21,tas,female,20,39
21,tas,female,21,35
21,tas,female,22,31
21,tas,female,23,34
21,tas,female,24,33
21,tas,female,25,38
21,tas,female,26,37
21,tas,female,27,33
21,tas,female,28,35
21,tas,female,29,29
21,tas,female,30,32
21,tas,female,31,38
21,tas,female,32,30
21,tas,female,33,30
21,tas,female,34,31
21,tas,female,35,37
21,tas,female,36,34
21,tas,female,37,33
21,tas,female,38,35
21,tas,female,39,34
21,tas,female,40,40
21,tas,female,41,43
21,tas,female,42,42
21,tas,female,43,39
21,tas,female,44,34
21,tas,female,45,37
21,tas,female,46,33
21,tas,female,47,40
21,tas,female,48,39
21,tas,female,49,38
21,tas,female,50,39
21,tas,female,51,44
21,tas,female,52,39
21,tas,female,53,40
21,tas,female,54,36
21,tas,female,55,38
21,tas,female,56,38
21,tas,female,57,40
21,tas,female,58,33
21,tas,female,59,35
21,tas,female,60,37
21,tas,female,61,36
21,tas,female,62,33
21,tas,female,63,31
21,tas,female,64,33
21,tas,female,65,34
21,tas,female,66,27
21,tas,female,67,26
21,tas,female,68,22
21,tas,female,69,23
21,tas,female,70,21
21,tas,female,71,22
21,tas,female,72,20
21,tas,female,73,18
21,tas,female,74,19
21,tas,female,75,19
21,tas,female,76,17
21,tas,female,77,15
21,tas,female,78,14
21,tas,female,79,15
21,tas,female,80,14
21,tas,female,81,14
21,tas,female,82,13
21,tas,female,83,12
21,tas,female,84,12
21,tas,female,85,11
21,tas,female,86,11
21,tas,female,87,8
21,tas,female,88,8
21,tas,female,89,8
21,tas,female,90,8
21,tas,female,91,4
21,tas,female,92,3
21,tas,female,93,2
21,tas,female,94,2
21,tas,female,95,3
21,tas,female,96,1
21,tas,female,97,3
21,tas,female,101,1
21,nt,male,0,27
21,nt,male,1,26
21,nt,male,2,22
21,nt,male,3,22
21,nt,male,4,24
21,nt,male,5,19
21,nt,male,6,21
21,nt,male,7,19
21,nt,male,8,16
21,nt,male,9,20
21,nt,male,10,23
21,nt,male,11,27
21,nt,male,12,18
21,nt,male,13,17
21,nt,male,14,18
21,nt,male,15,22
21,nt,male,16,22
21,nt,male,17,19
21,nt,male,18,20
21,nt,male,19,20
21,nt,male,20,27
21,nt,male,21,27
21,nt,male,22,23
21,nt,male,23,22
21,nt,male,24,25
21,nt,male,25,28
21,nt,male,26,28
21,nt,male,27,25
21,nt,male,28,30
21,nt,male,29,25
21,nt,male,30,29
21,nt,male,31,26
21,nt,male,32,25
21,nt,male,33,20
21,nt,male,34,21
21,nt,male,35,24
21,nt,male,36,30
21,nt,male,37,21
21,nt,male,38,17
21,nt,male,39,21
21,nt,male,40,24
21,nt,male,41,22
21,nt,male,42,20
21,nt,male,43,22
21,nt,male,44,19
21,nt,male,45,18
21,nt,male,46,23
21,nt,male,47,23
21,nt,male,48,17
21,nt,male,49,20
21,nt,male,50,21
21,nt,male,51,18
21,nt,male,52,16
21,nt,male,53,15
21,nt,male,54,15
21,nt,male,55,14
21,nt,male,56,16
21,nt,male,57,14
21,nt,male,58,14
21,nt,male,59,13
21,nt,male,60,15
21,nt,male,61,13
21,nt,male,62,13
21,nt,male,63,15
21,nt,male,64,9
21,nt,male,65,12
21,nt,male,66,9
21,nt,male,67,10
21,nt,male,68,5
21,nt,male,69,6
21,nt,male,70,6
21,nt,male,71,8
21,nt,male,72,7
21,nt,male,73,4
21,nt,male,74,4
21,nt,male,75,3
21,nt,male,76,5
21,nt,male,77,1
21,nt,male,78,4
21,nt,male,79,2
21,nt,male,80,2
21,nt,male,81,3
21,nt,male,82,2
21,nt,male,83,1
21,nt,male,84,1
21,nt,male,85,1
21,nt,female,0,33
21,nt,female,1,17
21,nt,female,2,22
21,nt,female,3,19
21,nt,female,4,21
21,nt,female,5,20
21,nt,female,6,21
21,nt,female,7,17
21,nt,female,8,20
21,nt,female,9,19
21,nt,female,10,18
21,nt,female,11,18
21,nt,female,12,16
21,nt,female,13,18
21,nt,female,14,17
21,nt,female,15,18
21,nt,female,16,17
21,nt,female,17,17
21,nt,female,18,19
21,nt,female,19,17
21,nt,female,20,18
21,nt,female,21,23
21,nt,female,22,15
21,nt,female,23,18
21,nt,female,24,18
21,nt,female,25,27
21,nt,female,26,27
21,nt,female,27,24
21,nt,female,28,26
21,nt,female,29,24
21,nt,female,30,27
21,nt,female,31,26
21,nt,female,32,20
21,nt,female,33,20
21,nt,female,34,21
21,nt,female,35,21
21,nt,female,36,24
21,nt,female,37,21
21,nt,female,38,19
21,nt,female,39,22
21,nt,female,40,25
21,nt,female,41,23
21,nt,female,42,19
21,nt,female,43,20
21,nt,female,44,17
21,nt,female,45,18
21,nt,female,46,17
21,nt,female,47,16
21,nt,female,48,15
21,nt,female,49,13
21,nt,female,50,18
21,nt,female,51,16
21,nt,female,52,13
21,nt,female,53,16
21,nt,female,54,15
21,nt,female,55,16
21,nt,female,56,12
21,nt,female,57,12
21,nt,female,58,12
21,nt,female,59,12
21,nt,female,60,13
21,nt,female,61,12
21,nt,female,62,8
21,nt,female,63,9
21,nt,female,64,7
21,nt,female,65,8
21,nt,female,66,10
21,nt,female,67,7
21,nt,female,68,6
21,nt,female,69,4
21,nt,female,70,7
21,nt,female,71,4
21,nt,female,72,5
21,nt,female,73,4
21,nt,female,74,3
21,nt,female,75,2
21,nt,female,76,2
21,nt,female,77,3
21,nt,female,78,4
21,nt,female,79,2
21,nt,female,80,1
21,nt,female,81,1
21,nt,female,82,2
21,nt,female,84,1
21,nt,female,85,1
21,nt,female,86,1
21,nt,female,87,1
21,nt,female,88,1
21,act,male,0,28
21,act,male,1,37
21,act,male,2,23
21,act,male,3,25
21,act,male,4,24
21,act,male,5,29
21,act,male,6,26
21,act,male,7,24
21,act,male,8,22
21,act,male,9,24
21,act,male,10,21
21,act,male,11,22
21,act,male,12,23
21,act,male,13,21
21,act,male,14,22
21,act,male,15,21
21,act,male,16,28
21,act,male,17,24
21,act,male,18,27
21,act,male,19,28
21,act,male,20,41
21,act,male,21,42
21,act,male,22,41
21,act,male,23,34
21,act,male,24,33
21,act,male,25,43
21,act,male,26,42
21,act,male,27,34
21,act,male,28,34
21,act,male,29,36
21,act,male,30,35
21,act,male,31,41
21,act,male,32,26
21,act,male,33,31
21,act,male,34,29
21,act,male,35,30
21,act,male,36,35
21,act,male,37,29
21,act,male,38,30
21,act,male,39,28
21,act,male,40,29
21,act,male,41,29
21,act,male,42,30
21,act,male,43,26
21,act,male,44,27
21,act,male,45,28
21,act,male,46,29
21,act,male,47,24
21,act,male,48,29
21,act,male,49,24
21,act,male,50,27
21,act,male,51,27
21,act,male,52,26
21,act,male,53,22
21,act,male,54,24
21,act,male,55,25
21,act,male,56,23
21,act,male,57,22
21,act,male,58,23
21,act,male,59,21
21,act,male,60,20
21,act,male,61,21
21,act,male,62,19
21,act,male,63,16
21,act,male,64,19
21,act,male,65,18
21,act,male,66,14
21,act,male,67,13
21,act,male,68,11
21,act,male,69,14
21,act,male,70,10
21,act,male,71,10
21,act,male,72,11
21,act,male,73,10
21,act,male,74,8
21,act,male,75,8
21,act,male,76,8
21,act,male,77,6
21,act,male,78,6
21,act,male,79,6
21,act,male,80,4
21,act,male,81,5
21,act,male,82,4
21,act,male,83,4
21,act,male,84,3
21,act,male,85,3
21,act,male,86,4
21,act,male,87,3
21,act,male,88,3
21,act,male,90,2
21,act,male,91,2
21,act,male,93,1
21,act,female,0,35
21,act,female,1,28
21,act,female,2,23
21,act,female,3,25
21,act,female,4,23
21,act,female,5,26
21,act,female,6,22
21,act,female,7,21
21,act,female,8,22
21,act,female,9,24
21,act,female,10,21
21,act,female,11,25
21,act,female,12,23
21,act,female,13,20
21,act,female,14,22
21,act,female,15,28
21,act,female,16,24
21,act,female,17,25
21,act,female,18,28
21,act,female,19,27
21,act,female,20,34
21,act,female,21,39
21,act,female,22,34
21,act,female,23,35
21,act,female,24,32
21,act,female,25,42
21,act,female,26,37
21,act,female,27,34
21,act,female,28,37
21,act,female,29,30
21,act,female,30,39
21,act,female,31,35
21,act,female,32,34
21,act,female,33,28
21,act,female,34,27
21,act,female,35,31
21,act,female,36,30
21,act,female,37,28
21,act,female,38,29
21,act,female,39,30
21,act,female,40,30
21,act,female,41,32
21,act,female,42,30
21,act,female,43,30
21,act,female,44,27
21,act,female,45,28
21,act,female,46,25
21,act,female,47,25
21,act,female,48,27
21,act,female,49,28
21,act,female,50,27
21,act,female,51,29
21,act,female,52,32
21,act,female,53,25
21,act,female,54,24
21,act,female,55,25
21,act,female,56,23
21,act,female,57,22
21,act,female,58,23
21,act,female,59,22
21,act,female,60,24
21,act,female,61,21
21,act,female,62,18
21,act,female,63,21
21,act,female,64,18
21,act,female,65,22
21,act,female,66,18
21,act,female,67,14
21,act,female,68,13
21,act,female,69,11
21,act,female,70,11
21,act,female,71,11
21,act,female,72,10
21,act,female,73,10
21,act,female,74,8
21,act,female,75,10
21,act,female,76,8
21,act,female,77,7
21,act,female,78,8
21,act,female,79,7
21,act,female,80,7
21,act,female,81,6
21,act,female,82,5
21,act,female,83,6
21,act,female,84,4
21,act,female,85,5
21,act,female,86,5
21,act,female,87,5
21,act,female,88,5
21,act,female,89,2
21,act,female,90,3
21,act,female,91,1
21,act,female,92,2
21,act,female,93,1
21,act,female,96,1
22,nsw,male,0,537
22,nsw,male,1,537
22,nsw,male,2,479
22,nsw,male,3,473
22,nsw,male,4,463
22,nsw,male,5,489
22,nsw,male,6,477
22,nsw,male,7,451
22,nsw,male,8,445
22,nsw,male,9,436
22,nsw,male,10,462
22,nsw,male,11,465
22,nsw,male,12,445
22,nsw,male,13,438
22,nsw,male,14,436
22,nsw,male,15,520
22,nsw,male,16,503
22,nsw,male,17,454
22,nsw,male,18,446
22,nsw,male,19,455
22,nsw,male,20,605
22,nsw,male,21,595
22,nsw,male,22,499
22,nsw,male,23,488
22,nsw,male,24,492
22,nsw,male,25,629
22,nsw,male,26,629
22,nsw,male,27,507
22,nsw,male,28,504
22,nsw,male,29,501
22,nsw,male,30,581
22,nsw,male,31,583
22,nsw,male,32,485
22,nsw,male,33,482
22,nsw,male,34,459
22,nsw,male,35,511
22,nsw,male,36,505
22,nsw,male,37,464
22,nsw,male,38,485
22,nsw,male,39,494
22,nsw,male,40,544
22,nsw,male,41,545
22,nsw,male,42,479
22,nsw,male,43,466
22,nsw,male,44,446
22,nsw,male,45,476
22,nsw,male,46,476
22,nsw,male,47,469
22,nsw,male,48,482
22,nsw,male,49,481
22,nsw,male,50,507
22,nsw,male,51,504
22,nsw,male,52,472
22,nsw,male,53,454
22,nsw,male,54,455
22,nsw,male,55,465
22,nsw,male,56,437
22,nsw,male,57,419
22,nsw,male,58,409
22,nsw,male,59,406
22,nsw,male,60,403
22,nsw,male,61,405
22,nsw,male,62,375
22,nsw,male,63,375
22,nsw,male,64,382
22,nsw,male,65,407
22,nsw,male,66,355
22,nsw,male,67,322
22,nsw,male,68,313
22,nsw,male,69,273
22,nsw,male,70,267
22,nsw,male,71,242
22,nsw,male,72,236
22,nsw,male,73,219
22,nsw,male,74,210
22,nsw,male,75,210
22,nsw,male,76,180
22,nsw,male,77,172
22,nsw,male,78,162
22,nsw,male,79,152
22,nsw,male,80,145
22,nsw,male,81,143
22,nsw,male,82,136
22,nsw,male,83,117
22,nsw,male,84,112
22,nsw,male,85,100
22,nsw,male,86,79
22,nsw,male,87,69
22,nsw,male,88,63
22,nsw,male,89,49
22,nsw,male,90,43
22,nsw,male,91,27
22,nsw,male,92,20
22,nsw,male,93,16
22,nsw,male,94,13
22,nsw,male,95,11
22,nsw,male,96,5
22,nsw,male,97,3
22,nsw,male,98,1
22,nsw,male,99,2
22,nsw,male,102,1
22,nsw,female,0,473
22,nsw,female,1,542
22,nsw,female,2,457
22,nsw,female,3,454
22,nsw,female,4,449
22,nsw,female,5,466
22,nsw,female,6,454
22,nsw,female,7,419
22,nsw,female,8,423
22,nsw,female,9,421
22,nsw,female,10,438
22,nsw,female,11,437
22,nsw,female,12,424
22,nsw,female,13,416
22,nsw,female,14,419
22,nsw,female,15,484
22,nsw,female,16,465
22,nsw,female,17,428
22,nsw,female,18,431
22,nsw,female,19,432
22,nsw,female,20,554
22,nsw,female,21,596
22,nsw,female,22,473
22,nsw,female,23,466
22,nsw,female,24,465
22,nsw,female,25,595
22,nsw,female,26,630
22,nsw,female,27,503
22,nsw,female,28,503
22,nsw,female,29,501
22,nsw,female,30,589
22,nsw,female,31,560
22,nsw,female,32,473
22,nsw,female,33,480
22,nsw,female,34,474
22,nsw,female,35,513
22,nsw,female,36,513
22,nsw,female,37,484
22,nsw,female,38,495
22,nsw,female,39,513
22,nsw,female,40,557
22,nsw,female,41,532
22,nsw,female,42,480
22,nsw,female,43,483
22,nsw,female,44,471
22,nsw,female,45,477
22,nsw,female,46,488
22,nsw,female,47,474
22,nsw,female,48,495
22,nsw,female,49,502
22,nsw,female,50,516
22,nsw,female,51,512
22,nsw,female,52,483
22,nsw,female,53,461
22,nsw,female,54,465
22,nsw,female,55,460
22,nsw,female,56,452
22,nsw,female,57,428
22,nsw,female,58,416
22,nsw,female,59,414
22,nsw,female,60,416
22,nsw,female,61,403
22,nsw,female,62,383
22,nsw,female,63,374
22,nsw,female,64,381
22,nsw,female,65,418
22,nsw,female,66,358
22,nsw,female,67,329
22,nsw,female,68,307
22,nsw,female,69,288
22,nsw,female,70,272
22,nsw,female,71,262
22,nsw,female,72,251
22,nsw,female,73,242
22,nsw,female,74,234
22,nsw,female,75,221
22,nsw,female,76,218
22,nsw,female,77,194
22,nsw,female,78,188
22,nsw,female,79,188
22,nsw,female,80,183
22,nsw,female,81,183
22,nsw,female,82,181
22,nsw,female,83,165
22,nsw,female,84,157
22,nsw,female,85,144
22,nsw,female,86,128
22,nsw,female,87,117
22,nsw,female,88,105
22,nsw,female,89,93
22,nsw,female,90,83
22,nsw,female,91,63
22,nsw,female,92,53
22,nsw,female,93,35
22,nsw,female,94,33
22,nsw,female,95,27
22,nsw,female,96,19
22,nsw,female,97,13
22,nsw,female,98,10
22,nsw,female,99,8
22,nsw,female,100,3
22,nsw,female,101,3
22,nsw,female,102,1
22,vic,male,0,372
22,vic,male,1,371
22,vic,male,2,357
22,vic,male,3,350
22,vic,male,4,347
22,vic,male,5,371
22,vic,male,6,353
22,vic,male,7,326
22,vic,male,8,328
22,vic,male,9,326
22,vic,male,10,336
22,vic,male,11,334
22,vic,male,12,322
22,vic,male,13,328
22,vic,male,14,337
22,vic,male,15,381
22,vic,male,16,381
22,vic,male,17,347
22,vic,male,18,351
22,vic,male,19,347
22,vic,male,20,475
22,vic,male,21,493
22,vic,male,22,402
22,vic,male,23,411
22,vic,male,24,414
22,vic,male,25,508
22,vic,male,26,507
22,vic,male,27,425
22,vic,male,28,416
22,vic,male,29,415
22,vic,male,30,457
22,vic,male,31,447
22,vic,male,32,382
22,vic,male,33,373
22,vic,male,34,368
22,vic,male,35,396
22,vic,male,36,398
22,vic,male,37,378
22,vic,male,38,371
22,vic,male,39,382
22,vic,male,40,414
22,vic,male,41,416
22,vic,male,42,387
22,vic,male,43,380
22,vic,male,44,373
22,vic,male,45,380
22,vic,male,46,361
22,vic,male,47,355
22,vic,male,48,359
22,vic,male,49,368
22,vic,male,50,368
22,vic,male,51,371
22,vic,male,52,348
22,vic,male,53,346
22,vic,male,54,327
22,vic,male,55,344
22,vic,male,56,327
22,vic,male,57,314
22,vic,male,58,309
22,vic,male,59,298
22,vic,male,60,301
22,vic,male,61,298
22,vic,male,62,281
22,vic,male,63,276
22,vic,male,64,280
22,vic,male,65,308
22,vic,male,66,257
22,vic,male,67,227
22,vic,male,68,217
22,vic,male,69,199
22,vic,male,70,192
22,vic,male,71,189
22,vic,male,72,176
22,vic,male,73,170
22,vic,male,74,152
22,vic,male,75,144
22,vic,male,76,137
22,vic,male,77,126
22,vic,male,78,119
22,vic,male,79,115
22,vic,male,80,114
22,vic,male,81,103
22,vic,male,82,91
22,vic,male,83,92
22,vic,male,84,79
22,vic,male,85,75
22,vic,male,86,60
22,vic,male,87,45
22,vic,male,88,41
22,vic,male,89,35
22,vic,male,90,29
22,vic,male,91,22
22,vic,male,92,14
22,vic,male,93,11
22,vic,male,94,6
22,vic,male,95,8
22,vic,male,96,5
22,vic,male,97,5
22,vic,male,98,2
22,vic,male,99,1
22,vic,male,100,1
22,vic,female,0,340
22,vic,female,1,388
22,vic,female,2,336
22,vic,female,3,335
22,vic,female,4,329
22,vic,female,5,343
22,vic,female,6,346
22,vic,female,7,312
22,vic,female,8,310
22,vic,female,9,306
22,vic,female,10,330
22,vic,female,11,330
22,vic,female,12,310
22,vic,female,13,314
22,vic,female,14,306
22,vic,female,15,356
22,vic,female,16,360
22,vic,female,17,327
22,vic,female,18,321
22,vic,female,19,334
22,vic,female,20,443
22,vic,female,21,472
22,vic,female,22,389
22,vic,female,23,386
22,vic,female,24,391
22,vic,female,25,476
22,vic,female,26,499
22,vic,female,27,401
22,vic,female,28,404
22,vic,female,29,404
22,vic,female,30,441
22,vic,female,31,448
22,vic,female,32,373
22,vic,female,33,368
22,vic,female,34,368
22,vic,female,35,391
22,vic,female,36,388
22,vic,female,37,377
22,vic,female,38,383
22,vic,female,39,396
22,vic,female,40,426
22,vic,female,41,440
22,vic,female,42,400
22,vic,female,43,395
22,vic,female,44,385
22,vic,female,45,388
22,vic,female,46,384
22,vic,female,47,366
22,vic,female,48,373
22,vic,female,49,380
22,vic,female,50,392
22,vic,female,51,386
22,vic,female,52,360
22,vic,female,53,361
22,vic,female,54,347
22,vic,female,55,350
22,vic,female,56,347
22,vic,female,57,325
22,vic,female,58,322
22,vic,female,59,316
22,vic,female,60,316
22,vic,female,61,306
22,vic,female,62,296
22,vic,female,63,293
22,vic,female,64,283
22,vic,female,65,321
22,vic,female,66,269
22,vic,female,67,240
22,vic,female,68,234
22,vic,female,69,209
22,vic,female,70,209
22,vic,female,71,196
22,vic,female,72,184
22,vic,female,73,181
22,vic,female,74,175
22,vic,female,75,169
22,vic,female,76,161
22,vic,female,77,156
22,vic,female,78,146
22,vic,female,79,144
22,vic,female,80,133
22,vic,female,81,134
22,vic,female,82,131
22,vic,female,83,125
22,vic,female,84,119
22,vic,female,85,107
22,vic,female,86,100
22,vic,female,87,77
22,vic,female,88,73
22,vic,female,89,71
22,vic,female,90,61
22,vic,female,91,44
22,vic,female,92,37
22,vic,female,93,23
22,vic,female,94,24
22,vic,female,95,19
22,vic,female,96,9
22,vic,female,97,8
22,vic,female,98,9
22,vic,female,99,5
22,vic,female,100,2
22,vic,female,101,2
22,vic,female,102,3
22,qld,male,0,300
22,qld,male,1,349
22,qld,male,2,312
22,qld,male,3,311
22,qld,male,4,304
22,qld,male,5,317
22,qld,male,6,318
22,qld,male,7,294
22,qld,male,8,279
22,qld,male,9,279
22,qld,male,10,301
22,qld,male,11,305
22,qld,male,12,290
22,qld,male,13,288
22,qld,male,14,290
22,qld,male,15,324
22,qld,male,16,319
22,qld,male,17,303
22,qld,male,18,295
22,qld,male,19,297
22,qld,male,20,372
22,qld,male,21,388
22,qld,male,22,311
22,qld,male,23,307
22,qld,male,24,307
22,qld,male,25,392
22,qld,male,26,400
22,qld,male,27,323
22,qld,male,28,315
22,qld,male,29,326
22,qld,male,30,359
22,qld,male,31,353
22,qld,male,32,293
22,qld,male,33,283
22,qld,male,34,276
22,qld,male,35,307
22,qld,male,36,319
22,qld,male,37,295
22,qld,male,38,311
22,qld,male,39,306
22,qld,male,40,339
22,qld,male,41,350
22,qld,male,42,308
22,qld,male,43,306
22,qld,male,44,294
22,qld,male,45,297
22,qld,male,46,298
22,qld,male,47,288
22,qld,male,48,300
22,qld,male,49,298
22,qld,male,50,312
22,qld,male,51,305
22,qld,male,52,286
22,qld,male,53,282
22,qld,male,54,274
22,qld,male,55,278
22,qld,male,56,276
22,qld,male,57,258
22,qld,male,58,250
22,qld,male,59,255
22,qld,male,60,250
22,qld,male,61,246
22,qld,male,62,237
22,qld,male,63,237
22,qld,male,64,241
22,qld,male,65,250
22,qld,male,66,218
22,qld,male,67,196
22,qld,male,68,186
22,qld,male,69,162
22,qld,male,70,160
22,qld,male,71,147
22,qld,male,72,140
22,qld,male,73,135
22,qld,male,74,124
22,qld,male,75,112
22,qld,male,76,103
22,qld,male,77,92
22,qld,male,78,87
22,qld,male,79,83
22,qld,male,80,81
22,qld,male,81,72
22,qld,male,82,67
22,qld,male,83,69
22,qld,male,84,60
22,qld,male,85,51
22,qld,male,86,42
22,qld,male,87,32
22,qld,male,88,28
22,qld,male,89,29
22,qld,male,90,23
22,qld,male,91,16
22,qld,male,92,9
22,qld,male,93,9
22,qld,male,94,7
22,qld,male,95,4
22,qld,male,96,4
22,qld,male,97,3
22,qld,male,98,1
22,qld,male,99,1
22,qld,male,100,1
22,qld,female,0,347
22,qld,female,1,342
22,qld,female,2,289
22,qld,female,3,289
22,qld,female,4,287
22,qld,female,5,304
22,qld,female,6,299
22,qld,female,7,275
22,qld,female,8,269
22,qld,female,9,266
22,qld,female,10,289
22,qld,female,11,292
22,qld,female,12,278
22,qld,female,13,269
22,qld,female,14,277
22,qld,female,15,300
22,qld,female,16,313
22,qld,female,17,283
22,qld,female,18,282
22,qld,female,19,281
22,qld,female,20,356
22,qld,female,21,369
22,qld,female,22,304
22,qld,female,23,300
22,qld,female,24,297
22,qld,female,25,379
22,qld,female,26,385
22,qld,female,27,322
22,qld,female,28,306
22,qld,female,29,310
22,qld,female,30,348
22,qld,female,31,344
22,qld,female,32,293
22,qld,female,33,288
22,qld,female,34,285
22,qld,female,35,311
22,qld,female,36,320
22,qld,female,37,291
22,qld,female,38,300
22,qld,female,39,319
22,qld,female,40,347
22,qld,female,41,351
22,qld,female,42,315
22,qld,female,43,308
22,qld,female,44,295
22,qld,female,45,309
22,qld,female,46,304
22,qld,female,47,302
22,qld,female,48,305
22,qld,female,49,304
22,qld,female,50,322
22,qld,female,51,317
22,qld,female,52,292
22,qld,female,53,287
22,qld,female,54,287
22,qld,female,55,287
22,qld,female,56,282
22,qld,female,57,266
22,qld,female,58,257
22,qld,female,59,251
22,qld,female,60,255
22,qld,female,61,252
22,qld,female,62,237
22,qld,female,63,231
22,qld,female,64,228
22,qld,female,65,247
22,qld,female,66,211
22,qld,female,67,199
22,qld,female,68,185
22,qld,female,69,165
22,qld,female,70,157
22,qld,female,71,150
22,qld,female,72,142
22,qld,female,73,137
22,qld,female,74,118
22,qld,female,75,114
22,qld,female,76,111
22,qld,female,77,109
22,qld,female,78,98
22,qld,female,79,100
22,qld,female,80,92
22,qld,female,81,95
22,qld,female,82,88
22,qld,female,83,84
22,qld,female,84,77
22,qld,female,85,71
22,qld,female,86,65
22,qld,female,87,59
22,qld,female,88,47
22,qld,female,89,43
22,qld,female,90,39
22,qld,female,91,34
22,qld,female,92,27
22,qld,female,93,18
22,qld,female,94,15
22,qld,female,95,15
22,qld,female,96,10
22,qld,female,97,7
22,qld,female,98,3
22,qld,female,99,4
22,qld,female,100,3
22,qld,female,101,2
22,qld,female,102,1
22,sa,male,0,103
22,sa,male,1,102
22,sa,male,2,104
22,sa,male,3,101
22,sa,male,4,94
22,sa,male,5,101
22,sa,male,6,106
22,sa,male,7,93
22,sa,male,8,93
22,sa,male,9,94
22,sa,male,10,106
22,sa,male,11,100
22,sa,male,12,97
22,sa,male,13,101
22,sa,male,14,100
22,sa,male,15,114
22,sa,male,16,109
22,sa,male,17,107
22,sa,male,18,104
22,sa,male,19,110
22,sa,male,20,129
22,sa,male,21,139
22,sa,male,22,112
22,sa,male,23,122
22,sa,male,24,117
22,sa,male,25,136
22,sa,male,26,134
22,sa,male,27,118
22,sa,male,28,118
22,sa,male,29,118
22,sa,male,30,122
22,sa,male,31,117
22,sa,male,32,105
22,sa,male,33,102
22,sa,male,34,96
22,sa,male,35,102
22,sa,male,36,111
22,sa,male,37,98
22,sa,male,38,102
22,sa,male,39,107
22,sa,male,40,116
22,sa,male,41,118
22,sa,male,42,119
22,sa,male,43,117
22,sa,male,44,113
22,sa,male,45,112
22,sa,male,46,106
22,sa,male,47,114
22,sa,male,48,118
22,sa,male,49,115
22,sa,male,50,120
22,sa,male,51,118
22,sa,male,52,112
22,sa,male,53,116
22,sa,male,54,109
22,sa,male,55,108
22,sa,male,56,105
22,sa,male,57,103
22,sa,male,58,100
22,sa,male,59,100
22,sa,male,60,101
22,sa,male,61,91
22,sa,male,62,94
22,sa,male,63,93
22,sa,male,64,90
22,sa,male,65,98
22,sa,male,66,85
22,sa,male,67,76
22,sa,male,68,70
22,sa,male,69,66
22,sa,male,70,63
22,sa,male,71,59
22,sa,male,72,57
22,sa,male,73,54
22,sa,male,74,53
22,sa,male,75,51
22,sa,male,76,45
22,sa,male,77,43
22,sa,male,78,42
22,sa,male,79,40
22,sa,male,80,35
22,sa,male,81,36
22,sa,male,82,31
22,sa,male,83,31
22,sa,male,84,29
22,sa,male,85,30
22,sa,male,86,24
22,sa,male,87,19
22,sa,male,88,14
22,sa,male,89,13
22,sa,male,90,9
22,sa,male,91,8
22,sa,male,92,9
22,sa,male,93,2
22,sa,male,94,4
22,sa,male,95,3
22,sa,male,96,2
22,sa,male,97,1
22,sa,male,98,1
22,sa,male,101,1
22,sa,female,0,104
22,sa,female,1,117
22,sa,female,2,98
22,sa,female,3,96
22,sa,female,4,95
22,sa,female,5,102
22,sa,female,6,98
22,sa,female,7,92
22,sa,female,8,89
22,sa,female,9,86
22,sa,female,10,100
22,sa,female,11,96
22,sa,female,12,94
22,sa,female,13,93
22,sa,female,14,97
22,sa,female,15,107
22,sa,female,16,108
22,sa,female,17,97
22,sa,female,18,99
22,sa,female,19,100
22,sa,female,20,127
22,sa,female,21,119
22,sa,female,22,115
22,sa,female,23,111
22,sa,female,24,110
22,sa,female,25,133
22,sa,female,26,137
22,sa,female,27,110
22,sa,female,28,113
22,sa,female,29,108
22,sa,female,30,119
22,sa,female,31,114
22,sa,female,32,104
22,sa,female,33,99
22,sa,female,34,96
22,sa,female,35,111
22,sa,female,36,105
22,sa,female,37,103
22,sa,female,38,102
22,sa,female,39,109
22,sa,female,40,120
22,sa,female,41,122
22,sa,female,42,113
22,sa,female,43,111
22,sa,female,44,111
22,sa,female,45,115
22,sa,female,46,115
22,sa,female,47,111
22,sa,female,48,116
22,sa,female,49,116
22,sa,female,50,123
22,sa,female,51,125
22,sa,female,52,114
22,sa,female,53,111
22,sa,female,54,111
22,sa,female,55,112
22,sa,female,56,105
22,sa,female,57,104
22,sa,female,58,106
22,sa,female,59,105
22,sa,female,60,103
22,sa,female,61,102
22,sa,female,62,98
22,sa,female,63,96
22,sa,female,64,96
22,sa,female,65,105
22,sa,female,66,90
22,sa,female,67,83
22,sa,female,68,76
22,sa,female,69,71
22,sa,female,70,67
22,sa,female,71,65
22,sa,female,72,63
22,sa,female,73,62
22,sa,female,74,58
22,sa,female,75,56
22,sa,female,76,54
22,sa,female,77,49
22,sa,female,78,50
22,sa,female,79,47
22,sa,female,80,47
22,sa,female,81,42
22,sa,female,82,44
22,sa,female,83,40
22,sa,female,84,41
22,sa,female,85,39
22,sa,female,86,37
22,sa,female,87,34
22,sa,female,88,31
22,sa,female,89,26
22,sa,female,90,25
22,sa,female,91,15
22,sa,female,92,8
22,sa,female,93,12
22,sa,female,94,6
22,sa,female,95,7
22,sa,female,96,5
22,sa,female,97,4
22,sa,female,98,4
22,sa,female,99,1
22,sa,female,100,2
22,sa,female,101,2
22,wa,male,0,171
22,wa,male,1,178
22,wa,male,2,158
22,wa,male,3,150
22,wa,male,4,155
22,wa,male,5,176
22,wa,male,6,164
22,wa,male,7,142
22,wa,male,8,143
22,wa,male,9,140
22,wa,male,10,157
22,wa,male,11,153
22,wa,male,12,143
22,wa,male,13,149
22,wa,male,14,146
22,wa,male,15,169
22,wa,male,16,168
22,wa,male,17,148
22,wa,male,18,155
22,wa,male,19,155
22,wa,male,20,223
22,wa,male,21,206
22,wa,male,22,168
22,wa,male,23,172
22,wa,male,24,172
22,wa,male,25,249
22,wa,male,26,243
22,wa,male,27,185
22,wa,male,28,187
22,wa,male,29,181
22,wa,male,30,205
22,wa,male,31,206
22,wa,male,32,160
22,wa,male,33,154
22,wa,male,34,154
22,wa,male,35,165
22,wa,male,36,177
22,wa,male,37,154
22,wa,male,38,157
22,wa,male,39,164
22,wa,male,40,195
22,wa,male,41,201
22,wa,male,42,167
22,wa,male,43,169
22,wa,male,44,163
22,wa,male,45,169
22,wa,male,46,173
22,wa,male,47,160
22,wa,male,48,162
22,wa,male,49,157
22,wa,male,50,163
22,wa,male,51,168
22,wa,male,52,154
22,wa,male,53,155
22,wa,male,54,149
22,wa,male,55,150
22,wa,male,56,153
22,wa,male,57,143
22,wa,male,58,134
22,wa,male,59,133
22,wa,male,60,133
22,wa,male,61,138
22,wa,male,62,119
22,wa,male,63,120
22,wa,male,64,125
22,wa,male,65,128
22,wa,male,66,103
22,wa,male,67,94
22,wa,male,68,88
22,wa,male,69,82
22,wa,male,70,80
22,wa,male,71,71
22,wa,male,72,70
22,wa,male,73,65
22,wa,male,74,60
22,wa,male,75,55
22,wa,male,76,48
22,wa,male,77,47
22,wa,male,78,43
22,wa,male,79,44
22,wa,male,80,43
22,wa,male,81,36
22,wa,male,82,38
22,wa,male,83,29
22,wa,male,84,24
22,wa,male,85,27
22,wa,male,86,19
22,wa,male,87,12
22,wa,male,88,15
22,wa,male,89,12
22,wa,male,90,8
22,wa,male,91,9
22,wa,male,92,5
22,wa,male,93,6
22,wa,male,94,3
22,wa,male,95,3
22,wa,male,96,2
22,wa,male,97,1
22,wa,male,98,1
22,wa,male,100,1
22,wa,female,0,150
22,wa,female,1,171
22,wa,female,2,150
22,wa,female,3,147
22,wa,female,4,148
22,wa,female,5,160
22,wa,female,6,164
22,wa,female,7,138
22,wa,female,8,136
22,wa,female,9,139
22,wa,female,10,145
22,wa,female,11,154
22,wa,female,12,140
22,wa,female,13,143
22,wa,female,14,137
22,wa,female,15,158
22,wa,female,16,158
22,wa,female,17,143
22,wa,female,18,145
22,wa,female,19,146
22,wa,female,20,202
22,wa,female,21,205
22,wa,female,22,156
22,wa,female,23,161
22,wa,female,24,158
22,wa,female,25,223
22,wa,female,26,246
22,wa,female,27,162
22,wa,female,28,163
22,wa,female,29,169
22,wa,female,30,195
22,wa,female,31,199
22,wa,female,32,157
22,wa,female,33,152
22,wa,female,34,151
22,wa,female,35,183
22,wa,female,36,177
22,wa,female,37,154
22,wa,female,38,156
22,wa,female,39,163
22,wa,female,40,176
22,wa,female,41,188
22,wa,female,42,168
22,wa,female,43,167
22,wa,female,44,161
22,wa,female,45,169
22,wa,female,46,158
22,wa,female,47,159
22,wa,female,48,157
22,wa,female,49,163
22,wa,female,50,171
22,wa,female,51,161
22,wa,female,52,157
22,wa,female,53,153
22,wa,female,54,146
22,wa,female,55,162
22,wa,female,56,155
22,wa,female,57,141
22,wa,female,58,137
22,wa,female,59,127
22,wa,female,60,135
22,wa,female,61,129
22,wa,female,62,121
22,wa,female,63,113
22,wa,female,64,117
22,wa,female,65,126
22,wa,female,66,102
22,wa,female,67,94
22,wa,female,68,90
22,wa,female,69,83
22,wa,female,70,81
22,wa,female,71,74
22,wa,female,72,69
22,wa,female,73,69
22,wa,female,74,62
22,wa,female,75,58
22,wa,female,76,58
22,wa,female,77,49
22,wa,female,78,54
22,wa,female,79,52
22,wa,female,80,47
22,wa,female,81,45
22,wa,female,82,42
22,wa,female,83,40
22,wa,female,84,43
22,wa,female,85,33
22,wa,female,86,30
22,wa,female,87,25
22,wa,female,88,26
22,wa,female,89,25
22,wa,female,90,20
22,wa,female,91,18
22,wa,female,92,13
22,wa,female,93,8
22,wa,female,94,8
22,wa,female,95,4
22,wa,female,96,4
22,wa,female,97,4
22,wa,female,98,2
22,wa,female,99,3
22,wa,female,102,1
22,tas,male,0,36
22,tas,male,1,32
22,tas,male,2,35
22,tas,male,3,35
22,tas,male,4,36
22,tas,male,5,33
22,tas,male,6,36
22,tas,male,7,34
22,tas,male,8,33
22,tas,male,9,32
22,tas,male,10,33
22,tas,male,11,37
22,tas,male,12,35
22,tas,male,13,36
22,tas,male,14,37
22,tas,male,15,42
22,tas,male,16,41
22,tas,male,17,35
22,tas,male,18,41
22,tas,male,19,38
22,tas,male,20,42
22,tas,male,21,40
22,tas,male,22,37
22,tas,male,23,38
22,tas,male,24,39
22,tas,male,25,39
22,tas,male,26,38
22,tas,male,27,32
22,tas,male,28,34
22,tas,male,29,35
22,tas,male,30,33
22,tas,male,31,33
22,tas,male,32,30
22,tas,male,33,32
22,tas,male,34,33
22,tas,male,35,29
22,tas,male,36,35
22,tas,male,37,33
22,tas,male,38,34
22,tas,male,39,36
22,tas,male,40,37
22,tas,male,41,38
22,tas,male,42,35
22,tas,male,43,38
22,tas,male,44,38
22,tas,male,45,36
22,tas,male,46,32
22,tas,male,47,33
22,tas,male,48,40
22,tas,male,49,38
22,tas,male,50,41
22,tas,male,51,39
22,tas,male,52,39
22,tas,male,53,38
22,tas,male,54,37
22,tas,male,55,38
22,tas,male,56,41
22,tas,male,57,34
22,tas,male,58,34
22,tas,male,59,35
22,tas,male,60,36
22,tas,male,61,34
22,tas,male,62,37
22,tas,male,63,30
22,tas,male,64,34
22,tas,male,65,37
22,tas,male,66,27
22,tas,male,67,27
22,tas,male,68,27
22,tas,male,69,24
22,tas,male,70,23
22,tas,male,71,20
22,tas,male,72,19
22,tas,male,73,17
22,tas,male,74,18
22,tas,male,75,16
22,tas,male,76,16
22,tas,male,77,14
22,tas,male,78,12
22,tas,male,79,12
22,tas,male,80,14
22,tas,male,81,10
22,tas,male,82,11
22,tas,male,83,9
22,tas,male,84,8
22,tas,male,85,8
22,tas,male,86,8
22,tas,male,87,8
22,tas,male,88,4
22,tas,male,89,5
22,tas,male,90,1
22,tas,male,91,1
22,tas,male,92,1
22,tas,male,94,1
22,tas,female,0,23
22,tas,female,1,36
22,tas,female,2,33
22,tas,female,3,31
22,tas,female,4,35
22,tas,female,5,33
22,tas,female,6,34
22,tas,female,7,32
22,tas,female,8,30
22,tas,female,9,31
22,tas,female,10,32
22,tas,female,11,30
22,tas,female,12,32
22,tas,female,13,33
22,tas,female,14,32
22,tas,female,15,35
22,tas,female,16,36
22,tas,female,17,39
22,tas,female,18,35
22,tas,female,19,37
22,tas,female,20,39
22,tas,female,21,35
22,tas,female,22,31
22,tas,female,23,34
22,tas,female,24,33
22,tas,female,25,39
22,tas,female,26,37
22,tas,female,27,34
22,tas,female,28,36
22,tas,female,29,28
22,tas,female,30,33
22,tas,female,31,39
22,tas,female,32,30
22,tas,female,33,31
22,tas,female,34,30
22,tas,female,35,36
22,tas,female,36,34
22,tas,female,37,33
22,tas,female,38,36
22,tas,female,39,35
22,tas,female,40,36
22,tas,female,41,46
22,tas,female,42,42
22,tas,female,43,38
22,tas,female,44,35
22,tas,female,45,38
22,tas,female,46,34
22,tas,female,47,37
22,tas,female,48,41
22,tas,female,49,38
22,tas,female,50,38
22,tas,female,51,44
22,tas,female,52,39
22,tas,female,53,40
22,tas,female,54,36
22,tas,female,55,38
22,tas,female,56,38
22,tas,female,57,38
22,tas,female,58,35
22,tas,female,59,35
22,tas,female,60,36
22,tas,female,61,37
22,tas,female,62,34
22,tas,female,63,30
22,tas,female,64,33
22,tas,female,65,35
22,tas,female,66,27
22,tas,female,67,26
22,tas,female,68,21
22,tas,female,69,23
22,tas,female,70,21
22,tas,female,71,22
22,tas,female,72,20
22,tas,female,73,18
22,tas,female,74,19
22,tas,female,75,20
22,tas,female,76,17
22,tas,female,77,15
22,tas,female,78,14
22,tas,female,79,15
22,tas,female,80,14
22,tas,female,81,14
22,tas,female,82,13
22,tas,female,83,12
22,tas,female,84,12
22,tas,female,85,11
22,tas,female,86,11
22,tas,female,87,8
22,tas,female,88,9
22,tas,female,89,7
22,tas,female,90,8
22,tas,female,91,5
22,tas,female,92,3
22,tas,female,93,2
22,tas,female,94,2
22,tas,female,95,3
22,tas,female,96,1
22,tas,female,97,3
22,tas,female,101,1
22,nt,male,0,28
22,nt,male,1,25
22,nt,male,2,23
22,nt,male,3,23
22,nt,male,4,24
22,nt,male,5,20
22,nt,male,6,20
22,nt,male,7,20
22,nt,male,8,16
22,nt,male,9,20
22,nt,male,10,23
22,nt,male,11,28
22,nt,male,12,19
22,nt,male,13,17
22,nt,male,14,18
22,nt,male,15,22
22,nt,male,16,22
22,nt,male,17,19
22,nt,male,18,20
22,nt,male,19,20
22,nt,male,20,25
22,nt,male,21,29
22,nt,male,22,22
22,nt,male,23,24
22,nt,male,24,24
22,nt,male,25,28
22,nt,male,26,27
22,nt,male,27,26
22,nt,male,28,29
22,nt,male,29,25
22,nt,male,30,29
22,nt,male,31,26
22,nt,male,32,27
22,nt,male,33,20
22,nt,male,34,20
22,nt,male,35,24
22,nt,male,36,29
22,nt,male,37,21
22,nt,male,38,17
22,nt,male,39,21
22,nt,male,40,25
22,nt,male,41,24
22,nt,male,42,21
22,nt,male,43,22
22,nt,male,44,19
22,nt,male,45,18
22,nt,male,46,22
22,nt,male,47,24
22,nt,male,48,18
22,nt,male,49,20
22,nt,male,50,21
22,nt,male,51,17
22,nt,male,52,17
22,nt,male,53,15
22,nt,male,54,15
22,nt,male,55,14
22,nt,male,56,16
22,nt,male,57,14
22,nt,male,58,14
22,nt,male,59,13
22,nt,male,60,15
22,nt,male,61,13
22,nt,male,62,13
22,nt,male,63,15
22,nt,male,64,9
22,nt,male,65,13
22,nt,male,66,9
22,nt,male,67,10
22,nt,male,68,7
22,nt,male,69,6
22,nt,male,70,6
22,nt,male,71,7
22,nt,male,72,8
22,nt,male,73,4
22,nt,male,74,4
22,nt,male,75,3
22,nt,male,76,5
22,nt,male,78,4
22,nt,male,79,2
22,nt,male,80,2
22,nt,male,81,3
22,nt,male,82,2
22,nt,male,83,1
22,nt,male,84,1
22,nt,male,85,1
22,nt,female,0,32
22,nt,female,1,19
22,nt,female,2,22
22,nt,female,3,20
22,nt,female,4,21
22,nt,female,5,20
22,nt,female,6,21
22,nt,female,7,17
22,nt,female,8,20
22,nt,female,9,18
22,nt,female,10,19
22,nt,female,11,18
22,nt,female,12,16
22,nt,female,13,17
22,nt,female,14,17
22,nt,female,15,18
22,nt,female,16,17
22,nt,female,17,16
22,nt,female,18,20
22,nt,female,19,17
22,nt,female,20,18
22,nt,female,21,23
22,nt,female,22,15
22,nt,female,23,18
22,nt,female,24,17
22,nt,female,25,27
22,nt,female,26,27
22,nt,female,27,24
22,nt,female,28,25
22,nt,female,29,25
22,nt,female,30,28
22,nt,female,31,25
22,nt,female,32,22
22,nt,female,33,20
22,nt,female,34,21
22,nt,female,35,22
22,nt,female,36,24
22,nt,female,37,21
22,nt,female,38,19
22,nt,female,39,22
22,nt,female,40,24
22,nt,female,41,24
22,nt,female,42,18
22,nt,female,43,20
22,nt,female,44,18
22,nt,female,45,18
22,nt,female,46,17
22,nt,female,47,15
22,nt,female,48,15
22,nt,female,49,13
22,nt,female,50,17
22,nt,female,51,17
22,nt,female,52,14
22,nt,female,53,16
22,nt,female,54,15
22,nt,female,55,16
22,nt,female,56,12
22,nt,female,57,12
22,nt,female,58,12
22,nt,female,59,12
22,nt,female,60,13
22,nt,female,61,12
22,nt,female,62,8
22,nt,female,63,9
22,nt,female,64,7
22,nt,female,65,8
22,nt,female,66,11
22,nt,female,67,7
22,nt,female,68,6
22,nt,female,69,4
22,nt,female,70,6
22,nt,female,71,5
22,nt,female,72,5
22,nt,female,73,4
22,nt,female,74,3
22,nt,female,75,2
22,nt,female,76,2
22,nt,female,77,3
22,nt,female,78,4
22,nt,female,79,2
22,nt,female,80,1
22,nt,female,81,1
22,nt,female,82,2
22,nt,female,84,1
22,nt,female,85,1
22,nt,female,86,1
22,nt,female,87,1
22,nt,female,88,1
22,act,male,0,30
22,act,male,1,36
22,act,male,2,23
22,act,male,3,25
22,act,male,4,24
22,act,male,5,29
22,act,male,6,25
22,act,male,7,24
22,act,male,8,22
22,act,male,9,24
22,act,male,10,22
22,act,male,11,22
22,act,male,12,23
22,act,male,13,21
22,act,male,14,22
22,act,male,15,21
22,act,male,16,27
22,act,male,17,25
22,act,male,18,28
22,act,male,19,28
22,act,male,20,40
22,act,male,21,42
22,act,male,22,41
22,act,male,23,34
22,act,male,24,33
22,act,male,25,43
22,act,male,26,44
22,act,male,27,32
22,act,male,28,35
22,act,male,29,36
22,act,male,30,36
22,act,male,31,41
22,act,male,32,26
22,act,male,33,30
22,act,male,34,32
22,act,male,35,30
22,act,male,36,34
22,act,male,37,30
22,act,male,38,29
22,act,male,39,28
22,act,male,40,29
22,act,male,41,30
22,act,male,42,29
22,act,male,43,26
22,act,male,44,27
22,act,male,45,28
22,act,male,46,29
22,act,male,47,24
22,act,male,48,29
22,act,male,49,25
22,act,male,50,26
22,act,male,51,28
22,act,male,52,27
22,act,male,53,22
22,act,male,54,24
22,act,male,55,25
22,act,male,56,23
22,act,male,57,22
22,act,male,58,23
22,act,male,59,21
22,act,male,60,20
22,act,male,61,20
22,act,male,62,20
22,act,male,63,17
22,act,male,64,18
22,act,male,65,19
22,act,male,66,14
22,act,male,67,13
22,act,male,68,11
22,act,male,69,14
22,act,male,70,10
22,act,male,71,10
22,act,male,72,11
22,act,male,73,10
22,act,male,74,8
22,act,male,75,9
22,act,male,76,7
22,act,male,77,7
22,act,male,78,6
22,act,male,79,6
22,act,male,80,4
22,act,male,81,5
22,act,male,82,4
22,act,male,83,4
22,act,male,84,3
22,act,male,85,3
22,act,male,86,4
22,act,male,87,3
22,act,male,88,3
22,act,male,90,2
22,act,male,91,1
22,act,male,93,1
22,act,female,0,37
22,act,female,1,28
22,act,female,2,23
22,act,female,3,24
22,act,female,4,23
22,act,female,5,25
22,act,female,6,23
22,act,female,7,21
22,act,female,8,22
22,act,female,9,24
22,act,female,10,21
22,act,female,11,25
22,act,female,12,23
22,act,female,13,20
22,act,female,14,23
22,act,female,15,25
22,act,female,16,26
22,act,female,17,25
22,act,female,18,28
22,act,female,19,27
22,act,female,20,33
22,act,female,21,39
22,act,female,22,35
22,act,female,23,35
22,act,female,24,33
22,act,female,25,42
22,act,female,26,36
22,act,female,27,33
22,act,female,28,36
22,act,female,29,32
22,act,female,30,38
22,act,female,31,37
22,act,female,32,35
22,act,female,33,27
22,act,female,34,28
22,act,female,35,30
22,act,female,36,31
22,act,female,37,28
22,act,female,38,29
22,act,female,39,30
22,act,female,40,31
22,act,female,41,30
22,act,female,42,31
22,act,female,43,30
22,act,female,44,27
22,act,female,45,28
22,act,female,46,25
22,act,female,47,24
22,act,female,48,27
22,act,female,49,27
22,act,female,50,29
22,act,female,51,29
22,act,female,52,32
22,act,female,53,27
22,act,female,54,24
22,act,female,55,26
22,act,female,56,23
22,act,female,57,22
22,act,female,58,22
22,act,female,59,23
22,act,female,60,23
22,act,female,61,21
22,act,female,62,17
22,act,female,63,21
22,act,female,64,17
22,act,female,65,23
22,act,female,66,18
22,act,female,67,14
22,act,female,68,13
22,act,female,69,12
22,act,female,70,11
22,act,female,71,10
22,act,female,72,10
22,act,female,73,10
22,act,female,74,8
22,act,female,75,10
22,act,female,76,8
22,act,female,77,7
22,act,female,78,8
22,act,female,79,7
22,act,female,80,8
22,act,female,81,6
22,act,female,82,5
22,act,female,83,6
22,act,female,84,4
22,act,female,85,5
22,act,female,86,4
22,act,female,87,5
22,act,female,88,5
22,act,female,89,2
22,act,female,90,3
22,act,female,91,1
22,act,female,92,2
22,act,female,93,1
22,act,female,96,1
23,nsw,male,0,518
23,nsw,male,1,550
23,nsw,male,2,479
23,nsw,male,3,473
23,nsw,male,4,465
23,nsw,male,5,486
23,nsw,male,6,480
23,nsw,male,7,452
23,nsw,male,8,444
23,nsw,male,9,439
23,nsw,male,10,459
23,nsw,male,11,465
23,nsw,male,12,444
23,nsw,male,13,438
23,nsw,male,14,433
23,nsw,male,15,524
23,nsw,male,16,504
23,nsw,male,17,454
23,nsw,male,18,445
23,nsw,male,19,455
23,nsw,male,20,613
23,nsw,male,21,600
23,nsw,male,22,499
23,nsw,male,23,487
23,nsw,male,24,492
23,nsw,male,25,627
23,nsw,male,26,640
23,nsw,male,27,506
23,nsw,male,28,502
23,nsw,male,29,501
23,nsw,male,30,583
23,nsw,male,31,590
23,nsw,male,32,484
23,nsw,male,33,483
23,nsw,male,34,457
23,nsw,male,35,510
23,nsw,male,36,510
23,nsw,male,37,463
23,nsw,male,38,484
23,nsw,male,39,489
23,nsw,male,40,543
23,nsw,male,41,548
23,nsw,male,42,480
23,nsw,male,43,464
23,nsw,male,44,448
23,nsw,male,45,473
23,nsw,male,46,481
23,nsw,male,47,465
23,nsw,male,48,478
23,nsw,male,49,485
23,nsw,male,50,504
23,nsw,male,51,508
23,nsw,male,52,473
23,nsw,male,53,456
23,nsw,male,54,451
23,nsw,male,55,467
23,nsw,male,56,439
23,nsw,male,57,421
23,nsw,male,58,405
23,nsw,male,59,406
23,nsw,male,60,405
23,nsw,male,61,400
23,nsw,male,62,379
23,nsw,male,63,368
23,nsw,male,64,381
23,nsw,male,65,409
23,nsw,male,66,360
23,nsw,male,67,320
23,nsw,male,68,312
23,nsw,male,69,275
23,nsw,male,70,267
23,nsw,male,71,245
23,nsw,male,72,236
23,nsw,male,73,221
23,nsw,male,74,209
23,nsw,male,75,208
23,nsw,male,76,182
23,nsw,male,77,172
23,nsw,male,78,164
23,nsw,male,79,152
23,nsw,male,80,146
23,nsw,male,81,141
23,nsw,male,82,136
23,nsw,male,83,118
23,nsw,male,84,111
23,nsw,male,85,99
23,nsw,male,86,80
23,nsw,male,87,68
23,nsw,male,88,64
23,nsw,male,89,49
23,nsw,male,90,43
23,nsw,male,91,27
23,nsw,male,92,21
23,nsw,male,93,16
23,nsw,male,94,11
23,nsw,male,95,13
23,nsw,male,96,5
23,nsw,male,97,2
23,nsw,male,98,2
23,nsw,male,99,2
23,nsw,male,102,1
23,nsw,female,0,470
23,nsw,female,1,546
23,nsw,female,2,455
23,nsw,female,3,454
23,nsw,female,4,451
23,nsw,female,5,463
23,nsw,female,6,453
23,nsw,female,7,420
23,nsw,female,8,422
23,nsw,female,9,422
23,nsw,female,10,439
23,nsw,female,11,437
23,nsw,female,12,424
23,nsw,female,13,413
23,nsw,female,14,417
23,nsw,female,15,480
23,nsw,female,16,469
23,nsw,female,17,429
23,nsw,female,18,430
23,nsw,female,19,429
23,nsw,female,20,548
23,nsw,female,21,615
23,nsw,female,22,470
23,nsw,female,23,464
23,nsw,female,24,464
23,nsw,female,25,593
23,nsw,female,26,640
23,nsw,female,27,503
23,nsw,female,28,500
23,nsw,female,29,506
23,nsw,female,30,581
23,nsw,female,31,570
23,nsw,female,32,475
23,nsw,female,33,477
23,nsw,female,34,473
23,nsw,female,35,515
23,nsw,female,36,516
23,nsw,female,37,480
23,nsw,female,38,492
23,nsw,female,39,510
23,nsw,female,40,553
23,nsw,female,41,542
23,nsw,female,42,481
23,nsw,female,43,481
23,nsw,female,44,471
23,nsw,female,45,482
23,nsw,female,46,483
23,nsw,female,47,474
23,nsw,female,48,491
23,nsw,female,49,505
23,nsw,female,50,514
23,nsw,female,51,514
23,nsw,female,52,482
23,nsw,female,53,464
23,nsw,female,54,463
23,nsw,female,55,457
23,nsw,female,56,453
23,nsw,female,57,428
23,nsw,female,58,417
23,nsw,female,59,414
23,nsw,female,60,414
23,nsw,female,61,401
23,nsw,female,62,383
23,nsw,female,63,371
23,nsw,female,64,379
23,nsw,female,65,423
23,nsw,female,66,361
23,nsw,female,67,328
23,nsw,female,68,311
23,nsw,female,69,290
23,nsw,female,70,271
23,nsw,female,71,263
23,nsw,female,72,251
23,nsw,female,73,242
23,nsw,female,74,233
23,nsw,female,75,219
23,nsw,female,76,220
23,nsw,female,77,199
23,nsw,female,78,183
23,nsw,female,79,188
23,nsw,female,80,183
23,nsw,female,81,181
23,nsw,female,82,182
23,nsw,female,83,165
23,nsw,female,84,159
23,nsw,female,85,143
23,nsw,female,86,126
23,nsw,female,87,118
23,nsw,female,88,104
23,nsw,female,89,95
23,nsw,female,90,82
23,nsw,female,91,67
23,nsw,female,92,54
23,nsw,female,93,34
23,nsw,female,94,33
23,nsw,female,95,27
23,nsw,female,96,19
23,nsw,female,97,15
23,nsw,female,98,10
23,nsw,female,99,8
23,nsw,female,100,2
23,nsw,female,101,3
23,nsw,female,102,2
23,vic,male,0,373
23,vic,male,1,371
23,vic,male,2,358
23,vic,male,3,349
23,vic,male,4,347
23,vic,male,5,373
23,vic,male,6,355
23,vic,male,7,329
23,vic,male,8,327
23,vic,male,9,325
23,vic,male,10,335
23,vic,male,11,337
23,vic,male,12,317
23,vic,male,13,329
23,vic,male,14,335
23,vic,male,15,374
23,vic,male,16,387
23,vic,male,17,347
23,vic,male,18,351
23,vic,male,19,344
23,vic,male,20,477
23,vic,male,21,495
23,vic,male,22,402
23,vic,male,23,409
23,vic,male,24,412
23,vic,male,25,508
23,vic,male,26,510
23,vic,male,27,429
23,vic,male,28,416
23,vic,male,29,415
23,vic,male,30,456
23,vic,male,31,448
23,vic,male,32,383
23,vic,male,33,374
23,vic,male,34,365
23,vic,male,35,397
23,vic,male,36,401
23,vic,male,37,374
23,vic,male,38,372
23,vic,male,39,377
23,vic,male,40,411
23,vic,male,41,421
23,vic,male,42,382
23,vic,male,43,384
23,vic,male,44,373
23,vic,male,45,378
23,vic,male,46,361
23,vic,male,47,356
23,vic,male,48,360
23,vic,male,49,364
23,vic,male,50,370
23,vic,male,51,373
23,vic,male,52,350
23,vic,male,53,341
23,vic,male,54,329
23,vic,male,55,344
23,vic,male,56,327
23,vic,male,57,313
23,vic,male,58,308
23,vic,male,59,300
23,vic,male,60,300
23,vic,male,61,299
23,vic,male,62,279
23,vic,male,63,273
23,vic,male,64,279
23,vic,male,65,310
23,vic,male,66,260
23,vic,male,67,229
23,vic,male,68,217
23,vic,male,69,201
23,vic,male,70,194
23,vic,male,71,188
23,vic,male,72,176
23,vic,male,73,170
23,vic,male,74,152
23,vic,male,75,147
23,vic,male,76,136
23,vic,male,77,123
23,vic,male,78,120
23,vic,male,79,116
23,vic,male,80,113
23,vic,male,81,106
23,vic,male,82,87
23,vic,male,83,94
23,vic,male,84,77
23,vic,male,85,77
23,vic,male,86,62
23,vic,male,87,43
23,vic,male,88,42
23,vic,male,89,35
23,vic,male,90,29
23,vic,male,91,21
23,vic,male,92,16
23,vic,male,93,10
23,vic,male,94,7
23,vic,male,95,8
23,vic,male,96,4
23,vic,male,97,5
23,vic,male,98,3
23,vic,male,99,1
23,vic,male,100,1
23,vic,female,0,337
23,vic,female,1,385
23,vic,female,2,336
23,vic,female,3,337
23,vic,female,4,330
23,vic,female,5,342
23,vic,female,6,350
23,vic,female,7,310
23,vic,female,8,311
23,vic,female,9,303
23,vic,female,10,331
23,vic,female,11,331
23,vic,female,12,309
23,vic,female,13,312
23,vic,female,14,307
23,vic,female,15,357
23,vic,female,16,362
23,vic,female,17,327
23,vic,female,18,319
23,vic,female,19,335
23,vic,female,20,439
23,vic,female,21,477
23,vic,female,22,384
23,vic,female,23,388
23,vic,female,24,391
23,vic,female,25,480
23,vic,female,26,502
23,vic,female,27,397
23,vic,female,28,405
23,vic,female,29,403
23,vic,female,30,442
23,vic,female,31,452
23,vic,female,32,373
23,vic,female,33,368
23,vic,female,34,368
23,vic,female,35,392
23,vic,female,36,388
23,vic,female,37,372
23,vic,female,38,385
23,vic,female,39,392
23,vic,female,40,425
23,vic,female,41,441
23,vic,female,42,400
23,vic,female,43,397
23,vic,female,44,386
23,vic,female,45,388
23,vic,female,46,384
23,vic,female,47,365
23,vic,female,48,370
23,vic,female,49,378
23,vic,female,50,392
23,vic,female,51,386
23,vic,female,52,362
23,vic,female,53,358
23,vic,female,54,348
23,vic,female,55,351
23,vic,female,56,348
23,vic,female,57,324
23,vic,female,58,323
23,vic,female,59,317
23,vic,female,60,317
23,vic,female,61,308
23,vic,female,62,295
23,vic,female,63,291
23,vic,female,64,284
23,vic,female,65,322
23,vic,female,66,272
23,vic,female,67,243
23,vic,female,68,232
23,vic,female,69,213
23,vic,female,70,205
23,vic,female,71,196
23,vic,female,72,184
23,vic,female,73,182
23,vic,female,74,174
23,vic,female,75,171
23,vic,female,76,160
23,vic,female,77,155
23,vic,female,78,148
23,vic,female,79,142
23,vic,female,80,133
23,vic,female,81,133
23,vic,female,82,131
23,vic,female,83,126
23,vic,female,84,119
23,vic,female,85,107
23,vic,female,86,100
23,vic,female,87,77
23,vic,female,88,72
23,vic,female,89,70
23,vic,female,90,63
23,vic,female,91,45
23,vic,female,92,37
23,vic,female,93,22
23,vic,female,94,23
23,vic,female,95,19
23,vic,female,96,9
23,vic,female,97,8
23,vic,female,98,11
23,vic,female,99,4
23,vic,female,100,2
23,vic,female,101,2
23,vic,female,102,4
23,qld,male,0,293
23,qld,male,1,349
23,qld,male,2,311
23,qld,male,3,312
23,qld,male,4,304
23,qld,male,5,318
23,qld,male,6,319
23,qld,male,7,296
23,qld,male,8,278
23,qld,male,9,277
23,qld,male,10,298
23,qld,male,11,307
23,qld,male,12,291
23,qld,male,13,288
23,qld,male,14,293
23,qld,male,15,325
23,qld,male,16,318
23,qld,male,17,304
23,qld,male,18,293
23,qld,male,19,299
23,qld,male,20,375
23,qld,male,21,388
23,qld,male,22,310
23,qld,male,23,306
23,qld,male,24,306
23,qld,male,25,390
23,qld,male,26,410
23,qld,male,27,320
23,qld,male,28,315
23,qld,male,29,327
23,qld,male,30,353
23,qld,male,31,362
23,qld,male,32,293
23,qld,male,33,282
23,qld,male,34,275
23,qld,male,35,313
23,qld,male,36,318
23,qld,male,37,294
23,qld,male,38,309
23,qld,male,39,305
23,qld,male,40,341
23,qld,male,41,355
23,qld,male,42,307
23,qld,male,43,309
23,qld,male,44,295
23,qld,male,45,296
23,qld,male,46,298
23,qld,male,47,288
23,qld,male,48,301
23,qld,male,49,298
23,qld,male,50,314
23,qld,male,51,303
23,qld,male,52,285
23,qld,male,53,285
23,qld,male,54,273
23,qld,male,55,278
23,qld,male,56,276
23,qld,male,57,260
23,qld,male,58,248
23,qld,male,59,256
23,qld,male,60,250
23,qld,male,61,244
23,qld,male,62,238
23,qld,male,63,236
23,qld,male,64,239
23,qld,male,65,253
23,qld,male,66,220
23,qld,male,67,194
23,qld,male,68,188
23,qld,male,69,163
23,qld,male,70,159
23,qld,male,71,149
23,qld,male,72,140
23,qld,male,73,137
23,qld,male,74,126
23,qld,male,75,111
23,qld,male,76,104
23,qld,male,77,93
23,qld,male,78,86
23,qld,male,79,83
23,qld,male,80,82
23,qld,male,81,73
23,qld,male,82,65
23,qld,male,83,68
23,qld,male,84,61
23,qld,male,85,52
23,qld,male,86,42
23,qld,male,87,33
23,qld,male,88,28
23,qld,male,89,28
23,qld,male,90,24
23,qld,male,91,15
23,qld,male,92,11
23,qld,male,93,8
23,qld,male,94,6
23,qld,male,95,4
23,qld,male,96,5
23,qld,male,97,2
23,qld,male,98,1
23,qld,male,99,1
23,qld,male,100,1
23,qld,male,101,1
23,qld,female,0,342
23,qld,female,1,350
23,qld,female,2,287
23,qld,female,3,289
23,qld,female,4,288
23,qld,female,5,304
23,qld,female,6,302
23,qld,female,7,274
23,qld,female,8,269
23,qld,female,9,266
23,qld,female,10,286
23,qld,female,11,293
23,qld,female,12,278
23,qld,female,13,269
23,qld,female,14,278
23,qld,female,15,301
23,qld,female,16,313
23,qld,female,17,281
23,qld,female,18,280
23,qld,female,19,280
23,qld,female,20,360
23,qld,female,21,371
23,qld,female,22,304
23,qld,female,23,302
23,qld,female,24,297
23,qld,female,25,374
23,qld,female,26,392
23,qld,female,27,323
23,qld,female,28,305
23,qld,female,29,312
23,qld,female,30,349
23,qld,female,31,347
23,qld,female,32,294
23,qld,female,33,289
23,qld,female,34,284
23,qld,female,35,310
23,qld,female,36,317
23,qld,female,37,294
23,qld,female,38,294
23,qld,female,39,320
23,qld,female,40,347
23,qld,female,41,351
23,qld,female,42,315
23,qld,female,43,310
23,qld,female,44,293
23,qld,female,45,309
23,qld,female,46,305
23,qld,female,47,300
23,qld,female,48,304
23,qld,female,49,304
23,qld,female,50,320
23,qld,female,51,320
23,qld,female,52,292
23,qld,female,53,288
23,qld,female,54,287
23,qld,female,55,285
23,qld,female,56,285
23,qld,female,57,267
23,qld,female,58,258
23,qld,female,59,251
23,qld,female,60,255
23,qld,female,61,254
23,qld,female,62,239
23,qld,female,63,231
23,qld,female,64,224
23,qld,female,65,251
23,qld,female,66,212
23,qld,female,67,196
23,qld,female,68,188
23,qld,female,69,164
23,qld,female,70,158
23,qld,female,71,150
23,qld,female,72,143
23,qld,female,73,138
23,qld,female,74,118
23,qld,female,75,115
23,qld,female,76,110
23,qld,female,77,110
23,qld,female,78,98
23,qld,female,79,100
23,qld,female,80,91
23,qld,female,81,92
23,qld,female,82,88
23,qld,female,83,83
23,qld,female,84,76
23,qld,female,85,72
23,qld,female,86,62
23,qld,female,87,58
23,qld,female,88,48
23,qld,female,89,39
23,qld,female,90,39
23,qld,female,91,35
23,qld,female,92,29
23,qld,female,93,18
23,qld,female,94,15
23,qld,female,95,14
23,qld,female,96,12
23,qld,female,97,7
23,qld,female,98,3
23,qld,female,99,3
23,qld,female,100,3
23,qld,female,101,3
23,qld,female,102,1
23,sa,male,0,100
23,sa,male,1,104
23,sa,male,2,105
23,sa,male,3,101
23,sa,male,4,94
23,sa,male,5,103
23,sa,male,6,105
23,sa,male,7,92
23,sa,male,8,94
23,sa,male,9,93
23,sa,male,10,107
23,sa,male,11,100
23,sa,male,12,96
23,sa,male,13,100
23,sa,male,14,100
23,sa,male,15,112
23,sa,male,16,112
23,sa,male,17,106
23,sa,male,18,106
23,sa,male,19,109
23,sa,male,20,124
23,sa,male,21,144
23,sa,male,22,111
23,sa,male,23,122
23,sa,male,24,118
23,sa,male,25,134
23,sa,male,26,134
23,sa,male,27,120
23,sa,male,28,117
23,sa,male,29,116
23,sa,male,30,121
23,sa,male,31,118
23,sa,male,32,105
23,sa,male,33,101
23,sa,male,34,96
23,sa,male,35,101
23,sa,male,36,110
23,sa,male,37,99
23,sa,male,38,102
23,sa,male,39,108
23,sa,male,40,114
23,sa,male,41,120
23,sa,male,42,118
23,sa,male,43,118
23,sa,male,44,113
23,sa,male,45,112
23,sa,male,46,106
23,sa,male,47,114
23,sa,male,48,116
23,sa,male,49,115
23,sa,male,50,121
23,sa,male,51,118
23,sa,male,52,112
23,sa,male,53,116
23,sa,male,54,111
23,sa,male,55,107
23,sa,male,56,105
23,sa,male,57,103
23,sa,male,58,99
23,sa,male,59,102
23,sa,male,60,99
23,sa,male,61,92
23,sa,male,62,96
23,sa,male,63,93
23,sa,male,64,88
23,sa,male,65,100
23,sa,male,66,85
23,sa,male,67,76
23,sa,male,68,71
23,sa,male,69,67
23,sa,male,70,63
23,sa,male,71,59
23,sa,male,72,56
23,sa,male,73,56
23,sa,male,74,52
23,sa,male,75,51
23,sa,male,76,47
23,sa,male,77,42
23,sa,male,78,42
23,sa,male,79,39
23,sa,male,80,35
23,sa,male,81,36
23,sa,male,82,31
23,sa,male,83,31
23,sa,male,84,28
23,sa,male,85,30
23,sa,male,86,26
23,sa,male,87,17
23,sa,male,88,14
23,sa,male,89,13
23,sa,male,90,9
23,sa,male,91,8
23,sa,male,92,8
23,sa,male,93,3
23,sa,male,94,3
23,sa,male,95,3
23,sa,male,96,2
23,sa,male,97,1
23,sa,male,98,1
23,sa,male,99,1
23,sa,male,102,1
23,sa,female,0,101
23,sa,female,1,119
23,sa,female,2,97
23,sa,female,3,97
23,sa,female,4,95
23,sa,female,5,101
23,sa,female,6,98
23,sa,female,7,92
23,sa,female,8,89
23,sa,female,9,86
23,sa,female,10,100
23,sa,female,11,96
23,sa,female,12,93
23,sa,female,13,95
23,sa,female,14,95
23,sa,female,15,107
23,sa,female,16,110
23,sa,female,17,97
23,sa,female,18,98
23,sa,female,19,102
23,sa,female,20,128
23,sa,female,21,118
23,sa,female,22,114
23,sa,female,23,112
23,sa,female,24,109
23,sa,female,25,134
23,sa,female,26,135
23,sa,female,27,111
23,sa,female,28,113
23,sa,female,29,109
23,sa,female,30,121
23,sa,female,31,115
23,sa,female,32,104
23,sa,female,33,98
23,sa,female,34,96
23,sa,female,35,112
23,sa,female,36,103
23,sa,female,37,104
23,sa,female,38,101
23,sa,female,39,109
23,sa,female,40,121
23,sa,female,41,122
23,sa,female,42,112
23,sa,female,43,111
23,sa,female,44,111
23,sa,female,45,112
23,sa,female,46,120
23,sa,female,47,110
23,sa,female,48,116
23,sa,female,49,115
23,sa,female,50,122
23,sa,female,51,126
23,sa,female,52,116
23,sa,female,53,110
23,sa,female,54,110
23,sa,female,55,112
23,sa,female,56,106
23,sa,female,57,104
23,sa,female,58,106
23,sa,female,59,105
23,sa,female,60,103
23,sa,female,61,102
23,sa,female,62,98
23,sa,female,63,96
23,sa,female,64,96
23,sa,female,65,107
23,sa,female,66,90
23,sa,female,67,83
23,sa,female,68,76
23,sa,female,69,72
23,sa,female,70,67
23,sa,female,71,66
23,sa,female,72,62
23,sa,female,73,61
23,sa,female,74,59
23,sa,female,75,57
23,sa,female,76,53
23,sa,female,77,49
23,sa,female,78,50
23,sa,female,79,47
23,sa,female,80,47
23,sa,female,81,41
23,sa,female,82,46
23,sa,female,83,39
23,sa,female,84,41
23,sa,female,85,40
23,sa,female,86,36
23,sa,female,87,36
23,sa,female,88,30
23,sa,female,89,27
23,sa,female,90,23
23,sa,female,91,16
23,sa,female,92,8
23,sa,female,93,11
23,sa,female,94,7
23,sa,female,95,6
23,sa,female,96,3
23,sa,female,97,4
23,sa,female,98,4
23,sa,female,99,2
23,sa,female,100,1
23,sa,female,101,2
23,sa,female,102,1
23,wa,male,0,173
23,wa,male,1,174
23,wa,male,2,158
23,wa,male,3,152
23,wa,male,4,153
23,wa,male,5,176
23,wa,male,6,166
23,wa,male,7,142
23,wa,male,8,144
23,wa,male,9,140
23,wa,male,10,154
23,wa,male,11,157
23,wa,male,12,144
23,wa,male,13,149
23,wa,male,14,146
23,wa,male,15,172
23,wa,male,16,169
23,wa,male,17,147
23,wa,male,18,153
23,wa,male,19,155
23,wa,male,20,217
23,wa,male,21,217
23,wa,male,22,166
23,wa,male,23,172
23,wa,male,24,172
23,wa,male,25,245
23,wa,male,26,247
23,wa,male,27,185
23,wa,male,28,188
23,wa,male,29,181
23,wa,male,30,203
23,wa,male,31,213
23,wa,male,32,161
23,wa,male,33,154
23,wa,male,34,155
23,wa,male,35,164
23,wa,male,36,178
23,wa,male,37,155
23,wa,male,38,155
23,wa,male,39,164
23,wa,male,40,192
23,wa,male,41,203
23,wa,male,42,169
23,wa,male,43,170
23,wa,male,44,164
23,wa,male,45,167
23,wa,male,46,172
23,wa,male,47,161
23,wa,male,48,163
23,wa,male,49,159
23,wa,male,50,160
23,wa,male,51,169
23,wa,male,52,152
23,wa,male,53,156
23,wa,male,54,150
23,wa,male,55,149
23,wa,male,56,155
23,wa,male,57,142
23,wa,male,58,135
23,wa,male,59,133
23,wa,male,60,133
23,wa,male,61,139
23,wa,male,62,120
23,wa,male,63,119
23,wa,male,64,124
23,wa,male,65,129
23,wa,male,66,104
23,wa,male,67,95
23,wa,male,68,88
23,wa,male,69,81
23,wa,male,70,81
23,wa,male,71,73
23,wa,male,72,69
23,wa,male,73,67
23,wa,male,74,59
23,wa,male,75,54
23,wa,male,76,49
23,wa,male,77,48
23,wa,male,78,41
23,wa,male,79,43
23,wa,male,80,41
23,wa,male,81,36
23,wa,male,82,39
23,wa,male,83,29
23,wa,male,84,24
23,wa,male,85,28
23,wa,male,86,19
23,wa,male,87,13
23,wa,male,88,13
23,wa,male,89,13
23,wa,male,90,7
23,wa,male,91,8
23,wa,male,92,5
23,wa,male,93,6
23,wa,male,94,3
23,wa,male,95,3
23,wa,male,96,2
23,wa,male,97,1
23,wa,male,98,1
23,wa,male,99,1
23,wa,male,101,1
23,wa,female,0,142
23,wa,female,1,176
23,wa,female,2,150
23,wa,female,3,147
23,wa,female,4,147
23,wa,female,5,163
23,wa,female,6,164
23,wa,female,7,138
23,wa,female,8,135
23,wa,female,9,138
23,wa,female,10,149
23,wa,female,11,154
23,wa,female,12,141
23,wa,female,13,143
23,wa,female,14,137
23,wa,female,15,158
23,wa,female,16,157
23,wa,female,17,143
23,wa,female,18,144
23,wa,female,19,146
23,wa,female,20,199
23,wa,female,21,206
23,wa,female,22,157
23,wa,female,23,161
23,wa,female,24,158
23,wa,female,25,222
23,wa,female,26,247
23,wa,female,27,163
23,wa,female,28,164
23,wa,female,29,170
23,wa,female,30,195
23,wa,female,31,199
23,wa,female,32,157
23,wa,female,33,154
23,wa,female,34,152
23,wa,female,35,183
23,wa,female,36,177
23,wa,female,37,158
23,wa,female,38,155
23,wa,female,39,163
23,wa,female,40,178
23,wa,female,41,186
23,wa,female,42,168
23,wa,female,43,170
23,wa,female,44,161
23,wa,female,45,169
23,wa,female,46,158
23,wa,female,47,158
23,wa,female,48,155
23,wa,female,49,165
23,wa,female,50,170
23,wa,female,51,163
23,wa,female,52,156
23,wa,female,53,155
23,wa,female,54,146
23,wa,female,55,164
23,wa,female,56,154
23,wa,female,57,142
23,wa,female,58,136
23,wa,female,59,130
23,wa,female,60,136
23,wa,female,61,131
23,wa,female,62,120
23,wa,female,63,116
23,wa,female,64,115
23,wa,female,65,127
23,wa,female,66,103
23,wa,female,67,95
23,wa,female,68,92
23,wa,female,69,82
23,wa,female,70,81
23,wa,female,71,73
23,wa,female,72,70
23,wa,female,73,68
23,wa,female,74,62
23,wa,female,75,58
23,wa,female,76,60
23,wa,female,77,49
23,wa,female,78,53
23,wa,female,79,53
23,wa,female,80,45
23,wa,female,81,45
23,wa,female,82,43
23,wa,female,83,41
23,wa,female,84,42
23,wa,female,85,33
23,wa,female,86,31
23,wa,female,87,23
23,wa,female,88,24
23,wa,female,89,25
23,wa,female,90,21
23,wa,female,91,16
23,wa,female,92,11
23,wa,female,93,9
23,wa,female,94,8
23,wa,female,95,4
23,wa,female,96,3
23,wa,female,97,4
23,wa,female,98,2
23,wa,female,99,3
23,wa,female,100,1
23,wa,female,102,1
23,tas,male,0,39
23,tas,male,1,31
23,tas,male,2,35
23,tas,male,3,34
23,tas,male,4,36
23,tas,male,5,33
23,tas,male,6,36
23,tas,male,7,34
23,tas,male,8,32
23,tas,male,9,33
23,tas,male,10,32
23,tas,male,11,39
23,tas,male,12,35
23,tas,male,13,36
23,tas,male,14,37
23,tas,male,15,41
23,tas,male,16,40
23,tas,male,17,36
23,tas,male,18,40
23,tas,male,19,39
23,tas,male,20,41
23,tas,male,21,41
23,tas,male,22,38
23,tas,male,23,39
23,tas,male,24,40
23,tas,male,25,38
23,tas,male,26,39
23,tas,male,27,32
23,tas,male,28,34
23,tas,male,29,36
23,tas,male,30,33
23,tas,male,31,33
23,tas,male,32,30
23,tas,male,33,31
23,tas,male,34,34
23,tas,male,35,30
23,tas,male,36,34
23,tas,male,37,33
23,tas,male,38,34
23,tas,male,39,37
23,tas,male,40,37
23,tas,male,41,38
23,tas,male,42,35
23,tas,male,43,38
23,tas,male,44,38
23,tas,male,45,36
23,tas,male,46,32
23,tas,male,47,31
23,tas,male,48,40
23,tas,male,49,37
23,tas,male,50,41
23,tas,male,51,40
23,tas,male,52,40
23,tas,male,53,37
23,tas,male,54,38
23,tas,male,55,37
23,tas,male,56,42
23,tas,male,57,34
23,tas,male,58,34
23,tas,male,59,35
23,tas,male,60,36
23,tas,male,61,33
23,tas,male,62,37
23,tas,male,63,30
23,tas,male,64,34
23,tas,male,65,37
23,tas,male,66,27
23,tas,male,67,27
23,tas,male,68,27
23,tas,male,69,25
23,tas,male,70,23
23,tas,male,71,20
23,tas,male,72,19
23,tas,male,73,16
23,tas,male,74,18
23,tas,male,75,16
23,tas,male,76,16
23,tas,male,77,14
23,tas,male,78,12
23,tas,male,79,12
23,tas,male,80,13
23,tas,male,81,13
23,tas,male,82,10
23,tas,male,83,9
23,tas,male,84,8
23,tas,male,85,8
23,tas,male,86,8
23,tas,male,87,8
23,tas,male,88,4
23,tas,male,89,4
23,tas,male,90,3
23,tas,male,92,2
23,tas,male,95,1
23,tas,female,0,24
23,tas,female,1,34
23,tas,female,2,33
23,tas,female,3,31
23,tas,female,4,34
23,tas,female,5,34
23,tas,female,6,34
23,tas,female,7,32
23,tas,female,8,30
23,tas,female,9,31
23,tas,female,10,33
23,tas,female,11,30
23,tas,female,12,33
23,tas,female,13,32
23,tas,female,14,32
23,tas,female,15,37
23,tas,female,16,35
23,tas,female,17,37
23,tas,female,18,39
23,tas,female,19,35
23,tas,female,20,39
23,tas,female,21,36
23,tas,female,22,32
23,tas,female,23,33
23,tas,female,24,34
23,tas,female,25,38
23,tas,female,26,38
23,tas,female,27,34
23,tas,female,28,35
23,tas,female,29,29
23,tas,female,30,33
23,tas,female,31,39
23,tas,female,32,30
23,tas,female,33,31
23,tas,female,34,30
23,tas,female,35,36
23,tas,female,36,34
23,tas,female,37,33
23,tas,female,38,35
23,tas,female,39,35
23,tas,female,40,35
23,tas,female,41,48
23,tas,female,42,43
23,tas,female,43,38
23,tas,female,44,35
23,tas,female,45,38
23,tas,female,46,33
23,tas,female,47,37
23,tas,female,48,40
23,tas,female,49,39
23,tas,female,50,37
23,tas,female,51,45
23,tas,female,52,39
23,tas,female,53,40
23,tas,female,54,37
23,tas,female,55,38
23,tas,female,56,38
23,tas,female,57,38
23,tas,female,58,35
23,tas,female,59,35
23,tas,female,60,36
23,tas,female,61,37
23,tas,female,62,35
23,tas,female,63,29
23,tas,female,64,33
23,tas,female,65,35
23,tas,female,66,30
23,tas,female,67,25
23,tas,female,68,21
23,tas,female,69,23
23,tas,female,70,21
23,tas,female,71,22
23,tas,female,72,20
23,tas,female,73,18
23,tas,female,74,19
23,tas,female,75,20
23,tas,female,76,18
23,tas,female,77,15
23,tas,female,78,14
23,tas,female,79,14
23,tas,female,80,15
23,tas,female,81,13
23,tas,female,82,13
23,tas,female,83,11
23,tas,female,84,13
23,tas,female,85,10
23,tas,female,86,11
23,tas,female,87,8
23,tas,female,88,9
23,tas,female,89,7
23,tas,female,90,8
23,tas,female,91,5
23,tas,female,92,3
23,tas,female,93,1
23,tas,female,94,2
23,tas,female,95,3
23,tas,female,96,1
23,tas,female,97,2
23,tas,female,101,1
23,nt,male,0,26
23,nt,male,1,28
23,nt,male,2,23
23,nt,male,3,23
23,nt,male,4,24
23,nt,male,5,19
23,nt,male,6,21
23,nt,male,7,20
23,nt,male,8,15
23,nt,male,9,19
23,nt,male,10,24
23,nt,male,11,29
23,nt,male,12,19
23,nt,male,13,17
23,nt,male,14,18
23,nt,male,15,22
23,nt,male,16,22
23,nt,male,17,19
23,nt,male,18,19
23,nt,male,19,20
23,nt,male,20,26
23,nt,male,21,29
23,nt,male,22,25
23,nt,male,23,24
23,nt,male,24,22
23,nt,male,25,29
23,nt,male,26,28
23,nt,male,27,26
23,nt,male,28,28
23,nt,male,29,26
23,nt,male,30,27
23,nt,male,31,28
23,nt,male,32,26
23,nt,male,33,22
23,nt,male,34,20
23,nt,male,35,23
23,nt,male,36,30
23,nt,male,37,20
23,nt,male,38,20
23,nt,male,39,21
23,nt,male,40,24
23,nt,male,41,25
23,nt,male,42,21
23,nt,male,43,22
23,nt,male,44,18
23,nt,male,45,19
23,nt,male,46,21
23,nt,male,47,25
23,nt,male,48,18
23,nt,male,49,20
23,nt,male,50,20
23,nt,male,51,18
23,nt,male,52,18
23,nt,male,53,16
23,nt,male,54,15
23,nt,male,55,14
23,nt,male,56,16
23,nt,male,57,13
23,nt,male,58,15
23,nt,male,59,13
23,nt,male,60,15
23,nt,male,61,15
23,nt,male,62,13
23,nt,male,63,15
23,nt,male,64,9
23,nt,male,65,13
23,nt,male,66,9
23,nt,male,67,10
23,nt,male,68,7
23,nt,male,69,6
23,nt,male,70,6
23,nt,male,71,7
23,nt,male,72,7
23,nt,male,73,5
23,nt,male,74,4
23,nt,male,75,3
23,nt,male,76,4
23,nt,male,77,2
23,nt,male,78,3
23,nt,male,79,2
23,nt,male,80,2
23,nt,male,81,3
23,nt,male,82,2
23,nt,male,83,1
23,nt,male,84,1
23,nt,male,85,1
23,nt,male,86,1
23,nt,female,0,33
23,nt,female,1,20
23,nt,female,2,22
23,nt,female,3,20
23,nt,female,4,21
23,nt,female,5,19
23,nt,female,6,22
23,nt,female,7,17
23,nt,female,8,20
23,nt,female,9,19
23,nt,female,10,20
23,nt,female,11,16
23,nt,female,12,18
23,nt,female,13,19
23,nt,female,14,16
23,nt,female,15,17
23,nt,female,16,18
23,nt,female,17,15
23,nt,female,18,21
23,nt,female,19,17
23,nt,female,20,17
23,nt,female,21,24
23,nt,female,22,16
23,nt,female,23,18
23,nt,female,24,17
23,nt,female,25,28
23,nt,female,26,27
23,nt,female,27,24
23,nt,female,28,25
23,nt,female,29,25
23,nt,female,30,28
23,nt,female,31,26
23,nt,female,32,22
23,nt,female,33,20
23,nt,female,34,20
23,nt,female,35,22
23,nt,female,36,25
23,nt,female,37,19
23,nt,female,38,22
23,nt,female,39,22
23,nt,female,40,23
23,nt,female,41,25
23,nt,female,42,18
23,nt,female,43,19
23,nt,female,44,17
23,nt,female,45,19
23,nt,female,46,18
23,nt,female,47,15
23,nt,female,48,16
23,nt,female,49,13
23,nt,female,50,16
23,nt,female,51,17
23,nt,female,52,14
23,nt,female,53,16
23,nt,female,54,15
23,nt,female,55,16
23,nt,female,56,12
23,nt,female,57,13
23,nt,female,58,12
23,nt,female,59,12
23,nt,female,60,13
23,nt,female,61,11
23,nt,female,62,8
23,nt,female,63,9
23,nt,female,64,7
23,nt,female,65,8
23,nt,female,66,10
23,nt,female,67,7
23,nt,female,68,7
23,nt,female,69,4
23,nt,female,70,6
23,nt,female,71,5
23,nt,female,72,5
23,nt,female,73,4
23,nt,female,74,3
23,nt,female,75,2
23,nt,female,76,2
23,nt,female,77,3
23,nt,female,78,5
23,nt,female,79,1
23,nt,female,80,1
23,nt,female,81,1
23,nt,female,82,2
23,nt,female,83,1
23,nt,female,85,1
23,nt,female,86,1
23,nt,female,87,1
23,nt,female,88,1
23,nt,female,89,1
23,act,male,0,28
23,act,male,1,35
23,act,male,2,24
23,act,male,3,25
23,act,male,4,24
23,act,male,5,29
23,act,male,6,24
23,act,male,7,24
23,act,male,8,24
23,act,male,9,23
23,act,male,10,23
23,act,male,11,22
23,act,male,12,22
23,act,male,13,22
23,act,male,14,21
23,act,male,15,23
23,act,male,16,27
23,act,male,17,25
23,act,male,18,28
23,act,male,19,28
23,act,male,20,40
23,act,male,21,41
23,act,male,22,39
23,act,male,23,36
23,act,male,24,33
23,act,male,25,40
23,act,male,26,48
23,act,male,27,31
23,act,male,28,35
23,act,male,29,36
23,act,male,30,36
23,act,male,31,41
23,act,male,32,27
23,act,male,33,29
23,act,male,34,32
23,act,male,35,31
23,act,male,36,34
23,act,male,37,30
23,act,male,38,29
23,act,male,39,28
23,act,male,40,29
23,act,male,41,30
23,act,male,42,30
23,act,male,43,26
23,act,male,44,27
23,act,male,45,29
23,act,male,46,29
23,act,male,47,24
23,act,male,48,27
23,act,male,49,24
23,act,male,50,29
23,act,male,51,27
23,act,male,52,27
23,act,male,53,22
23,act,male,54,22
23,act,male,55,26
23,act,male,56,23
23,act,male,57,22
23,act,male,58,24
23,act,male,59,20
23,act,male,60,20
23,act,male,61,21
23,act,male,62,20
23,act,male,63,17
23,act,male,64,18
23,act,male,65,19
23,act,male,66,14
23,act,male,67,13
23,act,male,68,12
23,act,male,69,13
23,act,male,70,11
23,act,male,71,10
23,act,male,72,11
23,act,male,73,10
23,act,male,74,8
23,act,male,75,9
23,act,male,76,7
23,act,male,77,7
23,act,male,78,6
23,act,male,79,6
23,act,male,80,5
23,act,male,81,4
23,act,male,82,3
23,act,male,83,4
23,act,male,84,4
23,act,male,85,2
23,act,male,86,4
23,act,male,87,3
23,act,male,88,3
23,act,male,89,1
23,act,male,90,1
23,act,male,91,1
23,act,male,92,1
23,act,male,94,1
23,act,female,0,31
23,act,female,1,32
23,act,female,2,24
23,act,female,3,24
23,act,female,4,23
23,act,female,5,25
23,act,female,6,23
23,act,female,7,22
23,act,female,8,21
23,act,female,9,24
23,act,female,10,21
23,act,female,11,24
23,act,female,12,24
23,act,female,13,21
23,act,female,14,23
23,act,female,15,25
23,act,female,16,27
23,act,female,17,25
23,act,female,18,29
23,act,female,19,27
23,act,female,20,32
23,act,female,21,39
23,act,female,22,36
23,act,female,23,34
23,act,female,24,34
23,act,female,25,42
23,act,female,26,37
23,act,female,27,32
23,act,female,28,36
23,act,female,29,32
23,act,female,30,39
23,act,female,31,37
23,act,female,32,34
23,act,female,33,28
23,act,female,34,28
23,act,female,35,31
23,act,female,36,31
23,act,female,37,28
23,act,female,38,29
23,act,female,39,31
23,act,female,40,31
23,act,female,41,31
23,act,female,42,30
23,act,female,43,32
23,act,female,44,28
23,act,female,45,27
23,act,female,46,25
23,act,female,47,24
23,act,female,48,28
23,act,female,49,26
23,act,female,50,29
23,act,female,51,28
23,act,female,52,32
23,act,female,53,29
23,act,female,54,24
23,act,female,55,26
23,act,female,56,23
23,act,female,57,22
23,act,female,58,22
23,act,female,59,23
23,act,female,60,23
23,act,female,61,21
23,act,female,62,17
23,act,female,63,21
23,act,female,64,17
23,act,female,65,23
23,act,female,66,18
23,act,female,67,14
23,act,female,68,14
23,act,female,69,12
23,act,female,70,11
23,act,female,71,10
23,act,female,72,10
23,act,female,73,10
23,act,female,74,8
23,act,female,75,10
23,act,female,76,8
23,act,female,77,7
23,act,female,78,8
23,act,female,79,7
23,act,female,80,8
23,act,female,81,6
23,act,female,82,5
23,act,female,83,6
23,act,female,84,4
23,act,female,85,5
23,act,female,86,4
23,act,female,87,5
23,act,female,88,6
23,act,female,89,3
23,act,female,90,3
23,act,female,91,1
23,act,female,92,1
23,act,female,93,1
23,act,female,94,1
23,act,female,97,1
