year,state,sex,age_band,deaths
2010,act,female,0-4,8
2010,act,female,10-14,1
2010,act,female,100+,9
2010,act,female,15-19,2
2010,act,female,20-24,0
2010,act,female,25-29,7
2010,act,female,30-34,2
2010,act,female,35-39,5
2010,act,female,40-44,5
2010,act,female,45-49,9
2010,act,female,5-9,0
2010,act,female,50-54,19
2010,act,female,55-59,20
2010,act,female,60-64,40
2010,act,female,65-69,48
2010,act,female,70-74,58
2010,act,female,75-79,83
2010,act,female,80-84,118
2010,act,female,85-89,182
2010,act,female,90-94,124
2010,act,female,95-99,54
2010,act,female,not_stated,0
2010,act,male,0-4,14
2010,act,male,10-14,1
2010,act,male,100+,4
2010,act,male,15-19,1
2010,act,male,20-24,10
2010,act,male,25-29,8
2010,act,male,30-34,9
2010,act,male,35-39,23
2010,act,male,40-44,22
2010,act,male,45-49,18
2010,act,male,5-9,0
2010,act,male,50-54,35
2010,act,male,55-59,43
2010,act,male,60-64,54
2010,act,male,65-69,64
2010,act,male,70-74,83
2010,act,male,75-79,110
2010,act,male,80-84,126
2010,act,male,85-89,153
2010,act,male,90-94,82
2010,act,male,95-99,23
2010,act,male,not_stated,0
2010,nsw,female,0-4,188
2010,nsw,female,10-14,16
2010,nsw,female,100+,328
2010,nsw,female,15-19,41
2010,nsw,female,20-24,55
2010,nsw,female,25-29,68
2010,nsw,female,30-34,87
2010,nsw,female,35-39,135
2010,nsw,female,40-44,230
2010,nsw,female,45-49,330
2010,nsw,female,5-9,14
2010,nsw,female,50-54,509
2010,nsw,female,55-59,665
2010,nsw,female,60-64,974
2010,nsw,female,65-69,1221
2010,nsw,female,70-74,1617
2010,nsw,female,75-79,2372
2010,nsw,female,80-84,3964
2010,nsw,female,85-89,5079
2010,nsw,female,90-94,3899
2010,nsw,female,95-99,1798
2010,nsw,female,not_stated,1
2010,nsw,male,0-4,272
2010,nsw,male,10-14,20
2010,nsw,male,100+,58
2010,nsw,male,15-19,109
2010,nsw,male,20-24,141
2010,nsw,male,25-29,166
2010,nsw,male,30-34,193
2010,nsw,male,35-39,258
2010,nsw,male,40-44,367
2010,nsw,male,45-49,571
2010,nsw,male,5-9,22
2010,nsw,male,50-54,826
2010,nsw,male,55-59,1129
2010,nsw,male,60-64,1573
2010,nsw,male,65-69,1961
2010,nsw,male,70-74,2496
2010,nsw,male,75-79,3243
2010,nsw,male,80-84,4315
2010,nsw,male,85-89,3977
2010,nsw,male,90-94,2072
2010,nsw,male,95-99,580
2010,nsw,male,not_stated,2
2010,nt,female,0-4,13
2010,nt,female,10-14,2
2010,nt,female,100+,4
2010,nt,female,15-19,1
2010,nt,female,20-24,5
2010,nt,female,25-29,10
2010,nt,female,30-34,7
2010,nt,female,35-39,13
2010,nt,female,40-44,19
2010,nt,female,45-49,21
2010,nt,female,5-9,0
2010,nt,female,50-54,32
2010,nt,female,55-59,26
2010,nt,female,60-64,29
2010,nt,female,65-69,25
2010,nt,female,70-74,31
2010,nt,female,75-79,29
2010,nt,female,80-84,27
2010,nt,female,85-89,32
2010,nt,female,90-94,19
2010,nt,female,95-99,9
2010,nt,female,not_stated,0
2010,nt,male,0-4,20
2010,nt,male,10-14,1
2010,nt,male,100+,0
2010,nt,male,15-19,10
2010,nt,male,20-24,28
2010,nt,male,25-29,22
2010,nt,male,30-34,23
2010,nt,male,35-39,26
2010,nt,male,40-44,31
2010,nt,male,45-49,38
2010,nt,male,5-9,1
2010,nt,male,50-54,52
2010,nt,male,55-59,58
2010,nt,male,60-64,74
2010,nt,male,65-69,60
2010,nt,male,70-74,60
2010,nt,male,75-79,39
2010,nt,male,80-84,45
2010,nt,male,85-89,25
2010,nt,male,90-94,7
2010,nt,male,95-99,3
2010,nt,male,not_stated,0
2010,qld,female,0-4,160
2010,qld,female,10-14,9
2010,qld,female,100+,177
2010,qld,female,15-19,39
2010,qld,female,20-24,63
2010,qld,female,25-29,44
2010,qld,female,30-34,68
2010,qld,female,35-39,106
2010,qld,female,40-44,165
2010,qld,female,45-49,237
2010,qld,female,5-9,13
2010,qld,female,50-54,327
2010,qld,female,55-59,416
2010,qld,female,60-64,595
2010,qld,female,65-69,715
2010,qld,female,70-74,975
2010,qld,female,75-79,1219
2010,qld,female,80-84,2052
2010,qld,female,85-89,2687
2010,qld,female,90-94,2025
2010,qld,female,95-99,837
2010,qld,female,not_stated,4
2010,qld,male,0-4,236
2010,qld,male,10-14,24
2010,qld,male,100+,42
2010,qld,male,15-19,83
2010,qld,male,20-24,115
2010,qld,male,25-29,135
2010,qld,male,30-34,183
2010,qld,male,35-39,223
2010,qld,male,40-44,262
2010,qld,male,45-49,403
2010,qld,male,5-9,20
2010,qld,male,50-54,508
2010,qld,male,55-59,682
2010,qld,male,60-64,939
2010,qld,male,65-69,1294
2010,qld,male,70-74,1497
2010,qld,male,75-79,1806
2010,qld,male,80-84,2333
2010,qld,male,85-89,2099
2010,qld,male,90-94,1126
2010,qld,male,95-99,342
2010,qld,male,not_stated,2
2010,sa,female,0-4,32
2010,sa,female,10-14,5
2010,sa,female,100+,127
2010,sa,female,15-19,12
2010,sa,female,20-24,12
2010,sa,female,25-29,19
2010,sa,female,30-34,24
2010,sa,female,35-39,39
2010,sa,female,40-44,74
2010,sa,female,45-49,109
2010,sa,female,5-9,5
2010,sa,female,50-54,142
2010,sa,female,55-59,166
2010,sa,female,60-64,237
2010,sa,female,65-69,268
2010,sa,female,70-74,428
2010,sa,female,75-79,625
2010,sa,female,80-84,1125
2010,sa,female,85-89,1453
2010,sa,female,90-94,1127
2010,sa,female,95-99,528
2010,sa,female,not_stated,0
2010,sa,male,0-4,57
2010,sa,male,10-14,2
2010,sa,male,100+,12
2010,sa,male,15-19,31
2010,sa,male,20-24,29
2010,sa,male,25-29,28
2010,sa,male,30-34,41
2010,sa,male,35-39,84
2010,sa,male,40-44,96
2010,sa,male,45-49,160
2010,sa,male,5-9,4
2010,sa,male,50-54,200
2010,sa,male,55-59,286
2010,sa,male,60-64,393
2010,sa,male,65-69,491
2010,sa,male,70-74,609
2010,sa,male,75-79,795
2010,sa,male,80-84,1183
2010,sa,male,85-89,1129
2010,sa,male,90-94,615
2010,sa,male,95-99,154
2010,sa,male,not_stated,0
2010,tas,female,0-4,13
2010,tas,female,10-14,3
2010,tas,female,100+,26
2010,tas,female,15-19,6
2010,tas,female,20-24,1
2010,tas,female,25-29,7
2010,tas,female,30-34,6
2010,tas,female,35-39,10
2010,tas,female,40-44,18
2010,tas,female,45-49,29
2010,tas,female,5-9,4
2010,tas,female,50-54,55
2010,tas,female,55-59,72
2010,tas,female,60-64,78
2010,tas,female,65-69,129
2010,tas,female,70-74,161
2010,tas,female,75-79,237
2010,tas,female,80-84,351
2010,tas,female,85-89,446
2010,tas,female,90-94,355
2010,tas,female,95-99,131
2010,tas,female,not_stated,0
2010,tas,male,0-4,20
2010,tas,male,10-14,7
2010,tas,male,100+,5
2010,tas,male,15-19,14
2010,tas,male,20-24,11
2010,tas,male,25-29,13
2010,tas,male,30-34,13
2010,tas,male,35-39,32
2010,tas,male,40-44,31
2010,tas,male,45-49,58
2010,tas,male,5-9,1
2010,tas,male,50-54,67
2010,tas,male,55-59,92
2010,tas,male,60-64,151
2010,tas,male,65-69,186
2010,tas,male,70-74,216
2010,tas,male,75-79,289
2010,tas,male,80-84,386
2010,tas,male,85-89,331
2010,tas,male,90-94,166
2010,tas,male,95-99,42
2010,tas,male,not_stated,0
2010,vic,female,0-4,122
2010,vic,female,10-14,8
2010,vic,female,100+,285
2010,vic,female,15-19,33
2010,vic,female,20-24,46
2010,vic,female,25-29,61
2010,vic,female,30-34,69
2010,vic,female,35-39,124
2010,vic,female,40-44,137
2010,vic,female,45-49,258
2010,vic,female,5-9,14
2010,vic,female,50-54,341
2010,vic,female,55-59,484
2010,vic,female,60-64,671
2010,vic,female,65-69,758
2010,vic,female,70-74,1179
2010,vic,female,75-79,1753
2010,vic,female,80-84,2938
2010,vic,female,85-89,3997
2010,vic,female,90-94,2987
2010,vic,female,95-99,1423
2010,vic,female,not_stated,0
2010,vic,male,0-4,156
2010,vic,male,10-14,21
2010,vic,male,100+,67
2010,vic,male,15-19,88
2010,vic,male,20-24,129
2010,vic,male,25-29,132
2010,vic,male,30-34,153
2010,vic,male,35-39,204
2010,vic,male,40-44,269
2010,vic,male,45-49,416
2010,vic,male,5-9,27
2010,vic,male,50-54,548
2010,vic,male,55-59,773
2010,vic,male,60-64,1089
2010,vic,male,65-69,1286
2010,vic,male,70-74,1826
2010,vic,male,75-79,2375
2010,vic,male,80-84,3280
2010,vic,male,85-89,3003
2010,vic,male,90-94,1566
2010,vic,male,95-99,527
2010,vic,male,not_stated,0
2010,wa,female,0-4,53
2010,wa,female,10-14,8
2010,wa,female,100+,95
2010,wa,female,15-19,15
2010,wa,female,20-24,25
2010,wa,female,25-29,33
2010,wa,female,30-34,35
2010,wa,female,35-39,62
2010,wa,female,40-44,66
2010,wa,female,45-49,114
2010,wa,female,5-9,11
2010,wa,female,50-54,155
2010,wa,female,55-59,216
2010,wa,female,60-64,246
2010,wa,female,65-69,293
2010,wa,female,70-74,443
2010,wa,female,75-79,536
2010,wa,female,80-84,915
2010,wa,female,85-89,1188
2010,wa,female,90-94,914
2010,wa,female,95-99,503
2010,wa,female,not_stated,0
2010,wa,male,0-4,91
2010,wa,male,10-14,8
2010,wa,male,100+,30
2010,wa,male,15-19,39
2010,wa,male,20-24,63
2010,wa,male,25-29,84
2010,wa,male,30-34,96
2010,wa,male,35-39,108
2010,wa,male,40-44,150
2010,wa,male,45-49,186
2010,wa,male,5-9,7
2010,wa,male,50-54,262
2010,wa,male,55-59,332
2010,wa,male,60-64,437
2010,wa,male,65-69,557
2010,wa,male,70-74,697
2010,wa,male,75-79,858
2010,wa,male,80-84,1116
2010,wa,male,85-89,1005
2010,wa,male,90-94,519
2010,wa,male,95-99,149
2010,wa,male,not_stated,0
2011,act,female,0-4,6
2011,act,female,10-14,0
2011,act,female,100+,12
2011,act,female,15-19,2
2011,act,female,20-24,0
2011,act,female,25-29,5
2011,act,female,30-34,5
2011,act,female,35-39,7
2011,act,female,40-44,7
2011,act,female,45-49,12
2011,act,female,5-9,2
2011,act,female,50-54,22
2011,act,female,55-59,37
2011,act,female,60-64,44
2011,act,female,65-69,46
2011,act,female,70-74,54
2011,act,female,75-79,75
2011,act,female,80-84,132
2011,act,female,85-89,187
2011,act,female,90-94,149
2011,act,female,95-99,57
2011,act,female,not_stated,0
2011,act,male,0-4,10
2011,act,male,10-14,2
2011,act,male,100+,2
2011,act,male,15-19,3
2011,act,male,20-24,2
2011,act,male,25-29,14
2011,act,male,30-34,10
2011,act,male,35-39,7
2011,act,male,40-44,14
2011,act,male,45-49,16
2011,act,male,5-9,2
2011,act,male,50-54,30
2011,act,male,55-59,44
2011,act,male,60-64,62
2011,act,male,65-69,65
2011,act,male,70-74,77
2011,act,male,75-79,95
2011,act,male,80-84,141
2011,act,male,85-89,144
2011,act,male,90-94,75
2011,act,male,95-99,21
2011,act,male,not_stated,0
2011,nsw,female,0-4,197
2011,nsw,female,10-14,18
2011,nsw,female,100+,383
2011,nsw,female,15-19,40
2011,nsw,female,20-24,62
2011,nsw,female,25-29,71
2011,nsw,female,30-34,91
2011,nsw,female,35-39,160
2011,nsw,female,40-44,228
2011,nsw,female,45-49,345
2011,nsw,female,5-9,16
2011,nsw,female,50-54,531
2011,nsw,female,55-59,687
2011,nsw,female,60-64,950
2011,nsw,female,65-69,1262
2011,nsw,female,70-74,1727
2011,nsw,female,75-79,2413
2011,nsw,female,80-84,4029
2011,nsw,female,85-89,5405
2011,nsw,female,90-94,4297
2011,nsw,female,95-99,1954
2011,nsw,female,not_stated,0
2011,nsw,male,0-4,239
2011,nsw,male,10-14,27
2011,nsw,male,100+,73
2011,nsw,male,15-19,79
2011,nsw,male,20-24,132
2011,nsw,male,25-29,158
2011,nsw,male,30-34,226
2011,nsw,male,35-39,254
2011,nsw,male,40-44,351
2011,nsw,male,45-49,544
2011,nsw,male,5-9,18
2011,nsw,male,50-54,816
2011,nsw,male,55-59,1169
2011,nsw,male,60-64,1691
2011,nsw,male,65-69,2019
2011,nsw,male,70-74,2595
2011,nsw,male,75-79,3446
2011,nsw,male,80-84,4511
2011,nsw,male,85-89,4382
2011,nsw,male,90-94,2403
2011,nsw,male,95-99,660
2011,nsw,male,not_stated,2
2011,nt,female,0-4,17
2011,nt,female,10-14,4
2011,nt,female,100+,2
2011,nt,female,15-19,1
2011,nt,female,20-24,9
2011,nt,female,25-29,9
2011,nt,female,30-34,10
2011,nt,female,35-39,12
2011,nt,female,40-44,20
2011,nt,female,45-49,32
2011,nt,female,5-9,3
2011,nt,female,50-54,29
2011,nt,female,55-59,42
2011,nt,female,60-64,28
2011,nt,female,65-69,30
2011,nt,female,70-74,32
2011,nt,female,75-79,24
2011,nt,female,80-84,29
2011,nt,female,85-89,38
2011,nt,female,90-94,22
2011,nt,female,95-99,8
2011,nt,female,not_stated,0
2011,nt,male,0-4,19
2011,nt,male,10-14,1
2011,nt,male,100+,0
2011,nt,male,15-19,9
2011,nt,male,20-24,23
2011,nt,male,25-29,19
2011,nt,male,30-34,14
2011,nt,male,35-39,23
2011,nt,male,40-44,21
2011,nt,male,45-49,29
2011,nt,male,5-9,2
2011,nt,male,50-54,49
2011,nt,male,55-59,55
2011,nt,male,60-64,62
2011,nt,male,65-69,60
2011,nt,male,70-74,55
2011,nt,male,75-79,42
2011,nt,male,80-84,41
2011,nt,male,85-89,20
2011,nt,male,90-94,12
2011,nt,male,95-99,5
2011,nt,male,not_stated,0
2011,qld,female,0-4,159
2011,qld,female,10-14,11
2011,qld,female,100+,202
2011,qld,female,15-19,42
2011,qld,female,20-24,49
2011,qld,female,25-29,60
2011,qld,female,30-34,63
2011,qld,female,35-39,109
2011,qld,female,40-44,147
2011,qld,female,45-49,249
2011,qld,female,5-9,19
2011,qld,female,50-54,304
2011,qld,female,55-59,415
2011,qld,female,60-64,570
2011,qld,female,65-69,712
2011,qld,female,70-74,932
2011,qld,female,75-79,1169
2011,qld,female,80-84,1903
2011,qld,female,85-89,2646
2011,qld,female,90-94,2158
2011,qld,female,95-99,982
2011,qld,female,not_stated,2
2011,qld,male,0-4,181
2011,qld,male,10-14,19
2011,qld,male,100+,33
2011,qld,male,15-19,77
2011,qld,male,20-24,118
2011,qld,male,25-29,136
2011,qld,male,30-34,146
2011,qld,male,35-39,194
2011,qld,male,40-44,247
2011,qld,male,45-49,356
2011,qld,male,5-9,17
2011,qld,male,50-54,531
2011,qld,male,55-59,694
2011,qld,male,60-64,1047
2011,qld,male,65-69,1249
2011,qld,male,70-74,1529
2011,qld,male,75-79,1819
2011,qld,male,80-84,2380
2011,qld,male,85-89,2230
2011,qld,male,90-94,1169
2011,qld,male,95-99,340
2011,qld,male,not_stated,0
2011,sa,female,0-4,34
2011,sa,female,10-14,5
2011,sa,female,100+,106
2011,sa,female,15-19,14
2011,sa,female,20-24,13
2011,sa,female,25-29,15
2011,sa,female,30-34,25
2011,sa,female,35-39,31
2011,sa,female,40-44,53
2011,sa,female,45-49,76
2011,sa,female,5-9,4
2011,sa,female,50-54,127
2011,sa,female,55-59,162
2011,sa,female,60-64,243
2011,sa,female,65-69,274
2011,sa,female,70-74,414
2011,sa,female,75-79,584
2011,sa,female,80-84,1049
2011,sa,female,85-89,1460
2011,sa,female,90-94,1107
2011,sa,female,95-99,572
2011,sa,female,not_stated,0
2011,sa,male,0-4,35
2011,sa,male,10-14,2
2011,sa,male,100+,25
2011,sa,male,15-19,24
2011,sa,male,20-24,38
2011,sa,male,25-29,49
2011,sa,male,30-34,56
2011,sa,male,35-39,75
2011,sa,male,40-44,104
2011,sa,male,45-49,133
2011,sa,male,5-9,7
2011,sa,male,50-54,218
2011,sa,male,55-59,292
2011,sa,male,60-64,409
2011,sa,male,65-69,442
2011,sa,male,70-74,574
2011,sa,male,75-79,784
2011,sa,male,80-84,1141
2011,sa,male,85-89,1085
2011,sa,male,90-94,611
2011,sa,male,95-99,191
2011,sa,male,not_stated,3
2011,tas,female,0-4,13
2011,tas,female,10-14,0
2011,tas,female,100+,22
2011,tas,female,15-19,1
2011,tas,female,20-24,7
2011,tas,female,25-29,1
2011,tas,female,30-34,12
2011,tas,female,35-39,16
2011,tas,female,40-44,20
2011,tas,female,45-49,28
2011,tas,female,5-9,2
2011,tas,female,50-54,36
2011,tas,female,55-59,51
2011,tas,female,60-64,98
2011,tas,female,65-69,138
2011,tas,female,70-74,151
2011,tas,female,75-79,217
2011,tas,female,80-84,355
2011,tas,female,85-89,445
2011,tas,female,90-94,334
2011,tas,female,95-99,153
2011,tas,female,not_stated,0
2011,tas,male,0-4,19
2011,tas,male,10-14,4
2011,tas,male,100+,7
2011,tas,male,15-19,8
2011,tas,male,20-24,13
2011,tas,male,25-29,9
2011,tas,male,30-34,16
2011,tas,male,35-39,24
2011,tas,male,40-44,30
2011,tas,male,45-49,44
2011,tas,male,5-9,0
2011,tas,male,50-54,56
2011,tas,male,55-59,115
2011,tas,male,60-64,146
2011,tas,male,65-69,189
2011,tas,male,70-74,239
2011,tas,male,75-79,280
2011,tas,male,80-84,369
2011,tas,male,85-89,327
2011,tas,male,90-94,187
2011,tas,male,95-99,58
2011,tas,male,not_stated,0
2011,vic,female,0-4,115
2011,vic,female,10-14,10
2011,vic,female,100+,286
2011,vic,female,15-19,36
2011,vic,female,20-24,44
2011,vic,female,25-29,53
2011,vic,female,30-34,87
2011,vic,female,35-39,118
2011,vic,female,40-44,178
2011,vic,female,45-49,257
2011,vic,female,5-9,12
2011,vic,female,50-54,408
2011,vic,female,55-59,465
2011,vic,female,60-64,716
2011,vic,female,65-69,806
2011,vic,female,70-74,1205
2011,vic,female,75-79,1728
2011,vic,female,80-84,2936
2011,vic,female,85-89,4064
2011,vic,female,90-94,3136
2011,vic,female,95-99,1421
2011,vic,female,not_stated,0
2011,vic,male,0-4,181
2011,vic,male,10-14,14
2011,vic,male,100+,78
2011,vic,male,15-19,63
2011,vic,male,20-24,132
2011,vic,male,25-29,154
2011,vic,male,30-34,152
2011,vic,male,35-39,199
2011,vic,male,40-44,265
2011,vic,male,45-49,387
2011,vic,male,5-9,19
2011,vic,male,50-54,530
2011,vic,male,55-59,758
2011,vic,male,60-64,1106
2011,vic,male,65-69,1418
2011,vic,male,70-74,1822
2011,vic,male,75-79,2403
2011,vic,male,80-84,3288
2011,vic,male,85-89,3226
2011,vic,male,90-94,1738
2011,vic,male,95-99,538
2011,vic,male,not_stated,0
2011,wa,female,0-4,54
2011,wa,female,10-14,12
2011,wa,female,100+,112
2011,wa,female,15-19,24
2011,wa,female,20-24,36
2011,wa,female,25-29,30
2011,wa,female,30-34,26
2011,wa,female,35-39,55
2011,wa,female,40-44,80
2011,wa,female,45-49,114
2011,wa,female,5-9,8
2011,wa,female,50-54,163
2011,wa,female,55-59,201
2011,wa,female,60-64,245
2011,wa,female,65-69,300
2011,wa,female,70-74,408
2011,wa,female,75-79,540
2011,wa,female,80-84,943
2011,wa,female,85-89,1205
2011,wa,female,90-94,975
2011,wa,female,95-99,481
2011,wa,female,not_stated,0
2011,wa,male,0-4,63
2011,wa,male,10-14,2
2011,wa,male,100+,17
2011,wa,male,15-19,46
2011,wa,male,20-24,61
2011,wa,male,25-29,85
2011,wa,male,30-34,88
2011,wa,male,35-39,111
2011,wa,male,40-44,131
2011,wa,male,45-49,206
2011,wa,male,5-9,17
2011,wa,male,50-54,258
2011,wa,male,55-59,358
2011,wa,male,60-64,448
2011,wa,male,65-69,521
2011,wa,male,70-74,678
2011,wa,male,75-79,879
2011,wa,male,80-84,1075
2011,wa,male,85-89,979
2011,wa,male,90-94,514
2011,wa,male,95-99,173
2011,wa,male,not_stated,0
2012,act,female,0-4,12
2012,act,female,10-14,1
2012,act,female,100+,8
2012,act,female,15-19,3
2012,act,female,20-24,1
2012,act,female,25-29,1
2012,act,female,30-34,2
2012,act,female,35-39,2
2012,act,female,40-44,13
2012,act,female,45-49,8
2012,act,female,5-9,1
2012,act,female,50-54,22
2012,act,female,55-59,28
2012,act,female,60-64,31
2012,act,female,65-69,45
2012,act,female,70-74,46
2012,act,female,75-79,70
2012,act,female,80-84,132
2012,act,female,85-89,200
2012,act,female,90-94,151
2012,act,female,95-99,68
2012,act,female,not_stated,0
2012,act,male,0-4,10
2012,act,male,10-14,2
2012,act,male,100+,2
2012,act,male,15-19,1
2012,act,male,20-24,6
2012,act,male,25-29,11
2012,act,male,30-34,4
2012,act,male,35-39,8
2012,act,male,40-44,7
2012,act,male,45-49,24
2012,act,male,5-9,0
2012,act,male,50-54,39
2012,act,male,55-59,32
2012,act,male,60-64,62
2012,act,male,65-69,73
2012,act,male,70-74,73
2012,act,male,75-79,117
2012,act,male,80-84,129
2012,act,male,85-89,136
2012,act,male,90-94,88
2012,act,male,95-99,26
2012,act,male,not_stated,0
2012,nsw,female,0-4,150
2012,nsw,female,10-14,15
2012,nsw,female,100+,374
2012,nsw,female,15-19,46
2012,nsw,female,20-24,53
2012,nsw,female,25-29,49
2012,nsw,female,30-34,124
2012,nsw,female,35-39,123
2012,nsw,female,40-44,234
2012,nsw,female,45-49,316
2012,nsw,female,5-9,24
2012,nsw,female,50-54,485
2012,nsw,female,55-59,668
2012,nsw,female,60-64,981
2012,nsw,female,65-69,1244
2012,nsw,female,70-74,1683
2012,nsw,female,75-79,2324
2012,nsw,female,80-84,3818
2012,nsw,female,85-89,5223
2012,nsw,female,90-94,4350
2012,nsw,female,95-99,1923
2012,nsw,female,not_stated,2
2012,nsw,male,0-4,208
2012,nsw,male,10-14,21
2012,nsw,male,100+,78
2012,nsw,male,15-19,93
2012,nsw,male,20-24,143
2012,nsw,male,25-29,163
2012,nsw,male,30-34,187
2012,nsw,male,35-39,246
2012,nsw,male,40-44,352
2012,nsw,male,45-49,525
2012,nsw,male,5-9,23
2012,nsw,male,50-54,818
2012,nsw,male,55-59,1077
2012,nsw,male,60-64,1513
2012,nsw,male,65-69,2092
2012,nsw,male,70-74,2550
2012,nsw,male,75-79,3179
2012,nsw,male,80-84,4363
2012,nsw,male,85-89,4331
2012,nsw,male,90-94,2472
2012,nsw,male,95-99,671
2012,nsw,male,not_stated,1
2012,nt,female,0-4,19
2012,nt,female,10-14,4
2012,nt,female,100+,0
2012,nt,female,15-19,7
2012,nt,female,20-24,6
2012,nt,female,25-29,6
2012,nt,female,30-34,5
2012,nt,female,35-39,17
2012,nt,female,40-44,26
2012,nt,female,45-49,21
2012,nt,female,5-9,1
2012,nt,female,50-54,33
2012,nt,female,55-59,35
2012,nt,female,60-64,35
2012,nt,female,65-69,27
2012,nt,female,70-74,37
2012,nt,female,75-79,30
2012,nt,female,80-84,28
2012,nt,female,85-89,24
2012,nt,female,90-94,20
2012,nt,female,95-99,3
2012,nt,female,not_stated,0
2012,nt,male,0-4,22
2012,nt,male,10-14,1
2012,nt,male,100+,0
2012,nt,male,15-19,16
2012,nt,male,20-24,20
2012,nt,male,25-29,28
2012,nt,male,30-34,17
2012,nt,male,35-39,24
2012,nt,male,40-44,44
2012,nt,male,45-49,45
2012,nt,male,5-9,2
2012,nt,male,50-54,57
2012,nt,male,55-59,64
2012,nt,male,60-64,59
2012,nt,male,65-69,53
2012,nt,male,70-74,54
2012,nt,male,75-79,58
2012,nt,male,80-84,53
2012,nt,male,85-89,24
2012,nt,male,90-94,8
2012,nt,male,95-99,0
2012,nt,male,not_stated,0
2012,qld,female,0-4,159
2012,qld,female,10-14,13
2012,qld,female,100+,195
2012,qld,female,15-19,41
2012,qld,female,20-24,50
2012,qld,female,25-29,65
2012,qld,female,30-34,81
2012,qld,female,35-39,99
2012,qld,female,40-44,144
2012,qld,female,45-49,230
2012,qld,female,5-9,12
2012,qld,female,50-54,324
2012,qld,female,55-59,411
2012,qld,female,60-64,624
2012,qld,female,65-69,758
2012,qld,female,70-74,940
2012,qld,female,75-79,1301
2012,qld,female,80-84,2040
2012,qld,female,85-89,2695
2012,qld,female,90-94,2321
2012,qld,female,95-99,952
2012,qld,female,not_stated,0
2012,qld,male,0-4,179
2012,qld,male,10-14,25
2012,qld,male,100+,42
2012,qld,male,15-19,80
2012,qld,male,20-24,114
2012,qld,male,25-29,157
2012,qld,male,30-34,132
2012,qld,male,35-39,191
2012,qld,male,40-44,261
2012,qld,male,45-49,348
2012,qld,male,5-9,11
2012,qld,male,50-54,492
2012,qld,male,55-59,722
2012,qld,male,60-64,1009
2012,qld,male,65-69,1339
2012,qld,male,70-74,1566
2012,qld,male,75-79,1953
2012,qld,male,80-84,2332
2012,qld,male,85-89,2208
2012,qld,male,90-94,1267
2012,qld,male,95-99,417
2012,qld,male,not_stated,0
2012,sa,female,0-4,38
2012,sa,female,10-14,3
2012,sa,female,100+,111
2012,sa,female,15-19,8
2012,sa,female,20-24,16
2012,sa,female,25-29,17
2012,sa,female,30-34,20
2012,sa,female,35-39,42
2012,sa,female,40-44,61
2012,sa,female,45-49,79
2012,sa,female,5-9,2
2012,sa,female,50-54,124
2012,sa,female,55-59,176
2012,sa,female,60-64,240
2012,sa,female,65-69,318
2012,sa,female,70-74,385
2012,sa,female,75-79,641
2012,sa,female,80-84,1013
2012,sa,female,85-89,1492
2012,sa,female,90-94,1288
2012,sa,female,95-99,576
2012,sa,female,not_stated,0
2012,sa,male,0-4,42
2012,sa,male,10-14,4
2012,sa,male,100+,21
2012,sa,male,15-19,28
2012,sa,male,20-24,27
2012,sa,male,25-29,45
2012,sa,male,30-34,49
2012,sa,male,35-39,70
2012,sa,male,40-44,112
2012,sa,male,45-49,159
2012,sa,male,5-9,3
2012,sa,male,50-54,243
2012,sa,male,55-59,278
2012,sa,male,60-64,394
2012,sa,male,65-69,467
2012,sa,male,70-74,565
2012,sa,male,75-79,767
2012,sa,male,80-84,1122
2012,sa,male,85-89,1235
2012,sa,male,90-94,694
2012,sa,male,95-99,200
2012,sa,male,not_stated,0
2012,tas,female,0-4,10
2012,tas,female,10-14,3
2012,tas,female,100+,23
2012,tas,female,15-19,2
2012,tas,female,20-24,8
2012,tas,female,25-29,2
2012,tas,female,30-34,6
2012,tas,female,35-39,11
2012,tas,female,40-44,23
2012,tas,female,45-49,35
2012,tas,female,5-9,3
2012,tas,female,50-54,49
2012,tas,female,55-59,68
2012,tas,female,60-64,86
2012,tas,female,65-69,138
2012,tas,female,70-74,163
2012,tas,female,75-79,233
2012,tas,female,80-84,386
2012,tas,female,85-89,451
2012,tas,female,90-94,385
2012,tas,female,95-99,145
2012,tas,female,not_stated,0
2012,tas,male,0-4,16
2012,tas,male,10-14,1
2012,tas,male,100+,8
2012,tas,male,15-19,6
2012,tas,male,20-24,14
2012,tas,male,25-29,14
2012,tas,male,30-34,10
2012,tas,male,35-39,27
2012,tas,male,40-44,34
2012,tas,male,45-49,43
2012,tas,male,5-9,0
2012,tas,male,50-54,68
2012,tas,male,55-59,94
2012,tas,male,60-64,146
2012,tas,male,65-69,210
2012,tas,male,70-74,234
2012,tas,male,75-79,300
2012,tas,male,80-84,356
2012,tas,male,85-89,381
2012,tas,male,90-94,212
2012,tas,male,95-99,55
2012,tas,male,not_stated,3
2012,vic,female,0-4,112
2012,vic,female,10-14,12
2012,vic,female,100+,314
2012,vic,female,15-19,51
2012,vic,female,20-24,37
2012,vic,female,25-29,44
2012,vic,female,30-34,55
2012,vic,female,35-39,107
2012,vic,female,40-44,170
2012,vic,female,45-49,233
2012,vic,female,5-9,7
2012,vic,female,50-54,350
2012,vic,female,55-59,495
2012,vic,female,60-64,636
2012,vic,female,65-69,887
2012,vic,female,70-74,1110
2012,vic,female,75-79,1711
2012,vic,female,80-84,2902
2012,vic,female,85-89,4079
2012,vic,female,90-94,3345
2012,vic,female,95-99,1460
2012,vic,female,not_stated,0
2012,vic,male,0-4,148
2012,vic,male,10-14,17
2012,vic,male,100+,62
2012,vic,male,15-19,55
2012,vic,male,20-24,93
2012,vic,male,25-29,141
2012,vic,male,30-34,143
2012,vic,male,35-39,175
2012,vic,male,40-44,270
2012,vic,male,45-49,310
2012,vic,male,5-9,22
2012,vic,male,50-54,486
2012,vic,male,55-59,765
2012,vic,male,60-64,1009
2012,vic,male,65-69,1343
2012,vic,male,70-74,1731
2012,vic,male,75-79,2283
2012,vic,male,80-84,3146
2012,vic,male,85-89,3106
2012,vic,male,90-94,1780
2012,vic,male,95-99,558
2012,vic,male,not_stated,0
2012,wa,female,0-4,53
2012,wa,female,10-14,12
2012,wa,female,100+,103
2012,wa,female,15-19,25
2012,wa,female,20-24,28
2012,wa,female,25-29,31
2012,wa,female,30-34,33
2012,wa,female,35-39,51
2012,wa,female,40-44,79
2012,wa,female,45-49,102
2012,wa,female,5-9,6
2012,wa,female,50-54,182
2012,wa,female,55-59,212
2012,wa,female,60-64,276
2012,wa,female,65-69,328
2012,wa,female,70-74,446
2012,wa,female,75-79,604
2012,wa,female,80-84,971
2012,wa,female,85-89,1266
2012,wa,female,90-94,1085
2012,wa,female,95-99,509
2012,wa,female,not_stated,0
2012,wa,male,0-4,56
2012,wa,male,10-14,3
2012,wa,male,100+,27
2012,wa,male,15-19,38
2012,wa,male,20-24,84
2012,wa,male,25-29,74
2012,wa,male,30-34,113
2012,wa,male,35-39,107
2012,wa,male,40-44,146
2012,wa,male,45-49,179
2012,wa,male,5-9,8
2012,wa,male,50-54,256
2012,wa,male,55-59,342
2012,wa,male,60-64,476
2012,wa,male,65-69,575
2012,wa,male,70-74,663
2012,wa,male,75-79,868
2012,wa,male,80-84,1118
2012,wa,male,85-89,1034
2012,wa,male,90-94,592
2012,wa,male,95-99,177
2012,wa,male,not_stated,0
2013,act,female,0-4,11
2013,act,female,10-14,0
2013,act,female,100+,7
2013,act,female,15-19,3
2013,act,female,20-24,0
2013,act,female,25-29,2
2013,act,female,30-34,5
2013,act,female,35-39,5
2013,act,female,40-44,17
2013,act,female,45-49,16
2013,act,female,5-9,0
2013,act,female,50-54,31
2013,act,female,55-59,27
2013,act,female,60-64,38
2013,act,female,65-69,54
2013,act,female,70-74,61
2013,act,female,75-79,66
2013,act,female,80-84,132
2013,act,female,85-89,191
2013,act,female,90-94,152
2013,act,female,95-99,46
2013,act,female,not_stated,0
2013,act,male,0-4,8
2013,act,male,10-14,0
2013,act,male,100+,3
2013,act,male,15-19,3
2013,act,male,20-24,10
2013,act,male,25-29,6
2013,act,male,30-34,8
2013,act,male,35-39,10
2013,act,male,40-44,17
2013,act,male,45-49,24
2013,act,male,5-9,0
2013,act,male,50-54,29
2013,act,male,55-59,50
2013,act,male,60-64,59
2013,act,male,65-69,67
2013,act,male,70-74,101
2013,act,male,75-79,100
2013,act,male,80-84,101
2013,act,male,85-89,135
2013,act,male,90-94,84
2013,act,male,95-99,22
2013,act,male,not_stated,1
2013,nsw,female,0-4,197
2013,nsw,female,10-14,19
2013,nsw,female,100+,381
2013,nsw,female,15-19,47
2013,nsw,female,20-24,63
2013,nsw,female,25-29,71
2013,nsw,female,30-34,95
2013,nsw,female,35-39,151
2013,nsw,female,40-44,199
2013,nsw,female,45-49,355
2013,nsw,female,5-9,16
2013,nsw,female,50-54,468
2013,nsw,female,55-59,696
2013,nsw,female,60-64,991
2013,nsw,female,65-69,1290
2013,nsw,female,70-74,1645
2013,nsw,female,75-79,2330
2013,nsw,female,80-84,3744
2013,nsw,female,85-89,5336
2013,nsw,female,90-94,4505
2013,nsw,female,95-99,1929
2013,nsw,female,not_stated,2
2013,nsw,male,0-4,243
2013,nsw,male,10-14,16
2013,nsw,male,100+,79
2013,nsw,male,15-19,84
2013,nsw,male,20-24,136
2013,nsw,male,25-29,166
2013,nsw,male,30-34,194
2013,nsw,male,35-39,250
2013,nsw,male,40-44,345
2013,nsw,male,45-49,538
2013,nsw,male,5-9,25
2013,nsw,male,50-54,835
2013,nsw,male,55-59,1198
2013,nsw,male,60-64,1546
2013,nsw,male,65-69,2294
2013,nsw,male,70-74,2581
2013,nsw,male,75-79,3375
2013,nsw,male,80-84,4237
2013,nsw,male,85-89,4449
2013,nsw,male,90-94,2599
2013,nsw,male,95-99,671
2013,nsw,male,not_stated,2
2013,nt,female,0-4,21
2013,nt,female,10-14,1
2013,nt,female,100+,0
2013,nt,female,15-19,7
2013,nt,female,20-24,10
2013,nt,female,25-29,8
2013,nt,female,30-34,8
2013,nt,female,35-39,15
2013,nt,female,40-44,22
2013,nt,female,45-49,35
2013,nt,female,5-9,4
2013,nt,female,50-54,35
2013,nt,female,55-59,25
2013,nt,female,60-64,40
2013,nt,female,65-69,46
2013,nt,female,70-74,43
2013,nt,female,75-79,37
2013,nt,female,80-84,29
2013,nt,female,85-89,43
2013,nt,female,90-94,22
2013,nt,female,95-99,7
2013,nt,female,not_stated,0
2013,nt,male,0-4,17
2013,nt,male,10-14,1
2013,nt,male,100+,0
2013,nt,male,15-19,7
2013,nt,male,20-24,9
2013,nt,male,25-29,10
2013,nt,male,30-34,18
2013,nt,male,35-39,29
2013,nt,male,40-44,28
2013,nt,male,45-49,40
2013,nt,male,5-9,4
2013,nt,male,50-54,61
2013,nt,male,55-59,53
2013,nt,male,60-64,58
2013,nt,male,65-69,60
2013,nt,male,70-74,85
2013,nt,male,75-79,62
2013,nt,male,80-84,49
2013,nt,male,85-89,34
2013,nt,male,90-94,12
2013,nt,male,95-99,1
2013,nt,male,not_stated,0
2013,qld,female,0-4,155
2013,qld,female,10-14,10
2013,qld,female,100+,195
2013,qld,female,15-19,38
2013,qld,female,20-24,41
2013,qld,female,25-29,48
2013,qld,female,30-34,71
2013,qld,female,35-39,104
2013,qld,female,40-44,170
2013,qld,female,45-49,223
2013,qld,female,5-9,15
2013,qld,female,50-54,374
2013,qld,female,55-59,465
2013,qld,female,60-64,578
2013,qld,female,65-69,772
2013,qld,female,70-74,934
2013,qld,female,75-79,1267
2013,qld,female,80-84,1952
2013,qld,female,85-89,2594
2013,qld,female,90-94,2191
2013,qld,female,95-99,940
2013,qld,female,not_stated,0
2013,qld,male,0-4,180
2013,qld,male,10-14,23
2013,qld,male,100+,44
2013,qld,male,15-19,78
2013,qld,male,20-24,115
2013,qld,male,25-29,125
2013,qld,male,30-34,125
2013,qld,male,35-39,193
2013,qld,male,40-44,278
2013,qld,male,45-49,354
2013,qld,male,5-9,21
2013,qld,male,50-54,517
2013,qld,male,55-59,702
2013,qld,male,60-64,978
2013,qld,male,65-69,1425
2013,qld,male,70-74,1620
2013,qld,male,75-79,1772
2013,qld,male,80-84,2272
2013,qld,male,85-89,2258
2013,qld,male,90-94,1313
2013,qld,male,95-99,368
2013,qld,male,not_stated,3
2013,sa,female,0-4,33
2013,sa,female,10-14,5
2013,sa,female,100+,108
2013,sa,female,15-19,7
2013,sa,female,20-24,13
2013,sa,female,25-29,13
2013,sa,female,30-34,29
2013,sa,female,35-39,35
2013,sa,female,40-44,69
2013,sa,female,45-49,69
2013,sa,female,5-9,4
2013,sa,female,50-54,119
2013,sa,female,55-59,190
2013,sa,female,60-64,233
2013,sa,female,65-69,336
2013,sa,female,70-74,412
2013,sa,female,75-79,587
2013,sa,female,80-84,940
2013,sa,female,85-89,1436
2013,sa,female,90-94,1202
2013,sa,female,95-99,528
2013,sa,female,not_stated,0
2013,sa,male,0-4,52
2013,sa,male,10-14,5
2013,sa,male,100+,35
2013,sa,male,15-19,16
2013,sa,male,20-24,34
2013,sa,male,25-29,43
2013,sa,male,30-34,58
2013,sa,male,35-39,56
2013,sa,male,40-44,103
2013,sa,male,45-49,166
2013,sa,male,5-9,4
2013,sa,male,50-54,201
2013,sa,male,55-59,249
2013,sa,male,60-64,368
2013,sa,male,65-69,533
2013,sa,male,70-74,595
2013,sa,male,75-79,785
2013,sa,male,80-84,1087
2013,sa,male,85-89,1162
2013,sa,male,90-94,683
2013,sa,male,95-99,200
2013,sa,male,not_stated,1
2013,tas,female,0-4,9
2013,tas,female,10-14,4
2013,tas,female,100+,36
2013,tas,female,15-19,4
2013,tas,female,20-24,5
2013,tas,female,25-29,7
2013,tas,female,30-34,10
2013,tas,female,35-39,8
2013,tas,female,40-44,25
2013,tas,female,45-49,27
2013,tas,female,5-9,1
2013,tas,female,50-54,51
2013,tas,female,55-59,73
2013,tas,female,60-64,88
2013,tas,female,65-69,128
2013,tas,female,70-74,175
2013,tas,female,75-79,229
2013,tas,female,80-84,342
2013,tas,female,85-89,454
2013,tas,female,90-94,350
2013,tas,female,95-99,158
2013,tas,female,not_stated,3
2013,tas,male,0-4,16
2013,tas,male,10-14,2
2013,tas,male,100+,5
2013,tas,male,15-19,11
2013,tas,male,20-24,10
2013,tas,male,25-29,14
2013,tas,male,30-34,15
2013,tas,male,35-39,22
2013,tas,male,40-44,42
2013,tas,male,45-49,43
2013,tas,male,5-9,2
2013,tas,male,50-54,80
2013,tas,male,55-59,115
2013,tas,male,60-64,155
2013,tas,male,65-69,201
2013,tas,male,70-74,236
2013,tas,male,75-79,306
2013,tas,male,80-84,363
2013,tas,male,85-89,360
2013,tas,male,90-94,196
2013,tas,male,95-99,60
2013,tas,male,not_stated,1
2013,vic,female,0-4,123
2013,vic,female,10-14,11
2013,vic,female,100+,304
2013,vic,female,15-19,23
2013,vic,female,20-24,45
2013,vic,female,25-29,51
2013,vic,female,30-34,73
2013,vic,female,35-39,89
2013,vic,female,40-44,162
2013,vic,female,45-49,240
2013,vic,female,5-9,14
2013,vic,female,50-54,348
2013,vic,female,55-59,462
2013,vic,female,60-64,680
2013,vic,female,65-69,898
2013,vic,female,70-74,1127
2013,vic,female,75-79,1682
2013,vic,female,80-84,2837
2013,vic,female,85-89,3999
2013,vic,female,90-94,3438
2013,vic,female,95-99,1424
2013,vic,female,not_stated,0
2013,vic,male,0-4,130
2013,vic,male,10-14,14
2013,vic,male,100+,62
2013,vic,male,15-19,61
2013,vic,male,20-24,104
2013,vic,male,25-29,134
2013,vic,male,30-34,140
2013,vic,male,35-39,155
2013,vic,male,40-44,233
2013,vic,male,45-49,377
2013,vic,male,5-9,18
2013,vic,male,50-54,545
2013,vic,male,55-59,714
2013,vic,male,60-64,1035
2013,vic,male,65-69,1463
2013,vic,male,70-74,1753
2013,vic,male,75-79,2244
2013,vic,male,80-84,3108
2013,vic,male,85-89,3217
2013,vic,male,90-94,1876
2013,vic,male,95-99,503
2013,vic,male,not_stated,0
2013,wa,female,0-4,52
2013,wa,female,10-14,5
2013,wa,female,100+,99
2013,wa,female,15-19,24
2013,wa,female,20-24,21
2013,wa,female,25-29,25
2013,wa,female,30-34,42
2013,wa,female,35-39,45
2013,wa,female,40-44,81
2013,wa,female,45-49,111
2013,wa,female,5-9,7
2013,wa,female,50-54,162
2013,wa,female,55-59,223
2013,wa,female,60-64,304
2013,wa,female,65-69,369
2013,wa,female,70-74,392
2013,wa,female,75-79,617
2013,wa,female,80-84,946
2013,wa,female,85-89,1192
2013,wa,female,90-94,1083
2013,wa,female,95-99,519
2013,wa,female,not_stated,4
2013,wa,male,0-4,63
2013,wa,male,10-14,16
2013,wa,male,100+,28
2013,wa,male,15-19,51
2013,wa,male,20-24,60
2013,wa,male,25-29,77
2013,wa,male,30-34,95
2013,wa,male,35-39,109
2013,wa,male,40-44,163
2013,wa,male,45-49,191
2013,wa,male,5-9,5
2013,wa,male,50-54,245
2013,wa,male,55-59,344
2013,wa,male,60-64,457
2013,wa,male,65-69,638
2013,wa,male,70-74,693
2013,wa,male,75-79,876
2013,wa,male,80-84,1075
2013,wa,male,85-89,1074
2013,wa,male,90-94,658
2013,wa,male,95-99,176
2013,wa,male,not_stated,0
2014,act,female,0-4,6
2014,act,female,10-14,1
2014,act,female,100+,14
2014,act,female,15-19,1
2014,act,female,20-24,1
2014,act,female,25-29,4
2014,act,female,30-34,3
2014,act,female,35-39,7
2014,act,female,40-44,19
2014,act,female,45-49,17
2014,act,female,5-9,0
2014,act,female,50-54,24
2014,act,female,55-59,31
2014,act,female,60-64,36
2014,act,female,65-69,46
2014,act,female,70-74,66
2014,act,female,75-79,70
2014,act,female,80-84,109
2014,act,female,85-89,174
2014,act,female,90-94,182
2014,act,female,95-99,72
2014,act,female,not_stated,0
2014,act,male,0-4,10
2014,act,male,10-14,0
2014,act,male,100+,1
2014,act,male,15-19,2
2014,act,male,20-24,7
2014,act,male,25-29,14
2014,act,male,30-34,10
2014,act,male,35-39,14
2014,act,male,40-44,12
2014,act,male,45-49,17
2014,act,male,5-9,0
2014,act,male,50-54,31
2014,act,male,55-59,53
2014,act,male,60-64,60
2014,act,male,65-69,69
2014,act,male,70-74,82
2014,act,male,75-79,117
2014,act,male,80-84,139
2014,act,male,85-89,178
2014,act,male,90-94,84
2014,act,male,95-99,26
2014,act,male,not_stated,0
2014,nsw,female,0-4,169
2014,nsw,female,10-14,21
2014,nsw,female,100+,469
2014,nsw,female,15-19,43
2014,nsw,female,20-24,57
2014,nsw,female,25-29,72
2014,nsw,female,30-34,97
2014,nsw,female,35-39,133
2014,nsw,female,40-44,203
2014,nsw,female,45-49,342
2014,nsw,female,5-9,22
2014,nsw,female,50-54,531
2014,nsw,female,55-59,751
2014,nsw,female,60-64,962
2014,nsw,female,65-69,1431
2014,nsw,female,70-74,1750
2014,nsw,female,75-79,2514
2014,nsw,female,80-84,3749
2014,nsw,female,85-89,5453
2014,nsw,female,90-94,5010
2014,nsw,female,95-99,2162
2014,nsw,female,not_stated,1
2014,nsw,male,0-4,203
2014,nsw,male,10-14,19
2014,nsw,male,100+,102
2014,nsw,male,15-19,77
2014,nsw,male,20-24,150
2014,nsw,male,25-29,154
2014,nsw,male,30-34,194
2014,nsw,male,35-39,278
2014,nsw,male,40-44,427
2014,nsw,male,45-49,575
2014,nsw,male,5-9,19
2014,nsw,male,50-54,858
2014,nsw,male,55-59,1189
2014,nsw,male,60-64,1665
2014,nsw,male,65-69,2246
2014,nsw,male,70-74,2647
2014,nsw,male,75-79,3343
2014,nsw,male,80-84,4252
2014,nsw,male,85-89,4403
2014,nsw,male,90-94,2859
2014,nsw,male,95-99,712
2014,nsw,male,not_stated,4
2014,nt,female,0-4,15
2014,nt,female,10-14,5
2014,nt,female,100+,4
2014,nt,female,15-19,7
2014,nt,female,20-24,9
2014,nt,female,25-29,13
2014,nt,female,30-34,12
2014,nt,female,35-39,13
2014,nt,female,40-44,22
2014,nt,female,45-49,25
2014,nt,female,5-9,2
2014,nt,female,50-54,45
2014,nt,female,55-59,36
2014,nt,female,60-64,51
2014,nt,female,65-69,51
2014,nt,female,70-74,36
2014,nt,female,75-79,41
2014,nt,female,80-84,45
2014,nt,female,85-89,31
2014,nt,female,90-94,18
2014,nt,female,95-99,5
2014,nt,female,not_stated,10
2014,nt,male,0-4,13
2014,nt,male,10-14,6
2014,nt,male,100+,0
2014,nt,male,15-19,5
2014,nt,male,20-24,17
2014,nt,male,25-29,21
2014,nt,male,30-34,16
2014,nt,male,35-39,25
2014,nt,male,40-44,28
2014,nt,male,45-49,40
2014,nt,male,5-9,4
2014,nt,male,50-54,57
2014,nt,male,55-59,61
2014,nt,male,60-64,72
2014,nt,male,65-69,77
2014,nt,male,70-74,74
2014,nt,male,75-79,64
2014,nt,male,80-84,37
2014,nt,male,85-89,41
2014,nt,male,90-94,8
2014,nt,male,95-99,2
2014,nt,male,not_stated,9
2014,qld,female,0-4,150
2014,qld,female,10-14,10
2014,qld,female,100+,211
2014,qld,female,15-19,35
2014,qld,female,20-24,41
2014,qld,female,25-29,66
2014,qld,female,30-34,80
2014,qld,female,35-39,101
2014,qld,female,40-44,140
2014,qld,female,45-49,206
2014,qld,female,5-9,16
2014,qld,female,50-54,310
2014,qld,female,55-59,433
2014,qld,female,60-64,585
2014,qld,female,65-69,778
2014,qld,female,70-74,1057
2014,qld,female,75-79,1311
2014,qld,female,80-84,1940
2014,qld,female,85-89,2675
2014,qld,female,90-94,2424
2014,qld,female,95-99,1047
2014,qld,female,not_stated,4
2014,qld,male,0-4,168
2014,qld,male,10-14,11
2014,qld,male,100+,46
2014,qld,male,15-19,49
2014,qld,male,20-24,112
2014,qld,male,25-29,118
2014,qld,male,30-34,155
2014,qld,male,35-39,173
2014,qld,male,40-44,269
2014,qld,male,45-49,302
2014,qld,male,5-9,12
2014,qld,male,50-54,578
2014,qld,male,55-59,733
2014,qld,male,60-64,1038
2014,qld,male,65-69,1331
2014,qld,male,70-74,1596
2014,qld,male,75-79,1883
2014,qld,male,80-84,2303
2014,qld,male,85-89,2360
2014,qld,male,90-94,1456
2014,qld,male,95-99,392
2014,qld,male,not_stated,1
2014,sa,female,0-4,31
2014,sa,female,10-14,2
2014,sa,female,100+,145
2014,sa,female,15-19,1
2014,sa,female,20-24,11
2014,sa,female,25-29,24
2014,sa,female,30-34,29
2014,sa,female,35-39,35
2014,sa,female,40-44,72
2014,sa,female,45-49,96
2014,sa,female,5-9,5
2014,sa,female,50-54,129
2014,sa,female,55-59,164
2014,sa,female,60-64,257
2014,sa,female,65-69,311
2014,sa,female,70-74,428
2014,sa,female,75-79,654
2014,sa,female,80-84,933
2014,sa,female,85-89,1480
2014,sa,female,90-94,1365
2014,sa,female,95-99,535
2014,sa,female,not_stated,0
2014,sa,male,0-4,32
2014,sa,male,10-14,2
2014,sa,male,100+,22
2014,sa,male,15-19,20
2014,sa,male,20-24,31
2014,sa,male,25-29,27
2014,sa,male,30-34,44
2014,sa,male,35-39,73
2014,sa,male,40-44,101
2014,sa,male,45-49,132
2014,sa,male,5-9,6
2014,sa,male,50-54,208
2014,sa,male,55-59,287
2014,sa,male,60-64,391
2014,sa,male,65-69,511
2014,sa,male,70-74,590
2014,sa,male,75-79,802
2014,sa,male,80-84,1048
2014,sa,male,85-89,1258
2014,sa,male,90-94,764
2014,sa,male,95-99,197
2014,sa,male,not_stated,4
2014,tas,female,0-4,13
2014,tas,female,10-14,1
2014,tas,female,100+,27
2014,tas,female,15-19,1
2014,tas,female,20-24,4
2014,tas,female,25-29,5
2014,tas,female,30-34,9
2014,tas,female,35-39,14
2014,tas,female,40-44,16
2014,tas,female,45-49,30
2014,tas,female,5-9,4
2014,tas,female,50-54,66
2014,tas,female,55-59,85
2014,tas,female,60-64,100
2014,tas,female,65-69,156
2014,tas,female,70-74,158
2014,tas,female,75-79,228
2014,tas,female,80-84,359
2014,tas,female,85-89,416
2014,tas,female,90-94,379
2014,tas,female,95-99,144
2014,tas,female,not_stated,1
2014,tas,male,0-4,24
2014,tas,male,10-14,3
2014,tas,male,100+,10
2014,tas,male,15-19,6
2014,tas,male,20-24,11
2014,tas,male,25-29,16
2014,tas,male,30-34,18
2014,tas,male,35-39,22
2014,tas,male,40-44,31
2014,tas,male,45-49,46
2014,tas,male,5-9,1
2014,tas,male,50-54,63
2014,tas,male,55-59,111
2014,tas,male,60-64,136
2014,tas,male,65-69,207
2014,tas,male,70-74,244
2014,tas,male,75-79,311
2014,tas,male,80-84,353
2014,tas,male,85-89,398
2014,tas,male,90-94,191
2014,tas,male,95-99,57
2014,tas,male,not_stated,0
2014,vic,female,0-4,123
2014,vic,female,10-14,9
2014,vic,female,100+,358
2014,vic,female,15-19,32
2014,vic,female,20-24,41
2014,vic,female,25-29,60
2014,vic,female,30-34,101
2014,vic,female,35-39,114
2014,vic,female,40-44,170
2014,vic,female,45-49,249
2014,vic,female,5-9,14
2014,vic,female,50-54,391
2014,vic,female,55-59,519
2014,vic,female,60-64,718
2014,vic,female,65-69,976
2014,vic,female,70-74,1230
2014,vic,female,75-79,1768
2014,vic,female,80-84,2779
2014,vic,female,85-89,4038
2014,vic,female,90-94,3709
2014,vic,female,95-99,1453
2014,vic,female,not_stated,0
2014,vic,male,0-4,124
2014,vic,male,10-14,14
2014,vic,male,100+,88
2014,vic,male,15-19,54
2014,vic,male,20-24,105
2014,vic,male,25-29,148
2014,vic,male,30-34,187
2014,vic,male,35-39,213
2014,vic,male,40-44,311
2014,vic,male,45-49,379
2014,vic,male,5-9,18
2014,vic,male,50-54,620
2014,vic,male,55-59,826
2014,vic,male,60-64,1116
2014,vic,male,65-69,1597
2014,vic,male,70-74,1844
2014,vic,male,75-79,2341
2014,vic,male,80-84,3187
2014,vic,male,85-89,3367
2014,vic,male,90-94,2079
2014,vic,male,95-99,572
2014,vic,male,not_stated,0
2014,wa,female,0-4,48
2014,wa,female,10-14,6
2014,wa,female,100+,134
2014,wa,female,15-19,13
2014,wa,female,20-24,30
2014,wa,female,25-29,32
2014,wa,female,30-34,38
2014,wa,female,35-39,54
2014,wa,female,40-44,97
2014,wa,female,45-49,128
2014,wa,female,5-9,7
2014,wa,female,50-54,156
2014,wa,female,55-59,211
2014,wa,female,60-64,292
2014,wa,female,65-69,374
2014,wa,female,70-74,452
2014,wa,female,75-79,630
2014,wa,female,80-84,911
2014,wa,female,85-89,1233
2014,wa,female,90-94,1189
2014,wa,female,95-99,481
2014,wa,female,not_stated,0
2014,wa,male,0-4,62
2014,wa,male,10-14,11
2014,wa,male,100+,36
2014,wa,male,15-19,41
2014,wa,male,20-24,64
2014,wa,male,25-29,74
2014,wa,male,30-34,106
2014,wa,male,35-39,113
2014,wa,male,40-44,174
2014,wa,male,45-49,201
2014,wa,male,5-9,10
2014,wa,male,50-54,235
2014,wa,male,55-59,341
2014,wa,male,60-64,476
2014,wa,male,65-69,663
2014,wa,male,70-74,736
2014,wa,male,75-79,911
2014,wa,male,80-84,1064
2014,wa,male,85-89,1124
2014,wa,male,90-94,662
2014,wa,male,95-99,167
2014,wa,male,not_stated,0
2015,act,female,0-4,8
2015,act,female,10-14,0
2015,act,female,100+,15
2015,act,female,15-19,3
2015,act,female,20-24,4
2015,act,female,25-29,1
2015,act,female,30-34,4
2015,act,female,35-39,8
2015,act,female,40-44,10
2015,act,female,45-49,19
2015,act,female,5-9,1
2015,act,female,50-54,14
2015,act,female,55-59,37
2015,act,female,60-64,40
2015,act,female,65-69,56
2015,act,female,70-74,65
2015,act,female,75-79,82
2015,act,female,80-84,118
2015,act,female,85-89,175
2015,act,female,90-94,183
2015,act,female,95-99,65
2015,act,female,not_stated,0
2015,act,male,0-4,15
2015,act,male,10-14,4
2015,act,male,100+,2
2015,act,male,15-19,1
2015,act,male,20-24,9
2015,act,male,25-29,6
2015,act,male,30-34,12
2015,act,male,35-39,18
2015,act,male,40-44,11
2015,act,male,45-49,17
2015,act,male,5-9,1
2015,act,male,50-54,28
2015,act,male,55-59,61
2015,act,male,60-64,60
2015,act,male,65-69,86
2015,act,male,70-74,85
2015,act,male,75-79,131
2015,act,male,80-84,110
2015,act,male,85-89,166
2015,act,male,90-94,103
2015,act,male,95-99,27
2015,act,male,not_stated,0
2015,nsw,female,0-4,173
2015,nsw,female,10-14,15
2015,nsw,female,100+,485
2015,nsw,female,15-19,53
2015,nsw,female,20-24,45
2015,nsw,female,25-29,79
2015,nsw,female,30-34,93
2015,nsw,female,35-39,152
2015,nsw,female,40-44,241
2015,nsw,female,45-49,335
2015,nsw,female,5-9,21
2015,nsw,female,50-54,542
2015,nsw,female,55-59,680
2015,nsw,female,60-64,992
2015,nsw,female,65-69,1352
2015,nsw,female,70-74,1838
2015,nsw,female,75-79,2550
2015,nsw,female,80-84,3779
2015,nsw,female,85-89,5349
2015,nsw,female,90-94,5301
2015,nsw,female,95-99,2303
2015,nsw,female,not_stated,1
2015,nsw,male,0-4,217
2015,nsw,male,10-14,18
2015,nsw,male,100+,128
2015,nsw,male,15-19,94
2015,nsw,male,20-24,122
2015,nsw,male,25-29,160
2015,nsw,male,30-34,217
2015,nsw,male,35-39,248
2015,nsw,male,40-44,411
2015,nsw,male,45-49,578
2015,nsw,male,5-9,29
2015,nsw,male,50-54,900
2015,nsw,male,55-59,1274
2015,nsw,male,60-64,1639
2015,nsw,male,65-69,2226
2015,nsw,male,70-74,2831
2015,nsw,male,75-79,3352
2015,nsw,male,80-84,4218
2015,nsw,male,85-89,4803
2015,nsw,male,90-94,2933
2015,nsw,male,95-99,823
2015,nsw,male,not_stated,0
2015,nt,female,0-4,13
2015,nt,female,10-14,3
2015,nt,female,100+,2
2015,nt,female,15-19,6
2015,nt,female,20-24,9
2015,nt,female,25-29,9
2015,nt,female,30-34,12
2015,nt,female,35-39,15
2015,nt,female,40-44,25
2015,nt,female,45-49,35
2015,nt,female,5-9,0
2015,nt,female,50-54,34
2015,nt,female,55-59,36
2015,nt,female,60-64,53
2015,nt,female,65-69,39
2015,nt,female,70-74,33
2015,nt,female,75-79,43
2015,nt,female,80-84,31
2015,nt,female,85-89,39
2015,nt,female,90-94,28
2015,nt,female,95-99,3
2015,nt,female,not_stated,0
2015,nt,male,0-4,20
2015,nt,male,10-14,5
2015,nt,male,100+,1
2015,nt,male,15-19,5
2015,nt,male,20-24,18
2015,nt,male,25-29,21
2015,nt,male,30-34,16
2015,nt,male,35-39,28
2015,nt,male,40-44,38
2015,nt,male,45-49,31
2015,nt,male,5-9,4
2015,nt,male,50-54,62
2015,nt,male,55-59,59
2015,nt,male,60-64,74
2015,nt,male,65-69,71
2015,nt,male,70-74,70
2015,nt,male,75-79,78
2015,nt,male,80-84,53
2015,nt,male,85-89,36
2015,nt,male,90-94,13
2015,nt,male,95-99,2
2015,nt,male,not_stated,0
2015,qld,female,0-4,140
2015,qld,female,10-14,18
2015,qld,female,100+,244
2015,qld,female,15-19,36
2015,qld,female,20-24,43
2015,qld,female,25-29,45
2015,qld,female,30-34,88
2015,qld,female,35-39,103
2015,qld,female,40-44,166
2015,qld,female,45-49,228
2015,qld,female,5-9,17
2015,qld,female,50-54,352
2015,qld,female,55-59,458
2015,qld,female,60-64,583
2015,qld,female,65-69,870
2015,qld,female,70-74,1059
2015,qld,female,75-79,1432
2015,qld,female,80-84,1898
2015,qld,female,85-89,2777
2015,qld,female,90-94,2569
2015,qld,female,95-99,1105
2015,qld,female,not_stated,0
2015,qld,male,0-4,174
2015,qld,male,10-14,20
2015,qld,male,100+,54
2015,qld,male,15-19,63
2015,qld,male,20-24,140
2015,qld,male,25-29,130
2015,qld,male,30-34,178
2015,qld,male,35-39,216
2015,qld,male,40-44,293
2015,qld,male,45-49,352
2015,qld,male,5-9,19
2015,qld,male,50-54,535
2015,qld,male,55-59,765
2015,qld,male,60-64,948
2015,qld,male,65-69,1419
2015,qld,male,70-74,1623
2015,qld,male,75-79,1994
2015,qld,male,80-84,2306
2015,qld,male,85-89,2377
2015,qld,male,90-94,1515
2015,qld,male,95-99,430
2015,qld,male,not_stated,0
2015,sa,female,0-4,34
2015,sa,female,10-14,1
2015,sa,female,100+,137
2015,sa,female,15-19,12
2015,sa,female,20-24,11
2015,sa,female,25-29,26
2015,sa,female,30-34,26
2015,sa,female,35-39,32
2015,sa,female,40-44,55
2015,sa,female,45-49,93
2015,sa,female,5-9,2
2015,sa,female,50-54,140
2015,sa,female,55-59,171
2015,sa,female,60-64,250
2015,sa,female,65-69,332
2015,sa,female,70-74,438
2015,sa,female,75-79,648
2015,sa,female,80-84,953
2015,sa,female,85-89,1468
2015,sa,female,90-94,1398
2015,sa,female,95-99,595
2015,sa,female,not_stated,0
2015,sa,male,0-4,44
2015,sa,male,10-14,6
2015,sa,male,100+,29
2015,sa,male,15-19,16
2015,sa,male,20-24,37
2015,sa,male,25-29,45
2015,sa,male,30-34,42
2015,sa,male,35-39,51
2015,sa,male,40-44,109
2015,sa,male,45-49,137
2015,sa,male,5-9,1
2015,sa,male,50-54,229
2015,sa,male,55-59,275
2015,sa,male,60-64,444
2015,sa,male,65-69,536
2015,sa,male,70-74,632
2015,sa,male,75-79,850
2015,sa,male,80-84,1065
2015,sa,male,85-89,1242
2015,sa,male,90-94,783
2015,sa,male,95-99,244
2015,sa,male,not_stated,1
2015,tas,female,0-4,10
2015,tas,female,10-14,3
2015,tas,female,100+,37
2015,tas,female,15-19,5
2015,tas,female,20-24,1
2015,tas,female,25-29,6
2015,tas,female,30-34,8
2015,tas,female,35-39,13
2015,tas,female,40-44,11
2015,tas,female,45-49,33
2015,tas,female,5-9,4
2015,tas,female,50-54,42
2015,tas,female,55-59,82
2015,tas,female,60-64,104
2015,tas,female,65-69,146
2015,tas,female,70-74,168
2015,tas,female,75-79,233
2015,tas,female,80-84,354
2015,tas,female,85-89,441
2015,tas,female,90-94,401
2015,tas,female,95-99,171
2015,tas,female,not_stated,0
2015,tas,male,0-4,13
2015,tas,male,10-14,2
2015,tas,male,100+,9
2015,tas,male,15-19,13
2015,tas,male,20-24,20
2015,tas,male,25-29,10
2015,tas,male,30-34,18
2015,tas,male,35-39,18
2015,tas,male,40-44,26
2015,tas,male,45-49,38
2015,tas,male,5-9,3
2015,tas,male,50-54,81
2015,tas,male,55-59,103
2015,tas,male,60-64,143
2015,tas,male,65-69,217
2015,tas,male,70-74,280
2015,tas,male,75-79,314
2015,tas,male,80-84,371
2015,tas,male,85-89,399
2015,tas,male,90-94,233
2015,tas,male,95-99,53
2015,tas,male,not_stated,0
2015,vic,female,0-4,110
2015,vic,female,10-14,18
2015,vic,female,100+,356
2015,vic,female,15-19,34
2015,vic,female,20-24,32
2015,vic,female,25-29,46
2015,vic,female,30-34,69
2015,vic,female,35-39,123
2015,vic,female,40-44,176
2015,vic,female,45-49,255
2015,vic,female,5-9,9
2015,vic,female,50-54,366
2015,vic,female,55-59,552
2015,vic,female,60-64,672
2015,vic,female,65-69,1029
2015,vic,female,70-74,1264
2015,vic,female,75-79,1882
2015,vic,female,80-84,2882
2015,vic,female,85-89,4265
2015,vic,female,90-94,4088
2015,vic,female,95-99,1642
2015,vic,female,not_stated,0
2015,vic,male,0-4,121
2015,vic,male,10-14,16
2015,vic,male,100+,86
2015,vic,male,15-19,67
2015,vic,male,20-24,98
2015,vic,male,25-29,137
2015,vic,male,30-34,182
2015,vic,male,35-39,222
2015,vic,male,40-44,318
2015,vic,male,45-49,424
2015,vic,male,5-9,10
2015,vic,male,50-54,597
2015,vic,male,55-59,819
2015,vic,male,60-64,1120
2015,vic,male,65-69,1627
2015,vic,male,70-74,1886
2015,vic,male,75-79,2486
2015,vic,male,80-84,3139
2015,vic,male,85-89,3697
2015,vic,male,90-94,2308
2015,vic,male,95-99,674
2015,vic,male,not_stated,0
2015,wa,female,0-4,51
2015,wa,female,10-14,8
2015,wa,female,100+,120
2015,wa,female,15-19,17
2015,wa,female,20-24,26
2015,wa,female,25-29,27
2015,wa,female,30-34,35
2015,wa,female,35-39,70
2015,wa,female,40-44,88
2015,wa,female,45-49,123
2015,wa,female,5-9,4
2015,wa,female,50-54,199
2015,wa,female,55-59,250
2015,wa,female,60-64,304
2015,wa,female,65-69,371
2015,wa,female,70-74,459
2015,wa,female,75-79,609
2015,wa,female,80-84,945
2015,wa,female,85-89,1374
2015,wa,female,90-94,1175
2015,wa,female,95-99,513
2015,wa,female,not_stated,0
2015,wa,male,0-4,57
2015,wa,male,10-14,13
2015,wa,male,100+,31
2015,wa,male,15-19,49
2015,wa,male,20-24,62
2015,wa,male,25-29,103
2015,wa,male,30-34,107
2015,wa,male,35-39,106
2015,wa,male,40-44,160
2015,wa,male,45-49,235
2015,wa,male,5-9,10
2015,wa,male,50-54,259
2015,wa,male,55-59,356
2015,wa,male,60-64,497
2015,wa,male,65-69,652
2015,wa,male,70-74,750
2015,wa,male,75-79,930
2015,wa,male,80-84,1137
2015,wa,male,85-89,1163
2015,wa,male,90-94,782
2015,wa,male,95-99,223
2015,wa,male,not_stated,0
2016,act,female,0-4,9
2016,act,female,10-14,2
2016,act,female,100+,14
2016,act,female,15-19,4
2016,act,female,20-24,2
2016,act,female,25-29,4
2016,act,female,30-34,4
2016,act,female,35-39,9
2016,act,female,40-44,12
2016,act,female,45-49,14
2016,act,female,5-9,0
2016,act,female,50-54,26
2016,act,female,55-59,28
2016,act,female,60-64,37
2016,act,female,65-69,45
2016,act,female,70-74,60
2016,act,female,75-79,90
2016,act,female,80-84,130
2016,act,female,85-89,184
2016,act,female,90-94,166
2016,act,female,95-99,75
2016,act,female,not_stated,0
2016,act,male,0-4,9
2016,act,male,10-14,0
2016,act,male,100+,5
2016,act,male,15-19,2
2016,act,male,20-24,8
2016,act,male,25-29,6
2016,act,male,30-34,7
2016,act,male,35-39,8
2016,act,male,40-44,20
2016,act,male,45-49,24
2016,act,male,5-9,3
2016,act,male,50-54,33
2016,act,male,55-59,53
2016,act,male,60-64,43
2016,act,male,65-69,80
2016,act,male,70-74,87
2016,act,male,75-79,133
2016,act,male,80-84,124
2016,act,male,85-89,146
2016,act,male,90-94,109
2016,act,male,95-99,29
2016,act,male,not_stated,0
2016,nsw,female,0-4,153
2016,nsw,female,10-14,9
2016,nsw,female,100+,501
2016,nsw,female,15-19,38
2016,nsw,female,20-24,47
2016,nsw,female,25-29,97
2016,nsw,female,30-34,116
2016,nsw,female,35-39,139
2016,nsw,female,40-44,214
2016,nsw,female,45-49,325
2016,nsw,female,5-9,16
2016,nsw,female,50-54,529
2016,nsw,female,55-59,766
2016,nsw,female,60-64,938
2016,nsw,female,65-69,1413
2016,nsw,female,70-74,1805
2016,nsw,female,75-79,2531
2016,nsw,female,80-84,3649
2016,nsw,female,85-89,5358
2016,nsw,female,90-94,5228
2016,nsw,female,95-99,2357
2016,nsw,female,not_stated,0
2016,nsw,male,0-4,178
2016,nsw,male,10-14,32
2016,nsw,male,100+,140
2016,nsw,male,15-19,84
2016,nsw,male,20-24,166
2016,nsw,male,25-29,171
2016,nsw,male,30-34,190
2016,nsw,male,35-39,238
2016,nsw,male,40-44,359
2016,nsw,male,45-49,527
2016,nsw,male,5-9,18
2016,nsw,male,50-54,860
2016,nsw,male,55-59,1281
2016,nsw,male,60-64,1641
2016,nsw,male,65-69,2230
2016,nsw,male,70-74,2846
2016,nsw,male,75-79,3448
2016,nsw,male,80-84,4345
2016,nsw,male,85-89,4787
2016,nsw,male,90-94,3021
2016,nsw,male,95-99,903
2016,nsw,male,not_stated,0
2016,nt,female,0-4,18
2016,nt,female,10-14,2
2016,nt,female,100+,3
2016,nt,female,15-19,3
2016,nt,female,20-24,4
2016,nt,female,25-29,7
2016,nt,female,30-34,10
2016,nt,female,35-39,11
2016,nt,female,40-44,18
2016,nt,female,45-49,26
2016,nt,female,5-9,4
2016,nt,female,50-54,30
2016,nt,female,55-59,26
2016,nt,female,60-64,35
2016,nt,female,65-69,48
2016,nt,female,70-74,50
2016,nt,female,75-79,43
2016,nt,female,80-84,47
2016,nt,female,85-89,28
2016,nt,female,90-94,22
2016,nt,female,95-99,8
2016,nt,female,not_stated,0
2016,nt,male,0-4,15
2016,nt,male,10-14,0
2016,nt,male,100+,0
2016,nt,male,15-19,6
2016,nt,male,20-24,11
2016,nt,male,25-29,14
2016,nt,male,30-34,18
2016,nt,male,35-39,15
2016,nt,male,40-44,28
2016,nt,male,45-49,37
2016,nt,male,5-9,4
2016,nt,male,50-54,40
2016,nt,male,55-59,57
2016,nt,male,60-64,64
2016,nt,male,65-69,69
2016,nt,male,70-74,77
2016,nt,male,75-79,54
2016,nt,male,80-84,54
2016,nt,male,85-89,31
2016,nt,male,90-94,14
2016,nt,male,95-99,4
2016,nt,male,not_stated,2
2016,qld,female,0-4,125
2016,qld,female,10-14,15
2016,qld,female,100+,237
2016,qld,female,15-19,33
2016,qld,female,20-24,52
2016,qld,female,25-29,54
2016,qld,female,30-34,78
2016,qld,female,35-39,94
2016,qld,female,40-44,165
2016,qld,female,45-49,235
2016,qld,female,5-9,9
2016,qld,female,50-54,319
2016,qld,female,55-59,460
2016,qld,female,60-64,621
2016,qld,female,65-69,847
2016,qld,female,70-74,1055
2016,qld,female,75-79,1355
2016,qld,female,80-84,1860
2016,qld,female,85-89,2596
2016,qld,female,90-94,2506
2016,qld,female,95-99,1119
2016,qld,female,not_stated,0
2016,qld,male,0-4,171
2016,qld,male,10-14,17
2016,qld,male,100+,66
2016,qld,male,15-19,56
2016,qld,male,20-24,115
2016,qld,male,25-29,121
2016,qld,male,30-34,172
2016,qld,male,35-39,195
2016,qld,male,40-44,318
2016,qld,male,45-49,370
2016,qld,male,5-9,9
2016,qld,male,50-54,528
2016,qld,male,55-59,759
2016,qld,male,60-64,935
2016,qld,male,65-69,1473
2016,qld,male,70-74,1725
2016,qld,male,75-79,2031
2016,qld,male,80-84,2254
2016,qld,male,85-89,2502
2016,qld,male,90-94,1567
2016,qld,male,95-99,471
2016,qld,male,not_stated,0
2016,sa,female,0-4,29
2016,sa,female,10-14,6
2016,sa,female,100+,144
2016,sa,female,15-19,6
2016,sa,female,20-24,11
2016,sa,female,25-29,13
2016,sa,female,30-34,32
2016,sa,female,35-39,36
2016,sa,female,40-44,65
2016,sa,female,45-49,86
2016,sa,female,5-9,1
2016,sa,female,50-54,138
2016,sa,female,55-59,192
2016,sa,female,60-64,222
2016,sa,female,65-69,325
2016,sa,female,70-74,392
2016,sa,female,75-79,580
2016,sa,female,80-84,908
2016,sa,female,85-89,1363
2016,sa,female,90-94,1375
2016,sa,female,95-99,617
2016,sa,female,not_stated,0
2016,sa,male,0-4,45
2016,sa,male,10-14,5
2016,sa,male,100+,35
2016,sa,male,15-19,16
2016,sa,male,20-24,28
2016,sa,male,25-29,42
2016,sa,male,30-34,58
2016,sa,male,35-39,62
2016,sa,male,40-44,80
2016,sa,male,45-49,129
2016,sa,male,5-9,5
2016,sa,male,50-54,211
2016,sa,male,55-59,287
2016,sa,male,60-64,422
2016,sa,male,65-69,536
2016,sa,male,70-74,694
2016,sa,male,75-79,745
2016,sa,male,80-84,1046
2016,sa,male,85-89,1268
2016,sa,male,90-94,825
2016,sa,male,95-99,254
2016,sa,male,not_stated,0
2016,tas,female,0-4,16
2016,tas,female,10-14,4
2016,tas,female,100+,31
2016,tas,female,15-19,4
2016,tas,female,20-24,3
2016,tas,female,25-29,2
2016,tas,female,30-34,9
2016,tas,female,35-39,17
2016,tas,female,40-44,13
2016,tas,female,45-49,32
2016,tas,female,5-9,3
2016,tas,female,50-54,56
2016,tas,female,55-59,69
2016,tas,female,60-64,105
2016,tas,female,65-69,155
2016,tas,female,70-74,176
2016,tas,female,75-79,210
2016,tas,female,80-84,355
2016,tas,female,85-89,415
2016,tas,female,90-94,394
2016,tas,female,95-99,161
2016,tas,female,not_stated,1
2016,tas,male,0-4,14
2016,tas,male,10-14,0
2016,tas,male,100+,8
2016,tas,male,15-19,8
2016,tas,male,20-24,12
2016,tas,male,25-29,12
2016,tas,male,30-34,20
2016,tas,male,35-39,25
2016,tas,male,40-44,34
2016,tas,male,45-49,55
2016,tas,male,5-9,1
2016,tas,male,50-54,67
2016,tas,male,55-59,110
2016,tas,male,60-64,171
2016,tas,male,65-69,215
2016,tas,male,70-74,294
2016,tas,male,75-79,323
2016,tas,male,80-84,355
2016,tas,male,85-89,371
2016,tas,male,90-94,211
2016,tas,male,95-99,59
2016,tas,male,not_stated,0
2016,vic,female,0-4,114
2016,vic,female,10-14,8
2016,vic,female,100+,369
2016,vic,female,15-19,28
2016,vic,female,20-24,48
2016,vic,female,25-29,54
2016,vic,female,30-34,86
2016,vic,female,35-39,109
2016,vic,female,40-44,197
2016,vic,female,45-49,270
2016,vic,female,5-9,7
2016,vic,female,50-54,381
2016,vic,female,55-59,534
2016,vic,female,60-64,712
2016,vic,female,65-69,1014
2016,vic,female,70-74,1324
2016,vic,female,75-79,1872
2016,vic,female,80-84,2742
2016,vic,female,85-89,4018
2016,vic,female,90-94,3951
2016,vic,female,95-99,1638
2016,vic,female,not_stated,0
2016,vic,male,0-4,143
2016,vic,male,10-14,17
2016,vic,male,100+,98
2016,vic,male,15-19,69
2016,vic,male,20-24,122
2016,vic,male,25-29,149
2016,vic,male,30-34,167
2016,vic,male,35-39,222
2016,vic,male,40-44,291
2016,vic,male,45-49,407
2016,vic,male,5-9,19
2016,vic,male,50-54,571
2016,vic,male,55-59,745
2016,vic,male,60-64,1122
2016,vic,male,65-69,1512
2016,vic,male,70-74,1900
2016,vic,male,75-79,2555
2016,vic,male,80-84,3244
2016,vic,male,85-89,3506
2016,vic,male,90-94,2394
2016,vic,male,95-99,721
2016,vic,male,not_stated,0
2016,wa,female,0-4,43
2016,wa,female,10-14,10
2016,wa,female,100+,130
2016,wa,female,15-19,16
2016,wa,female,20-24,32
2016,wa,female,25-29,39
2016,wa,female,30-34,60
2016,wa,female,35-39,62
2016,wa,female,40-44,95
2016,wa,female,45-49,121
2016,wa,female,5-9,6
2016,wa,female,50-54,133
2016,wa,female,55-59,213
2016,wa,female,60-64,297
2016,wa,female,65-69,352
2016,wa,female,70-74,479
2016,wa,female,75-79,689
2016,wa,female,80-84,962
2016,wa,female,85-89,1326
2016,wa,female,90-94,1332
2016,wa,female,95-99,579
2016,wa,female,not_stated,0
2016,wa,male,0-4,78
2016,wa,male,10-14,9
2016,wa,male,100+,35
2016,wa,male,15-19,42
2016,wa,male,20-24,68
2016,wa,male,25-29,81
2016,wa,male,30-34,108
2016,wa,male,35-39,130
2016,wa,male,40-44,161
2016,wa,male,45-49,199
2016,wa,male,5-9,11
2016,wa,male,50-54,251
2016,wa,male,55-59,368
2016,wa,male,60-64,473
2016,wa,male,65-69,648
2016,wa,male,70-74,786
2016,wa,male,75-79,961
2016,wa,male,80-84,1089
2016,wa,male,85-89,1265
2016,wa,male,90-94,859
2016,wa,male,95-99,239
2016,wa,male,not_stated,1
2017,act,female,0-4,7
2017,act,female,10-14,0
2017,act,female,100+,25
2017,act,female,15-19,1
2017,act,female,20-24,1
2017,act,female,25-29,3
2017,act,female,30-34,6
2017,act,female,35-39,10
2017,act,female,40-44,20
2017,act,female,45-49,17
2017,act,female,5-9,3
2017,act,female,50-54,17
2017,act,female,55-59,29
2017,act,female,60-64,48
2017,act,female,65-69,45
2017,act,female,70-74,85
2017,act,female,75-79,107
2017,act,female,80-84,156
2017,act,female,85-89,226
2017,act,female,90-94,232
2017,act,female,95-99,91
2017,act,female,not_stated,0
2017,act,male,0-4,13
2017,act,male,10-14,1
2017,act,male,100+,8
2017,act,male,15-19,5
2017,act,male,20-24,13
2017,act,male,25-29,8
2017,act,male,30-34,8
2017,act,male,35-39,15
2017,act,male,40-44,25
2017,act,male,45-49,22
2017,act,male,5-9,0
2017,act,male,50-54,45
2017,act,male,55-59,51
2017,act,male,60-64,70
2017,act,male,65-69,76
2017,act,male,70-74,134
2017,act,male,75-79,160
2017,act,male,80-84,162
2017,act,male,85-89,196
2017,act,male,90-94,134
2017,act,male,95-99,42
2017,act,male,not_stated,0
2017,nsw,female,0-4,145
2017,nsw,female,10-14,17
2017,nsw,female,100+,555
2017,nsw,female,15-19,35
2017,nsw,female,20-24,56
2017,nsw,female,25-29,56
2017,nsw,female,30-34,68
2017,nsw,female,35-39,140
2017,nsw,female,40-44,184
2017,nsw,female,45-49,320
2017,nsw,female,5-9,18
2017,nsw,female,50-54,507
2017,nsw,female,55-59,679
2017,nsw,female,60-64,925
2017,nsw,female,65-69,1311
2017,nsw,female,70-74,1868
2017,nsw,female,75-79,2468
2017,nsw,female,80-84,3554
2017,nsw,female,85-89,5087
2017,nsw,female,90-94,5101
2017,nsw,female,95-99,2412
2017,nsw,female,not_stated,1
2017,nsw,male,0-4,185
2017,nsw,male,10-14,29
2017,nsw,male,100+,128
2017,nsw,male,15-19,107
2017,nsw,male,20-24,141
2017,nsw,male,25-29,187
2017,nsw,male,30-34,206
2017,nsw,male,35-39,263
2017,nsw,male,40-44,378
2017,nsw,male,45-49,549
2017,nsw,male,5-9,20
2017,nsw,male,50-54,746
2017,nsw,male,55-59,1198
2017,nsw,male,60-64,1588
2017,nsw,male,65-69,2198
2017,nsw,male,70-74,2871
2017,nsw,male,75-79,3445
2017,nsw,male,80-84,4181
2017,nsw,male,85-89,4621
2017,nsw,male,90-94,3219
2017,nsw,male,95-99,1010
2017,nsw,male,not_stated,3
2017,nt,female,0-4,21
2017,nt,female,10-14,0
2017,nt,female,100+,1
2017,nt,female,15-19,5
2017,nt,female,20-24,2
2017,nt,female,25-29,9
2017,nt,female,30-34,15
2017,nt,female,35-39,9
2017,nt,female,40-44,15
2017,nt,female,45-49,27
2017,nt,female,5-9,1
2017,nt,female,50-54,35
2017,nt,female,55-59,52
2017,nt,female,60-64,37
2017,nt,female,65-69,52
2017,nt,female,70-74,33
2017,nt,female,75-79,44
2017,nt,female,80-84,44
2017,nt,female,85-89,29
2017,nt,female,90-94,23
2017,nt,female,95-99,9
2017,nt,female,not_stated,0
2017,nt,male,0-4,18
2017,nt,male,10-14,2
2017,nt,male,100+,0
2017,nt,male,15-19,11
2017,nt,male,20-24,16
2017,nt,male,25-29,19
2017,nt,male,30-34,19
2017,nt,male,35-39,21
2017,nt,male,40-44,24
2017,nt,male,45-49,39
2017,nt,male,5-9,1
2017,nt,male,50-54,40
2017,nt,male,55-59,76
2017,nt,male,60-64,65
2017,nt,male,65-69,60
2017,nt,male,70-74,76
2017,nt,male,75-79,57
2017,nt,male,80-84,42
2017,nt,male,85-89,35
2017,nt,male,90-94,16
2017,nt,male,95-99,2
2017,nt,male,not_stated,0
2017,qld,female,0-4,143
2017,qld,female,10-14,8
2017,qld,female,100+,282
2017,qld,female,15-19,42
2017,qld,female,20-24,36
2017,qld,female,25-29,65
2017,qld,female,30-34,82
2017,qld,female,35-39,95
2017,qld,female,40-44,168
2017,qld,female,45-49,248
2017,qld,female,5-9,10
2017,qld,female,50-54,326
2017,qld,female,55-59,484
2017,qld,female,60-64,609
2017,qld,female,65-69,932
2017,qld,female,70-74,1181
2017,qld,female,75-79,1542
2017,qld,female,80-84,2045
2017,qld,female,85-89,2697
2017,qld,female,90-94,2678
2017,qld,female,95-99,1237
2017,qld,female,not_stated,0
2017,qld,male,0-4,168
2017,qld,male,10-14,22
2017,qld,male,100+,72
2017,qld,male,15-19,44
2017,qld,male,20-24,137
2017,qld,male,25-29,119
2017,qld,male,30-34,179
2017,qld,male,35-39,187
2017,qld,male,40-44,316
2017,qld,male,45-49,404
2017,qld,male,5-9,17
2017,qld,male,50-54,510
2017,qld,male,55-59,774
2017,qld,male,60-64,1014
2017,qld,male,65-69,1473
2017,qld,male,70-74,1830
2017,qld,male,75-79,2139
2017,qld,male,80-84,2395
2017,qld,male,85-89,2500
2017,qld,male,90-94,1783
2017,qld,male,95-99,562
2017,qld,male,not_stated,0
2017,sa,female,0-4,34
2017,sa,female,10-14,6
2017,sa,female,100+,145
2017,sa,female,15-19,11
2017,sa,female,20-24,16
2017,sa,female,25-29,12
2017,sa,female,30-34,34
2017,sa,female,35-39,37
2017,sa,female,40-44,47
2017,sa,female,45-49,80
2017,sa,female,5-9,6
2017,sa,female,50-54,133
2017,sa,female,55-59,182
2017,sa,female,60-64,266
2017,sa,female,65-69,350
2017,sa,female,70-74,479
2017,sa,female,75-79,647
2017,sa,female,80-84,919
2017,sa,female,85-89,1418
2017,sa,female,90-94,1447
2017,sa,female,95-99,693
2017,sa,female,not_stated,0
2017,sa,male,0-4,34
2017,sa,male,10-14,6
2017,sa,male,100+,24
2017,sa,male,15-19,22
2017,sa,male,20-24,42
2017,sa,male,25-29,41
2017,sa,male,30-34,53
2017,sa,male,35-39,75
2017,sa,male,40-44,87
2017,sa,male,45-49,167
2017,sa,male,5-9,3
2017,sa,male,50-54,215
2017,sa,male,55-59,293
2017,sa,male,60-64,413
2017,sa,male,65-69,591
2017,sa,male,70-74,727
2017,sa,male,75-79,847
2017,sa,male,80-84,1057
2017,sa,male,85-89,1230
2017,sa,male,90-94,923
2017,sa,male,95-99,239
2017,sa,male,not_stated,0
2017,tas,female,0-4,12
2017,tas,female,10-14,1
2017,tas,female,100+,34
2017,tas,female,15-19,5
2017,tas,female,20-24,3
2017,tas,female,25-29,6
2017,tas,female,30-34,10
2017,tas,female,35-39,14
2017,tas,female,40-44,16
2017,tas,female,45-49,31
2017,tas,female,5-9,0
2017,tas,female,50-54,44
2017,tas,female,55-59,76
2017,tas,female,60-64,110
2017,tas,female,65-69,150
2017,tas,female,70-74,191
2017,tas,female,75-79,241
2017,tas,female,80-84,320
2017,tas,female,85-89,492
2017,tas,female,90-94,447
2017,tas,female,95-99,174
2017,tas,female,not_stated,0
2017,tas,male,0-4,12
2017,tas,male,10-14,1
2017,tas,male,100+,10
2017,tas,male,15-19,9
2017,tas,male,20-24,11
2017,tas,male,25-29,12
2017,tas,male,30-34,18
2017,tas,male,35-39,29
2017,tas,male,40-44,21
2017,tas,male,45-49,40
2017,tas,male,5-9,1
2017,tas,male,50-54,65
2017,tas,male,55-59,127
2017,tas,male,60-64,154
2017,tas,male,65-69,230
2017,tas,male,70-74,287
2017,tas,male,75-79,314
2017,tas,male,80-84,360
2017,tas,male,85-89,384
2017,tas,male,90-94,252
2017,tas,male,95-99,65
2017,tas,male,not_stated,0
2017,vic,female,0-4,135
2017,vic,female,10-14,13
2017,vic,female,100+,398
2017,vic,female,15-19,38
2017,vic,female,20-24,38
2017,vic,female,25-29,56
2017,vic,female,30-34,82
2017,vic,female,35-39,102
2017,vic,female,40-44,168
2017,vic,female,45-49,282
2017,vic,female,5-9,16
2017,vic,female,50-54,363
2017,vic,female,55-59,525
2017,vic,female,60-64,698
2017,vic,female,65-69,1037
2017,vic,female,70-74,1381
2017,vic,female,75-79,1885
2017,vic,female,80-84,2793
2017,vic,female,85-89,4055
2017,vic,female,90-94,4028
2017,vic,female,95-99,1842
2017,vic,female,not_stated,0
2017,vic,male,0-4,164
2017,vic,male,10-14,11
2017,vic,male,100+,101
2017,vic,male,15-19,50
2017,vic,male,20-24,87
2017,vic,male,25-29,141
2017,vic,male,30-34,156
2017,vic,male,35-39,202
2017,vic,male,40-44,257
2017,vic,male,45-49,394
2017,vic,male,5-9,17
2017,vic,male,50-54,516
2017,vic,male,55-59,768
2017,vic,male,60-64,1058
2017,vic,male,65-69,1493
2017,vic,male,70-74,2047
2017,vic,male,75-79,2474
2017,vic,male,80-84,3026
2017,vic,male,85-89,3725
2017,vic,male,90-94,2399
2017,vic,male,95-99,768
2017,vic,male,not_stated,2
2017,wa,female,0-4,47
2017,wa,female,10-14,6
2017,wa,female,100+,136
2017,wa,female,15-19,14
2017,wa,female,20-24,20
2017,wa,female,25-29,33
2017,wa,female,30-34,44
2017,wa,female,35-39,69
2017,wa,female,40-44,94
2017,wa,female,45-49,118
2017,wa,female,5-9,5
2017,wa,female,50-54,185
2017,wa,female,55-59,235
2017,wa,female,60-64,277
2017,wa,female,65-69,362
2017,wa,female,70-74,522
2017,wa,female,75-79,641
2017,wa,female,80-84,855
2017,wa,female,85-89,1295
2017,wa,female,90-94,1210
2017,wa,female,95-99,576
2017,wa,female,not_stated,2
2017,wa,male,0-4,70
2017,wa,male,10-14,12
2017,wa,male,100+,38
2017,wa,male,15-19,43
2017,wa,male,20-24,59
2017,wa,male,25-29,74
2017,wa,male,30-34,109
2017,wa,male,35-39,126
2017,wa,male,40-44,137
2017,wa,male,45-49,241
2017,wa,male,5-9,6
2017,wa,male,50-54,261
2017,wa,male,55-59,315
2017,wa,male,60-64,472
2017,wa,male,65-69,645
2017,wa,male,70-74,820
2017,wa,male,75-79,1002
2017,wa,male,80-84,1114
2017,wa,male,85-89,1186
2017,wa,male,90-94,788
2017,wa,male,95-99,231
2017,wa,male,not_stated,0
2018,act,female,0-4,14
2018,act,female,10-14,3
2018,act,female,100+,16
2018,act,female,15-19,1
2018,act,female,20-24,4
2018,act,female,25-29,1
2018,act,female,30-34,6
2018,act,female,35-39,9
2018,act,female,40-44,8
2018,act,female,45-49,17
2018,act,female,5-9,4
2018,act,female,50-54,29
2018,act,female,55-59,29
2018,act,female,60-64,44
2018,act,female,65-69,47
2018,act,female,70-74,81
2018,act,female,75-79,102
2018,act,female,80-84,130
2018,act,female,85-89,192
2018,act,female,90-94,216
2018,act,female,95-99,98
2018,act,female,not_stated,0
2018,act,male,0-4,12
2018,act,male,10-14,1
2018,act,male,100+,9
2018,act,male,15-19,7
2018,act,male,20-24,10
2018,act,male,25-29,7
2018,act,male,30-34,11
2018,act,male,35-39,12
2018,act,male,40-44,20
2018,act,male,45-49,29
2018,act,male,5-9,2
2018,act,male,50-54,30
2018,act,male,55-59,45
2018,act,male,60-64,79
2018,act,male,65-69,73
2018,act,male,70-74,86
2018,act,male,75-79,142
2018,act,male,80-84,169
2018,act,male,85-89,182
2018,act,male,90-94,114
2018,act,male,95-99,34
2018,act,male,not_stated,0
2018,nsw,female,0-4,162
2018,nsw,female,10-14,18
2018,nsw,female,100+,502
2018,nsw,female,15-19,41
2018,nsw,female,20-24,50
2018,nsw,female,25-29,76
2018,nsw,female,30-34,98
2018,nsw,female,35-39,138
2018,nsw,female,40-44,209
2018,nsw,female,45-49,351
2018,nsw,female,5-9,18
2018,nsw,female,50-54,481
2018,nsw,female,55-59,737
2018,nsw,female,60-64,978
2018,nsw,female,65-69,1341
2018,nsw,female,70-74,1972
2018,nsw,female,75-79,2567
2018,nsw,female,80-84,3595
2018,nsw,female,85-89,4974
2018,nsw,female,90-94,5144
2018,nsw,female,95-99,2395
2018,nsw,female,not_stated,0
2018,nsw,male,0-4,184
2018,nsw,male,10-14,26
2018,nsw,male,100+,126
2018,nsw,male,15-19,100
2018,nsw,male,20-24,165
2018,nsw,male,25-29,162
2018,nsw,male,30-34,205
2018,nsw,male,35-39,287
2018,nsw,male,40-44,348
2018,nsw,male,45-49,507
2018,nsw,male,5-9,20
2018,nsw,male,50-54,796
2018,nsw,male,55-59,1303
2018,nsw,male,60-64,1667
2018,nsw,male,65-69,2238
2018,nsw,male,70-74,3029
2018,nsw,male,75-79,3456
2018,nsw,male,80-84,4143
2018,nsw,male,85-89,4621
2018,nsw,male,90-94,3354
2018,nsw,male,95-99,1048
2018,nsw,male,not_stated,2
2018,nt,female,0-4,16
2018,nt,female,10-14,3
2018,nt,female,100+,3
2018,nt,female,15-19,6
2018,nt,female,20-24,1
2018,nt,female,25-29,6
2018,nt,female,30-34,9
2018,nt,female,35-39,9
2018,nt,female,40-44,16
2018,nt,female,45-49,24
2018,nt,female,5-9,0
2018,nt,female,50-54,31
2018,nt,female,55-59,37
2018,nt,female,60-64,53
2018,nt,female,65-69,46
2018,nt,female,70-74,41
2018,nt,female,75-79,42
2018,nt,female,80-84,55
2018,nt,female,85-89,35
2018,nt,female,90-94,26
2018,nt,female,95-99,12
2018,nt,female,not_stated,0
2018,nt,male,0-4,20
2018,nt,male,10-14,2
2018,nt,male,100+,0
2018,nt,male,15-19,7
2018,nt,male,20-24,15
2018,nt,male,25-29,13
2018,nt,male,30-34,20
2018,nt,male,35-39,28
2018,nt,male,40-44,20
2018,nt,male,45-49,37
2018,nt,male,5-9,0
2018,nt,male,50-54,45
2018,nt,male,55-59,49
2018,nt,male,60-64,71
2018,nt,male,65-69,61
2018,nt,male,70-74,67
2018,nt,male,75-79,72
2018,nt,male,80-84,60
2018,nt,male,85-89,33
2018,nt,male,90-94,16
2018,nt,male,95-99,3
2018,nt,male,not_stated,0
2018,qld,female,0-4,101
2018,qld,female,10-14,14
2018,qld,female,100+,239
2018,qld,female,15-19,35
2018,qld,female,20-24,42
2018,qld,female,25-29,37
2018,qld,female,30-34,71
2018,qld,female,35-39,93
2018,qld,female,40-44,150
2018,qld,female,45-49,243
2018,qld,female,5-9,10
2018,qld,female,50-54,325
2018,qld,female,55-59,497
2018,qld,female,60-64,631
2018,qld,female,65-69,849
2018,qld,female,70-74,1212
2018,qld,female,75-79,1422
2018,qld,female,80-84,1882
2018,qld,female,85-89,2606
2018,qld,female,90-94,2592
2018,qld,female,95-99,1241
2018,qld,female,not_stated,0
2018,qld,male,0-4,150
2018,qld,male,10-14,16
2018,qld,male,100+,67
2018,qld,male,15-19,80
2018,qld,male,20-24,121
2018,qld,male,25-29,150
2018,qld,male,30-34,182
2018,qld,male,35-39,239
2018,qld,male,40-44,271
2018,qld,male,45-49,367
2018,qld,male,5-9,8
2018,qld,male,50-54,516
2018,qld,male,55-59,772
2018,qld,male,60-64,1039
2018,qld,male,65-69,1384
2018,qld,male,70-74,1960
2018,qld,male,75-79,2121
2018,qld,male,80-84,2491
2018,qld,male,85-89,2465
2018,qld,male,90-94,1660
2018,qld,male,95-99,509
2018,qld,male,not_stated,0
2018,sa,female,0-4,26
2018,sa,female,10-14,6
2018,sa,female,100+,106
2018,sa,female,15-19,15
2018,sa,female,20-24,10
2018,sa,female,25-29,20
2018,sa,female,30-34,23
2018,sa,female,35-39,42
2018,sa,female,40-44,43
2018,sa,female,45-49,58
2018,sa,female,5-9,3
2018,sa,female,50-54,133
2018,sa,female,55-59,184
2018,sa,female,60-64,260
2018,sa,female,65-69,369
2018,sa,female,70-74,502
2018,sa,female,75-79,603
2018,sa,female,80-84,922
2018,sa,female,85-89,1279
2018,sa,female,90-94,1342
2018,sa,female,95-99,645
2018,sa,female,not_stated,0
2018,sa,male,0-4,48
2018,sa,male,10-14,7
2018,sa,male,100+,40
2018,sa,male,15-19,20
2018,sa,male,20-24,28
2018,sa,male,25-29,35
2018,sa,male,30-34,48
2018,sa,male,35-39,43
2018,sa,male,40-44,69
2018,sa,male,45-49,156
2018,sa,male,5-9,1
2018,sa,male,50-54,215
2018,sa,male,55-59,320
2018,sa,male,60-64,425
2018,sa,male,65-69,530
2018,sa,male,70-74,716
2018,sa,male,75-79,816
2018,sa,male,80-84,1109
2018,sa,male,85-89,1160
2018,sa,male,90-94,914
2018,sa,male,95-99,277
2018,sa,male,not_stated,0
2018,tas,female,0-4,11
2018,tas,female,10-14,2
2018,tas,female,100+,26
2018,tas,female,15-19,4
2018,tas,female,20-24,2
2018,tas,female,25-29,3
2018,tas,female,30-34,4
2018,tas,female,35-39,15
2018,tas,female,40-44,23
2018,tas,female,45-49,27
2018,tas,female,5-9,4
2018,tas,female,50-54,45
2018,tas,female,55-59,59
2018,tas,female,60-64,93
2018,tas,female,65-69,124
2018,tas,female,70-74,175
2018,tas,female,75-79,253
2018,tas,female,80-84,288
2018,tas,female,85-89,401
2018,tas,female,90-94,344
2018,tas,female,95-99,162
2018,tas,female,not_stated,0
2018,tas,male,0-4,9
2018,tas,male,10-14,2
2018,tas,male,100+,6
2018,tas,male,15-19,1
2018,tas,male,20-24,17
2018,tas,male,25-29,17
2018,tas,male,30-34,14
2018,tas,male,35-39,23
2018,tas,male,40-44,27
2018,tas,male,45-49,47
2018,tas,male,5-9,0
2018,tas,male,50-54,62
2018,tas,male,55-59,101
2018,tas,male,60-64,130
2018,tas,male,65-69,182
2018,tas,male,70-74,271
2018,tas,male,75-79,298
2018,tas,male,80-84,326
2018,tas,male,85-89,404
2018,tas,male,90-94,215
2018,tas,male,95-99,73
2018,tas,male,not_stated,0
2018,vic,female,0-4,119
2018,vic,female,10-14,6
2018,vic,female,100+,383
2018,vic,female,15-19,31
2018,vic,female,20-24,39
2018,vic,female,25-29,46
2018,vic,female,30-34,65
2018,vic,female,35-39,124
2018,vic,female,40-44,160
2018,vic,female,45-49,247
2018,vic,female,5-9,11
2018,vic,female,50-54,369
2018,vic,female,55-59,531
2018,vic,female,60-64,746
2018,vic,female,65-69,991
2018,vic,female,70-74,1356
2018,vic,female,75-79,1768
2018,vic,female,80-84,2552
2018,vic,female,85-89,3683
2018,vic,female,90-94,3891
2018,vic,female,95-99,1805
2018,vic,female,not_stated,0
2018,vic,male,0-4,167
2018,vic,male,10-14,18
2018,vic,male,100+,93
2018,vic,male,15-19,47
2018,vic,male,20-24,90
2018,vic,male,25-29,113
2018,vic,male,30-34,149
2018,vic,male,35-39,202
2018,vic,male,40-44,248
2018,vic,male,45-49,392
2018,vic,male,5-9,9
2018,vic,male,50-54,481
2018,vic,male,55-59,733
2018,vic,male,60-64,1065
2018,vic,male,65-69,1490
2018,vic,male,70-74,2023
2018,vic,male,75-79,2373
2018,vic,male,80-84,2970
2018,vic,male,85-89,3418
2018,vic,male,90-94,2464
2018,vic,male,95-99,763
2018,vic,male,not_stated,0
2018,wa,female,0-4,37
2018,wa,female,10-14,6
2018,wa,female,100+,150
2018,wa,female,15-19,18
2018,wa,female,20-24,20
2018,wa,female,25-29,25
2018,wa,female,30-34,43
2018,wa,female,35-39,63
2018,wa,female,40-44,88
2018,wa,female,45-49,134
2018,wa,female,5-9,7
2018,wa,female,50-54,175
2018,wa,female,55-59,258
2018,wa,female,60-64,315
2018,wa,female,65-69,395
2018,wa,female,70-74,489
2018,wa,female,75-79,733
2018,wa,female,80-84,931
2018,wa,female,85-89,1231
2018,wa,female,90-94,1177
2018,wa,female,95-99,633
2018,wa,female,not_stated,0
2018,wa,male,0-4,70
2018,wa,male,10-14,7
2018,wa,male,100+,31
2018,wa,male,15-19,39
2018,wa,male,20-24,64
2018,wa,male,25-29,83
2018,wa,male,30-34,95
2018,wa,male,35-39,132
2018,wa,male,40-44,122
2018,wa,male,45-49,228
2018,wa,male,5-9,9
2018,wa,male,50-54,246
2018,wa,male,55-59,366
2018,wa,male,60-64,478
2018,wa,male,65-69,654
2018,wa,male,70-74,853
2018,wa,male,75-79,980
2018,wa,male,80-84,1061
2018,wa,male,85-89,1173
2018,wa,male,90-94,794
2018,wa,male,95-99,239
2018,wa,male,not_stated,0
2019,act,female,0-4,3
2019,act,female,10-14,1
2019,act,female,100+,19
2019,act,female,15-19,1
2019,act,female,20-24,3
2019,act,female,25-29,3
2019,act,female,30-34,7
2019,act,female,35-39,11
2019,act,female,40-44,12
2019,act,female,45-49,13
2019,act,female,5-9,4
2019,act,female,50-54,15
2019,act,female,55-59,35
2019,act,female,60-64,50
2019,act,female,65-69,39
2019,act,female,70-74,72
2019,act,female,75-79,95
2019,act,female,80-84,148
2019,act,female,85-89,204
2019,act,female,90-94,212
2019,act,female,95-99,103
2019,act,female,not_stated,0
2019,act,male,0-4,5
2019,act,male,10-14,0
2019,act,male,100+,2
2019,act,male,15-19,8
2019,act,male,20-24,10
2019,act,male,25-29,5
2019,act,male,30-34,7
2019,act,male,35-39,15
2019,act,male,40-44,20
2019,act,male,45-49,25
2019,act,male,5-9,1
2019,act,male,50-54,29
2019,act,male,55-59,43
2019,act,male,60-64,51
2019,act,male,65-69,64
2019,act,male,70-74,113
2019,act,male,75-79,126
2019,act,male,80-84,146
2019,act,male,85-89,142
2019,act,male,90-94,120
2019,act,male,95-99,55
2019,act,male,not_stated,0
2019,nsw,female,0-4,178
2019,nsw,female,10-14,19
2019,nsw,female,100+,506
2019,nsw,female,15-19,44
2019,nsw,female,20-24,74
2019,nsw,female,25-29,78
2019,nsw,female,30-34,95
2019,nsw,female,35-39,153
2019,nsw,female,40-44,229
2019,nsw,female,45-49,339
2019,nsw,female,5-9,21
2019,nsw,female,50-54,426
2019,nsw,female,55-59,761
2019,nsw,female,60-64,1074
2019,nsw,female,65-69,1414
2019,nsw,female,70-74,2177
2019,nsw,female,75-79,2676
2019,nsw,female,80-84,3687
2019,nsw,female,85-89,4980
2019,nsw,female,90-94,5402
2019,nsw,female,95-99,2748
2019,nsw,female,not_stated,0
2019,nsw,male,0-4,219
2019,nsw,male,10-14,33
2019,nsw,male,100+,136
2019,nsw,male,15-19,93
2019,nsw,male,20-24,170
2019,nsw,male,25-29,205
2019,nsw,male,30-34,218
2019,nsw,male,35-39,264
2019,nsw,male,40-44,370
2019,nsw,male,45-49,601
2019,nsw,male,5-9,16
2019,nsw,male,50-54,797
2019,nsw,male,55-59,1230
2019,nsw,male,60-64,1824
2019,nsw,male,65-69,2265
2019,nsw,male,70-74,3055
2019,nsw,male,75-79,3621
2019,nsw,male,80-84,4415
2019,nsw,male,85-89,4680
2019,nsw,male,90-94,3555
2019,nsw,male,95-99,1210
2019,nsw,male,not_stated,0
2019,nt,female,0-4,12
2019,nt,female,10-14,0
2019,nt,female,100+,1
2019,nt,female,15-19,7
2019,nt,female,20-24,9
2019,nt,female,25-29,8
2019,nt,female,30-34,10
2019,nt,female,35-39,18
2019,nt,female,40-44,11
2019,nt,female,45-49,26
2019,nt,female,5-9,0
2019,nt,female,50-54,32
2019,nt,female,55-59,35
2019,nt,female,60-64,41
2019,nt,female,65-69,33
2019,nt,female,70-74,40
2019,nt,female,75-79,29
2019,nt,female,80-84,45
2019,nt,female,85-89,37
2019,nt,female,90-94,37
2019,nt,female,95-99,10
2019,nt,female,not_stated,0
2019,nt,male,0-4,15
2019,nt,male,10-14,1
2019,nt,male,100+,0
2019,nt,male,15-19,9
2019,nt,male,20-24,13
2019,nt,male,25-29,14
2019,nt,male,30-34,20
2019,nt,male,35-39,22
2019,nt,male,40-44,24
2019,nt,male,45-49,43
2019,nt,male,5-9,6
2019,nt,male,50-54,45
2019,nt,male,55-59,53
2019,nt,male,60-64,62
2019,nt,male,65-69,80
2019,nt,male,70-74,85
2019,nt,male,75-79,76
2019,nt,male,80-84,51
2019,nt,male,85-89,50
2019,nt,male,90-94,25
2019,nt,male,95-99,3
2019,nt,male,not_stated,0
2019,qld,female,0-4,134
2019,qld,female,10-14,15
2019,qld,female,100+,274
2019,qld,female,15-19,31
2019,qld,female,20-24,47
2019,qld,female,25-29,59
2019,qld,female,30-34,74
2019,qld,female,35-39,111
2019,qld,female,40-44,138
2019,qld,female,45-49,255
2019,qld,female,5-9,10
2019,qld,female,50-54,316
2019,qld,female,55-59,483
2019,qld,female,60-64,668
2019,qld,female,65-69,899
2019,qld,female,70-74,1336
2019,qld,female,75-79,1573
2019,qld,female,80-84,2048
2019,qld,female,85-89,2641
2019,qld,female,90-94,2740
2019,qld,female,95-99,1364
2019,qld,female,not_stated,0
2019,qld,male,0-4,168
2019,qld,male,10-14,12
2019,qld,male,100+,67
2019,qld,male,15-19,74
2019,qld,male,20-24,137
2019,qld,male,25-29,136
2019,qld,male,30-34,175
2019,qld,male,35-39,186
2019,qld,male,40-44,245
2019,qld,male,45-49,392
2019,qld,male,5-9,14
2019,qld,male,50-54,482
2019,qld,male,55-59,761
2019,qld,male,60-64,1132
2019,qld,male,65-69,1456
2019,qld,male,70-74,2038
2019,qld,male,75-79,2314
2019,qld,male,80-84,2496
2019,qld,male,85-89,2573
2019,qld,male,90-94,1809
2019,qld,male,95-99,590
2019,qld,male,not_stated,0
2019,sa,female,0-4,23
2019,sa,female,10-14,6
2019,sa,female,100+,142
2019,sa,female,15-19,8
2019,sa,female,20-24,14
2019,sa,female,25-29,12
2019,sa,female,30-34,24
2019,sa,female,35-39,43
2019,sa,female,40-44,56
2019,sa,female,45-49,97
2019,sa,female,5-9,1
2019,sa,female,50-54,122
2019,sa,female,55-59,182
2019,sa,female,60-64,267
2019,sa,female,65-69,355
2019,sa,female,70-74,459
2019,sa,female,75-79,634
2019,sa,female,80-84,926
2019,sa,female,85-89,1324
2019,sa,female,90-94,1393
2019,sa,female,95-99,736
2019,sa,female,not_stated,0
2019,sa,male,0-4,35
2019,sa,male,10-14,4
2019,sa,male,100+,36
2019,sa,male,15-19,20
2019,sa,male,20-24,39
2019,sa,male,25-29,39
2019,sa,male,30-34,58
2019,sa,male,35-39,74
2019,sa,male,40-44,94
2019,sa,male,45-49,156
2019,sa,male,5-9,1
2019,sa,male,50-54,201
2019,sa,male,55-59,326
2019,sa,male,60-64,411
2019,sa,male,65-69,531
2019,sa,male,70-74,732
2019,sa,male,75-79,829
2019,sa,male,80-84,1059
2019,sa,male,85-89,1203
2019,sa,male,90-94,908
2019,sa,male,95-99,333
2019,sa,male,not_stated,0
2019,tas,female,0-4,5
2019,tas,female,10-14,2
2019,tas,female,100+,42
2019,tas,female,15-19,1
2019,tas,female,20-24,1
2019,tas,female,25-29,6
2019,tas,female,30-34,5
2019,tas,female,35-39,10
2019,tas,female,40-44,14
2019,tas,female,45-49,33
2019,tas,female,5-9,0
2019,tas,female,50-54,57
2019,tas,female,55-59,77
2019,tas,female,60-64,105
2019,tas,female,65-69,138
2019,tas,female,70-74,192
2019,tas,female,75-79,257
2019,tas,female,80-84,309
2019,tas,female,85-89,385
2019,tas,female,90-94,415
2019,tas,female,95-99,188
2019,tas,female,not_stated,0
2019,tas,male,0-4,18
2019,tas,male,10-14,0
2019,tas,male,100+,5
2019,tas,male,15-19,9
2019,tas,male,20-24,15
2019,tas,male,25-29,15
2019,tas,male,30-34,18
2019,tas,male,35-39,17
2019,tas,male,40-44,30
2019,tas,male,45-49,51
2019,tas,male,5-9,2
2019,tas,male,50-54,79
2019,tas,male,55-59,99
2019,tas,male,60-64,166
2019,tas,male,65-69,217
2019,tas,male,70-74,265
2019,tas,male,75-79,336
2019,tas,male,80-84,373
2019,tas,male,85-89,379
2019,tas,male,90-94,236
2019,tas,male,95-99,87
2019,tas,male,not_stated,0
2019,vic,female,0-4,103
2019,vic,female,10-14,15
2019,vic,female,100+,408
2019,vic,female,15-19,30
2019,vic,female,20-24,59
2019,vic,female,25-29,77
2019,vic,female,30-34,98
2019,vic,female,35-39,123
2019,vic,female,40-44,192
2019,vic,female,45-49,288
2019,vic,female,5-9,7
2019,vic,female,50-54,446
2019,vic,female,55-59,621
2019,vic,female,60-64,785
2019,vic,female,65-69,1108
2019,vic,female,70-74,1544
2019,vic,female,75-79,1960
2019,vic,female,80-84,2962
2019,vic,female,85-89,4069
2019,vic,female,90-94,4078
2019,vic,female,95-99,2092
2019,vic,female,not_stated,0
2019,vic,male,0-4,173
2019,vic,male,10-14,20
2019,vic,male,100+,83
2019,vic,male,15-19,94
2019,vic,male,20-24,155
2019,vic,male,25-29,208
2019,vic,male,30-34,210
2019,vic,male,35-39,318
2019,vic,male,40-44,387
2019,vic,male,45-49,562
2019,vic,male,5-9,24
2019,vic,male,50-54,645
2019,vic,male,55-59,1005
2019,vic,male,60-64,1301
2019,vic,male,65-69,1695
2019,vic,male,70-74,2312
2019,vic,male,75-79,2796
2019,vic,male,80-84,3398
2019,vic,male,85-89,3745
2019,vic,male,90-94,2799
2019,vic,male,95-99,949
2019,vic,male,not_stated,0
2019,wa,female,0-4,54
2019,wa,female,10-14,11
2019,wa,female,100+,140
2019,wa,female,15-19,16
2019,wa,female,20-24,22
2019,wa,female,25-29,40
2019,wa,female,30-34,39
2019,wa,female,35-39,52
2019,wa,female,40-44,101
2019,wa,female,45-49,119
2019,wa,female,5-9,3
2019,wa,female,50-54,129
2019,wa,female,55-59,218
2019,wa,female,60-64,300
2019,wa,female,65-69,364
2019,wa,female,70-74,514
2019,wa,female,75-79,714
2019,wa,female,80-84,930
2019,wa,female,85-89,1287
2019,wa,female,90-94,1327
2019,wa,female,95-99,644
2019,wa,female,not_stated,0
2019,wa,male,0-4,49
2019,wa,male,10-14,6
2019,wa,male,100+,33
2019,wa,male,15-19,35
2019,wa,male,20-24,65
2019,wa,male,25-29,80
2019,wa,male,30-34,89
2019,wa,male,35-39,122
2019,wa,male,40-44,139
2019,wa,male,45-49,227
2019,wa,male,5-9,6
2019,wa,male,50-54,282
2019,wa,male,55-59,402
2019,wa,male,60-64,504
2019,wa,male,65-69,644
2019,wa,male,70-74,833
2019,wa,male,75-79,916
2019,wa,male,80-84,1212
2019,wa,male,85-89,1170
2019,wa,male,90-94,917
2019,wa,male,95-99,286
2019,wa,male,not_stated,1
2020,act,female,0-4,10
2020,act,female,10-14,4
2020,act,female,100+,21
2020,act,female,15-19,4
2020,act,female,20-24,5
2020,act,female,25-29,7
2020,act,female,30-34,8
2020,act,female,35-39,15
2020,act,female,40-44,16
2020,act,female,45-49,14
2020,act,female,5-9,0
2020,act,female,50-54,15
2020,act,female,55-59,22
2020,act,female,60-64,42
2020,act,female,65-69,58
2020,act,female,70-74,92
2020,act,female,75-79,103
2020,act,female,80-84,138
2020,act,female,85-89,177
2020,act,female,90-94,205
2020,act,female,95-99,110
2020,act,female,not_stated,0
2020,act,male,0-4,10
2020,act,male,10-14,0
2020,act,male,100+,7
2020,act,male,15-19,6
2020,act,male,20-24,5
2020,act,male,25-29,12
2020,act,male,30-34,11
2020,act,male,35-39,17
2020,act,male,40-44,17
2020,act,male,45-49,35
2020,act,male,5-9,0
2020,act,male,50-54,34
2020,act,male,55-59,34
2020,act,male,60-64,57
2020,act,male,65-69,76
2020,act,male,70-74,117
2020,act,male,75-79,157
2020,act,male,80-84,164
2020,act,male,85-89,163
2020,act,male,90-94,125
2020,act,male,95-99,53
2020,act,male,not_stated,0
2020,nsw,female,0-4,160
2020,nsw,female,10-14,18
2020,nsw,female,100+,529
2020,nsw,female,15-19,40
2020,nsw,female,20-24,49
2020,nsw,female,25-29,67
2020,nsw,female,30-34,90
2020,nsw,female,35-39,149
2020,nsw,female,40-44,180
2020,nsw,female,45-49,317
2020,nsw,female,5-9,11
2020,nsw,female,50-54,496
2020,nsw,female,55-59,690
2020,nsw,female,60-64,995
2020,nsw,female,65-69,1324
2020,nsw,female,70-74,2000
2020,nsw,female,75-79,2485
2020,nsw,female,80-84,3527
2020,nsw,female,85-89,4570
2020,nsw,female,90-94,4829
2020,nsw,female,95-99,2531
2020,nsw,female,not_stated,1
2020,nsw,male,0-4,180
2020,nsw,male,10-14,29
2020,nsw,male,100+,148
2020,nsw,male,15-19,101
2020,nsw,male,20-24,158
2020,nsw,male,25-29,186
2020,nsw,male,30-34,194
2020,nsw,male,35-39,261
2020,nsw,male,40-44,331
2020,nsw,male,45-49,540
2020,nsw,male,5-9,18
2020,nsw,male,50-54,735
2020,nsw,male,55-59,1219
2020,nsw,male,60-64,1657
2020,nsw,male,65-69,2045
2020,nsw,male,70-74,3041
2020,nsw,male,75-79,3519
2020,nsw,male,80-84,4215
2020,nsw,male,85-89,4356
2020,nsw,male,90-94,3315
2020,nsw,male,95-99,1176
2020,nsw,male,not_stated,3
2020,nt,female,0-4,19
2020,nt,female,10-14,3
2020,nt,female,100+,4
2020,nt,female,15-19,6
2020,nt,female,20-24,10
2020,nt,female,25-29,7
2020,nt,female,30-34,15
2020,nt,female,35-39,12
2020,nt,female,40-44,13
2020,nt,female,45-49,22
2020,nt,female,5-9,1
2020,nt,female,50-54,38
2020,nt,female,55-59,40
2020,nt,female,60-64,43
2020,nt,female,65-69,59
2020,nt,female,70-74,48
2020,nt,female,75-79,47
2020,nt,female,80-84,43
2020,nt,female,85-89,29
2020,nt,female,90-94,20
2020,nt,female,95-99,13
2020,nt,female,not_stated,0
2020,nt,male,0-4,27
2020,nt,male,10-14,3
2020,nt,male,100+,1
2020,nt,male,15-19,5
2020,nt,male,20-24,14
2020,nt,male,25-29,12
2020,nt,male,30-34,19
2020,nt,male,35-39,21
2020,nt,male,40-44,24
2020,nt,male,45-49,28
2020,nt,male,5-9,1
2020,nt,male,50-54,34
2020,nt,male,55-59,34
2020,nt,male,60-64,54
2020,nt,male,65-69,86
2020,nt,male,70-74,94
2020,nt,male,75-79,71
2020,nt,male,80-84,54
2020,nt,male,85-89,35
2020,nt,male,90-94,26
2020,nt,male,95-99,5
2020,nt,male,not_stated,3
2020,qld,female,0-4,125
2020,qld,female,10-14,13
2020,qld,female,100+,292
2020,qld,female,15-19,36
2020,qld,female,20-24,39
2020,qld,female,25-29,48
2020,qld,female,30-34,88
2020,qld,female,35-39,117
2020,qld,female,40-44,154
2020,qld,female,45-49,208
2020,qld,female,5-9,2
2020,qld,female,50-54,330
2020,qld,female,55-59,479
2020,qld,female,60-64,637
2020,qld,female,65-69,802
2020,qld,female,70-74,1239
2020,qld,female,75-79,1565
2020,qld,female,80-84,2046
2020,qld,female,85-89,2422
2020,qld,female,90-94,2550
2020,qld,female,95-99,1280
2020,qld,female,not_stated,0
2020,qld,male,0-4,154
2020,qld,male,10-14,17
2020,qld,male,100+,84
2020,qld,male,15-19,77
2020,qld,male,20-24,129
2020,qld,male,25-29,147
2020,qld,male,30-34,156
2020,qld,male,35-39,222
2020,qld,male,40-44,249
2020,qld,male,45-49,386
2020,qld,male,5-9,11
2020,qld,male,50-54,508
2020,qld,male,55-59,761
2020,qld,male,60-64,1036
2020,qld,male,65-69,1412
2020,qld,male,70-74,1963
2020,qld,male,75-79,2296
2020,qld,male,80-84,2552
2020,qld,male,85-89,2405
2020,qld,male,90-94,1724
2020,qld,male,95-99,604
2020,qld,male,not_stated,0
2020,sa,female,0-4,27
2020,sa,female,10-14,5
2020,sa,female,100+,117
2020,sa,female,15-19,11
2020,sa,female,20-24,16
2020,sa,female,25-29,13
2020,sa,female,30-34,21
2020,sa,female,35-39,37
2020,sa,female,40-44,42
2020,sa,female,45-49,80
2020,sa,female,5-9,4
2020,sa,female,50-54,115
2020,sa,female,55-59,177
2020,sa,female,60-64,255
2020,sa,female,65-69,333
2020,sa,female,70-74,505
2020,sa,female,75-79,646
2020,sa,female,80-84,914
2020,sa,female,85-89,1209
2020,sa,female,90-94,1286
2020,sa,female,95-99,753
2020,sa,female,not_stated,0
2020,sa,male,0-4,27
2020,sa,male,10-14,1
2020,sa,male,100+,43
2020,sa,male,15-19,31
2020,sa,male,20-24,28
2020,sa,male,25-29,47
2020,sa,male,30-34,52
2020,sa,male,35-39,53
2020,sa,male,40-44,91
2020,sa,male,45-49,148
2020,sa,male,5-9,1
2020,sa,male,50-54,215
2020,sa,male,55-59,310
2020,sa,male,60-64,396
2020,sa,male,65-69,495
2020,sa,male,70-74,758
2020,sa,male,75-79,899
2020,sa,male,80-84,1082
2020,sa,male,85-89,1142
2020,sa,male,90-94,918
2020,sa,male,95-99,300
2020,sa,male,not_stated,3
2020,tas,female,0-4,12
2020,tas,female,10-14,4
2020,tas,female,100+,34
2020,tas,female,15-19,4
2020,tas,female,20-24,4
2020,tas,female,25-29,4
2020,tas,female,30-34,6
2020,tas,female,35-39,17
2020,tas,female,40-44,14
2020,tas,female,45-49,22
2020,tas,female,5-9,0
2020,tas,female,50-54,44
2020,tas,female,55-59,59
2020,tas,female,60-64,99
2020,tas,female,65-69,110
2020,tas,female,70-74,191
2020,tas,female,75-79,212
2020,tas,female,80-84,277
2020,tas,female,85-89,381
2020,tas,female,90-94,397
2020,tas,female,95-99,166
2020,tas,female,not_stated,0
2020,tas,male,0-4,11
2020,tas,male,10-14,4
2020,tas,male,100+,7
2020,tas,male,15-19,13
2020,tas,male,20-24,12
2020,tas,male,25-29,14
2020,tas,male,30-34,20
2020,tas,male,35-39,18
2020,tas,male,40-44,26
2020,tas,male,45-49,41
2020,tas,male,5-9,1
2020,tas,male,50-54,71
2020,tas,male,55-59,103
2020,tas,male,60-64,149
2020,tas,male,65-69,204
2020,tas,male,70-74,310
2020,tas,male,75-79,333
2020,tas,male,80-84,368
2020,tas,male,85-89,346
2020,tas,male,90-94,259
2020,tas,male,95-99,75
2020,tas,male,not_stated,0
2020,vic,female,0-4,115
2020,vic,female,10-14,11
2020,vic,female,100+,397
2020,vic,female,15-19,33
2020,vic,female,20-24,36
2020,vic,female,25-29,78
2020,vic,female,30-34,95
2020,vic,female,35-39,113
2020,vic,female,40-44,153
2020,vic,female,45-49,286
2020,vic,female,5-9,7
2020,vic,female,50-54,345
2020,vic,female,55-59,539
2020,vic,female,60-64,761
2020,vic,female,65-69,1006
2020,vic,female,70-74,1467
2020,vic,female,75-79,1872
2020,vic,female,80-84,2867
2020,vic,female,85-89,3745
2020,vic,female,90-94,4000
2020,vic,female,95-99,2026
2020,vic,female,not_stated,0
2020,vic,male,0-4,136
2020,vic,male,10-14,18
2020,vic,male,100+,93
2020,vic,male,15-19,60
2020,vic,male,20-24,130
2020,vic,male,25-29,157
2020,vic,male,30-34,196
2020,vic,male,35-39,232
2020,vic,male,40-44,267
2020,vic,male,45-49,429
2020,vic,male,5-9,12
2020,vic,male,50-54,598
2020,vic,male,55-59,851
2020,vic,male,60-64,1190
2020,vic,male,65-69,1523
2020,vic,male,70-74,2243
2020,vic,male,75-79,2623
2020,vic,male,80-84,3122
2020,vic,male,85-89,3490
2020,vic,male,90-94,2799
2020,vic,male,95-99,972
2020,vic,male,not_stated,0
2020,wa,female,0-4,39
2020,wa,female,10-14,8
2020,wa,female,100+,138
2020,wa,female,15-19,16
2020,wa,female,20-24,24
2020,wa,female,25-29,36
2020,wa,female,30-34,47
2020,wa,female,35-39,60
2020,wa,female,40-44,76
2020,wa,female,45-49,140
2020,wa,female,5-9,3
2020,wa,female,50-54,148
2020,wa,female,55-59,211
2020,wa,female,60-64,325
2020,wa,female,65-69,392
2020,wa,female,70-74,556
2020,wa,female,75-79,687
2020,wa,female,80-84,907
2020,wa,female,85-89,1243
2020,wa,female,90-94,1268
2020,wa,female,95-99,729
2020,wa,female,not_stated,0
2020,wa,male,0-4,52
2020,wa,male,10-14,6
2020,wa,male,100+,35
2020,wa,male,15-19,36
2020,wa,male,20-24,73
2020,wa,male,25-29,85
2020,wa,male,30-34,103
2020,wa,male,35-39,115
2020,wa,male,40-44,159
2020,wa,male,45-49,199
2020,wa,male,5-9,8
2020,wa,male,50-54,249
2020,wa,male,55-59,364
2020,wa,male,60-64,494
2020,wa,male,65-69,677
2020,wa,male,70-74,896
2020,wa,male,75-79,970
2020,wa,male,80-84,1134
2020,wa,male,85-89,1125
2020,wa,male,90-94,899
2020,wa,male,95-99,259
2020,wa,male,not_stated,4
2021,act,female,0-4,8
2021,act,female,10-14,1
2021,act,female,100+,23
2021,act,female,15-19,2
2021,act,female,20-24,6
2021,act,female,25-29,5
2021,act,female,30-34,5
2021,act,female,35-39,9
2021,act,female,40-44,11
2021,act,female,45-49,14
2021,act,female,5-9,2
2021,act,female,50-54,20
2021,act,female,55-59,34
2021,act,female,60-64,47
2021,act,female,65-69,56
2021,act,female,70-74,75
2021,act,female,75-79,129
2021,act,female,80-84,148
2021,act,female,85-89,169
2021,act,female,90-94,186
2021,act,female,95-99,115
2021,act,female,not_stated,0
2021,act,male,0-4,11
2021,act,male,10-14,2
2021,act,male,100+,11
2021,act,male,15-19,5
2021,act,male,20-24,8
2021,act,male,25-29,11
2021,act,male,30-34,11
2021,act,male,35-39,19
2021,act,male,40-44,23
2021,act,male,45-49,35
2021,act,male,5-9,3
2021,act,male,50-54,33
2021,act,male,55-59,45
2021,act,male,60-64,71
2021,act,male,65-69,78
2021,act,male,70-74,115
2021,act,male,75-79,123
2021,act,male,80-84,177
2021,act,male,85-89,175
2021,act,male,90-94,148
2021,act,male,95-99,42
2021,act,male,not_stated,0
2021,nsw,female,0-4,140
2021,nsw,female,10-14,19
2021,nsw,female,100+,660
2021,nsw,female,15-19,46
2021,nsw,female,20-24,58
2021,nsw,female,25-29,63
2021,nsw,female,30-34,91
2021,nsw,female,35-39,149
2021,nsw,female,40-44,202
2021,nsw,female,45-49,340
2021,nsw,female,5-9,18
2021,nsw,female,50-54,490
2021,nsw,female,55-59,720
2021,nsw,female,60-64,1008
2021,nsw,female,65-69,1449
2021,nsw,female,70-74,2147
2021,nsw,female,75-79,2779
2021,nsw,female,80-84,3759
2021,nsw,female,85-89,4837
2021,nsw,female,90-94,5222
2021,nsw,female,95-99,2997
2021,nsw,female,not_stated,4
2021,nsw,male,0-4,221
2021,nsw,male,10-14,27
2021,nsw,male,100+,172
2021,nsw,male,15-19,90
2021,nsw,male,20-24,135
2021,nsw,male,25-29,182
2021,nsw,male,30-34,216
2021,nsw,male,35-39,244
2021,nsw,male,40-44,317
2021,nsw,male,45-49,537
2021,nsw,male,5-9,17
2021,nsw,male,50-54,788
2021,nsw,male,55-59,1172
2021,nsw,male,60-64,1609
2021,nsw,male,65-69,2248
2021,nsw,male,70-74,3117
2021,nsw,male,75-79,3872
2021,nsw,male,80-84,4580
2021,nsw,male,85-89,4714
2021,nsw,male,90-94,3730
2021,nsw,male,95-99,1341
2021,nsw,male,not_stated,2
2021,nt,female,0-4,8
2021,nt,female,10-14,0
2021,nt,female,100+,4
2021,nt,female,15-19,7
2021,nt,female,20-24,5
2021,nt,female,25-29,5
2021,nt,female,30-34,5
2021,nt,female,35-39,11
2021,nt,female,40-44,9
2021,nt,female,45-49,36
2021,nt,female,5-9,1
2021,nt,female,50-54,31
2021,nt,female,55-59,45
2021,nt,female,60-64,41
2021,nt,female,65-69,50
2021,nt,female,70-74,38
2021,nt,female,75-79,59
2021,nt,female,80-84,42
2021,nt,female,85-89,39
2021,nt,female,90-94,35
2021,nt,female,95-99,9
2021,nt,female,not_stated,0
2021,nt,male,0-4,24
2021,nt,male,10-14,1
2021,nt,male,100+,0
2021,nt,male,15-19,15
2021,nt,male,20-24,13
2021,nt,male,25-29,18
2021,nt,male,30-34,22
2021,nt,male,35-39,18
2021,nt,male,40-44,13
2021,nt,male,45-49,34
2021,nt,male,5-9,2
2021,nt,male,50-54,42
2021,nt,male,55-59,67
2021,nt,male,60-64,67
2021,nt,male,65-69,82
2021,nt,male,70-74,83
2021,nt,male,75-79,82
2021,nt,male,80-84,77
2021,nt,male,85-89,45
2021,nt,male,90-94,22
2021,nt,male,95-99,5
2021,nt,male,not_stated,0
2021,qld,female,0-4,146
2021,qld,female,10-14,17
2021,qld,female,100+,315
2021,qld,female,15-19,31
2021,qld,female,20-24,41
2021,qld,female,25-29,49
2021,qld,female,30-34,71
2021,qld,female,35-39,116
2021,qld,female,40-44,163
2021,qld,female,45-49,227
2021,qld,female,5-9,9
2021,qld,female,50-54,334
2021,qld,female,55-59,490
2021,qld,female,60-64,701
2021,qld,female,65-69,913
2021,qld,female,70-74,1343
2021,qld,female,75-79,1651
2021,qld,female,80-84,2267
2021,qld,female,85-89,2659
2021,qld,female,90-94,2821
2021,qld,female,95-99,1468
2021,qld,female,not_stated,0
2021,qld,male,0-4,136
2021,qld,male,10-14,21
2021,qld,male,100+,96
2021,qld,male,15-19,89
2021,qld,male,20-24,128
2021,qld,male,25-29,146
2021,qld,male,30-34,171
2021,qld,male,35-39,204
2021,qld,male,40-44,273
2021,qld,male,45-49,379
2021,qld,male,5-9,13
2021,qld,male,50-54,530
2021,qld,male,55-59,799
2021,qld,male,60-64,1064
2021,qld,male,65-69,1388
2021,qld,male,70-74,2147
2021,qld,male,75-79,2459
2021,qld,male,80-84,2802
2021,qld,male,85-89,2625
2021,qld,male,90-94,1883
2021,qld,male,95-99,673
2021,qld,male,not_stated,0
2021,sa,female,0-4,29
2021,sa,female,10-14,2
2021,sa,female,100+,194
2021,sa,female,15-19,13
2021,sa,female,20-24,11
2021,sa,female,25-29,16
2021,sa,female,30-34,26
2021,sa,female,35-39,48
2021,sa,female,40-44,56
2021,sa,female,45-49,78
2021,sa,female,5-9,4
2021,sa,female,50-54,112
2021,sa,female,55-59,189
2021,sa,female,60-64,236
2021,sa,female,65-69,374
2021,sa,female,70-74,500
2021,sa,female,75-79,700
2021,sa,female,80-84,946
2021,sa,female,85-89,1255
2021,sa,female,90-94,1424
2021,sa,female,95-99,850
2021,sa,female,not_stated,0
2021,sa,male,0-4,38
2021,sa,male,10-14,8
2021,sa,male,100+,47
2021,sa,male,15-19,26
2021,sa,male,20-24,35
2021,sa,male,25-29,44
2021,sa,male,30-34,50
2021,sa,male,35-39,65
2021,sa,male,40-44,82
2021,sa,male,45-49,120
2021,sa,male,5-9,5
2021,sa,male,50-54,219
2021,sa,male,55-59,320
2021,sa,male,60-64,418
2021,sa,male,65-69,590
2021,sa,male,70-74,784
2021,sa,male,75-79,869
2021,sa,male,80-84,1114
2021,sa,male,85-89,1197
2021,sa,male,90-94,1043
2021,sa,male,95-99,357
2021,sa,male,not_stated,0
2021,tas,female,0-4,14
2021,tas,female,10-14,4
2021,tas,female,100+,38
2021,tas,female,15-19,3
2021,tas,female,20-24,0
2021,tas,female,25-29,1
2021,tas,female,30-34,3
2021,tas,female,35-39,10
2021,tas,female,40-44,14
2021,tas,female,45-49,27
2021,tas,female,5-9,4
2021,tas,female,50-54,44
2021,tas,female,55-59,73
2021,tas,female,60-64,98
2021,tas,female,65-69,137
2021,tas,female,70-74,228
2021,tas,female,75-79,259
2021,tas,female,80-84,383
2021,tas,female,85-89,405
2021,tas,female,90-94,385
2021,tas,female,95-99,214
2021,tas,female,not_stated,0
2021,tas,male,0-4,15
2021,tas,male,10-14,6
2021,tas,male,100+,11
2021,tas,male,15-19,6
2021,tas,male,20-24,11
2021,tas,male,25-29,14
2021,tas,male,30-34,19
2021,tas,male,35-39,19
2021,tas,male,40-44,27
2021,tas,male,45-49,40
2021,tas,male,5-9,2
2021,tas,male,50-54,66
2021,tas,male,55-59,92
2021,tas,male,60-64,155
2021,tas,male,65-69,211
2021,tas,male,70-74,297
2021,tas,male,75-79,314
2021,tas,male,80-84,386
2021,tas,male,85-89,356
2021,tas,male,90-94,287
2021,tas,male,95-99,95
2021,tas,male,not_stated,0
2021,vic,female,0-4,126
2021,vic,female,10-14,13
2021,vic,female,100+,462
2021,vic,female,15-19,29
2021,vic,female,20-24,53
2021,vic,female,25-29,57
2021,vic,female,30-34,82
2021,vic,female,35-39,115
2021,vic,female,40-44,182
2021,vic,female,45-49,259
2021,vic,female,5-9,17
2021,vic,female,50-54,384
2021,vic,female,55-59,542
2021,vic,female,60-64,761
2021,vic,female,65-69,1005
2021,vic,female,70-74,1641
2021,vic,female,75-79,1931
2021,vic,female,80-84,2921
2021,vic,female,85-89,3825
2021,vic,female,90-94,4100
2021,vic,female,95-99,2116
2021,vic,female,not_stated,1
2021,vic,male,0-4,150
2021,vic,male,10-14,13
2021,vic,male,100+,122
2021,vic,male,15-19,63
2021,vic,male,20-24,101
2021,vic,male,25-29,138
2021,vic,male,30-34,191
2021,vic,male,35-39,206
2021,vic,male,40-44,255
2021,vic,male,45-49,394
2021,vic,male,5-9,16
2021,vic,male,50-54,631
2021,vic,male,55-59,901
2021,vic,male,60-64,1204
2021,vic,male,65-69,1538
2021,vic,male,70-74,2343
2021,vic,male,75-79,2731
2021,vic,male,80-84,3376
2021,vic,male,85-89,3543
2021,vic,male,90-94,2939
2021,vic,male,95-99,1007
2021,vic,male,not_stated,2
2021,wa,female,0-4,39
2021,wa,female,10-14,7
2021,wa,female,100+,166
2021,wa,female,15-19,9
2021,wa,female,20-24,29
2021,wa,female,25-29,33
2021,wa,female,30-34,43
2021,wa,female,35-39,59
2021,wa,female,40-44,74
2021,wa,female,45-49,118
2021,wa,female,5-9,1
2021,wa,female,50-54,141
2021,wa,female,55-59,236
2021,wa,female,60-64,320
2021,wa,female,65-69,440
2021,wa,female,70-74,578
2021,wa,female,75-79,716
2021,wa,female,80-84,1022
2021,wa,female,85-89,1291
2021,wa,female,90-94,1379
2021,wa,female,95-99,761
2021,wa,female,not_stated,1
2021,wa,male,0-4,55
2021,wa,male,10-14,15
2021,wa,male,100+,54
2021,wa,male,15-19,32
2021,wa,male,20-24,67
2021,wa,male,25-29,70
2021,wa,male,30-34,86
2021,wa,male,35-39,119
2021,wa,male,40-44,135
2021,wa,male,45-49,186
2021,wa,male,5-9,9
2021,wa,male,50-54,285
2021,wa,male,55-59,353
2021,wa,male,60-64,496
2021,wa,male,65-69,675
2021,wa,male,70-74,850
2021,wa,male,75-79,1065
2021,wa,male,80-84,1281
2021,wa,male,85-89,1266
2021,wa,male,90-94,962
2021,wa,male,95-99,364
2021,wa,male,not_stated,2
2022,act,female,0-4,7
2022,act,female,10-14,1
2022,act,female,100+,31
2022,act,female,15-19,1
2022,act,female,20-24,5
2022,act,female,25-29,4
2022,act,female,30-34,12
2022,act,female,35-39,12
2022,act,female,40-44,17
2022,act,female,45-49,9
2022,act,female,5-9,0
2022,act,female,50-54,32
2022,act,female,55-59,32
2022,act,female,60-64,45
2022,act,female,65-69,64
2022,act,female,70-74,110
2022,act,female,75-79,140
2022,act,female,80-84,182
2022,act,female,85-89,201
2022,act,female,90-94,223
2022,act,female,95-99,134
2022,act,female,not_stated,0
2022,act,male,0-4,13
2022,act,male,10-14,5
2022,act,male,100+,9
2022,act,male,15-19,5
2022,act,male,20-24,12
2022,act,male,25-29,12
2022,act,male,30-34,2
2022,act,male,35-39,20
2022,act,male,40-44,18
2022,act,male,45-49,26
2022,act,male,5-9,3
2022,act,male,50-54,30
2022,act,male,55-59,53
2022,act,male,60-64,69
2022,act,male,65-69,92
2022,act,male,70-74,142
2022,act,male,75-79,168
2022,act,male,80-84,189
2022,act,male,85-89,203
2022,act,male,90-94,161
2022,act,male,95-99,68
2022,act,male,not_stated,0
2022,nsw,female,0-4,142
2022,nsw,female,10-14,12
2022,nsw,female,100+,791
2022,nsw,female,15-19,38
2022,nsw,female,20-24,62
2022,nsw,female,25-29,67
2022,nsw,female,30-34,93
2022,nsw,female,35-39,148
2022,nsw,female,40-44,207
2022,nsw,female,45-49,319
2022,nsw,female,5-9,23
2022,nsw,female,50-54,517
2022,nsw,female,55-59,746
2022,nsw,female,60-64,1074
2022,nsw,female,65-69,1571
2022,nsw,female,70-74,2195
2022,nsw,female,75-79,3143
2022,nsw,female,80-84,4234
2022,nsw,female,85-89,5491
2022,nsw,female,90-94,5953
2022,nsw,female,95-99,3332
2022,nsw,female,not_stated,0
2022,nsw,male,0-4,170
2022,nsw,male,10-14,24
2022,nsw,male,100+,216
2022,nsw,male,15-19,95
2022,nsw,male,20-24,132
2022,nsw,male,25-29,170
2022,nsw,male,30-34,240
2022,nsw,male,35-39,300
2022,nsw,male,40-44,392
2022,nsw,male,45-49,533
2022,nsw,male,5-9,19
2022,nsw,male,50-54,833
2022,nsw,male,55-59,1248
2022,nsw,male,60-64,1866
2022,nsw,male,65-69,2472
2022,nsw,male,70-74,3368
2022,nsw,male,75-79,4401
2022,nsw,male,80-84,5165
2022,nsw,male,85-89,5374
2022,nsw,male,90-94,4271
2022,nsw,male,95-99,1533
2022,nsw,male,not_stated,0
2022,nt,female,0-4,19
2022,nt,female,10-14,4
2022,nt,female,100+,2
2022,nt,female,15-19,7
2022,nt,female,20-24,6
2022,nt,female,25-29,8
2022,nt,female,30-34,9
2022,nt,female,35-39,20
2022,nt,female,40-44,19
2022,nt,female,45-49,26
2022,nt,female,5-9,0
2022,nt,female,50-54,35
2022,nt,female,55-59,44
2022,nt,female,60-64,54
2022,nt,female,65-69,59
2022,nt,female,70-74,57
2022,nt,female,75-79,56
2022,nt,female,80-84,60
2022,nt,female,85-89,47
2022,nt,female,90-94,31
2022,nt,female,95-99,11
2022,nt,female,not_stated,1
2022,nt,male,0-4,19
2022,nt,male,10-14,4
2022,nt,male,100+,2
2022,nt,male,15-19,8
2022,nt,male,20-24,19
2022,nt,male,25-29,14
2022,nt,male,30-34,22
2022,nt,male,35-39,20
2022,nt,male,40-44,27
2022,nt,male,45-49,34
2022,nt,male,5-9,5
2022,nt,male,50-54,53
2022,nt,male,55-59,46
2022,nt,male,60-64,84
2022,nt,male,65-69,80
2022,nt,male,70-74,85
2022,nt,male,75-79,76
2022,nt,male,80-84,84
2022,nt,male,85-89,51
2022,nt,male,90-94,27
2022,nt,male,95-99,5
2022,nt,male,not_stated,0
2022,qld,female,0-4,153
2022,qld,female,10-14,19
2022,qld,female,100+,370
2022,qld,female,15-19,28
2022,qld,female,20-24,41
2022,qld,female,25-29,51
2022,qld,female,30-34,66
2022,qld,female,35-39,116
2022,qld,female,40-44,179
2022,qld,female,45-49,229
2022,qld,female,5-9,12
2022,qld,female,50-54,388
2022,qld,female,55-59,539
2022,qld,female,60-64,741
2022,qld,female,65-69,961
2022,qld,female,70-74,1452
2022,qld,female,75-79,2040
2022,qld,female,80-84,2407
2022,qld,female,85-89,3155
2022,qld,female,90-94,3055
2022,qld,female,95-99,1635
2022,qld,female,not_stated,0
2022,qld,male,0-4,173
2022,qld,male,10-14,27
2022,qld,male,100+,127
2022,qld,male,15-19,62
2022,qld,male,20-24,125
2022,qld,male,25-29,136
2022,qld,male,30-34,159
2022,qld,male,35-39,219
2022,qld,male,40-44,263
2022,qld,male,45-49,399
2022,qld,male,5-9,15
2022,qld,male,50-54,582
2022,qld,male,55-59,777
2022,qld,male,60-64,1225
2022,qld,male,65-69,1535
2022,qld,male,70-74,2182
2022,qld,male,75-79,3008
2022,qld,male,80-84,3286
2022,qld,male,85-89,3078
2022,qld,male,90-94,2326
2022,qld,male,95-99,819
2022,qld,male,not_stated,0
2022,sa,female,0-4,36
2022,sa,female,10-14,1
2022,sa,female,100+,214
2022,sa,female,15-19,11
2022,sa,female,20-24,17
2022,sa,female,25-29,25
2022,sa,female,30-34,24
2022,sa,female,35-39,38
2022,sa,female,40-44,49
2022,sa,female,45-49,69
2022,sa,female,5-9,6
2022,sa,female,50-54,124
2022,sa,female,55-59,189
2022,sa,female,60-64,303
2022,sa,female,65-69,383
2022,sa,female,70-74,531
2022,sa,female,75-79,820
2022,sa,female,80-84,1043
2022,sa,female,85-89,1385
2022,sa,female,90-94,1505
2022,sa,female,95-99,880
2022,sa,female,not_stated,0
2022,sa,male,0-4,35
2022,sa,male,10-14,1
2022,sa,male,100+,75
2022,sa,male,15-19,15
2022,sa,male,20-24,35
2022,sa,male,25-29,33
2022,sa,male,30-34,57
2022,sa,male,35-39,65
2022,sa,male,40-44,91
2022,sa,male,45-49,125
2022,sa,male,5-9,4
2022,sa,male,50-54,196
2022,sa,male,55-59,290
2022,sa,male,60-64,463
2022,sa,male,65-69,603
2022,sa,male,70-74,803
2022,sa,male,75-79,1030
2022,sa,male,80-84,1201
2022,sa,male,85-89,1271
2022,sa,male,90-94,995
2022,sa,male,95-99,409
2022,sa,male,not_stated,3
2022,tas,female,0-4,7
2022,tas,female,10-14,4
2022,tas,female,100+,42
2022,tas,female,15-19,3
2022,tas,female,20-24,5
2022,tas,female,25-29,3
2022,tas,female,30-34,5
2022,tas,female,35-39,15
2022,tas,female,40-44,13
2022,tas,female,45-49,33
2022,tas,female,5-9,0
2022,tas,female,50-54,53
2022,tas,female,55-59,60
2022,tas,female,60-64,121
2022,tas,female,65-69,172
2022,tas,female,70-74,207
2022,tas,female,75-79,304
2022,tas,female,80-84,342
2022,tas,female,85-89,428
2022,tas,female,90-94,425
2022,tas,female,95-99,196
2022,tas,female,not_stated,0
2022,tas,male,0-4,12
2022,tas,male,10-14,4
2022,tas,male,100+,16
2022,tas,male,15-19,9
2022,tas,male,20-24,7
2022,tas,male,25-29,17
2022,tas,male,30-34,21
2022,tas,male,35-39,15
2022,tas,male,40-44,28
2022,tas,male,45-49,50
2022,tas,male,5-9,2
2022,tas,male,50-54,71
2022,tas,male,55-59,101
2022,tas,male,60-64,174
2022,tas,male,65-69,228
2022,tas,male,70-74,335
2022,tas,male,75-79,393
2022,tas,male,80-84,400
2022,tas,male,85-89,435
2022,tas,male,90-94,297
2022,tas,male,95-99,93
2022,tas,male,not_stated,0
2022,vic,female,0-4,122
2022,vic,female,10-14,18
2022,vic,female,100+,602
2022,vic,female,15-19,28
2022,vic,female,20-24,52
2022,vic,female,25-29,62
2022,vic,female,30-34,102
2022,vic,female,35-39,128
2022,vic,female,40-44,180
2022,vic,female,45-49,303
2022,vic,female,5-9,13
2022,vic,female,50-54,479
2022,vic,female,55-59,550
2022,vic,female,60-64,833
2022,vic,female,65-69,1099
2022,vic,female,70-74,1736
2022,vic,female,75-79,2256
2022,vic,female,80-84,3220
2022,vic,female,85-89,4321
2022,vic,female,90-94,4592
2022,vic,female,95-99,2503
2022,vic,female,not_stated,0
2022,vic,male,0-4,131
2022,vic,male,10-14,19
2022,vic,male,100+,172
2022,vic,male,15-19,62
2022,vic,male,20-24,128
2022,vic,male,25-29,150
2022,vic,male,30-34,212
2022,vic,male,35-39,236
2022,vic,male,40-44,334
2022,vic,male,45-49,445
2022,vic,male,5-9,12
2022,vic,male,50-54,670
2022,vic,male,55-59,906
2022,vic,male,60-64,1288
2022,vic,male,65-69,1754
2022,vic,male,70-74,2539
2022,vic,male,75-79,3255
2022,vic,male,80-84,3900
2022,vic,male,85-89,4052
2022,vic,male,90-94,3281
2022,vic,male,95-99,1233
2022,vic,male,not_stated,0
2022,wa,female,0-4,48
2022,wa,female,10-14,6
2022,wa,female,100+,200
2022,wa,female,15-19,15
2022,wa,female,20-24,23
2022,wa,female,25-29,25
2022,wa,female,30-34,50
2022,wa,female,35-39,65
2022,wa,female,40-44,88
2022,wa,female,45-49,140
2022,wa,female,5-9,6
2022,wa,female,50-54,165
2022,wa,female,55-59,247
2022,wa,female,60-64,312
2022,wa,female,65-69,462
2022,wa,female,70-74,614
2022,wa,female,75-79,807
2022,wa,female,80-84,1126
2022,wa,female,85-89,1417
2022,wa,female,90-94,1454
2022,wa,female,95-99,809
2022,wa,female,not_stated,2
2022,wa,male,0-4,51
2022,wa,male,10-14,6
2022,wa,male,100+,45
2022,wa,male,15-19,29
2022,wa,male,20-24,56
2022,wa,male,25-29,84
2022,wa,male,30-34,104
2022,wa,male,35-39,122
2022,wa,male,40-44,149
2022,wa,male,45-49,196
2022,wa,male,5-9,21
2022,wa,male,50-54,305
2022,wa,male,55-59,391
2022,wa,male,60-64,555
2022,wa,male,65-69,693
2022,wa,male,70-74,941
2022,wa,male,75-79,1258
2022,wa,male,80-84,1357
2022,wa,male,85-89,1417
2022,wa,male,90-94,1069
2022,wa,male,95-99,368
2022,wa,male,not_stated,1
2023,act,female,0-4,13
2023,act,female,10-14,1
2023,act,female,100+,15
2023,act,female,15-19,0
2023,act,female,20-24,3
2023,act,female,25-29,3
2023,act,female,30-34,10
2023,act,female,35-39,14
2023,act,female,40-44,15
2023,act,female,45-49,15
2023,act,female,5-9,4
2023,act,female,50-54,24
2023,act,female,55-59,38
2023,act,female,60-64,39
2023,act,female,65-69,59
2023,act,female,70-74,71
2023,act,female,75-79,149
2023,act,female,80-84,158
2023,act,female,85-89,201
2023,act,female,90-94,193
2023,act,female,95-99,126
2023,act,female,not_stated,0
2023,act,male,0-4,16
2023,act,male,10-14,2
2023,act,male,100+,10
2023,act,male,15-19,6
2023,act,male,20-24,6
2023,act,male,25-29,9
2023,act,male,30-34,14
2023,act,male,35-39,12
2023,act,male,40-44,12
2023,act,male,45-49,37
2023,act,male,5-9,1
2023,act,male,50-54,37
2023,act,male,55-59,47
2023,act,male,60-64,54
2023,act,male,65-69,84
2023,act,male,70-74,98
2023,act,male,75-79,189
2023,act,male,80-84,214
2023,act,male,85-89,194
2023,act,male,90-94,150
2023,act,male,95-99,66
2023,act,male,not_stated,0
2023,nsw,female,0-4,136
2023,nsw,female,10-14,21
2023,nsw,female,100+,710
2023,nsw,female,15-19,33
2023,nsw,female,20-24,54
2023,nsw,female,25-29,67
2023,nsw,female,30-34,103
2023,nsw,female,35-39,137
2023,nsw,female,40-44,203
2023,nsw,female,45-49,292
2023,nsw,female,5-9,10
2023,nsw,female,50-54,486
2023,nsw,female,55-59,700
2023,nsw,female,60-64,1096
2023,nsw,female,65-69,1479
2023,nsw,female,70-74,2051
2023,nsw,female,75-79,3129
2023,nsw,female,80-84,4139
2023,nsw,female,85-89,5098
2023,nsw,female,90-94,5419
2023,nsw,female,95-99,2978
2023,nsw,female,not_stated,0
2023,nsw,male,0-4,166
2023,nsw,male,10-14,31
2023,nsw,male,100+,211
2023,nsw,male,15-19,85
2023,nsw,male,20-24,133
2023,nsw,male,25-29,164
2023,nsw,male,30-34,185
2023,nsw,male,35-39,267
2023,nsw,male,40-44,373
2023,nsw,male,45-49,525
2023,nsw,male,5-9,19
2023,nsw,male,50-54,827
2023,nsw,male,55-59,1105
2023,nsw,male,60-64,1736
2023,nsw,male,65-69,2366
2023,nsw,male,70-74,3245
2023,nsw,male,75-79,4373
2023,nsw,male,80-84,5013
2023,nsw,male,85-89,5087
2023,nsw,male,90-94,3748
2023,nsw,male,95-99,1451
2023,nsw,male,not_stated,0
2023,nt,female,0-4,16
2023,nt,female,10-14,0
2023,nt,female,100+,1
2023,nt,female,15-19,1
2023,nt,female,20-24,1
2023,nt,female,25-29,14
2023,nt,female,30-34,7
2023,nt,female,35-39,15
2023,nt,female,40-44,17
2023,nt,female,45-49,21
2023,nt,female,5-9,2
2023,nt,female,50-54,36
2023,nt,female,55-59,34
2023,nt,female,60-64,41
2023,nt,female,65-69,73
2023,nt,female,70-74,69
2023,nt,female,75-79,45
2023,nt,female,80-84,63
2023,nt,female,85-89,41
2023,nt,female,90-94,36
2023,nt,female,95-99,15
2023,nt,female,not_stated,0
2023,nt,male,0-4,16
2023,nt,male,10-14,0
2023,nt,male,100+,2
2023,nt,male,15-19,8
2023,nt,male,20-24,9
2023,nt,male,25-29,14
2023,nt,male,30-34,19
2023,nt,male,35-39,22
2023,nt,male,40-44,25
2023,nt,male,45-49,30
2023,nt,male,5-9,3
2023,nt,male,50-54,55
2023,nt,male,55-59,70
2023,nt,male,60-64,69
2023,nt,male,65-69,77
2023,nt,male,70-74,86
2023,nt,male,75-79,66
2023,nt,male,80-84,66
2023,nt,male,85-89,43
2023,nt,male,90-94,13
2023,nt,male,95-99,6
2023,nt,male,not_stated,0
2023,qld,female,0-4,131
2023,qld,female,10-14,17
2023,qld,female,100+,343
2023,qld,female,15-19,32
2023,qld,female,20-24,41
2023,qld,female,25-29,58
2023,qld,female,30-34,77
2023,qld,female,35-39,116
2023,qld,female,40-44,160
2023,qld,female,45-49,235
2023,qld,female,5-9,16
2023,qld,female,50-54,357
2023,qld,female,55-59,484
2023,qld,female,60-64,744
2023,qld,female,65-69,1015
2023,qld,female,70-74,1365
2023,qld,female,75-79,2009
2023,qld,female,80-84,2484
2023,qld,female,85-89,2851
2023,qld,female,90-94,2884
2023,qld,female,95-99,1572
2023,qld,female,not_stated,0
2023,qld,male,0-4,175
2023,qld,male,10-14,21
2023,qld,male,100+,95
2023,qld,male,15-19,71
2023,qld,male,20-24,117
2023,qld,male,25-29,157
2023,qld,male,30-34,153
2023,qld,male,35-39,194
2023,qld,male,40-44,295
2023,qld,male,45-49,356
2023,qld,male,5-9,17
2023,qld,male,50-54,572
2023,qld,male,55-59,790
2023,qld,male,60-64,1189
2023,qld,male,65-69,1567
2023,qld,male,70-74,2122
2023,qld,male,75-79,2843
2023,qld,male,80-84,3054
2023,qld,male,85-89,3007
2023,qld,male,90-94,2074
2023,qld,male,95-99,762
2023,qld,male,not_stated,0
2023,sa,female,0-4,24
2023,sa,female,10-14,6
2023,sa,female,100+,196
2023,sa,female,15-19,9
2023,sa,female,20-24,10
2023,sa,female,25-29,13
2023,sa,female,30-34,22
2023,sa,female,35-39,36
2023,sa,female,40-44,52
2023,sa,female,45-49,78
2023,sa,female,5-9,1
2023,sa,female,50-54,123
2023,sa,female,55-59,188
2023,sa,female,60-64,281
2023,sa,female,65-69,379
2023,sa,female,70-74,537
2023,sa,female,75-79,842
2023,sa,female,80-84,1049
2023,sa,female,85-89,1315
2023,sa,female,90-94,1413
2023,sa,female,95-99,863
2023,sa,female,not_stated,0
2023,sa,male,0-4,35
2023,sa,male,10-14,15
2023,sa,male,100+,58
2023,sa,male,15-19,16
2023,sa,male,20-24,29
2023,sa,male,25-29,40
2023,sa,male,30-34,38
2023,sa,male,35-39,66
2023,sa,male,40-44,91
2023,sa,male,45-49,131
2023,sa,male,5-9,9
2023,sa,male,50-54,221
2023,sa,male,55-59,303
2023,sa,male,60-64,462
2023,sa,male,65-69,601
2023,sa,male,70-74,789
2023,sa,male,75-79,1099
2023,sa,male,80-84,1248
2023,sa,male,85-89,1321
2023,sa,male,90-94,1056
2023,sa,male,95-99,433
2023,sa,male,not_stated,0
2023,tas,female,0-4,9
2023,tas,female,10-14,2
2023,tas,female,100+,59
2023,tas,female,15-19,6
2023,tas,female,20-24,1
2023,tas,female,25-29,9
2023,tas,female,30-34,2
2023,tas,female,35-39,13
2023,tas,female,40-44,9
2023,tas,female,45-49,19
2023,tas,female,5-9,0
2023,tas,female,50-54,61
2023,tas,female,55-59,52
2023,tas,female,60-64,103
2023,tas,female,65-69,138
2023,tas,female,70-74,195
2023,tas,female,75-79,341
2023,tas,female,80-84,371
2023,tas,female,85-89,477
2023,tas,female,90-94,404
2023,tas,female,95-99,202
2023,tas,female,not_stated,0
2023,tas,male,0-4,14
2023,tas,male,10-14,1
2023,tas,male,100+,10
2023,tas,male,15-19,3
2023,tas,male,20-24,8
2023,tas,male,25-29,9
2023,tas,male,30-34,16
2023,tas,male,35-39,20
2023,tas,male,40-44,33
2023,tas,male,45-49,46
2023,tas,male,5-9,2
2023,tas,male,50-54,77
2023,tas,male,55-59,99
2023,tas,male,60-64,123
2023,tas,male,65-69,220
2023,tas,male,70-74,287
2023,tas,male,75-79,403
2023,tas,male,80-84,429
2023,tas,male,85-89,387
2023,tas,male,90-94,304
2023,tas,male,95-99,105
2023,tas,male,not_stated,0
2023,vic,female,0-4,100
2023,vic,female,10-14,15
2023,vic,female,100+,511
2023,vic,female,15-19,28
2023,vic,female,20-24,39
2023,vic,female,25-29,82
2023,vic,female,30-34,110
2023,vic,female,35-39,125
2023,vic,female,40-44,213
2023,vic,female,45-49,243
2023,vic,female,5-9,17
2023,vic,female,50-54,407
2023,vic,female,55-59,539
2023,vic,female,60-64,820
2023,vic,female,65-69,1104
2023,vic,female,70-74,1650
2023,vic,female,75-79,2261
2023,vic,female,80-84,3105
2023,vic,female,85-89,4069
2023,vic,female,90-94,4093
2023,vic,female,95-99,2324
2023,vic,female,not_stated,0
2023,vic,male,0-4,124
2023,vic,male,10-14,24
2023,vic,male,100+,157
2023,vic,male,15-19,94
2023,vic,male,20-24,123
2023,vic,male,25-29,159
2023,vic,male,30-34,192
2023,vic,male,35-39,202
2023,vic,male,40-44,313
2023,vic,male,45-49,430
2023,vic,male,5-9,20
2023,vic,male,50-54,637
2023,vic,male,55-59,874
2023,vic,male,60-64,1270
2023,vic,male,65-69,1723
2023,vic,male,70-74,2278
2023,vic,male,75-79,3208
2023,vic,male,80-84,3666
2023,vic,male,85-89,3879
2023,vic,male,90-94,2949
2023,vic,male,95-99,1149
2023,vic,male,not_stated,0
2023,wa,female,0-4,46
2023,wa,female,10-14,6
2023,wa,female,100+,197
2023,wa,female,15-19,11
2023,wa,female,20-24,32
2023,wa,female,25-29,28
2023,wa,female,30-34,53
2023,wa,female,35-39,61
2023,wa,female,40-44,97
2023,wa,female,45-49,124
2023,wa,female,5-9,5
2023,wa,female,50-54,186
2023,wa,female,55-59,223
2023,wa,female,60-64,307
2023,wa,female,65-69,432
2023,wa,female,70-74,646
2023,wa,female,75-79,841
2023,wa,female,80-84,1129
2023,wa,female,85-89,1459
2023,wa,female,90-94,1449
2023,wa,female,95-99,800
2023,wa,female,not_stated,0
2023,wa,male,0-4,63
2023,wa,male,10-14,6
2023,wa,male,100+,46
2023,wa,male,15-19,38
2023,wa,male,20-24,56
2023,wa,male,25-29,69
2023,wa,male,30-34,99
2023,wa,male,35-39,143
2023,wa,male,40-44,161
2023,wa,male,45-49,194
2023,wa,male,5-9,6
2023,wa,male,50-54,298
2023,wa,male,55-59,378
2023,wa,male,60-64,496
2023,wa,male,65-69,734
2023,wa,male,70-74,984
2023,wa,male,75-79,1205
2023,wa,male,80-84,1407
2023,wa,male,85-89,1433
2023,wa,male,90-94,1102
2023,wa,male,95-99,424
2023,wa,male,not_stated,1
2024,act,female,0-4,5
2024,act,female,10-14,4
2024,act,female,100+,25
2024,act,female,15-19,0
2024,act,female,20-24,1
2024,act,female,25-29,5
2024,act,female,30-34,7
2024,act,female,35-39,10
2024,act,female,40-44,10
2024,act,female,45-49,11
2024,act,female,5-9,0
2024,act,female,50-54,22
2024,act,female,55-59,31
2024,act,female,60-64,45
2024,act,female,65-69,59
2024,act,female,70-74,86
2024,act,female,75-79,139
2024,act,female,80-84,174
2024,act,female,85-89,242
2024,act,female,90-94,188
2024,act,female,95-99,134
2024,act,female,not_stated,0
2024,act,male,0-4,14
2024,act,male,10-14,1
2024,act,male,100+,5
2024,act,male,15-19,5
2024,act,male,20-24,6
2024,act,male,25-29,8
2024,act,male,30-34,18
2024,act,male,35-39,12
2024,act,male,40-44,26
2024,act,male,45-49,25
2024,act,male,5-9,1
2024,act,male,50-54,37
2024,act,male,55-59,35
2024,act,male,60-64,76
2024,act,male,65-69,69
2024,act,male,70-74,118
2024,act,male,75-79,164
2024,act,male,80-84,187
2024,act,male,85-89,218
2024,act,male,90-94,150
2024,act,male,95-99,52
2024,act,male,not_stated,0
2024,nsw,female,0-4,119
2024,nsw,female,10-14,18
2024,nsw,female,100+,784
2024,nsw,female,15-19,41
2024,nsw,female,20-24,61
2024,nsw,female,25-29,71
2024,nsw,female,30-34,101
2024,nsw,female,35-39,128
2024,nsw,female,40-44,228
2024,nsw,female,45-49,297
2024,nsw,female,5-9,12
2024,nsw,female,50-54,481
2024,nsw,female,55-59,697
2024,nsw,female,60-64,1031
2024,nsw,female,65-69,1466
2024,nsw,female,70-74,2122
2024,nsw,female,75-79,3142
2024,nsw,female,80-84,4026
2024,nsw,female,85-89,5242
2024,nsw,female,90-94,5192
2024,nsw,female,95-99,3122
2024,nsw,female,not_stated,1
2024,nsw,male,0-4,151
2024,nsw,male,10-14,17
2024,nsw,male,100+,227
2024,nsw,male,15-19,96
2024,nsw,male,20-24,126
2024,nsw,male,25-29,202
2024,nsw,male,30-34,224
2024,nsw,male,35-39,267
2024,nsw,male,40-44,409
2024,nsw,male,45-49,530
2024,nsw,male,5-9,23
2024,nsw,male,50-54,791
2024,nsw,male,55-59,1158
2024,nsw,male,60-64,1832
2024,nsw,male,65-69,2287
2024,nsw,male,70-74,3188
2024,nsw,male,75-79,4307
2024,nsw,male,80-84,4864
2024,nsw,male,85-89,5162
2024,nsw,male,90-94,3824
2024,nsw,male,95-99,1572
2024,nsw,male,not_stated,3
2024,nt,female,0-4,11
2024,nt,female,10-14,0
2024,nt,female,100+,1
2024,nt,female,15-19,3
2024,nt,female,20-24,7
2024,nt,female,25-29,13
2024,nt,female,30-34,11
2024,nt,female,35-39,16
2024,nt,female,40-44,18
2024,nt,female,45-49,17
2024,nt,female,5-9,0
2024,nt,female,50-54,38
2024,nt,female,55-59,38
2024,nt,female,60-64,48
2024,nt,female,65-69,46
2024,nt,female,70-74,37
2024,nt,female,75-79,58
2024,nt,female,80-84,47
2024,nt,female,85-89,43
2024,nt,female,90-94,37
2024,nt,female,95-99,7
2024,nt,female,not_stated,0
2024,nt,male,0-4,15
2024,nt,male,10-14,2
2024,nt,male,100+,4
2024,nt,male,15-19,11
2024,nt,male,20-24,20
2024,nt,male,25-29,12
2024,nt,male,30-34,11
2024,nt,male,35-39,18
2024,nt,male,40-44,18
2024,nt,male,45-49,37
2024,nt,male,5-9,1
2024,nt,male,50-54,50
2024,nt,male,55-59,56
2024,nt,male,60-64,63
2024,nt,male,65-69,85
2024,nt,male,70-74,109
2024,nt,male,75-79,94
2024,nt,male,80-84,70
2024,nt,male,85-89,40
2024,nt,male,90-94,18
2024,nt,male,95-99,11
2024,nt,male,not_stated,0
2024,qld,female,0-4,145
2024,qld,female,10-14,12
2024,qld,female,100+,403
2024,qld,female,15-19,30
2024,qld,female,20-24,39
2024,qld,female,25-29,65
2024,qld,female,30-34,75
2024,qld,female,35-39,107
2024,qld,female,40-44,160
2024,qld,female,45-49,219
2024,qld,female,5-9,9
2024,qld,female,50-54,383
2024,qld,female,55-59,461
2024,qld,female,60-64,764
2024,qld,female,65-69,1073
2024,qld,female,70-74,1468
2024,qld,female,75-79,2232
2024,qld,female,80-84,2666
2024,qld,female,85-89,3174
2024,qld,female,90-94,2931
2024,qld,female,95-99,1724
2024,qld,female,not_stated,0
2024,qld,male,0-4,185
2024,qld,male,10-14,15
2024,qld,male,100+,113
2024,qld,male,15-19,73
2024,qld,male,20-24,102
2024,qld,male,25-29,169
2024,qld,male,30-34,166
2024,qld,male,35-39,206
2024,qld,male,40-44,301
2024,qld,male,45-49,404
2024,qld,male,5-9,16
2024,qld,male,50-54,614
2024,qld,male,55-59,832
2024,qld,male,60-64,1202
2024,qld,male,65-69,1633
2024,qld,male,70-74,2167
2024,qld,male,75-79,3030
2024,qld,male,80-84,3339
2024,qld,male,85-89,3139
2024,qld,male,90-94,2234
2024,qld,male,95-99,821
2024,qld,male,not_stated,0
2024,sa,female,0-4,23
2024,sa,female,10-14,3
2024,sa,female,100+,207
2024,sa,female,15-19,11
2024,sa,female,20-24,15
2024,sa,female,25-29,26
2024,sa,female,30-34,25
2024,sa,female,35-39,28
2024,sa,female,40-44,76
2024,sa,female,45-49,77
2024,sa,female,5-9,1
2024,sa,female,50-54,127
2024,sa,female,55-59,201
2024,sa,female,60-64,300
2024,sa,female,65-69,429
2024,sa,female,70-74,529
2024,sa,female,75-79,845
2024,sa,female,80-84,1058
2024,sa,female,85-89,1385
2024,sa,female,90-94,1404
2024,sa,female,95-99,867
2024,sa,female,not_stated,0
2024,sa,male,0-4,40
2024,sa,male,10-14,1
2024,sa,male,100+,61
2024,sa,male,15-19,17
2024,sa,male,20-24,25
2024,sa,male,25-29,39
2024,sa,male,30-34,44
2024,sa,male,35-39,72
2024,sa,male,40-44,83
2024,sa,male,45-49,142
2024,sa,male,5-9,3
2024,sa,male,50-54,207
2024,sa,male,55-59,298
2024,sa,male,60-64,465
2024,sa,male,65-69,604
2024,sa,male,70-74,825
2024,sa,male,75-79,1118
2024,sa,male,80-84,1221
2024,sa,male,85-89,1383
2024,sa,male,90-94,1002
2024,sa,male,95-99,452
2024,sa,male,not_stated,0
2024,tas,female,0-4,19
2024,tas,female,10-14,1
2024,tas,female,100+,38
2024,tas,female,15-19,3
2024,tas,female,20-24,3
2024,tas,female,25-29,8
2024,tas,female,30-34,10
2024,tas,female,35-39,12
2024,tas,female,40-44,17
2024,tas,female,45-49,31
2024,tas,female,5-9,0
2024,tas,female,50-54,53
2024,tas,female,55-59,63
2024,tas,female,60-64,126
2024,tas,female,65-69,175
2024,tas,female,70-74,243
2024,tas,female,75-79,342
2024,tas,female,80-84,381
2024,tas,female,85-89,477
2024,tas,female,90-94,436
2024,tas,female,95-99,209
2024,tas,female,not_stated,0
2024,tas,male,0-4,11
2024,tas,male,10-14,1
2024,tas,male,100+,13
2024,tas,male,15-19,4
2024,tas,male,20-24,11
2024,tas,male,25-29,12
2024,tas,male,30-34,19
2024,tas,male,35-39,18
2024,tas,male,40-44,33
2024,tas,male,45-49,40
2024,tas,male,5-9,1
2024,tas,male,50-54,67
2024,tas,male,55-59,94
2024,tas,male,60-64,151
2024,tas,male,65-69,217
2024,tas,male,70-74,299
2024,tas,male,75-79,418
2024,tas,male,80-84,439
2024,tas,male,85-89,459
2024,tas,male,90-94,303
2024,tas,male,95-99,103
2024,tas,male,not_stated,0
2024,vic,female,0-4,119
2024,vic,female,10-14,13
2024,vic,female,100+,572
2024,vic,female,15-19,23
2024,vic,female,20-24,69
2024,vic,female,25-29,55
2024,vic,female,30-34,102
2024,vic,female,35-39,119
2024,vic,female,40-44,153
2024,vic,female,45-49,254
2024,vic,female,5-9,13
2024,vic,female,50-54,415
2024,vic,female,55-59,579
2024,vic,female,60-64,810
2024,vic,female,65-69,1114
2024,vic,female,70-74,1571
2024,vic,female,75-79,2353
2024,vic,female,80-84,3036
2024,vic,female,85-89,4132
2024,vic,female,90-94,4167
2024,vic,female,95-99,2399
2024,vic,female,not_stated,0
2024,vic,male,0-4,151
2024,vic,male,10-14,18
2024,vic,male,100+,194
2024,vic,male,15-19,55
2024,vic,male,20-24,132
2024,vic,male,25-29,155
2024,vic,male,30-34,197
2024,vic,male,35-39,259
2024,vic,male,40-44,361
2024,vic,male,45-49,424
2024,vic,male,5-9,15
2024,vic,male,50-54,614
2024,vic,male,55-59,913
2024,vic,male,60-64,1255
2024,vic,male,65-69,1711
2024,vic,male,70-74,2389
2024,vic,male,75-79,3150
2024,vic,male,80-84,3750
2024,vic,male,85-89,3975
2024,vic,male,90-94,2944
2024,vic,male,95-99,1213
2024,vic,male,not_stated,0
2024,wa,female,0-4,45
2024,wa,female,10-14,8
2024,wa,female,100+,194
2024,wa,female,15-19,19
2024,wa,female,20-24,20
2024,wa,female,25-29,30
2024,wa,female,30-34,42
2024,wa,female,35-39,65
2024,wa,female,40-44,93
2024,wa,female,45-49,112
2024,wa,female,5-9,8
2024,wa,female,50-54,203
2024,wa,female,55-59,231
2024,wa,female,60-64,311
2024,wa,female,65-69,441
2024,wa,female,70-74,603
2024,wa,female,75-79,867
2024,wa,female,80-84,1156
2024,wa,female,85-89,1507
2024,wa,female,90-94,1441
2024,wa,female,95-99,813
2024,wa,female,not_stated,0
2024,wa,male,0-4,69
2024,wa,male,10-14,8
2024,wa,male,100+,54
2024,wa,male,15-19,37
2024,wa,male,20-24,65
2024,wa,male,25-29,96
2024,wa,male,30-34,93
2024,wa,male,35-39,138
2024,wa,male,40-44,158
2024,wa,male,45-49,166
2024,wa,male,5-9,7
2024,wa,male,50-54,302
2024,wa,male,55-59,380
2024,wa,male,60-64,590
2024,wa,male,65-69,705
2024,wa,male,70-74,1034
2024,wa,male,75-79,1262
2024,wa,male,80-84,1533
2024,wa,male,85-89,1574
2024,wa,male,90-94,1088
2024,wa,male,95-99,399
2024,wa,male,not_stated,4
