year,state,sex,age,persons
2010,act,female,0,2486
2010,act,female,1,2282
2010,act,female,2,2224
2010,act,female,3,2216
2010,act,female,4,2243
2010,act,female,5,2124
2010,act,female,6,2089
2010,act,female,7,2018
2010,act,female,8,2003
2010,act,female,9,2081
2010,act,female,10,2056
2010,act,female,11,2093
2010,act,female,12,2043
2010,act,female,13,2069
2010,act,female,14,2111
2010,act,female,15,2114
2010,act,female,16,2255
2010,act,female,17,2372
2010,act,female,18,2634
2010,act,female,19,2979
2010,act,female,20,3174
2010,act,female,21,3231
2010,act,female,22,3153
2010,act,female,23,3163
2010,act,female,24,3172
2010,act,female,25,3203
2010,act,female,26,3251
2010,act,female,27,3134
2010,act,female,28,3225
2010,act,female,29,3071
2010,act,female,30,2984
2010,act,female,31,2845
2010,act,female,32,2738
2010,act,female,33,2661
2010,act,female,34,2543
2010,act,female,35,2664
2010,act,female,36,2767
2010,act,female,37,2847
2010,act,female,38,2902
2010,act,female,39,2858
2010,act,female,40,2676
2010,act,female,41,2661
2010,act,female,42,2504
2010,act,female,43,2438
2010,act,female,44,2549
2010,act,female,45,2483
2010,act,female,46,2591
2010,act,female,47,2469
2010,act,female,48,2605
2010,act,female,49,2555
2010,act,female,50,2473
2010,act,female,51,2506
2010,act,female,52,2394
2010,act,female,53,2360
2010,act,female,54,2317
2010,act,female,55,2212
2010,act,female,56,2105
2010,act,female,57,2145
2010,act,female,58,2112
2010,act,female,59,2073
2010,act,female,60,1944
2010,act,female,61,1863
2010,act,female,62,1910
2010,act,female,63,1921
2010,act,female,64,1545
2010,act,female,65,1471
2010,act,female,66,1368
2010,act,female,67,1223
2010,act,female,68,1170
2010,act,female,69,1084
2010,act,female,70,1019
2010,act,female,71,972
2010,act,female,72,921
2010,act,female,73,899
2010,act,female,74,803
2010,act,female,75,770
2010,act,female,76,777
2010,act,female,77,698
2010,act,female,78,674
2010,act,female,79,618
2010,act,female,80,617
2010,act,female,81,618
2010,act,female,82,599
2010,act,female,83,575
2010,act,female,84,566
2010,act,female,85,485
2010,act,female,86,470
2010,act,female,87,423
2010,act,female,88,353
2010,act,female,89,297
2010,act,female,90,240
2010,act,female,91,164
2010,act,female,92,131
2010,act,female,93,118
2010,act,female,94,79
2010,act,female,95,68
2010,act,female,96,54
2010,act,female,97,35
2010,act,female,98,18
2010,act,female,99,15
2010,act,female,100,25
2010,act,male,0,2637
2010,act,male,1,2532
2010,act,male,2,2394
2010,act,male,3,2383
2010,act,male,4,2436
2010,act,male,5,2303
2010,act,male,6,2228
2010,act,male,7,2177
2010,act,male,8,2027
2010,act,male,9,2069
2010,act,male,10,2133
2010,act,male,11,2126
2010,act,male,12,2141
2010,act,male,13,2153
2010,act,male,14,2120
2010,act,male,15,2303
2010,act,male,16,2292
2010,act,male,17,2562
2010,act,male,18,2862
2010,act,male,19,3147
2010,act,male,20,3329
2010,act,male,21,3306
2010,act,male,22,3365
2010,act,male,23,3344
2010,act,male,24,3431
2010,act,male,25,3361
2010,act,male,26,3387
2010,act,male,27,3298
2010,act,male,28,3119
2010,act,male,29,3017
2010,act,male,30,2860
2010,act,male,31,2872
2010,act,male,32,2779
2010,act,male,33,2766
2010,act,male,34,2682
2010,act,male,35,2771
2010,act,male,36,2698
2010,act,male,37,2721
2010,act,male,38,2788
2010,act,male,39,2876
2010,act,male,40,2745
2010,act,male,41,2585
2010,act,male,42,2479
2010,act,male,43,2430
2010,act,male,44,2355
2010,act,male,45,2445
2010,act,male,46,2403
2010,act,male,47,2446
2010,act,male,48,2485
2010,act,male,49,2438
2010,act,male,50,2426
2010,act,male,51,2314
2010,act,male,52,2265
2010,act,male,53,2217
2010,act,male,54,2131
2010,act,male,55,2056
2010,act,male,56,2061
2010,act,male,57,2036
2010,act,male,58,1972
2010,act,male,59,1899
2010,act,male,60,1919
2010,act,male,61,1815
2010,act,male,62,1794
2010,act,male,63,1908
2010,act,male,64,1596
2010,act,male,65,1357
2010,act,male,66,1260
2010,act,male,67,1162
2010,act,male,68,1158
2010,act,male,69,996
2010,act,male,70,992
2010,act,male,71,909
2010,act,male,72,855
2010,act,male,73,774
2010,act,male,74,737
2010,act,male,75,699
2010,act,male,76,600
2010,act,male,77,581
2010,act,male,78,548
2010,act,male,79,569
2010,act,male,80,480
2010,act,male,81,452
2010,act,male,82,429
2010,act,male,83,379
2010,act,male,84,359
2010,act,male,85,314
2010,act,male,86,262
2010,act,male,87,218
2010,act,male,88,202
2010,act,male,89,158
2010,act,male,90,127
2010,act,male,91,60
2010,act,male,92,55
2010,act,male,93,45
2010,act,male,94,43
2010,act,male,95,29
2010,act,male,96,10
2010,act,male,97,11
2010,act,male,98,7
2010,act,male,99,4
2010,act,male,100,4
2010,nsw,female,0,47634
2010,nsw,female,1,46845
2010,nsw,female,2,46277
2010,nsw,female,3,45375
2010,nsw,female,4,44834
2010,nsw,female,5,43410
2010,nsw,female,6,42690
2010,nsw,female,7,42716
2010,nsw,female,8,42339
2010,nsw,female,9,42929
2010,nsw,female,10,43446
2010,nsw,female,11,43047
2010,nsw,female,12,43162
2010,nsw,female,13,43609
2010,nsw,female,14,43498
2010,nsw,female,15,44503
2010,nsw,female,16,44365
2010,nsw,female,17,44396
2010,nsw,female,18,44872
2010,nsw,female,19,47159
2010,nsw,female,20,48360
2010,nsw,female,21,48178
2010,nsw,female,22,48099
2010,nsw,female,23,49430
2010,nsw,female,24,50333
2010,nsw,female,25,51320
2010,nsw,female,26,51529
2010,nsw,female,27,52290
2010,nsw,female,28,51576
2010,nsw,female,29,51164
2010,nsw,female,30,49753
2010,nsw,female,31,49313
2010,nsw,female,32,48696
2010,nsw,female,33,48723
2010,nsw,female,34,48641
2010,nsw,female,35,49433
2010,nsw,female,36,50840
2010,nsw,female,37,52360
2010,nsw,female,38,54092
2010,nsw,female,39,54577
2010,nsw,female,40,50938
2010,nsw,female,41,50488
2010,nsw,female,42,48413
2010,nsw,female,43,47791
2010,nsw,female,44,47682
2010,nsw,female,45,48809
2010,nsw,female,46,50661
2010,nsw,female,47,51713
2010,nsw,female,48,51267
2010,nsw,female,49,51321
2010,nsw,female,50,49760
2010,nsw,female,51,48611
2010,nsw,female,52,48385
2010,nsw,female,53,46845
2010,nsw,female,54,45765
2010,nsw,female,55,45040
2010,nsw,female,56,43516
2010,nsw,female,57,43137
2010,nsw,female,58,41570
2010,nsw,female,59,40814
2010,nsw,female,60,40283
2010,nsw,female,61,39096
2010,nsw,female,62,39470
2010,nsw,female,63,40891
2010,nsw,female,64,35117
2010,nsw,female,65,33986
2010,nsw,female,66,32632
2010,nsw,female,67,29631
2010,nsw,female,68,28762
2010,nsw,female,69,27414
2010,nsw,female,70,26258
2010,nsw,female,71,25309
2010,nsw,female,72,24263
2010,nsw,female,73,23539
2010,nsw,female,74,22981
2010,nsw,female,75,21762
2010,nsw,female,76,20449
2010,nsw,female,77,20055
2010,nsw,female,78,19655
2010,nsw,female,79,19848
2010,nsw,female,80,19285
2010,nsw,female,81,18398
2010,nsw,female,82,17600
2010,nsw,female,83,16355
2010,nsw,female,84,15345
2010,nsw,female,85,14486
2010,nsw,female,86,13117
2010,nsw,female,87,11710
2010,nsw,female,88,10428
2010,nsw,female,89,8891
2010,nsw,female,90,7148
2010,nsw,female,91,5301
2010,nsw,female,92,4488
2010,nsw,female,93,3729
2010,nsw,female,94,2893
2010,nsw,female,95,2312
2010,nsw,female,96,1683
2010,nsw,female,97,1146
2010,nsw,female,98,803
2010,nsw,female,99,536
2010,nsw,female,100,791
2010,nsw,male,0,50137
2010,nsw,male,1,49106
2010,nsw,male,2,48489
2010,nsw,male,3,48099
2010,nsw,male,4,47445
2010,nsw,male,5,46284
2010,nsw,male,6,45405
2010,nsw,male,7,45161
2010,nsw,male,8,44645
2010,nsw,male,9,45492
2010,nsw,male,10,45588
2010,nsw,male,11,45398
2010,nsw,male,12,45470
2010,nsw,male,13,46162
2010,nsw,male,14,46101
2010,nsw,male,15,47029
2010,nsw,male,16,46894
2010,nsw,male,17,47227
2010,nsw,male,18,47952
2010,nsw,male,19,49338
2010,nsw,male,20,51292
2010,nsw,male,21,50723
2010,nsw,male,22,50551
2010,nsw,male,23,50911
2010,nsw,male,24,52407
2010,nsw,male,25,52884
2010,nsw,male,26,52286
2010,nsw,male,27,52793
2010,nsw,male,28,52124
2010,nsw,male,29,51714
2010,nsw,male,30,50042
2010,nsw,male,31,49267
2010,nsw,male,32,48097
2010,nsw,male,33,48115
2010,nsw,male,34,48244
2010,nsw,male,35,48962
2010,nsw,male,36,49864
2010,nsw,male,37,51079
2010,nsw,male,38,53113
2010,nsw,male,39,52951
2010,nsw,male,40,49735
2010,nsw,male,41,48839
2010,nsw,male,42,47297
2010,nsw,male,43,46898
2010,nsw,male,44,47247
2010,nsw,male,45,47785
2010,nsw,male,46,49822
2010,nsw,male,47,50506
2010,nsw,male,48,50849
2010,nsw,male,49,50358
2010,nsw,male,50,48707
2010,nsw,male,51,47796
2010,nsw,male,52,46979
2010,nsw,male,53,46383
2010,nsw,male,54,45284
2010,nsw,male,55,44175
2010,nsw,male,56,42867
2010,nsw,male,57,42380
2010,nsw,male,58,40673
2010,nsw,male,59,40590
2010,nsw,male,60,40102
2010,nsw,male,61,39000
2010,nsw,male,62,39923
2010,nsw,male,63,40847
2010,nsw,male,64,35277
2010,nsw,male,65,33824
2010,nsw,male,66,32469
2010,nsw,male,67,29013
2010,nsw,male,68,28242
2010,nsw,male,69,26551
2010,nsw,male,70,25640
2010,nsw,male,71,24240
2010,nsw,male,72,23007
2010,nsw,male,73,22341
2010,nsw,male,74,20736
2010,nsw,male,75,18910
2010,nsw,male,76,18092
2010,nsw,male,77,17242
2010,nsw,male,78,16607
2010,nsw,male,79,16126
2010,nsw,male,80,15246
2010,nsw,male,81,14014
2010,nsw,male,82,13056
2010,nsw,male,83,11607
2010,nsw,male,84,10357
2010,nsw,male,85,9093
2010,nsw,male,86,7763
2010,nsw,male,87,6607
2010,nsw,male,88,5621
2010,nsw,male,89,4448
2010,nsw,male,90,3483
2010,nsw,male,91,2333
2010,nsw,male,92,1836
2010,nsw,male,93,1391
2010,nsw,male,94,1020
2010,nsw,male,95,701
2010,nsw,male,96,487
2010,nsw,male,97,359
2010,nsw,male,98,196
2010,nsw,male,99,116
2010,nsw,male,100,173
2010,nt,female,0,1849
2010,nt,female,1,1847
2010,nt,female,2,1839
2010,nt,female,3,1767
2010,nt,female,4,1791
2010,nt,female,5,1708
2010,nt,female,6,1659
2010,nt,female,7,1757
2010,nt,female,8,1720
2010,nt,female,9,1750
2010,nt,female,10,1621
2010,nt,female,11,1554
2010,nt,female,12,1579
2010,nt,female,13,1548
2010,nt,female,14,1520
2010,nt,female,15,1572
2010,nt,female,16,1527
2010,nt,female,17,1565
2010,nt,female,18,1474
2010,nt,female,19,1625
2010,nt,female,20,1637
2010,nt,female,21,1610
2010,nt,female,22,1721
2010,nt,female,23,1862
2010,nt,female,24,2021
2010,nt,female,25,2075
2010,nt,female,26,2101
2010,nt,female,27,2155
2010,nt,female,28,2054
2010,nt,female,29,2086
2010,nt,female,30,1920
2010,nt,female,31,1817
2010,nt,female,32,1800
2010,nt,female,33,1760
2010,nt,female,34,1853
2010,nt,female,35,1750
2010,nt,female,36,1785
2010,nt,female,37,1788
2010,nt,female,38,1803
2010,nt,female,39,1916
2010,nt,female,40,1781
2010,nt,female,41,1696
2010,nt,female,42,1623
2010,nt,female,43,1585
2010,nt,female,44,1596
2010,nt,female,45,1503
2010,nt,female,46,1549
2010,nt,female,47,1562
2010,nt,female,48,1529
2010,nt,female,49,1590
2010,nt,female,50,1439
2010,nt,female,51,1425
2010,nt,female,52,1439
2010,nt,female,53,1362
2010,nt,female,54,1349
2010,nt,female,55,1307
2010,nt,female,56,1214
2010,nt,female,57,1169
2010,nt,female,58,1058
2010,nt,female,59,1080
2010,nt,female,60,911
2010,nt,female,61,877
2010,nt,female,62,800
2010,nt,female,63,760
2010,nt,female,64,661
2010,nt,female,65,565
2010,nt,female,66,541
2010,nt,female,67,447
2010,nt,female,68,423
2010,nt,female,69,447
2010,nt,female,70,363
2010,nt,female,71,285
2010,nt,female,72,275
2010,nt,female,73,233
2010,nt,female,74,221
2010,nt,female,75,207
2010,nt,female,76,195
2010,nt,female,77,161
2010,nt,female,78,147
2010,nt,female,79,145
2010,nt,female,80,125
2010,nt,female,81,130
2010,nt,female,82,124
2010,nt,female,83,91
2010,nt,female,84,75
2010,nt,female,85,79
2010,nt,female,86,59
2010,nt,female,87,59
2010,nt,female,88,45
2010,nt,female,89,44
2010,nt,female,90,31
2010,nt,female,91,21
2010,nt,female,92,21
2010,nt,female,93,17
2010,nt,female,94,17
2010,nt,female,95,8
2010,nt,female,96,3
2010,nt,female,97,3
2010,nt,female,98,3
2010,nt,female,99,1
2010,nt,female,100,0
2010,nt,male,0,2001
2010,nt,male,1,1942
2010,nt,male,2,1941
2010,nt,male,3,1899
2010,nt,male,4,1895
2010,nt,male,5,1852
2010,nt,male,6,1742
2010,nt,male,7,1801
2010,nt,male,8,1738
2010,nt,male,9,1853
2010,nt,male,10,1734
2010,nt,male,11,1699
2010,nt,male,12,1789
2010,nt,male,13,1691
2010,nt,male,14,1709
2010,nt,male,15,1807
2010,nt,male,16,1704
2010,nt,male,17,1677
2010,nt,male,18,1683
2010,nt,male,19,1864
2010,nt,male,20,2032
2010,nt,male,21,2076
2010,nt,male,22,2114
2010,nt,male,23,2228
2010,nt,male,24,2341
2010,nt,male,25,2271
2010,nt,male,26,2301
2010,nt,male,27,2307
2010,nt,male,28,2181
2010,nt,male,29,2245
2010,nt,male,30,2013
2010,nt,male,31,1939
2010,nt,male,32,1826
2010,nt,male,33,1828
2010,nt,male,34,1952
2010,nt,male,35,1866
2010,nt,male,36,1875
2010,nt,male,37,1888
2010,nt,male,38,1971
2010,nt,male,39,2095
2010,nt,male,40,1895
2010,nt,male,41,1760
2010,nt,male,42,1693
2010,nt,male,43,1689
2010,nt,male,44,1736
2010,nt,male,45,1662
2010,nt,male,46,1619
2010,nt,male,47,1733
2010,nt,male,48,1724
2010,nt,male,49,1700
2010,nt,male,50,1564
2010,nt,male,51,1555
2010,nt,male,52,1516
2010,nt,male,53,1470
2010,nt,male,54,1461
2010,nt,male,55,1408
2010,nt,male,56,1376
2010,nt,male,57,1298
2010,nt,male,58,1268
2010,nt,male,59,1279
2010,nt,male,60,1182
2010,nt,male,61,1093
2010,nt,male,62,1029
2010,nt,male,63,1038
2010,nt,male,64,859
2010,nt,male,65,760
2010,nt,male,66,652
2010,nt,male,67,578
2010,nt,male,68,560
2010,nt,male,69,570
2010,nt,male,70,503
2010,nt,male,71,361
2010,nt,male,72,357
2010,nt,male,73,301
2010,nt,male,74,269
2010,nt,male,75,240
2010,nt,male,76,177
2010,nt,male,77,162
2010,nt,male,78,158
2010,nt,male,79,155
2010,nt,male,80,149
2010,nt,male,81,123
2010,nt,male,82,101
2010,nt,male,83,87
2010,nt,male,84,61
2010,nt,male,85,39
2010,nt,male,86,39
2010,nt,male,87,33
2010,nt,male,88,34
2010,nt,male,89,13
2010,nt,male,90,17
2010,nt,male,91,12
2010,nt,male,92,5
2010,nt,male,93,3
2010,nt,male,94,7
2010,nt,male,95,6
2010,nt,male,96,1
2010,nt,male,97,4
2010,nt,male,98,1
2010,nt,male,99,0
2010,nt,male,100,1
2010,qld,female,0,30003
2010,qld,female,1,29895
2010,qld,female,2,29629
2010,qld,female,3,28893
2010,qld,female,4,29035
2010,qld,female,5,28331
2010,qld,female,6,27935
2010,qld,female,7,27286
2010,qld,female,8,27819
2010,qld,female,9,28346
2010,qld,female,10,27976
2010,qld,female,11,28174
2010,qld,female,12,28550
2010,qld,female,13,28722
2010,qld,female,14,28753
2010,qld,female,15,29344
2010,qld,female,16,28976
2010,qld,female,17,28981
2010,qld,female,18,30054
2010,qld,female,19,30438
2010,qld,female,20,31266
2010,qld,female,21,31014
2010,qld,female,22,30921
2010,qld,female,23,31560
2010,qld,female,24,32079
2010,qld,female,25,32485
2010,qld,female,26,32069
2010,qld,female,27,32191
2010,qld,female,28,30955
2010,qld,female,29,30602
2010,qld,female,30,30149
2010,qld,female,31,29452
2010,qld,female,32,29226
2010,qld,female,33,29384
2010,qld,female,34,29866
2010,qld,female,35,30215
2010,qld,female,36,31127
2010,qld,female,37,32680
2010,qld,female,38,33957
2010,qld,female,39,34386
2010,qld,female,40,32556
2010,qld,female,41,31911
2010,qld,female,42,30639
2010,qld,female,43,30241
2010,qld,female,44,30067
2010,qld,female,45,30559
2010,qld,female,46,31456
2010,qld,female,47,31976
2010,qld,female,48,31960
2010,qld,female,49,31520
2010,qld,female,50,30465
2010,qld,female,51,29869
2010,qld,female,52,29170
2010,qld,female,53,28181
2010,qld,female,54,27695
2010,qld,female,55,27171
2010,qld,female,56,26419
2010,qld,female,57,25994
2010,qld,female,58,25197
2010,qld,female,59,24978
2010,qld,female,60,24798
2010,qld,female,61,23954
2010,qld,female,62,23811
2010,qld,female,63,24775
2010,qld,female,64,20988
2010,qld,female,65,20647
2010,qld,female,66,19295
2010,qld,female,67,17414
2010,qld,female,68,17001
2010,qld,female,69,15612
2010,qld,female,70,14992
2010,qld,female,71,14200
2010,qld,female,72,12931
2010,qld,female,73,12633
2010,qld,female,74,11948
2010,qld,female,75,11460
2010,qld,female,76,10602
2010,qld,female,77,10384
2010,qld,female,78,9976
2010,qld,female,79,10175
2010,qld,female,80,9711
2010,qld,female,81,9186
2010,qld,female,82,8824
2010,qld,female,83,7983
2010,qld,female,84,7704
2010,qld,female,85,7088
2010,qld,female,86,6254
2010,qld,female,87,5633
2010,qld,female,88,5084
2010,qld,female,89,4382
2010,qld,female,90,3577
2010,qld,female,91,2660
2010,qld,female,92,2219
2010,qld,female,93,1774
2010,qld,female,94,1399
2010,qld,female,95,1124
2010,qld,female,96,782
2010,qld,female,97,545
2010,qld,female,98,393
2010,qld,female,99,264
2010,qld,female,100,411
2010,qld,male,0,31789
2010,qld,male,1,31725
2010,qld,male,2,31530
2010,qld,male,3,30952
2010,qld,male,4,30745
2010,qld,male,5,30093
2010,qld,male,6,29239
2010,qld,male,7,28789
2010,qld,male,8,29339
2010,qld,male,9,29912
2010,qld,male,10,29659
2010,qld,male,11,29492
2010,qld,male,12,29772
2010,qld,male,13,29811
2010,qld,male,14,30258
2010,qld,male,15,30920
2010,qld,male,16,30723
2010,qld,male,17,30703
2010,qld,male,18,30688
2010,qld,male,19,31295
2010,qld,male,20,32130
2010,qld,male,21,31730
2010,qld,male,22,31921
2010,qld,male,23,32678
2010,qld,male,24,33220
2010,qld,male,25,33366
2010,qld,male,26,33150
2010,qld,male,27,33220
2010,qld,male,28,32164
2010,qld,male,29,31508
2010,qld,male,30,30151
2010,qld,male,31,29227
2010,qld,male,32,28648
2010,qld,male,33,29023
2010,qld,male,34,29176
2010,qld,male,35,30128
2010,qld,male,36,31262
2010,qld,male,37,32008
2010,qld,male,38,33083
2010,qld,male,39,33831
2010,qld,male,40,32118
2010,qld,male,41,31286
2010,qld,male,42,30038
2010,qld,male,43,29821
2010,qld,male,44,29452
2010,qld,male,45,29775
2010,qld,male,46,30931
2010,qld,male,47,30857
2010,qld,male,48,31130
2010,qld,male,49,30965
2010,qld,male,50,29889
2010,qld,male,51,29204
2010,qld,male,52,28283
2010,qld,male,53,27822
2010,qld,male,54,27629
2010,qld,male,55,26839
2010,qld,male,56,25939
2010,qld,male,57,26024
2010,qld,male,58,25510
2010,qld,male,59,25079
2010,qld,male,60,24816
2010,qld,male,61,24398
2010,qld,male,62,24544
2010,qld,male,63,25463
2010,qld,male,64,21597
2010,qld,male,65,20932
2010,qld,male,66,19531
2010,qld,male,67,17519
2010,qld,male,68,17327
2010,qld,male,69,15977
2010,qld,male,70,15291
2010,qld,male,71,14148
2010,qld,male,72,13223
2010,qld,male,73,12467
2010,qld,male,74,11591
2010,qld,male,75,10419
2010,qld,male,76,9634
2010,qld,male,77,9220
2010,qld,male,78,8833
2010,qld,male,79,8492
2010,qld,male,80,7969
2010,qld,male,81,7255
2010,qld,male,82,6532
2010,qld,male,83,5894
2010,qld,male,84,5322
2010,qld,male,85,4653
2010,qld,male,86,3906
2010,qld,male,87,3260
2010,qld,male,88,2849
2010,qld,male,89,2331
2010,qld,male,90,1832
2010,qld,male,91,1228
2010,qld,male,92,935
2010,qld,male,93,761
2010,qld,male,94,519
2010,qld,male,95,380
2010,qld,male,96,294
2010,qld,male,97,165
2010,qld,male,98,100
2010,qld,male,99,59
2010,qld,male,100,88
2010,sa,female,0,9487
2010,sa,female,1,9655
2010,sa,female,2,9623
2010,sa,female,3,9509
2010,sa,female,4,9269
2010,sa,female,5,9254
2010,sa,female,6,9053
2010,sa,female,7,9125
2010,sa,female,8,9167
2010,sa,female,9,9303
2010,sa,female,10,9439
2010,sa,female,11,9710
2010,sa,female,12,9645
2010,sa,female,13,9774
2010,sa,female,14,9892
2010,sa,female,15,10035
2010,sa,female,16,10076
2010,sa,female,17,10321
2010,sa,female,18,10601
2010,sa,female,19,10783
2010,sa,female,20,11306
2010,sa,female,21,11127
2010,sa,female,22,11097
2010,sa,female,23,11159
2010,sa,female,24,11275
2010,sa,female,25,11073
2010,sa,female,26,11147
2010,sa,female,27,10976
2010,sa,female,28,10634
2010,sa,female,29,10456
2010,sa,female,30,10076
2010,sa,female,31,9854
2010,sa,female,32,9810
2010,sa,female,33,10035
2010,sa,female,34,9921
2010,sa,female,35,10076
2010,sa,female,36,10366
2010,sa,female,37,10881
2010,sa,female,38,11603
2010,sa,female,39,11836
2010,sa,female,40,11497
2010,sa,female,41,11427
2010,sa,female,42,11171
2010,sa,female,43,10997
2010,sa,female,44,11220
2010,sa,female,45,11391
2010,sa,female,46,11579
2010,sa,female,47,11720
2010,sa,female,48,11888
2010,sa,female,49,11974
2010,sa,female,50,11700
2010,sa,female,51,11638
2010,sa,female,52,11189
2010,sa,female,53,11227
2010,sa,female,54,10996
2010,sa,female,55,10618
2010,sa,female,56,10606
2010,sa,female,57,10518
2010,sa,female,58,10267
2010,sa,female,59,10267
2010,sa,female,60,9992
2010,sa,female,61,9734
2010,sa,female,62,9822
2010,sa,female,63,10395
2010,sa,female,64,8763
2010,sa,female,65,8457
2010,sa,female,66,7910
2010,sa,female,67,7360
2010,sa,female,68,7038
2010,sa,female,69,6548
2010,sa,female,70,6493
2010,sa,female,71,6425
2010,sa,female,72,6071
2010,sa,female,73,5916
2010,sa,female,74,5631
2010,sa,female,75,5341
2010,sa,female,76,5187
2010,sa,female,77,5062
2010,sa,female,78,4958
2010,sa,female,79,5143
2010,sa,female,80,4913
2010,sa,female,81,4800
2010,sa,female,82,4639
2010,sa,female,83,4460
2010,sa,female,84,4238
2010,sa,female,85,3938
2010,sa,female,86,3448
2010,sa,female,87,3210
2010,sa,female,88,2895
2010,sa,female,89,2440
2010,sa,female,90,1902
2010,sa,female,91,1421
2010,sa,female,92,1240
2010,sa,female,93,1005
2010,sa,female,94,760
2010,sa,female,95,649
2010,sa,female,96,467
2010,sa,female,97,346
2010,sa,female,98,223
2010,sa,female,99,156
2010,sa,female,100,242
2010,sa,male,0,10182
2010,sa,male,1,10056
2010,sa,male,2,9932
2010,sa,male,3,9719
2010,sa,male,4,9845
2010,sa,male,5,9552
2010,sa,male,6,9708
2010,sa,male,7,9451
2010,sa,male,8,9612
2010,sa,male,9,9622
2010,sa,male,10,10017
2010,sa,male,11,10069
2010,sa,male,12,10052
2010,sa,male,13,10124
2010,sa,male,14,10472
2010,sa,male,15,10775
2010,sa,male,16,10497
2010,sa,male,17,10826
2010,sa,male,18,11068
2010,sa,male,19,11378
2010,sa,male,20,11907
2010,sa,male,21,11998
2010,sa,male,22,11621
2010,sa,male,23,11713
2010,sa,male,24,11770
2010,sa,male,25,11741
2010,sa,male,26,11741
2010,sa,male,27,11406
2010,sa,male,28,10911
2010,sa,male,29,10640
2010,sa,male,30,10284
2010,sa,male,31,10177
2010,sa,male,32,9929
2010,sa,male,33,10102
2010,sa,male,34,10063
2010,sa,male,35,10281
2010,sa,male,36,10373
2010,sa,male,37,10843
2010,sa,male,38,11503
2010,sa,male,39,11917
2010,sa,male,40,11569
2010,sa,male,41,11498
2010,sa,male,42,11236
2010,sa,male,43,10980
2010,sa,male,44,11123
2010,sa,male,45,11267
2010,sa,male,46,11596
2010,sa,male,47,11624
2010,sa,male,48,11589
2010,sa,male,49,11860
2010,sa,male,50,11431
2010,sa,male,51,11329
2010,sa,male,52,11120
2010,sa,male,53,10813
2010,sa,male,54,10703
2010,sa,male,55,10614
2010,sa,male,56,10165
2010,sa,male,57,10189
2010,sa,male,58,9782
2010,sa,male,59,9763
2010,sa,male,60,9794
2010,sa,male,61,9525
2010,sa,male,62,9416
2010,sa,male,63,10106
2010,sa,male,64,8376
2010,sa,male,65,8002
2010,sa,male,66,7587
2010,sa,male,67,7006
2010,sa,male,68,6734
2010,sa,male,69,6189
2010,sa,male,70,6036
2010,sa,male,71,5946
2010,sa,male,72,5541
2010,sa,male,73,5367
2010,sa,male,74,4964
2010,sa,male,75,4617
2010,sa,male,76,4562
2010,sa,male,77,4307
2010,sa,male,78,4053
2010,sa,male,79,3979
2010,sa,male,80,3947
2010,sa,male,81,3667
2010,sa,male,82,3440
2010,sa,male,83,3068
2010,sa,male,84,2830
2010,sa,male,85,2405
2010,sa,male,86,2044
2010,sa,male,87,1746
2010,sa,male,88,1453
2010,sa,male,89,1212
2010,sa,male,90,947
2010,sa,male,91,647
2010,sa,male,92,507
2010,sa,male,93,381
2010,sa,male,94,287
2010,sa,male,95,190
2010,sa,male,96,122
2010,sa,male,97,88
2010,sa,male,98,59
2010,sa,male,99,37
2010,sa,male,100,53
2010,tas,female,0,3073
2010,tas,female,1,3201
2010,tas,female,2,3164
2010,tas,female,3,3187
2010,tas,female,4,3091
2010,tas,female,5,2956
2010,tas,female,6,2891
2010,tas,female,7,2942
2010,tas,female,8,3044
2010,tas,female,9,3081
2010,tas,female,10,3173
2010,tas,female,11,3275
2010,tas,female,12,3112
2010,tas,female,13,3285
2010,tas,female,14,3284
2010,tas,female,15,3367
2010,tas,female,16,3243
2010,tas,female,17,3298
2010,tas,female,18,3266
2010,tas,female,19,3330
2010,tas,female,20,3166
2010,tas,female,21,3201
2010,tas,female,22,3147
2010,tas,female,23,3110
2010,tas,female,24,3076
2010,tas,female,25,3136
2010,tas,female,26,3028
2010,tas,female,27,2917
2010,tas,female,28,3035
2010,tas,female,29,3019
2010,tas,female,30,2857
2010,tas,female,31,2888
2010,tas,female,32,2883
2010,tas,female,33,2771
2010,tas,female,34,2929
2010,tas,female,35,3122
2010,tas,female,36,3169
2010,tas,female,37,3362
2010,tas,female,38,3612
2010,tas,female,39,3687
2010,tas,female,40,3509
2010,tas,female,41,3577
2010,tas,female,42,3426
2010,tas,female,43,3404
2010,tas,female,44,3332
2010,tas,female,45,3482
2010,tas,female,46,3704
2010,tas,female,47,3724
2010,tas,female,48,3830
2010,tas,female,49,4000
2010,tas,female,50,3871
2010,tas,female,51,3766
2010,tas,female,52,3659
2010,tas,female,53,3671
2010,tas,female,54,3598
2010,tas,female,55,3517
2010,tas,female,56,3550
2010,tas,female,57,3456
2010,tas,female,58,3336
2010,tas,female,59,3331
2010,tas,female,60,3288
2010,tas,female,61,3211
2010,tas,female,62,3223
2010,tas,female,63,3398
2010,tas,female,64,2866
2010,tas,female,65,2779
2010,tas,female,66,2629
2010,tas,female,67,2382
2010,tas,female,68,2348
2010,tas,female,69,2226
2010,tas,female,70,2094
2010,tas,female,71,1972
2010,tas,female,72,1950
2010,tas,female,73,1850
2010,tas,female,74,1762
2010,tas,female,75,1624
2010,tas,female,76,1652
2010,tas,female,77,1584
2010,tas,female,78,1495
2010,tas,female,79,1518
2010,tas,female,80,1436
2010,tas,female,81,1334
2010,tas,female,82,1278
2010,tas,female,83,1167
2010,tas,female,84,1146
2010,tas,female,85,1070
2010,tas,female,86,957
2010,tas,female,87,879
2010,tas,female,88,775
2010,tas,female,89,652
2010,tas,female,90,526
2010,tas,female,91,388
2010,tas,female,92,310
2010,tas,female,93,285
2010,tas,female,94,232
2010,tas,female,95,159
2010,tas,female,96,103
2010,tas,female,97,76
2010,tas,female,98,56
2010,tas,female,99,32
2010,tas,female,100,61
2010,tas,male,0,3311
2010,tas,male,1,3408
2010,tas,male,2,3390
2010,tas,male,3,3313
2010,tas,male,4,3329
2010,tas,male,5,3273
2010,tas,male,6,3111
2010,tas,male,7,3111
2010,tas,male,8,3221
2010,tas,male,9,3302
2010,tas,male,10,3348
2010,tas,male,11,3421
2010,tas,male,12,3376
2010,tas,male,13,3474
2010,tas,male,14,3506
2010,tas,male,15,3678
2010,tas,male,16,3596
2010,tas,male,17,3516
2010,tas,male,18,3466
2010,tas,male,19,3454
2010,tas,male,20,3535
2010,tas,male,21,3390
2010,tas,male,22,3258
2010,tas,male,23,3315
2010,tas,male,24,3172
2010,tas,male,25,3154
2010,tas,male,26,3069
2010,tas,male,27,3040
2010,tas,male,28,2935
2010,tas,male,29,2831
2010,tas,male,30,2781
2010,tas,male,31,2804
2010,tas,male,32,2743
2010,tas,male,33,2753
2010,tas,male,34,2932
2010,tas,male,35,2896
2010,tas,male,36,3091
2010,tas,male,37,3112
2010,tas,male,38,3395
2010,tas,male,39,3526
2010,tas,male,40,3469
2010,tas,male,41,3540
2010,tas,male,42,3309
2010,tas,male,43,3200
2010,tas,male,44,3207
2010,tas,male,45,3360
2010,tas,male,46,3659
2010,tas,male,47,3610
2010,tas,male,48,3832
2010,tas,male,49,3815
2010,tas,male,50,3726
2010,tas,male,51,3678
2010,tas,male,52,3719
2010,tas,male,53,3579
2010,tas,male,54,3673
2010,tas,male,55,3445
2010,tas,male,56,3340
2010,tas,male,57,3493
2010,tas,male,58,3484
2010,tas,male,59,3364
2010,tas,male,60,3297
2010,tas,male,61,3177
2010,tas,male,62,3317
2010,tas,male,63,3484
2010,tas,male,64,2858
2010,tas,male,65,2740
2010,tas,male,66,2748
2010,tas,male,67,2464
2010,tas,male,68,2365
2010,tas,male,69,2204
2010,tas,male,70,2121
2010,tas,male,71,2055
2010,tas,male,72,1895
2010,tas,male,73,1754
2010,tas,male,74,1582
2010,tas,male,75,1508
2010,tas,male,76,1451
2010,tas,male,77,1331
2010,tas,male,78,1278
2010,tas,male,79,1259
2010,tas,male,80,1171
2010,tas,male,81,1056
2010,tas,male,82,955
2010,tas,male,83,879
2010,tas,male,84,813
2010,tas,male,85,680
2010,tas,male,86,543
2010,tas,male,87,477
2010,tas,male,88,432
2010,tas,male,89,341
2010,tas,male,90,230
2010,tas,male,91,178
2010,tas,male,92,124
2010,tas,male,93,107
2010,tas,male,94,89
2010,tas,male,95,55
2010,tas,male,96,34
2010,tas,male,97,24
2010,tas,male,98,12
2010,tas,male,99,10
2010,tas,male,100,17
2010,vic,female,0,34917
2010,vic,female,1,34250
2010,vic,female,2,34129
2010,vic,female,3,33645
2010,vic,female,4,33415
2010,vic,female,5,32116
2010,vic,female,6,32007
2010,vic,female,7,31493
2010,vic,female,8,31477
2010,vic,female,9,31478
2010,vic,female,10,32123
2010,vic,female,11,31968
2010,vic,female,12,31547
2010,vic,female,13,32432
2010,vic,female,14,32589
2010,vic,female,15,33476
2010,vic,female,16,33742
2010,vic,female,17,34484
2010,vic,female,18,35107
2010,vic,female,19,37276
2010,vic,female,20,39225
2010,vic,female,21,39753
2010,vic,female,22,40196
2010,vic,female,23,40136
2010,vic,female,24,40705
2010,vic,female,25,41595
2010,vic,female,26,41289
2010,vic,female,27,41360
2010,vic,female,28,40755
2010,vic,female,29,40103
2010,vic,female,30,39142
2010,vic,female,31,38393
2010,vic,female,32,37754
2010,vic,female,33,37484
2010,vic,female,34,37681
2010,vic,female,35,38554
2010,vic,female,36,39642
2010,vic,female,37,40136
2010,vic,female,38,42214
2010,vic,female,39,43484
2010,vic,female,40,40944
2010,vic,female,41,40648
2010,vic,female,42,39141
2010,vic,female,43,37834
2010,vic,female,44,37958
2010,vic,female,45,38020
2010,vic,female,46,38616
2010,vic,female,47,38880
2010,vic,female,48,38798
2010,vic,female,49,38645
2010,vic,female,50,37580
2010,vic,female,51,37060
2010,vic,female,52,36035
2010,vic,female,53,35332
2010,vic,female,54,34845
2010,vic,female,55,33854
2010,vic,female,56,32832
2010,vic,female,57,32621
2010,vic,female,58,31257
2010,vic,female,59,31189
2010,vic,female,60,30578
2010,vic,female,61,29499
2010,vic,female,62,30062
2010,vic,female,63,31124
2010,vic,female,64,26165
2010,vic,female,65,25014
2010,vic,female,66,24309
2010,vic,female,67,21893
2010,vic,female,68,21648
2010,vic,female,69,20147
2010,vic,female,70,19676
2010,vic,female,71,18986
2010,vic,female,72,18344
2010,vic,female,73,17439
2010,vic,female,74,17201
2010,vic,female,75,16165
2010,vic,female,76,15736
2010,vic,female,77,15221
2010,vic,female,78,14628
2010,vic,female,79,14848
2010,vic,female,80,14601
2010,vic,female,81,13675
2010,vic,female,82,13071
2010,vic,female,83,12447
2010,vic,female,84,11699
2010,vic,female,85,10718
2010,vic,female,86,9710
2010,vic,female,87,8534
2010,vic,female,88,7652
2010,vic,female,89,6699
2010,vic,female,90,5365
2010,vic,female,91,3857
2010,vic,female,92,3195
2010,vic,female,93,2692
2010,vic,female,94,2092
2010,vic,female,95,1710
2010,vic,female,96,1252
2010,vic,female,97,833
2010,vic,female,98,610
2010,vic,female,99,388
2010,vic,female,100,660
2010,vic,male,0,36652
2010,vic,male,1,36012
2010,vic,male,2,35976
2010,vic,male,3,35558
2010,vic,male,4,35023
2010,vic,male,5,33861
2010,vic,male,6,33649
2010,vic,male,7,33119
2010,vic,male,8,32842
2010,vic,male,9,33265
2010,vic,male,10,33180
2010,vic,male,11,33578
2010,vic,male,12,33925
2010,vic,male,13,34289
2010,vic,male,14,34480
2010,vic,male,15,35332
2010,vic,male,16,35690
2010,vic,male,17,35839
2010,vic,male,18,37062
2010,vic,male,19,39382
2010,vic,male,20,41629
2010,vic,male,21,42300
2010,vic,male,22,42561
2010,vic,male,23,43158
2010,vic,male,24,43335
2010,vic,male,25,43342
2010,vic,male,26,42754
2010,vic,male,27,42658
2010,vic,male,28,41505
2010,vic,male,29,40489
2010,vic,male,30,39329
2010,vic,male,31,38478
2010,vic,male,32,37876
2010,vic,male,33,37490
2010,vic,male,34,37284
2010,vic,male,35,37872
2010,vic,male,36,38644
2010,vic,male,37,39309
2010,vic,male,38,40648
2010,vic,male,39,41329
2010,vic,male,40,39943
2010,vic,male,41,39654
2010,vic,male,42,38306
2010,vic,male,43,36794
2010,vic,male,44,36575
2010,vic,male,45,36811
2010,vic,male,46,37294
2010,vic,male,47,37941
2010,vic,male,48,37978
2010,vic,male,49,37436
2010,vic,male,50,36244
2010,vic,male,51,36277
2010,vic,male,52,34885
2010,vic,male,53,34168
2010,vic,male,54,34254
2010,vic,male,55,32741
2010,vic,male,56,31688
2010,vic,male,57,31411
2010,vic,male,58,30520
2010,vic,male,59,29734
2010,vic,male,60,29296
2010,vic,male,61,28510
2010,vic,male,62,28951
2010,vic,male,63,30256
2010,vic,male,64,25933
2010,vic,male,65,24239
2010,vic,male,66,23049
2010,vic,male,67,21001
2010,vic,male,68,20996
2010,vic,male,69,19616
2010,vic,male,70,18930
2010,vic,male,71,18063
2010,vic,male,72,16927
2010,vic,male,73,16161
2010,vic,male,74,15284
2010,vic,male,75,14135
2010,vic,male,76,13646
2010,vic,male,77,12789
2010,vic,male,78,11999
2010,vic,male,79,12123
2010,vic,male,80,11485
2010,vic,male,81,10491
2010,vic,male,82,9714
2010,vic,male,83,8750
2010,vic,male,84,7831
2010,vic,male,85,6730
2010,vic,male,86,5783
2010,vic,male,87,4847
2010,vic,male,88,4159
2010,vic,male,89,3321
2010,vic,male,90,2640
2010,vic,male,91,1745
2010,vic,male,92,1314
2010,vic,male,93,1057
2010,vic,male,94,808
2010,vic,male,95,558
2010,vic,male,96,406
2010,vic,male,97,284
2010,vic,male,98,159
2010,vic,male,99,115
2010,vic,male,100,138
2010,wa,female,0,15202
2010,wa,female,1,14848
2010,wa,female,2,15245
2010,wa,female,3,14905
2010,wa,female,4,14845
2010,wa,female,5,14111
2010,wa,female,6,13904
2010,wa,female,7,14034
2010,wa,female,8,13864
2010,wa,female,9,14163
2010,wa,female,10,14291
2010,wa,female,11,14508
2010,wa,female,12,14326
2010,wa,female,13,14419
2010,wa,female,14,14470
2010,wa,female,15,14719
2010,wa,female,16,14771
2010,wa,female,17,14801
2010,wa,female,18,15010
2010,wa,female,19,15742
2010,wa,female,20,16279
2010,wa,female,21,16614
2010,wa,female,22,16541
2010,wa,female,23,16751
2010,wa,female,24,17079
2010,wa,female,25,17168
2010,wa,female,26,16963
2010,wa,female,27,16858
2010,wa,female,28,16447
2010,wa,female,29,16319
2010,wa,female,30,15860
2010,wa,female,31,15825
2010,wa,female,32,15311
2010,wa,female,33,15364
2010,wa,female,34,15596
2010,wa,female,35,15798
2010,wa,female,36,16014
2010,wa,female,37,16488
2010,wa,female,38,17523
2010,wa,female,39,17842
2010,wa,female,40,16988
2010,wa,female,41,16946
2010,wa,female,42,16286
2010,wa,female,43,16026
2010,wa,female,44,15979
2010,wa,female,45,16201
2010,wa,female,46,16397
2010,wa,female,47,16714
2010,wa,female,48,16443
2010,wa,female,49,16442
2010,wa,female,50,15987
2010,wa,female,51,15688
2010,wa,female,52,15156
2010,wa,female,53,14946
2010,wa,female,54,14990
2010,wa,female,55,14450
2010,wa,female,56,13893
2010,wa,female,57,13676
2010,wa,female,58,13169
2010,wa,female,59,12819
2010,wa,female,60,12477
2010,wa,female,61,12255
2010,wa,female,62,11917
2010,wa,female,63,12314
2010,wa,female,64,9851
2010,wa,female,65,9585
2010,wa,female,66,9299
2010,wa,female,67,8401
2010,wa,female,68,8302
2010,wa,female,69,7720
2010,wa,female,70,7404
2010,wa,female,71,7190
2010,wa,female,72,6783
2010,wa,female,73,6352
2010,wa,female,74,6265
2010,wa,female,75,5916
2010,wa,female,76,5496
2010,wa,female,77,5391
2010,wa,female,78,5197
2010,wa,female,79,5117
2010,wa,female,80,4935
2010,wa,female,81,4586
2010,wa,female,82,4416
2010,wa,female,83,4103
2010,wa,female,84,3793
2010,wa,female,85,3479
2010,wa,female,86,3086
2010,wa,female,87,2761
2010,wa,female,88,2492
2010,wa,female,89,2163
2010,wa,female,90,1861
2010,wa,female,91,1279
2010,wa,female,92,1014
2010,wa,female,93,882
2010,wa,female,94,784
2010,wa,female,95,608
2010,wa,female,96,412
2010,wa,female,97,335
2010,wa,female,98,183
2010,wa,female,99,135
2010,wa,female,100,228
2010,wa,male,0,16054
2010,wa,male,1,15781
2010,wa,male,2,15727
2010,wa,male,3,15694
2010,wa,male,4,15214
2010,wa,male,5,14818
2010,wa,male,6,14759
2010,wa,male,7,14292
2010,wa,male,8,14406
2010,wa,male,9,14701
2010,wa,male,10,14755
2010,wa,male,11,15266
2010,wa,male,12,15007
2010,wa,male,13,15152
2010,wa,male,14,15410
2010,wa,male,15,15480
2010,wa,male,16,15555
2010,wa,male,17,15588
2010,wa,male,18,15763
2010,wa,male,19,16573
2010,wa,male,20,17342
2010,wa,male,21,17615
2010,wa,male,22,17736
2010,wa,male,23,18436
2010,wa,male,24,18914
2010,wa,male,25,18830
2010,wa,male,26,18563
2010,wa,male,27,18677
2010,wa,male,28,17884
2010,wa,male,29,17195
2010,wa,male,30,16685
2010,wa,male,31,16342
2010,wa,male,32,16104
2010,wa,male,33,15715
2010,wa,male,34,16014
2010,wa,male,35,16024
2010,wa,male,36,16152
2010,wa,male,37,17019
2010,wa,male,38,18045
2010,wa,male,39,18345
2010,wa,male,40,17519
2010,wa,male,41,17289
2010,wa,male,42,16684
2010,wa,male,43,16417
2010,wa,male,44,16318
2010,wa,male,45,16353
2010,wa,male,46,16844
2010,wa,male,47,16873
2010,wa,male,48,16610
2010,wa,male,49,16440
2010,wa,male,50,15956
2010,wa,male,51,15663
2010,wa,male,52,15314
2010,wa,male,53,15122
2010,wa,male,54,15096
2010,wa,male,55,14157
2010,wa,male,56,13853
2010,wa,male,57,13655
2010,wa,male,58,13316
2010,wa,male,59,13207
2010,wa,male,60,12573
2010,wa,male,61,12281
2010,wa,male,62,12492
2010,wa,male,63,12784
2010,wa,male,64,10326
2010,wa,male,65,9815
2010,wa,male,66,9480
2010,wa,male,67,8434
2010,wa,male,68,8455
2010,wa,male,69,7630
2010,wa,male,70,7279
2010,wa,male,71,6967
2010,wa,male,72,6582
2010,wa,male,73,6120
2010,wa,male,74,5685
2010,wa,male,75,5269
2010,wa,male,76,4772
2010,wa,male,77,4591
2010,wa,male,78,4340
2010,wa,male,79,4280
2010,wa,male,80,3956
2010,wa,male,81,3572
2010,wa,male,82,3261
2010,wa,male,83,2964
2010,wa,male,84,2606
2010,wa,male,85,2253
2010,wa,male,86,1902
2010,wa,male,87,1614
2010,wa,male,88,1340
2010,wa,male,89,1071
2010,wa,male,90,898
2010,wa,male,91,568
2010,wa,male,92,413
2010,wa,male,93,345
2010,wa,male,94,268
2010,wa,male,95,191
2010,wa,male,96,124
2010,wa,male,97,83
2010,wa,male,98,58
2010,wa,male,99,53
2010,wa,male,100,51
2011,act,female,0,2366
2011,act,female,1,2483
2011,act,female,2,2326
2011,act,female,3,2235
2011,act,female,4,2210
2011,act,female,5,2281
2011,act,female,6,2148
2011,act,female,7,2078
2011,act,female,8,2016
2011,act,female,9,2003
2011,act,female,10,2074
2011,act,female,11,2075
2011,act,female,12,2104
2011,act,female,13,2048
2011,act,female,14,2077
2011,act,female,15,2119
2011,act,female,16,2147
2011,act,female,17,2350
2011,act,female,18,2571
2011,act,female,19,2962
2011,act,female,20,3217
2011,act,female,21,3310
2011,act,female,22,3326
2011,act,female,23,3287
2011,act,female,24,3286
2011,act,female,25,3261
2011,act,female,26,3229
2011,act,female,27,3277
2011,act,female,28,3148
2011,act,female,29,3238
2011,act,female,30,3097
2011,act,female,31,2994
2011,act,female,32,2861
2011,act,female,33,2747
2011,act,female,34,2720
2011,act,female,35,2579
2011,act,female,36,2694
2011,act,female,37,2769
2011,act,female,38,2820
2011,act,female,39,2902
2011,act,female,40,2869
2011,act,female,41,2661
2011,act,female,42,2695
2011,act,female,43,2551
2011,act,female,44,2454
2011,act,female,45,2554
2011,act,female,46,2481
2011,act,female,47,2595
2011,act,female,48,2456
2011,act,female,49,2626
2011,act,female,50,2564
2011,act,female,51,2471
2011,act,female,52,2484
2011,act,female,53,2379
2011,act,female,54,2323
2011,act,female,55,2276
2011,act,female,56,2181
2011,act,female,57,2057
2011,act,female,58,2108
2011,act,female,59,2076
2011,act,female,60,2021
2011,act,female,61,1908
2011,act,female,62,1817
2011,act,female,63,1864
2011,act,female,64,1875
2011,act,female,65,1524
2011,act,female,66,1438
2011,act,female,67,1348
2011,act,female,68,1202
2011,act,female,69,1154
2011,act,female,70,1065
2011,act,female,71,997
2011,act,female,72,956
2011,act,female,73,897
2011,act,female,74,885
2011,act,female,75,789
2011,act,female,76,761
2011,act,female,77,756
2011,act,female,78,679
2011,act,female,79,666
2011,act,female,80,606
2011,act,female,81,611
2011,act,female,82,597
2011,act,female,83,582
2011,act,female,84,550
2011,act,female,85,537
2011,act,female,86,458
2011,act,female,87,426
2011,act,female,88,386
2011,act,female,89,314
2011,act,female,90,261
2011,act,female,91,198
2011,act,female,92,142
2011,act,female,93,111
2011,act,female,94,97
2011,act,female,95,64
2011,act,female,96,54
2011,act,female,97,37
2011,act,female,98,27
2011,act,female,99,11
2011,act,female,100,22
2011,act,male,0,2580
2011,act,male,1,2602
2011,act,male,2,2533
2011,act,male,3,2424
2011,act,male,4,2373
2011,act,male,5,2432
2011,act,male,6,2278
2011,act,male,7,2223
2011,act,male,8,2206
2011,act,male,9,2046
2011,act,male,10,2087
2011,act,male,11,2148
2011,act,male,12,2163
2011,act,male,13,2139
2011,act,male,14,2171
2011,act,male,15,2147
2011,act,male,16,2352
2011,act,male,17,2387
2011,act,male,18,2811
2011,act,male,19,3133
2011,act,male,20,3360
2011,act,male,21,3456
2011,act,male,22,3413
2011,act,male,23,3466
2011,act,male,24,3391
2011,act,male,25,3445
2011,act,male,26,3391
2011,act,male,27,3403
2011,act,male,28,3340
2011,act,male,29,3177
2011,act,male,30,3080
2011,act,male,31,2904
2011,act,male,32,2898
2011,act,male,33,2771
2011,act,male,34,2734
2011,act,male,35,2686
2011,act,male,36,2801
2011,act,male,37,2714
2011,act,male,38,2753
2011,act,male,39,2791
2011,act,male,40,2888
2011,act,male,41,2738
2011,act,male,42,2563
2011,act,male,43,2528
2011,act,male,44,2438
2011,act,male,45,2367
2011,act,male,46,2420
2011,act,male,47,2381
2011,act,male,48,2445
2011,act,male,49,2504
2011,act,male,50,2444
2011,act,male,51,2414
2011,act,male,52,2284
2011,act,male,53,2269
2011,act,male,54,2201
2011,act,male,55,2120
2011,act,male,56,2030
2011,act,male,57,2037
2011,act,male,58,2008
2011,act,male,59,1944
2011,act,male,60,1852
2011,act,male,61,1863
2011,act,male,62,1766
2011,act,male,63,1743
2011,act,male,64,1862
2011,act,male,65,1550
2011,act,male,66,1312
2011,act,male,67,1236
2011,act,male,68,1126
2011,act,male,69,1136
2011,act,male,70,974
2011,act,male,71,966
2011,act,male,72,903
2011,act,male,73,837
2011,act,male,74,750
2011,act,male,75,727
2011,act,male,76,683
2011,act,male,77,574
2011,act,male,78,547
2011,act,male,79,527
2011,act,male,80,543
2011,act,male,81,456
2011,act,male,82,433
2011,act,male,83,405
2011,act,male,84,347
2011,act,male,85,334
2011,act,male,86,285
2011,act,male,87,239
2011,act,male,88,191
2011,act,male,89,169
2011,act,male,90,136
2011,act,male,91,94
2011,act,male,92,50
2011,act,male,93,46
2011,act,male,94,35
2011,act,male,95,30
2011,act,male,96,20
2011,act,male,97,3
2011,act,male,98,6
2011,act,male,99,4
2011,act,male,100,4
2011,nsw,female,0,46074
2011,nsw,female,1,46652
2011,nsw,female,2,46366
2011,nsw,female,3,46006
2011,nsw,female,4,45271
2011,nsw,female,5,45135
2011,nsw,female,6,43696
2011,nsw,female,7,42972
2011,nsw,female,8,43000
2011,nsw,female,9,42522
2011,nsw,female,10,43099
2011,nsw,female,11,43503
2011,nsw,female,12,43193
2011,nsw,female,13,43222
2011,nsw,female,14,43697
2011,nsw,female,15,43635
2011,nsw,female,16,44769
2011,nsw,female,17,44667
2011,nsw,female,18,44785
2011,nsw,female,19,45440
2011,nsw,female,20,47853
2011,nsw,female,21,48971
2011,nsw,female,22,48879
2011,nsw,female,23,49381
2011,nsw,female,24,50139
2011,nsw,female,25,50633
2011,nsw,female,26,51638
2011,nsw,female,27,52191
2011,nsw,female,28,53039
2011,nsw,female,29,52182
2011,nsw,female,30,51776
2011,nsw,female,31,50129
2011,nsw,female,32,49835
2011,nsw,female,33,49032
2011,nsw,female,34,48953
2011,nsw,female,35,48748
2011,nsw,female,36,49535
2011,nsw,female,37,51061
2011,nsw,female,38,52562
2011,nsw,female,39,54432
2011,nsw,female,40,54860
2011,nsw,female,41,51136
2011,nsw,female,42,50743
2011,nsw,female,43,48551
2011,nsw,female,44,47836
2011,nsw,female,45,47656
2011,nsw,female,46,48794
2011,nsw,female,47,50594
2011,nsw,female,48,51670
2011,nsw,female,49,51138
2011,nsw,female,50,51378
2011,nsw,female,51,49700
2011,nsw,female,52,48696
2011,nsw,female,53,48422
2011,nsw,female,54,46924
2011,nsw,female,55,45761
2011,nsw,female,56,45050
2011,nsw,female,57,43489
2011,nsw,female,58,43021
2011,nsw,female,59,41444
2011,nsw,female,60,40642
2011,nsw,female,61,40074
2011,nsw,female,62,38936
2011,nsw,female,63,39250
2011,nsw,female,64,40682
2011,nsw,female,65,35057
2011,nsw,female,66,33906
2011,nsw,female,67,32530
2011,nsw,female,68,29493
2011,nsw,female,69,28563
2011,nsw,female,70,27172
2011,nsw,female,71,26007
2011,nsw,female,72,25003
2011,nsw,female,73,23908
2011,nsw,female,74,23088
2011,nsw,female,75,22674
2011,nsw,female,76,21394
2011,nsw,female,77,20085
2011,nsw,female,78,19685
2011,nsw,female,79,19162
2011,nsw,female,80,19304
2011,nsw,female,81,18608
2011,nsw,female,82,17683
2011,nsw,female,83,16816
2011,nsw,female,84,15554
2011,nsw,female,85,14358
2011,nsw,female,86,13499
2011,nsw,female,87,12155
2011,nsw,female,88,10690
2011,nsw,female,89,9322
2011,nsw,female,90,7827
2011,nsw,female,91,6139
2011,nsw,female,92,4486
2011,nsw,female,93,3698
2011,nsw,female,94,2967
2011,nsw,female,95,2254
2011,nsw,female,96,1789
2011,nsw,female,97,1210
2011,nsw,female,98,822
2011,nsw,female,99,552
2011,nsw,female,100,840
2011,nsw,male,0,48744
2011,nsw,male,1,49282
2011,nsw,male,2,48703
2011,nsw,male,3,48361
2011,nsw,male,4,47946
2011,nsw,male,5,47895
2011,nsw,male,6,46706
2011,nsw,male,7,45700
2011,nsw,male,8,45460
2011,nsw,male,9,44887
2011,nsw,male,10,45790
2011,nsw,male,11,45764
2011,nsw,male,12,45586
2011,nsw,male,13,45684
2011,nsw,male,14,46411
2011,nsw,male,15,46358
2011,nsw,male,16,47394
2011,nsw,male,17,47327
2011,nsw,male,18,47870
2011,nsw,male,19,48425
2011,nsw,male,20,49643
2011,nsw,male,21,51430
2011,nsw,male,22,50999
2011,nsw,male,23,51050
2011,nsw,male,24,51120
2011,nsw,male,25,52191
2011,nsw,male,26,52814
2011,nsw,male,27,52342
2011,nsw,male,28,53077
2011,nsw,male,29,52464
2011,nsw,male,30,52148
2011,nsw,male,31,50348
2011,nsw,male,32,49490
2011,nsw,male,33,48347
2011,nsw,male,34,48327
2011,nsw,male,35,48302
2011,nsw,male,36,49136
2011,nsw,male,37,50017
2011,nsw,male,38,51170
2011,nsw,male,39,53303
2011,nsw,male,40,53176
2011,nsw,male,41,49850
2011,nsw,male,42,49076
2011,nsw,male,43,47415
2011,nsw,male,44,46894
2011,nsw,male,45,47210
2011,nsw,male,46,47728
2011,nsw,male,47,49616
2011,nsw,male,48,50354
2011,nsw,male,49,50693
2011,nsw,male,50,50342
2011,nsw,male,51,48769
2011,nsw,male,52,47879
2011,nsw,male,53,47005
2011,nsw,male,54,46364
2011,nsw,male,55,45212
2011,nsw,male,56,44088
2011,nsw,male,57,42807
2011,nsw,male,58,42212
2011,nsw,male,59,40422
2011,nsw,male,60,40453
2011,nsw,male,61,39835
2011,nsw,male,62,38733
2011,nsw,male,63,39694
2011,nsw,male,64,40667
2011,nsw,male,65,35044
2011,nsw,male,66,33683
2011,nsw,male,67,32217
2011,nsw,male,68,28802
2011,nsw,male,69,28054
2011,nsw,male,70,26300
2011,nsw,male,71,25315
2011,nsw,male,72,23947
2011,nsw,male,73,22651
2011,nsw,male,74,21862
2011,nsw,male,75,20213
2011,nsw,male,76,18367
2011,nsw,male,77,17487
2011,nsw,male,78,16587
2011,nsw,male,79,15888
2011,nsw,male,80,15342
2011,nsw,male,81,14434
2011,nsw,male,82,13232
2011,nsw,male,83,12161
2011,nsw,male,84,10729
2011,nsw,male,85,9410
2011,nsw,male,86,8180
2011,nsw,male,87,6952
2011,nsw,male,88,5785
2011,nsw,male,89,4878
2011,nsw,male,90,3746
2011,nsw,male,91,2844
2011,nsw,male,92,1888
2011,nsw,male,93,1415
2011,nsw,male,94,1041
2011,nsw,male,95,762
2011,nsw,male,96,513
2011,nsw,male,97,333
2011,nsw,male,98,241
2011,nsw,male,99,127
2011,nsw,male,100,174
2011,nt,female,0,1726
2011,nt,female,1,1823
2011,nt,female,2,1798
2011,nt,female,3,1809
2011,nt,female,4,1727
2011,nt,female,5,1779
2011,nt,female,6,1713
2011,nt,female,7,1671
2011,nt,female,8,1739
2011,nt,female,9,1680
2011,nt,female,10,1736
2011,nt,female,11,1577
2011,nt,female,12,1555
2011,nt,female,13,1535
2011,nt,female,14,1516
2011,nt,female,15,1469
2011,nt,female,16,1547
2011,nt,female,17,1491
2011,nt,female,18,1515
2011,nt,female,19,1459
2011,nt,female,20,1655
2011,nt,female,21,1663
2011,nt,female,22,1710
2011,nt,female,23,1851
2011,nt,female,24,1999
2011,nt,female,25,2048
2011,nt,female,26,2101
2011,nt,female,27,2101
2011,nt,female,28,2130
2011,nt,female,29,2036
2011,nt,female,30,2087
2011,nt,female,31,1876
2011,nt,female,32,1820
2011,nt,female,33,1794
2011,nt,female,34,1733
2011,nt,female,35,1829
2011,nt,female,36,1730
2011,nt,female,37,1738
2011,nt,female,38,1772
2011,nt,female,39,1744
2011,nt,female,40,1937
2011,nt,female,41,1788
2011,nt,female,42,1678
2011,nt,female,43,1599
2011,nt,female,44,1580
2011,nt,female,45,1573
2011,nt,female,46,1488
2011,nt,female,47,1527
2011,nt,female,48,1551
2011,nt,female,49,1518
2011,nt,female,50,1583
2011,nt,female,51,1420
2011,nt,female,52,1422
2011,nt,female,53,1437
2011,nt,female,54,1338
2011,nt,female,55,1309
2011,nt,female,56,1265
2011,nt,female,57,1172
2011,nt,female,58,1132
2011,nt,female,59,1024
2011,nt,female,60,1050
2011,nt,female,61,870
2011,nt,female,62,827
2011,nt,female,63,779
2011,nt,female,64,741
2011,nt,female,65,626
2011,nt,female,66,556
2011,nt,female,67,520
2011,nt,female,68,414
2011,nt,female,69,411
2011,nt,female,70,423
2011,nt,female,71,349
2011,nt,female,72,266
2011,nt,female,73,266
2011,nt,female,74,221
2011,nt,female,75,204
2011,nt,female,76,198
2011,nt,female,77,186
2011,nt,female,78,151
2011,nt,female,79,144
2011,nt,female,80,135
2011,nt,female,81,117
2011,nt,female,82,125
2011,nt,female,83,111
2011,nt,female,84,86
2011,nt,female,85,65
2011,nt,female,86,72
2011,nt,female,87,51
2011,nt,female,88,57
2011,nt,female,89,40
2011,nt,female,90,42
2011,nt,female,91,20
2011,nt,female,92,17
2011,nt,female,93,15
2011,nt,female,94,11
2011,nt,female,95,11
2011,nt,female,96,4
2011,nt,female,97,3
2011,nt,female,98,2
2011,nt,female,99,0
2011,nt,female,100,0
2011,nt,male,0,1924
2011,nt,male,1,1983
2011,nt,male,2,1908
2011,nt,male,3,1904
2011,nt,male,4,1890
2011,nt,male,5,1893
2011,nt,male,6,1843
2011,nt,male,7,1736
2011,nt,male,8,1790
2011,nt,male,9,1731
2011,nt,male,10,1832
2011,nt,male,11,1697
2011,nt,male,12,1685
2011,nt,male,13,1758
2011,nt,male,14,1676
2011,nt,male,15,1693
2011,nt,male,16,1810
2011,nt,male,17,1693
2011,nt,male,18,1684
2011,nt,male,19,1735
2011,nt,male,20,1924
2011,nt,male,21,2076
2011,nt,male,22,2105
2011,nt,male,23,2154
2011,nt,male,24,2242
2011,nt,male,25,2413
2011,nt,male,26,2292
2011,nt,male,27,2244
2011,nt,male,28,2343
2011,nt,male,29,2221
2011,nt,male,30,2257
2011,nt,male,31,2000
2011,nt,male,32,1934
2011,nt,male,33,1813
2011,nt,male,34,1837
2011,nt,male,35,1910
2011,nt,male,36,1853
2011,nt,male,37,1869
2011,nt,male,38,1885
2011,nt,male,39,1933
2011,nt,male,40,2073
2011,nt,male,41,1858
2011,nt,male,42,1776
2011,nt,male,43,1708
2011,nt,male,44,1691
2011,nt,male,45,1710
2011,nt,male,46,1636
2011,nt,male,47,1591
2011,nt,male,48,1692
2011,nt,male,49,1719
2011,nt,male,50,1715
2011,nt,male,51,1532
2011,nt,male,52,1559
2011,nt,male,53,1512
2011,nt,male,54,1458
2011,nt,male,55,1457
2011,nt,male,56,1407
2011,nt,male,57,1346
2011,nt,male,58,1262
2011,nt,male,59,1239
2011,nt,male,60,1240
2011,nt,male,61,1135
2011,nt,male,62,1076
2011,nt,male,63,985
2011,nt,male,64,1014
2011,nt,male,65,802
2011,nt,male,66,735
2011,nt,male,67,613
2011,nt,male,68,535
2011,nt,male,69,540
2011,nt,male,70,542
2011,nt,male,71,471
2011,nt,male,72,331
2011,nt,male,73,331
2011,nt,male,74,289
2011,nt,male,75,251
2011,nt,male,76,226
2011,nt,male,77,162
2011,nt,male,78,158
2011,nt,male,79,150
2011,nt,male,80,150
2011,nt,male,81,137
2011,nt,male,82,110
2011,nt,male,83,92
2011,nt,male,84,77
2011,nt,male,85,52
2011,nt,male,86,35
2011,nt,male,87,32
2011,nt,male,88,30
2011,nt,male,89,27
2011,nt,male,90,9
2011,nt,male,91,15
2011,nt,male,92,8
2011,nt,male,93,2
2011,nt,male,94,1
2011,nt,male,95,3
2011,nt,male,96,3
2011,nt,male,97,0
2011,nt,male,98,1
2011,nt,male,99,1
2011,nt,male,100,1
2011,qld,female,0,29495
2011,qld,female,1,29647
2011,qld,female,2,29926
2011,qld,female,3,29747
2011,qld,female,4,29124
2011,qld,female,5,29639
2011,qld,female,6,28878
2011,qld,female,7,28375
2011,qld,female,8,27703
2011,qld,female,9,28252
2011,qld,female,10,28742
2011,qld,female,11,28287
2011,qld,female,12,28540
2011,qld,female,13,28847
2011,qld,female,14,29049
2011,qld,female,15,29034
2011,qld,female,16,29616
2011,qld,female,17,29187
2011,qld,female,18,29311
2011,qld,female,19,30779
2011,qld,female,20,31401
2011,qld,female,21,32139
2011,qld,female,22,31765
2011,qld,female,23,31683
2011,qld,female,24,31945
2011,qld,female,25,32364
2011,qld,female,26,32733
2011,qld,female,27,32459
2011,qld,female,28,32630
2011,qld,female,29,31376
2011,qld,female,30,31234
2011,qld,female,31,30534
2011,qld,female,32,29723
2011,qld,female,33,29678
2011,qld,female,34,29806
2011,qld,female,35,30212
2011,qld,female,36,30761
2011,qld,female,37,31566
2011,qld,female,38,33055
2011,qld,female,39,34378
2011,qld,female,40,34839
2011,qld,female,41,32900
2011,qld,female,42,32254
2011,qld,female,43,30970
2011,qld,female,44,30499
2011,qld,female,45,30264
2011,qld,female,46,30649
2011,qld,female,47,31546
2011,qld,female,48,32057
2011,qld,female,49,32036
2011,qld,female,50,31644
2011,qld,female,51,30572
2011,qld,female,52,29976
2011,qld,female,53,29235
2011,qld,female,54,28176
2011,qld,female,55,27747
2011,qld,female,56,27184
2011,qld,female,57,26419
2011,qld,female,58,25945
2011,qld,female,59,25142
2011,qld,female,60,24916
2011,qld,female,61,24723
2011,qld,female,62,23814
2011,qld,female,63,23689
2011,qld,female,64,24664
2011,qld,female,65,20953
2011,qld,female,66,20577
2011,qld,female,67,19231
2011,qld,female,68,17366
2011,qld,female,69,16907
2011,qld,female,70,15499
2011,qld,female,71,14848
2011,qld,female,72,13967
2011,qld,female,73,12712
2011,qld,female,74,12432
2011,qld,female,75,11795
2011,qld,female,76,11295
2011,qld,female,77,10420
2011,qld,female,78,10186
2011,qld,female,79,9717
2011,qld,female,80,9895
2011,qld,female,81,9406
2011,qld,female,82,8808
2011,qld,female,83,8457
2011,qld,female,84,7584
2011,qld,female,85,7275
2011,qld,female,86,6564
2011,qld,female,87,5744
2011,qld,female,88,5105
2011,qld,female,89,4553
2011,qld,female,90,3813
2011,qld,female,91,3086
2011,qld,female,92,2207
2011,qld,female,93,1847
2011,qld,female,94,1431
2011,qld,female,95,1099
2011,qld,female,96,885
2011,qld,female,97,582
2011,qld,female,98,395
2011,qld,female,99,272
2011,qld,female,100,426
2011,qld,male,0,30660
2011,qld,male,1,31389
2011,qld,male,2,31593
2011,qld,male,3,31571
2011,qld,male,4,31178
2011,qld,male,5,31429
2011,qld,male,6,30725
2011,qld,male,7,29731
2011,qld,male,8,29234
2011,qld,male,9,29782
2011,qld,male,10,30233
2011,qld,male,11,29996
2011,qld,male,12,29788
2011,qld,male,13,30151
2011,qld,male,14,30127
2011,qld,male,15,30615
2011,qld,male,16,31270
2011,qld,male,17,31011
2011,qld,male,18,30980
2011,qld,male,19,31058
2011,qld,male,20,31880
2011,qld,male,21,32770
2011,qld,male,22,32413
2011,qld,male,23,32712
2011,qld,male,24,33062
2011,qld,male,25,33357
2011,qld,male,26,33292
2011,qld,male,27,33181
2011,qld,male,28,33156
2011,qld,male,29,32395
2011,qld,male,30,31761
2011,qld,male,31,30396
2011,qld,male,32,29571
2011,qld,male,33,28945
2011,qld,male,34,29366
2011,qld,male,35,29515
2011,qld,male,36,30502
2011,qld,male,37,31547
2011,qld,male,38,32351
2011,qld,male,39,33558
2011,qld,male,40,34180
2011,qld,male,41,32428
2011,qld,male,42,31617
2011,qld,male,43,30418
2011,qld,male,44,30058
2011,qld,male,45,29555
2011,qld,male,46,29891
2011,qld,male,47,31078
2011,qld,male,48,31018
2011,qld,male,49,31219
2011,qld,male,50,31081
2011,qld,male,51,29930
2011,qld,male,52,29331
2011,qld,male,53,28360
2011,qld,male,54,27859
2011,qld,male,55,27641
2011,qld,male,56,26833
2011,qld,male,57,25837
2011,qld,male,58,25901
2011,qld,male,59,25448
2011,qld,male,60,24949
2011,qld,male,61,24675
2011,qld,male,62,24302
2011,qld,male,63,24403
2011,qld,male,64,25277
2011,qld,male,65,21444
2011,qld,male,66,20764
2011,qld,male,67,19427
2011,qld,male,68,17368
2011,qld,male,69,17186
2011,qld,male,70,15802
2011,qld,male,71,15073
2011,qld,male,72,13907
2011,qld,male,73,12975
2011,qld,male,74,12182
2011,qld,male,75,11249
2011,qld,male,76,10091
2011,qld,male,77,9287
2011,qld,male,78,8855
2011,qld,male,79,8391
2011,qld,male,80,8073
2011,qld,male,81,7498
2011,qld,male,82,6783
2011,qld,male,83,6055
2011,qld,male,84,5414
2011,qld,male,85,4797
2011,qld,male,86,4150
2011,qld,male,87,3444
2011,qld,male,88,2848
2011,qld,male,89,2452
2011,qld,male,90,1965
2011,qld,male,91,1478
2011,qld,male,92,990
2011,qld,male,93,734
2011,qld,male,94,593
2011,qld,male,95,390
2011,qld,male,96,269
2011,qld,male,97,217
2011,qld,male,98,112
2011,qld,male,99,67
2011,qld,male,100,89
2011,sa,female,0,9492
2011,sa,female,1,9462
2011,sa,female,2,9641
2011,sa,female,3,9612
2011,sa,female,4,9573
2011,sa,female,5,9403
2011,sa,female,6,9338
2011,sa,female,7,9126
2011,sa,female,8,9235
2011,sa,female,9,9195
2011,sa,female,10,9340
2011,sa,female,11,9497
2011,sa,female,12,9744
2011,sa,female,13,9684
2011,sa,female,14,9847
2011,sa,female,15,9939
2011,sa,female,16,10131
2011,sa,female,17,10209
2011,sa,female,18,10445
2011,sa,female,19,10819
2011,sa,female,20,10970
2011,sa,female,21,11478
2011,sa,female,22,11179
2011,sa,female,23,11160
2011,sa,female,24,11136
2011,sa,female,25,11273
2011,sa,female,26,11122
2011,sa,female,27,11264
2011,sa,female,28,11007
2011,sa,female,29,10686
2011,sa,female,30,10509
2011,sa,female,31,10099
2011,sa,female,32,9912
2011,sa,female,33,9887
2011,sa,female,34,10093
2011,sa,female,35,9969
2011,sa,female,36,10125
2011,sa,female,37,10404
2011,sa,female,38,10957
2011,sa,female,39,11666
2011,sa,female,40,11921
2011,sa,female,41,11542
2011,sa,female,42,11486
2011,sa,female,43,11212
2011,sa,female,44,10993
2011,sa,female,45,11191
2011,sa,female,46,11399
2011,sa,female,47,11539
2011,sa,female,48,11669
2011,sa,female,49,11875
2011,sa,female,50,11981
2011,sa,female,51,11658
2011,sa,female,52,11661
2011,sa,female,53,11174
2011,sa,female,54,11215
2011,sa,female,55,10967
2011,sa,female,56,10570
2011,sa,female,57,10573
2011,sa,female,58,10465
2011,sa,female,59,10182
2011,sa,female,60,10209
2011,sa,female,61,9913
2011,sa,female,62,9671
2011,sa,female,63,9748
2011,sa,female,64,10311
2011,sa,female,65,8712
2011,sa,female,66,8422
2011,sa,female,67,7880
2011,sa,female,68,7315
2011,sa,female,69,6980
2011,sa,female,70,6497
2011,sa,female,71,6398
2011,sa,female,72,6328
2011,sa,female,73,5971
2011,sa,female,74,5780
2011,sa,female,75,5535
2011,sa,female,76,5243
2011,sa,female,77,5072
2011,sa,female,78,4927
2011,sa,female,79,4819
2011,sa,female,80,4989
2011,sa,female,81,4725
2011,sa,female,82,4600
2011,sa,female,83,4436
2011,sa,female,84,4200
2011,sa,female,85,3969
2011,sa,female,86,3678
2011,sa,female,87,3184
2011,sa,female,88,2909
2011,sa,female,89,2576
2011,sa,female,90,2138
2011,sa,female,91,1625
2011,sa,female,92,1203
2011,sa,female,93,1037
2011,sa,female,94,809
2011,sa,female,95,576
2011,sa,female,96,503
2011,sa,female,97,341
2011,sa,female,98,247
2011,sa,female,99,150
2011,sa,female,100,242
2011,sa,male,0,9820
2011,sa,male,1,10032
2011,sa,male,2,10043
2011,sa,male,3,9970
2011,sa,male,4,9781
2011,sa,male,5,9998
2011,sa,male,6,9639
2011,sa,male,7,9813
2011,sa,male,8,9537
2011,sa,male,9,9692
2011,sa,male,10,9704
2011,sa,male,11,10066
2011,sa,male,12,10109
2011,sa,male,13,10084
2011,sa,male,14,10182
2011,sa,male,15,10533
2011,sa,male,16,10879
2011,sa,male,17,10651
2011,sa,male,18,10975
2011,sa,male,19,11227
2011,sa,male,20,11604
2011,sa,male,21,12052
2011,sa,male,22,12045
2011,sa,male,23,11699
2011,sa,male,24,11729
2011,sa,male,25,11762
2011,sa,male,26,11683
2011,sa,male,27,11647
2011,sa,male,28,11364
2011,sa,male,29,10931
2011,sa,male,30,10712
2011,sa,male,31,10321
2011,sa,male,32,10274
2011,sa,male,33,9955
2011,sa,male,34,10150
2011,sa,male,35,10097
2011,sa,male,36,10262
2011,sa,male,37,10427
2011,sa,male,38,10906
2011,sa,male,39,11555
2011,sa,male,40,12011
2011,sa,male,41,11632
2011,sa,male,42,11550
2011,sa,male,43,11267
2011,sa,male,44,10989
2011,sa,male,45,11119
2011,sa,male,46,11271
2011,sa,male,47,11547
2011,sa,male,48,11583
2011,sa,male,49,11561
2011,sa,male,50,11879
2011,sa,male,51,11418
2011,sa,male,52,11315
2011,sa,male,53,11084
2011,sa,male,54,10760
2011,sa,male,55,10635
2011,sa,male,56,10536
2011,sa,male,57,10106
2011,sa,male,58,10119
2011,sa,male,59,9723
2011,sa,male,60,9693
2011,sa,male,61,9716
2011,sa,male,62,9473
2011,sa,male,63,9337
2011,sa,male,64,10034
2011,sa,male,65,8305
2011,sa,male,66,7932
2011,sa,male,67,7493
2011,sa,male,68,6941
2011,sa,male,69,6663
2011,sa,male,70,6101
2011,sa,male,71,5955
2011,sa,male,72,5862
2011,sa,male,73,5449
2011,sa,male,74,5269
2011,sa,male,75,4842
2011,sa,male,76,4471
2011,sa,male,77,4421
2011,sa,male,78,4128
2011,sa,male,79,3882
2011,sa,male,80,3798
2011,sa,male,81,3740
2011,sa,male,82,3422
2011,sa,male,83,3182
2011,sa,male,84,2837
2011,sa,male,85,2611
2011,sa,male,86,2147
2011,sa,male,87,1818
2011,sa,male,88,1499
2011,sa,male,89,1264
2011,sa,male,90,1015
2011,sa,male,91,772
2011,sa,male,92,497
2011,sa,male,93,397
2011,sa,male,94,281
2011,sa,male,95,212
2011,sa,male,96,142
2011,sa,male,97,82
2011,sa,male,98,52
2011,sa,male,99,37
2011,sa,male,100,58
2011,tas,female,0,2939
2011,tas,female,1,2988
2011,tas,female,2,3149
2011,tas,female,3,3116
2011,tas,female,4,3125
2011,tas,female,5,3106
2011,tas,female,6,2954
2011,tas,female,7,2901
2011,tas,female,8,2943
2011,tas,female,9,3049
2011,tas,female,10,3087
2011,tas,female,11,3188
2011,tas,female,12,3284
2011,tas,female,13,3143
2011,tas,female,14,3294
2011,tas,female,15,3283
2011,tas,female,16,3359
2011,tas,female,17,3203
2011,tas,female,18,3221
2011,tas,female,19,3179
2011,tas,female,20,3236
2011,tas,female,21,3108
2011,tas,female,22,3196
2011,tas,female,23,3142
2011,tas,female,24,3080
2011,tas,female,25,3047
2011,tas,female,26,3129
2011,tas,female,27,3032
2011,tas,female,28,2940
2011,tas,female,29,3026
2011,tas,female,30,3037
2011,tas,female,31,2877
2011,tas,female,32,2886
2011,tas,female,33,2894
2011,tas,female,34,2792
2011,tas,female,35,2944
2011,tas,female,36,3136
2011,tas,female,37,3210
2011,tas,female,38,3370
2011,tas,female,39,3617
2011,tas,female,40,3697
2011,tas,female,41,3524
2011,tas,female,42,3610
2011,tas,female,43,3423
2011,tas,female,44,3402
2011,tas,female,45,3345
2011,tas,female,46,3483
2011,tas,female,47,3716
2011,tas,female,48,3739
2011,tas,female,49,3827
2011,tas,female,50,3988
2011,tas,female,51,3870
2011,tas,female,52,3776
2011,tas,female,53,3670
2011,tas,female,54,3688
2011,tas,female,55,3597
2011,tas,female,56,3520
2011,tas,female,57,3562
2011,tas,female,58,3467
2011,tas,female,59,3336
2011,tas,female,60,3320
2011,tas,female,61,3274
2011,tas,female,62,3193
2011,tas,female,63,3205
2011,tas,female,64,3369
2011,tas,female,65,2854
2011,tas,female,66,2762
2011,tas,female,67,2626
2011,tas,female,68,2361
2011,tas,female,69,2325
2011,tas,female,70,2200
2011,tas,female,71,2067
2011,tas,female,72,1929
2011,tas,female,73,1903
2011,tas,female,74,1805
2011,tas,female,75,1732
2011,tas,female,76,1593
2011,tas,female,77,1612
2011,tas,female,78,1539
2011,tas,female,79,1452
2011,tas,female,80,1456
2011,tas,female,81,1357
2011,tas,female,82,1280
2011,tas,female,83,1209
2011,tas,female,84,1084
2011,tas,female,85,1065
2011,tas,female,86,988
2011,tas,female,87,872
2011,tas,female,88,795
2011,tas,female,89,694
2011,tas,female,90,574
2011,tas,female,91,432
2011,tas,female,92,324
2011,tas,female,93,250
2011,tas,female,94,228
2011,tas,female,95,174
2011,tas,female,96,116
2011,tas,female,97,79
2011,tas,female,98,45
2011,tas,female,99,43
2011,tas,female,100,57
2011,tas,male,0,3237
2011,tas,male,1,3264
2011,tas,male,2,3357
2011,tas,male,3,3364
2011,tas,male,4,3282
2011,tas,male,5,3316
2011,tas,male,6,3293
2011,tas,male,7,3144
2011,tas,male,8,3138
2011,tas,male,9,3244
2011,tas,male,10,3339
2011,tas,male,11,3374
2011,tas,male,12,3434
2011,tas,male,13,3392
2011,tas,male,14,3479
2011,tas,male,15,3513
2011,tas,male,16,3682
2011,tas,male,17,3593
2011,tas,male,18,3465
2011,tas,male,19,3389
2011,tas,male,20,3394
2011,tas,male,21,3474
2011,tas,male,22,3344
2011,tas,male,23,3196
2011,tas,male,24,3233
2011,tas,male,25,3150
2011,tas,male,26,3107
2011,tas,male,27,3045
2011,tas,male,28,3058
2011,tas,male,29,2943
2011,tas,male,30,2867
2011,tas,male,31,2812
2011,tas,male,32,2836
2011,tas,male,33,2762
2011,tas,male,34,2770
2011,tas,male,35,2940
2011,tas,male,36,2920
2011,tas,male,37,3117
2011,tas,male,38,3131
2011,tas,male,39,3418
2011,tas,male,40,3532
2011,tas,male,41,3478
2011,tas,male,42,3557
2011,tas,male,43,3337
2011,tas,male,44,3213
2011,tas,male,45,3210
2011,tas,male,46,3373
2011,tas,male,47,3688
2011,tas,male,48,3619
2011,tas,male,49,3841
2011,tas,male,50,3832
2011,tas,male,51,3725
2011,tas,male,52,3693
2011,tas,male,53,3736
2011,tas,male,54,3598
2011,tas,male,55,3670
2011,tas,male,56,3458
2011,tas,male,57,3337
2011,tas,male,58,3476
2011,tas,male,59,3502
2011,tas,male,60,3380
2011,tas,male,61,3314
2011,tas,male,62,3183
2011,tas,male,63,3318
2011,tas,male,64,3471
2011,tas,male,65,2866
2011,tas,male,66,2731
2011,tas,male,67,2731
2011,tas,male,68,2444
2011,tas,male,69,2358
2011,tas,male,70,2195
2011,tas,male,71,2110
2011,tas,male,72,2031
2011,tas,male,73,1851
2011,tas,male,74,1717
2011,tas,male,75,1529
2011,tas,male,76,1456
2011,tas,male,77,1402
2011,tas,male,78,1278
2011,tas,male,79,1218
2011,tas,male,80,1187
2011,tas,male,81,1099
2011,tas,male,82,985
2011,tas,male,83,883
2011,tas,male,84,794
2011,tas,male,85,727
2011,tas,male,86,621
2011,tas,male,87,480
2011,tas,male,88,413
2011,tas,male,89,375
2011,tas,male,90,288
2011,tas,male,91,186
2011,tas,male,92,136
2011,tas,male,93,102
2011,tas,male,94,76
2011,tas,male,95,57
2011,tas,male,96,44
2011,tas,male,97,21
2011,tas,male,98,15
2011,tas,male,99,11
2011,tas,male,100,16
2011,vic,female,0,33897
2011,vic,female,1,34820
2011,vic,female,2,34349
2011,vic,female,3,34243
2011,vic,female,4,33829
2011,vic,female,5,33821
2011,vic,female,6,32521
2011,vic,female,7,32364
2011,vic,female,8,31791
2011,vic,female,9,31752
2011,vic,female,10,31681
2011,vic,female,11,32309
2011,vic,female,12,32135
2011,vic,female,13,31813
2011,vic,female,14,32714
2011,vic,female,15,32994
2011,vic,female,16,33936
2011,vic,female,17,34314
2011,vic,female,18,35483
2011,vic,female,19,36198
2011,vic,female,20,38434
2011,vic,female,21,40338
2011,vic,female,22,40611
2011,vic,female,23,41071
2011,vic,female,24,40975
2011,vic,female,25,41594
2011,vic,female,26,42522
2011,vic,female,27,42145
2011,vic,female,28,42307
2011,vic,female,29,41643
2011,vic,female,30,41012
2011,vic,female,31,39877
2011,vic,female,32,38908
2011,vic,female,33,38282
2011,vic,female,34,37986
2011,vic,female,35,38128
2011,vic,female,36,38944
2011,vic,female,37,40014
2011,vic,female,38,40417
2011,vic,female,39,42523
2011,vic,female,40,43816
2011,vic,female,41,41297
2011,vic,female,42,40977
2011,vic,female,43,39363
2011,vic,female,44,38002
2011,vic,female,45,38094
2011,vic,female,46,38132
2011,vic,female,47,38643
2011,vic,female,48,38907
2011,vic,female,49,38851
2011,vic,female,50,38700
2011,vic,female,51,37541
2011,vic,female,52,37088
2011,vic,female,53,36095
2011,vic,female,54,35364
2011,vic,female,55,34910
2011,vic,female,56,33955
2011,vic,female,57,32889
2011,vic,female,58,32520
2011,vic,female,59,31197
2011,vic,female,60,31064
2011,vic,female,61,30458
2011,vic,female,62,29365
2011,vic,female,63,29901
2011,vic,female,64,30982
2011,vic,female,65,26073
2011,vic,female,66,24968
2011,vic,female,67,24197
2011,vic,female,68,21814
2011,vic,female,69,21604
2011,vic,female,70,20015
2011,vic,female,71,19493
2011,vic,female,72,18733
2011,vic,female,73,18047
2011,vic,female,74,17089
2011,vic,female,75,16936
2011,vic,female,76,15893
2011,vic,female,77,15477
2011,vic,female,78,14937
2011,vic,female,79,14250
2011,vic,female,80,14463
2011,vic,female,81,14106
2011,vic,female,82,13169
2011,vic,female,83,12491
2011,vic,female,84,11846
2011,vic,female,85,10962
2011,vic,female,86,9944
2011,vic,female,87,8924
2011,vic,female,88,7772
2011,vic,female,89,6826
2011,vic,female,90,5881
2011,vic,female,91,4586
2011,vic,female,92,3250
2011,vic,female,93,2615
2011,vic,female,94,2197
2011,vic,female,95,1629
2011,vic,female,96,1278
2011,vic,female,97,892
2011,vic,female,98,592
2011,vic,female,99,416
2011,vic,female,100,687
2011,vic,male,0,36176
2011,vic,male,1,36642
2011,vic,male,2,36174
2011,vic,male,3,36094
2011,vic,male,4,35727
2011,vic,male,5,35624
2011,vic,male,6,34339
2011,vic,male,7,33973
2011,vic,male,8,33434
2011,vic,male,9,33110
2011,vic,male,10,33482
2011,vic,male,11,33362
2011,vic,male,12,33816
2011,vic,male,13,34159
2011,vic,male,14,34585
2011,vic,male,15,34808
2011,vic,male,16,35777
2011,vic,male,17,36269
2011,vic,male,18,36782
2011,vic,male,19,38022
2011,vic,male,20,40091
2011,vic,male,21,42211
2011,vic,male,22,42556
2011,vic,male,23,42892
2011,vic,male,24,43268
2011,vic,male,25,43260
2011,vic,male,26,43354
2011,vic,male,27,42953
2011,vic,male,28,43082
2011,vic,male,29,41934
2011,vic,male,30,41079
2011,vic,male,31,39749
2011,vic,male,32,38862
2011,vic,male,33,38193
2011,vic,male,34,37870
2011,vic,male,35,37680
2011,vic,male,36,38169
2011,vic,male,37,38994
2011,vic,male,38,39503
2011,vic,male,39,40905
2011,vic,male,40,41606
2011,vic,male,41,40121
2011,vic,male,42,39854
2011,vic,male,43,38438
2011,vic,male,44,36877
2011,vic,male,45,36661
2011,vic,male,46,36814
2011,vic,male,47,37316
2011,vic,male,48,37880
2011,vic,male,49,37974
2011,vic,male,50,37474
2011,vic,male,51,36188
2011,vic,male,52,36310
2011,vic,male,53,34911
2011,vic,male,54,34152
2011,vic,male,55,34174
2011,vic,male,56,32672
2011,vic,male,57,31651
2011,vic,male,58,31282
2011,vic,male,59,30383
2011,vic,male,60,29610
2011,vic,male,61,29076
2011,vic,male,62,28334
2011,vic,male,63,28754
2011,vic,male,64,30053
2011,vic,male,65,25704
2011,vic,male,66,24024
2011,vic,male,67,22867
2011,vic,male,68,20819
2011,vic,male,69,20810
2011,vic,male,70,19382
2011,vic,male,71,18660
2011,vic,male,72,17803
2011,vic,male,73,16676
2011,vic,male,74,15856
2011,vic,male,75,14888
2011,vic,male,76,13758
2011,vic,male,77,13217
2011,vic,male,78,12284
2011,vic,male,79,11495
2011,vic,male,80,11526
2011,vic,male,81,10872
2011,vic,male,82,9809
2011,vic,male,83,8999
2011,vic,male,84,8046
2011,vic,male,85,7175
2011,vic,male,86,6004
2011,vic,male,87,5083
2011,vic,male,88,4219
2011,vic,male,89,3571
2011,vic,male,90,2813
2011,vic,male,91,2157
2011,vic,male,92,1381
2011,vic,male,93,1047
2011,vic,male,94,798
2011,vic,male,95,599
2011,vic,male,96,403
2011,vic,male,97,259
2011,vic,male,98,179
2011,vic,male,99,102
2011,vic,male,100,149
2011,wa,female,0,15376
2011,wa,female,1,15359
2011,wa,female,2,15093
2011,wa,female,3,15477
2011,wa,female,4,15173
2011,wa,female,5,15246
2011,wa,female,6,14521
2011,wa,female,7,14274
2011,wa,female,8,14355
2011,wa,female,9,14163
2011,wa,female,10,14465
2011,wa,female,11,14562
2011,wa,female,12,14802
2011,wa,female,13,14559
2011,wa,female,14,14610
2011,wa,female,15,14717
2011,wa,female,16,14930
2011,wa,female,17,14999
2011,wa,female,18,15141
2011,wa,female,19,15453
2011,wa,female,20,16361
2011,wa,female,21,16906
2011,wa,female,22,17368
2011,wa,female,23,17357
2011,wa,female,24,17553
2011,wa,female,25,17839
2011,wa,female,26,18031
2011,wa,female,27,17785
2011,wa,female,28,17642
2011,wa,female,29,17164
2011,wa,female,30,17034
2011,wa,female,31,16484
2011,wa,female,32,16334
2011,wa,female,33,15750
2011,wa,female,34,15794
2011,wa,female,35,16016
2011,wa,female,36,16206
2011,wa,female,37,16378
2011,wa,female,38,16791
2011,wa,female,39,17920
2011,wa,female,40,18306
2011,wa,female,41,17324
2011,wa,female,42,17279
2011,wa,female,43,16549
2011,wa,female,44,16277
2011,wa,female,45,16165
2011,wa,female,46,16347
2011,wa,female,47,16537
2011,wa,female,48,16808
2011,wa,female,49,16555
2011,wa,female,50,16562
2011,wa,female,51,16108
2011,wa,female,52,15788
2011,wa,female,53,15245
2011,wa,female,54,15030
2011,wa,female,55,15074
2011,wa,female,56,14522
2011,wa,female,57,13913
2011,wa,female,58,13664
2011,wa,female,59,13153
2011,wa,female,60,12799
2011,wa,female,61,12427
2011,wa,female,62,12210
2011,wa,female,63,11932
2011,wa,female,64,12266
2011,wa,female,65,9808
2011,wa,female,66,9550
2011,wa,female,67,9295
2011,wa,female,68,8382
2011,wa,female,69,8276
2011,wa,female,70,7669
2011,wa,female,71,7369
2011,wa,female,72,7131
2011,wa,female,73,6720
2011,wa,female,74,6255
2011,wa,female,75,6226
2011,wa,female,76,5865
2011,wa,female,77,5438
2011,wa,female,78,5313
2011,wa,female,79,5113
2011,wa,female,80,5022
2011,wa,female,81,4789
2011,wa,female,82,4442
2011,wa,female,83,4245
2011,wa,female,84,3909
2011,wa,female,85,3584
2011,wa,female,86,3258
2011,wa,female,87,2881
2011,wa,female,88,2534
2011,wa,female,89,2249
2011,wa,female,90,1944
2011,wa,female,91,1619
2011,wa,female,92,1089
2011,wa,female,93,842
2011,wa,female,94,712
2011,wa,female,95,635
2011,wa,female,96,462
2011,wa,female,97,300
2011,wa,female,98,247
2011,wa,female,99,132
2011,wa,female,100,226
2011,wa,male,0,15869
2011,wa,male,1,16156
2011,wa,male,2,15996
2011,wa,male,3,15969
2011,wa,male,4,15947
2011,wa,male,5,15625
2011,wa,male,6,15208
2011,wa,male,7,15070
2011,wa,male,8,14597
2011,wa,male,9,14597
2011,wa,male,10,14958
2011,wa,male,11,14997
2011,wa,male,12,15497
2011,wa,male,13,15203
2011,wa,male,14,15337
2011,wa,male,15,15575
2011,wa,male,16,15702
2011,wa,male,17,15792
2011,wa,male,18,15858
2011,wa,male,19,16240
2011,wa,male,20,17148
2011,wa,male,21,18062
2011,wa,male,22,18385
2011,wa,male,23,18774
2011,wa,male,24,19424
2011,wa,male,25,19807
2011,wa,male,26,19722
2011,wa,male,27,19431
2011,wa,male,28,19342
2011,wa,male,29,18581
2011,wa,male,30,17992
2011,wa,male,31,17318
2011,wa,male,32,16874
2011,wa,male,33,16555
2011,wa,male,34,16106
2011,wa,male,35,16488
2011,wa,male,36,16456
2011,wa,male,37,16585
2011,wa,male,38,17411
2011,wa,male,39,18492
2011,wa,male,40,18738
2011,wa,male,41,17865
2011,wa,male,42,17540
2011,wa,male,43,16994
2011,wa,male,44,16648
2011,wa,male,45,16467
2011,wa,male,46,16567
2011,wa,male,47,16950
2011,wa,male,48,17010
2011,wa,male,49,16738
2011,wa,male,50,16601
2011,wa,male,51,16054
2011,wa,male,52,15850
2011,wa,male,53,15454
2011,wa,male,54,15178
2011,wa,male,55,15121
2011,wa,male,56,14169
2011,wa,male,57,13819
2011,wa,male,58,13616
2011,wa,male,59,13262
2011,wa,male,60,13123
2011,wa,male,61,12462
2011,wa,male,62,12202
2011,wa,male,63,12391
2011,wa,male,64,12648
2011,wa,male,65,10192
2011,wa,male,66,9696
2011,wa,male,67,9384
2011,wa,male,68,8334
2011,wa,male,69,8343
2011,wa,male,70,7504
2011,wa,male,71,7162
2011,wa,male,72,6865
2011,wa,male,73,6433
2011,wa,male,74,5971
2011,wa,male,75,5512
2011,wa,male,76,5103
2011,wa,male,77,4583
2011,wa,male,78,4413
2011,wa,male,79,4101
2011,wa,male,80,4074
2011,wa,male,81,3737
2011,wa,male,82,3364
2011,wa,male,83,3024
2011,wa,male,84,2718
2011,wa,male,85,2376
2011,wa,male,86,2039
2011,wa,male,87,1695
2011,wa,male,88,1389
2011,wa,male,89,1141
2011,wa,male,90,919
2011,wa,male,91,726
2011,wa,male,92,455
2011,wa,male,93,320
2011,wa,male,94,262
2011,wa,male,95,203
2011,wa,male,96,137
2011,wa,male,97,92
2011,wa,male,98,61
2011,wa,male,99,48
2011,wa,male,100,61
2012,act,female,0,2540
2012,act,female,1,2450
2012,act,female,2,2543
2012,act,female,3,2395
2012,act,female,4,2290
2012,act,female,5,2242
2012,act,female,6,2307
2012,act,female,7,2189
2012,act,female,8,2095
2012,act,female,9,2039
2012,act,female,10,2033
2012,act,female,11,2074
2012,act,female,12,2102
2012,act,female,13,2123
2012,act,female,14,2107
2012,act,female,15,2135
2012,act,female,16,2181
2012,act,female,17,2257
2012,act,female,18,2552
2012,act,female,19,2788
2012,act,female,20,3108
2012,act,female,21,3320
2012,act,female,22,3341
2012,act,female,23,3389
2012,act,female,24,3360
2012,act,female,25,3352
2012,act,female,26,3416
2012,act,female,27,3394
2012,act,female,28,3373
2012,act,female,29,3234
2012,act,female,30,3330
2012,act,female,31,3163
2012,act,female,32,3081
2012,act,female,33,2920
2012,act,female,34,2793
2012,act,female,35,2783
2012,act,female,36,2664
2012,act,female,37,2741
2012,act,female,38,2792
2012,act,female,39,2865
2012,act,female,40,2944
2012,act,female,41,2892
2012,act,female,42,2694
2012,act,female,43,2716
2012,act,female,44,2579
2012,act,female,45,2476
2012,act,female,46,2563
2012,act,female,47,2494
2012,act,female,48,2590
2012,act,female,49,2455
2012,act,female,50,2615
2012,act,female,51,2558
2012,act,female,52,2463
2012,act,female,53,2458
2012,act,female,54,2352
2012,act,female,55,2291
2012,act,female,56,2231
2012,act,female,57,2141
2012,act,female,58,2010
2012,act,female,59,2083
2012,act,female,60,2039
2012,act,female,61,1984
2012,act,female,62,1864
2012,act,female,63,1810
2012,act,female,64,1854
2012,act,female,65,1860
2012,act,female,66,1511
2012,act,female,67,1425
2012,act,female,68,1344
2012,act,female,69,1182
2012,act,female,70,1147
2012,act,female,71,1056
2012,act,female,72,988
2012,act,female,73,944
2012,act,female,74,887
2012,act,female,75,879
2012,act,female,76,782
2012,act,female,77,739
2012,act,female,78,732
2012,act,female,79,668
2012,act,female,80,649
2012,act,female,81,593
2012,act,female,82,594
2012,act,female,83,575
2012,act,female,84,553
2012,act,female,85,510
2012,act,female,86,500
2012,act,female,87,426
2012,act,female,88,390
2012,act,female,89,333
2012,act,female,90,274
2012,act,female,91,214
2012,act,female,92,163
2012,act,female,93,122
2012,act,female,94,89
2012,act,female,95,78
2012,act,female,96,49
2012,act,female,97,37
2012,act,female,98,31
2012,act,female,99,19
2012,act,female,100,23
2012,act,male,0,2755
2012,act,male,1,2644
2012,act,male,2,2639
2012,act,male,3,2607
2012,act,male,4,2493
2012,act,male,5,2416
2012,act,male,6,2463
2012,act,male,7,2277
2012,act,male,8,2232
2012,act,male,9,2226
2012,act,male,10,2071
2012,act,male,11,2130
2012,act,male,12,2157
2012,act,male,13,2186
2012,act,male,14,2203
2012,act,male,15,2267
2012,act,male,16,2236
2012,act,male,17,2468
2012,act,male,18,2622
2012,act,male,19,3048
2012,act,male,20,3232
2012,act,male,21,3435
2012,act,male,22,3509
2012,act,male,23,3447
2012,act,male,24,3488
2012,act,male,25,3369
2012,act,male,26,3516
2012,act,male,27,3375
2012,act,male,28,3462
2012,act,male,29,3379
2012,act,male,30,3235
2012,act,male,31,3109
2012,act,male,32,2970
2012,act,male,33,2994
2012,act,male,34,2861
2012,act,male,35,2807
2012,act,male,36,2760
2012,act,male,37,2849
2012,act,male,38,2731
2012,act,male,39,2810
2012,act,male,40,2830
2012,act,male,41,2914
2012,act,male,42,2747
2012,act,male,43,2601
2012,act,male,44,2542
2012,act,male,45,2464
2012,act,male,46,2386
2012,act,male,47,2398
2012,act,male,48,2407
2012,act,male,49,2461
2012,act,male,50,2519
2012,act,male,51,2432
2012,act,male,52,2398
2012,act,male,53,2276
2012,act,male,54,2251
2012,act,male,55,2149
2012,act,male,56,2096
2012,act,male,57,1991
2012,act,male,58,1997
2012,act,male,59,1973
2012,act,male,60,1886
2012,act,male,61,1812
2012,act,male,62,1831
2012,act,male,63,1743
2012,act,male,64,1731
2012,act,male,65,1820
2012,act,male,66,1515
2012,act,male,67,1287
2012,act,male,68,1218
2012,act,male,69,1112
2012,act,male,70,1111
2012,act,male,71,955
2012,act,male,72,937
2012,act,male,73,874
2012,act,male,74,818
2012,act,male,75,740
2012,act,male,76,710
2012,act,male,77,665
2012,act,male,78,557
2012,act,male,79,525
2012,act,male,80,505
2012,act,male,81,516
2012,act,male,82,445
2012,act,male,83,413
2012,act,male,84,372
2012,act,male,85,323
2012,act,male,86,300
2012,act,male,87,260
2012,act,male,88,213
2012,act,male,89,166
2012,act,male,90,145
2012,act,male,91,108
2012,act,male,92,82
2012,act,male,93,39
2012,act,male,94,38
2012,act,male,95,28
2012,act,male,96,24
2012,act,male,97,14
2012,act,male,98,2
2012,act,male,99,4
2012,act,male,100,2
2012,nsw,female,0,47471
2012,nsw,female,1,46330
2012,nsw,female,2,47093
2012,nsw,female,3,46690
2012,nsw,female,4,46540
2012,nsw,female,5,45839
2012,nsw,female,6,45215
2012,nsw,female,7,43760
2012,nsw,female,8,43055
2012,nsw,female,9,43088
2012,nsw,female,10,42618
2012,nsw,female,11,43185
2012,nsw,female,12,43597
2012,nsw,female,13,43273
2012,nsw,female,14,43354
2012,nsw,female,15,43822
2012,nsw,female,16,44036
2012,nsw,female,17,45306
2012,nsw,female,18,45441
2012,nsw,female,19,45623
2012,nsw,female,20,46435
2012,nsw,female,21,48790
2012,nsw,female,22,50217
2012,nsw,female,23,50410
2012,nsw,female,24,50711
2012,nsw,female,25,51168
2012,nsw,female,26,51851
2012,nsw,female,27,52721
2012,nsw,female,28,53340
2012,nsw,female,29,54211
2012,nsw,female,30,53018
2012,nsw,female,31,52475
2012,nsw,female,32,50583
2012,nsw,female,33,50092
2012,nsw,female,34,49273
2012,nsw,female,35,49106
2012,nsw,female,36,49045
2012,nsw,female,37,49633
2012,nsw,female,38,51219
2012,nsw,female,39,52792
2012,nsw,female,40,54546
2012,nsw,female,41,55050
2012,nsw,female,42,51261
2012,nsw,female,43,50843
2012,nsw,female,44,48811
2012,nsw,female,45,47883
2012,nsw,female,46,47843
2012,nsw,female,47,48752
2012,nsw,female,48,50595
2012,nsw,female,49,51635
2012,nsw,female,50,51110
2012,nsw,female,51,51324
2012,nsw,female,52,49686
2012,nsw,female,53,48460
2012,nsw,female,54,48340
2012,nsw,female,55,46826
2012,nsw,female,56,45604
2012,nsw,female,57,44841
2012,nsw,female,58,43402
2012,nsw,female,59,42904
2012,nsw,female,60,41364
2012,nsw,female,61,40638
2012,nsw,female,62,39987
2012,nsw,female,63,38788
2012,nsw,female,64,39090
2012,nsw,female,65,40371
2012,nsw,female,66,34761
2012,nsw,female,67,33551
2012,nsw,female,68,32139
2012,nsw,female,69,29115
2012,nsw,female,70,28178
2012,nsw,female,71,26797
2012,nsw,female,72,25649
2012,nsw,female,73,24599
2012,nsw,female,74,23508
2012,nsw,female,75,22703
2012,nsw,female,76,22142
2012,nsw,female,77,20806
2012,nsw,female,78,19491
2012,nsw,female,79,19055
2012,nsw,female,80,18470
2012,nsw,female,81,18516
2012,nsw,female,82,17772
2012,nsw,female,83,16779
2012,nsw,female,84,15837
2012,nsw,female,85,14592
2012,nsw,female,86,13340
2012,nsw,female,87,12397
2012,nsw,female,88,10969
2012,nsw,female,89,9611
2012,nsw,female,90,8201
2012,nsw,female,91,6795
2012,nsw,female,92,5204
2012,nsw,female,93,3759
2012,nsw,female,94,3023
2012,nsw,female,95,2345
2012,nsw,female,96,1711
2012,nsw,female,97,1327
2012,nsw,female,98,860
2012,nsw,female,99,565
2012,nsw,female,100,897
2012,nsw,male,0,50706
2012,nsw,male,1,49050
2012,nsw,male,2,49739
2012,nsw,male,3,49112
2012,nsw,male,4,48862
2012,nsw,male,5,48509
2012,nsw,male,6,48053
2012,nsw,male,7,46771
2012,nsw,male,8,45858
2012,nsw,male,9,45545
2012,nsw,male,10,45035
2012,nsw,male,11,45923
2012,nsw,male,12,45878
2012,nsw,male,13,45727
2012,nsw,male,14,45720
2012,nsw,male,15,46389
2012,nsw,male,16,46562
2012,nsw,male,17,47851
2012,nsw,male,18,47947
2012,nsw,male,19,48691
2012,nsw,male,20,49201
2012,nsw,male,21,50290
2012,nsw,male,22,52360
2012,nsw,male,23,52366
2012,nsw,male,24,52007
2012,nsw,male,25,51855
2012,nsw,male,26,52856
2012,nsw,male,27,53333
2012,nsw,male,28,53084
2012,nsw,male,29,53721
2012,nsw,male,30,53166
2012,nsw,male,31,52642
2012,nsw,male,32,50841
2012,nsw,male,33,49698
2012,nsw,male,34,48674
2012,nsw,male,35,48614
2012,nsw,male,36,48668
2012,nsw,male,37,49407
2012,nsw,male,38,50322
2012,nsw,male,39,51334
2012,nsw,male,40,53387
2012,nsw,male,41,53289
2012,nsw,male,42,49803
2012,nsw,male,43,48918
2012,nsw,male,44,47405
2012,nsw,male,45,46741
2012,nsw,male,46,47199
2012,nsw,male,47,47659
2012,nsw,male,48,49596
2012,nsw,male,49,50310
2012,nsw,male,50,50595
2012,nsw,male,51,50219
2012,nsw,male,52,48555
2012,nsw,male,53,47674
2012,nsw,male,54,46761
2012,nsw,male,55,46030
2012,nsw,male,56,44922
2012,nsw,male,57,43626
2012,nsw,male,58,42374
2012,nsw,male,59,41863
2012,nsw,male,60,40194
2012,nsw,male,61,40195
2012,nsw,male,62,39574
2012,nsw,male,63,38461
2012,nsw,male,64,39371
2012,nsw,male,65,40309
2012,nsw,male,66,34569
2012,nsw,male,67,33156
2012,nsw,male,68,31701
2012,nsw,male,69,28238
2012,nsw,male,70,27520
2012,nsw,male,71,25736
2012,nsw,male,72,24686
2012,nsw,male,73,23278
2012,nsw,male,74,21992
2012,nsw,male,75,21150
2012,nsw,male,76,19549
2012,nsw,male,77,17631
2012,nsw,male,78,16719
2012,nsw,male,79,15836
2012,nsw,male,80,15050
2012,nsw,male,81,14460
2012,nsw,male,82,13509
2012,nsw,male,83,12269
2012,nsw,male,84,11183
2012,nsw,male,85,9782
2012,nsw,male,86,8434
2012,nsw,male,87,7212
2012,nsw,male,88,6073
2012,nsw,male,89,4937
2012,nsw,male,90,4121
2012,nsw,male,91,3066
2012,nsw,male,92,2312
2012,nsw,male,93,1474
2012,nsw,male,94,1072
2012,nsw,male,95,782
2012,nsw,male,96,555
2012,nsw,male,97,369
2012,nsw,male,98,220
2012,nsw,male,99,166
2012,nsw,male,100,196
2012,nt,female,0,1982
2012,nt,female,1,1758
2012,nt,female,2,1815
2012,nt,female,3,1815
2012,nt,female,4,1796
2012,nt,female,5,1707
2012,nt,female,6,1759
2012,nt,female,7,1673
2012,nt,female,8,1644
2012,nt,female,9,1708
2012,nt,female,10,1655
2012,nt,female,11,1717
2012,nt,female,12,1569
2012,nt,female,13,1525
2012,nt,female,14,1507
2012,nt,female,15,1475
2012,nt,female,16,1440
2012,nt,female,17,1534
2012,nt,female,18,1498
2012,nt,female,19,1521
2012,nt,female,20,1575
2012,nt,female,21,1754
2012,nt,female,22,1816
2012,nt,female,23,1878
2012,nt,female,24,1991
2012,nt,female,25,2203
2012,nt,female,26,2173
2012,nt,female,27,2187
2012,nt,female,28,2202
2012,nt,female,29,2197
2012,nt,female,30,2148
2012,nt,female,31,2104
2012,nt,female,32,1895
2012,nt,female,33,1834
2012,nt,female,34,1795
2012,nt,female,35,1742
2012,nt,female,36,1826
2012,nt,female,37,1723
2012,nt,female,38,1750
2012,nt,female,39,1752
2012,nt,female,40,1755
2012,nt,female,41,1913
2012,nt,female,42,1778
2012,nt,female,43,1714
2012,nt,female,44,1618
2012,nt,female,45,1588
2012,nt,female,46,1567
2012,nt,female,47,1489
2012,nt,female,48,1539
2012,nt,female,49,1558
2012,nt,female,50,1529
2012,nt,female,51,1560
2012,nt,female,52,1422
2012,nt,female,53,1412
2012,nt,female,54,1392
2012,nt,female,55,1330
2012,nt,female,56,1290
2012,nt,female,57,1246
2012,nt,female,58,1165
2012,nt,female,59,1115
2012,nt,female,60,1010
2012,nt,female,61,1017
2012,nt,female,62,836
2012,nt,female,63,794
2012,nt,female,64,735
2012,nt,female,65,700
2012,nt,female,66,608
2012,nt,female,67,531
2012,nt,female,68,507
2012,nt,female,69,405
2012,nt,female,70,400
2012,nt,female,71,401
2012,nt,female,72,340
2012,nt,female,73,254
2012,nt,female,74,255
2012,nt,female,75,219
2012,nt,female,76,204
2012,nt,female,77,184
2012,nt,female,78,174
2012,nt,female,79,146
2012,nt,female,80,141
2012,nt,female,81,128
2012,nt,female,82,109
2012,nt,female,83,114
2012,nt,female,84,106
2012,nt,female,85,80
2012,nt,female,86,62
2012,nt,female,87,65
2012,nt,female,88,46
2012,nt,female,89,51
2012,nt,female,90,37
2012,nt,female,91,33
2012,nt,female,92,16
2012,nt,female,93,13
2012,nt,female,94,12
2012,nt,female,95,10
2012,nt,female,96,9
2012,nt,female,97,3
2012,nt,female,98,2
2012,nt,female,99,1
2012,nt,female,100,1
2012,nt,male,0,2012
2012,nt,male,1,1941
2012,nt,male,2,1977
2012,nt,male,3,1882
2012,nt,male,4,1899
2012,nt,male,5,1888
2012,nt,male,6,1857
2012,nt,male,7,1812
2012,nt,male,8,1716
2012,nt,male,9,1779
2012,nt,male,10,1719
2012,nt,male,11,1800
2012,nt,male,12,1676
2012,nt,male,13,1647
2012,nt,male,14,1728
2012,nt,male,15,1625
2012,nt,male,16,1642
2012,nt,male,17,1805
2012,nt,male,18,1686
2012,nt,male,19,1690
2012,nt,male,20,1771
2012,nt,male,21,2063
2012,nt,male,22,2207
2012,nt,male,23,2274
2012,nt,male,24,2344
2012,nt,male,25,2365
2012,nt,male,26,2497
2012,nt,male,27,2333
2012,nt,male,28,2331
2012,nt,male,29,2425
2012,nt,male,30,2273
2012,nt,male,31,2272
2012,nt,male,32,2016
2012,nt,male,33,1942
2012,nt,male,34,1860
2012,nt,male,35,1869
2012,nt,male,36,1921
2012,nt,male,37,1855
2012,nt,male,38,1887
2012,nt,male,39,1866
2012,nt,male,40,1901
2012,nt,male,41,2093
2012,nt,male,42,1864
2012,nt,male,43,1760
2012,nt,male,44,1720
2012,nt,male,45,1706
2012,nt,male,46,1695
2012,nt,male,47,1653
2012,nt,male,48,1612
2012,nt,male,49,1681
2012,nt,male,50,1694
2012,nt,male,51,1709
2012,nt,male,52,1524
2012,nt,male,53,1529
2012,nt,male,54,1491
2012,nt,male,55,1421
2012,nt,male,56,1441
2012,nt,male,57,1375
2012,nt,male,58,1316
2012,nt,male,59,1247
2012,nt,male,60,1179
2012,nt,male,61,1200
2012,nt,male,62,1102
2012,nt,male,63,1047
2012,nt,male,64,956
2012,nt,male,65,962
2012,nt,male,66,753
2012,nt,male,67,697
2012,nt,male,68,579
2012,nt,male,69,524
2012,nt,male,70,515
2012,nt,male,71,517
2012,nt,male,72,448
2012,nt,male,73,311
2012,nt,male,74,312
2012,nt,male,75,270
2012,nt,male,76,230
2012,nt,male,77,212
2012,nt,male,78,150
2012,nt,male,79,144
2012,nt,male,80,135
2012,nt,male,81,140
2012,nt,male,82,123
2012,nt,male,83,97
2012,nt,male,84,82
2012,nt,male,85,73
2012,nt,male,86,40
2012,nt,male,87,31
2012,nt,male,88,30
2012,nt,male,89,27
2012,nt,male,90,25
2012,nt,male,91,11
2012,nt,male,92,13
2012,nt,male,93,6
2012,nt,male,94,0
2012,nt,male,95,1
2012,nt,male,96,3
2012,nt,male,97,1
2012,nt,male,98,0
2012,nt,male,99,1
2012,nt,male,100,2
2012,qld,female,0,30771
2012,qld,female,1,30087
2012,qld,female,2,30429
2012,qld,female,3,30565
2012,qld,female,4,30397
2012,qld,female,5,29821
2012,qld,female,6,30167
2012,qld,female,7,29308
2012,qld,female,8,28718
2012,qld,female,9,28138
2012,qld,female,10,28576
2012,qld,female,11,29112
2012,qld,female,12,28650
2012,qld,female,13,28794
2012,qld,female,14,29093
2012,qld,female,15,29379
2012,qld,female,16,29470
2012,qld,female,17,30048
2012,qld,female,18,29779
2012,qld,female,19,30250
2012,qld,female,20,31764
2012,qld,female,21,32455
2012,qld,female,22,33003
2012,qld,female,23,32784
2012,qld,female,24,32598
2012,qld,female,25,32626
2012,qld,female,26,33099
2012,qld,female,27,33405
2012,qld,female,28,33240
2012,qld,female,29,33424
2012,qld,female,30,32172
2012,qld,female,31,31782
2012,qld,female,32,30947
2012,qld,female,33,30181
2012,qld,female,34,30150
2012,qld,female,35,30320
2012,qld,female,36,30718
2012,qld,female,37,31248
2012,qld,female,38,32109
2012,qld,female,39,33532
2012,qld,female,40,34801
2012,qld,female,41,35328
2012,qld,female,42,33292
2012,qld,female,43,32615
2012,qld,female,44,31353
2012,qld,female,45,30857
2012,qld,female,46,30573
2012,qld,female,47,30848
2012,qld,female,48,31829
2012,qld,female,49,32267
2012,qld,female,50,32213
2012,qld,female,51,31800
2012,qld,female,52,30657
2012,qld,female,53,30080
2012,qld,female,54,29309
2012,qld,female,55,28235
2012,qld,female,56,27835
2012,qld,female,57,27105
2012,qld,female,58,26471
2012,qld,female,59,26001
2012,qld,female,60,25135
2012,qld,female,61,24923
2012,qld,female,62,24722
2012,qld,female,63,23778
2012,qld,female,64,23683
2012,qld,female,65,24599
2012,qld,female,66,20807
2012,qld,female,67,20403
2012,qld,female,68,19065
2012,qld,female,69,17198
2012,qld,female,70,16710
2012,qld,female,71,15304
2012,qld,female,72,14673
2012,qld,female,73,13816
2012,qld,female,74,12590
2012,qld,female,75,12245
2012,qld,female,76,11536
2012,qld,female,77,11035
2012,qld,female,78,10141
2012,qld,female,79,9881
2012,qld,female,80,9399
2012,qld,female,81,9520
2012,qld,female,82,9016
2012,qld,female,83,8412
2012,qld,female,84,8042
2012,qld,female,85,7170
2012,qld,female,86,6747
2012,qld,female,87,6023
2012,qld,female,88,5247
2012,qld,female,89,4580
2012,qld,female,90,4073
2012,qld,female,91,3314
2012,qld,female,92,2603
2012,qld,female,93,1806
2012,qld,female,94,1529
2012,qld,female,95,1125
2012,qld,female,96,847
2012,qld,female,97,659
2012,qld,female,98,416
2012,qld,female,99,273
2012,qld,female,100,435
2012,qld,male,0,32232
2012,qld,male,1,31233
2012,qld,male,2,32051
2012,qld,male,3,32318
2012,qld,male,4,32231
2012,qld,male,5,31977
2012,qld,male,6,31966
2012,qld,male,7,31066
2012,qld,male,8,30121
2012,qld,male,9,29646
2012,qld,male,10,30106
2012,qld,male,11,30606
2012,qld,male,12,30375
2012,qld,male,13,30107
2012,qld,male,14,30415
2012,qld,male,15,30339
2012,qld,male,16,30950
2012,qld,male,17,31612
2012,qld,male,18,31584
2012,qld,male,19,31716
2012,qld,male,20,32067
2012,qld,male,21,32955
2012,qld,male,22,33799
2012,qld,male,23,33342
2012,qld,male,24,33589
2012,qld,male,25,33640
2012,qld,male,26,33909
2012,qld,male,27,33817
2012,qld,male,28,33657
2012,qld,male,29,33739
2012,qld,male,30,32865
2012,qld,male,31,32224
2012,qld,male,32,30825
2012,qld,male,33,30074
2012,qld,male,34,29394
2012,qld,male,35,29867
2012,qld,male,36,30052
2012,qld,male,37,30937
2012,qld,male,38,32101
2012,qld,male,39,32921
2012,qld,male,40,33953
2012,qld,male,41,34501
2012,qld,male,42,32716
2012,qld,male,43,31809
2012,qld,male,44,30613
2012,qld,male,45,30241
2012,qld,male,46,29805
2012,qld,male,47,30050
2012,qld,male,48,31282
2012,qld,male,49,31228
2012,qld,male,50,31375
2012,qld,male,51,31228
2012,qld,male,52,30068
2012,qld,male,53,29400
2012,qld,male,54,28403
2012,qld,male,55,27857
2012,qld,male,56,27565
2012,qld,male,57,26707
2012,qld,male,58,25774
2012,qld,male,59,25820
2012,qld,male,60,25398
2012,qld,male,61,24908
2012,qld,male,62,24615
2012,qld,male,63,24238
2012,qld,male,64,24269
2012,qld,male,65,25077
2012,qld,male,66,21279
2012,qld,male,67,20510
2012,qld,male,68,19142
2012,qld,male,69,17063
2012,qld,male,70,16865
2012,qld,male,71,15486
2012,qld,male,72,14755
2012,qld,male,73,13523
2012,qld,male,74,12618
2012,qld,male,75,11808
2012,qld,male,76,10860
2012,qld,male,77,9720
2012,qld,male,78,8889
2012,qld,male,79,8432
2012,qld,male,80,7982
2012,qld,male,81,7577
2012,qld,male,82,7004
2012,qld,male,83,6291
2012,qld,male,84,5554
2012,qld,male,85,4917
2012,qld,male,86,4314
2012,qld,male,87,3690
2012,qld,male,88,3049
2012,qld,male,89,2454
2012,qld,male,90,2077
2012,qld,male,91,1638
2012,qld,male,92,1216
2012,qld,male,93,790
2012,qld,male,94,567
2012,qld,male,95,442
2012,qld,male,96,284
2012,qld,male,97,181
2012,qld,male,98,146
2012,qld,male,99,75
2012,qld,male,100,106
2012,sa,female,0,9764
2012,sa,female,1,9633
2012,sa,female,2,9629
2012,sa,female,3,9812
2012,sa,female,4,9796
2012,sa,female,5,9770
2012,sa,female,6,9524
2012,sa,female,7,9401
2012,sa,female,8,9219
2012,sa,female,9,9271
2012,sa,female,10,9269
2012,sa,female,11,9412
2012,sa,female,12,9568
2012,sa,female,13,9800
2012,sa,female,14,9748
2012,sa,female,15,9933
2012,sa,female,16,10036
2012,sa,female,17,10269
2012,sa,female,18,10372
2012,sa,female,19,10706
2012,sa,female,20,11046
2012,sa,female,21,11112
2012,sa,female,22,11505
2012,sa,female,23,11237
2012,sa,female,24,11203
2012,sa,female,25,11127
2012,sa,female,26,11254
2012,sa,female,27,11179
2012,sa,female,28,11378
2012,sa,female,29,11124
2012,sa,female,30,10901
2012,sa,female,31,10620
2012,sa,female,32,10211
2012,sa,female,33,10066
2012,sa,female,34,9989
2012,sa,female,35,10186
2012,sa,female,36,10071
2012,sa,female,37,10191
2012,sa,female,38,10448
2012,sa,female,39,11076
2012,sa,female,40,11745
2012,sa,female,41,12014
2012,sa,female,42,11618
2012,sa,female,43,11537
2012,sa,female,44,11293
2012,sa,female,45,11051
2012,sa,female,46,11205
2012,sa,female,47,11401
2012,sa,female,48,11592
2012,sa,female,49,11711
2012,sa,female,50,11865
2012,sa,female,51,11994
2012,sa,female,52,11660
2012,sa,female,53,11633
2012,sa,female,54,11172
2012,sa,female,55,11192
2012,sa,female,56,10962
2012,sa,female,57,10529
2012,sa,female,58,10555
2012,sa,female,59,10440
2012,sa,female,60,10167
2012,sa,female,61,10205
2012,sa,female,62,9886
2012,sa,female,63,9661
2012,sa,female,64,9720
2012,sa,female,65,10272
2012,sa,female,66,8662
2012,sa,female,67,8326
2012,sa,female,68,7808
2012,sa,female,69,7226
2012,sa,female,70,6912
2012,sa,female,71,6447
2012,sa,female,72,6331
2012,sa,female,73,6249
2012,sa,female,74,5898
2012,sa,female,75,5672
2012,sa,female,76,5429
2012,sa,female,77,5125
2012,sa,female,78,4923
2012,sa,female,79,4772
2012,sa,female,80,4678
2012,sa,female,81,4795
2012,sa,female,82,4516
2012,sa,female,83,4361
2012,sa,female,84,4155
2012,sa,female,85,3952
2012,sa,female,86,3696
2012,sa,female,87,3394
2012,sa,female,88,2890
2012,sa,female,89,2581
2012,sa,female,90,2238
2012,sa,female,91,1849
2012,sa,female,92,1374
2012,sa,female,93,995
2012,sa,female,94,848
2012,sa,female,95,633
2012,sa,female,96,434
2012,sa,female,97,354
2012,sa,female,98,244
2012,sa,female,99,174
2012,sa,female,100,248
2012,sa,male,0,10467
2012,sa,male,1,9941
2012,sa,male,2,10231
2012,sa,male,3,10193
2012,sa,male,4,10153
2012,sa,male,5,9967
2012,sa,male,6,10077
2012,sa,male,7,9739
2012,sa,male,8,9895
2012,sa,male,9,9627
2012,sa,male,10,9781
2012,sa,male,11,9799
2012,sa,male,12,10124
2012,sa,male,13,10193
2012,sa,male,14,10134
2012,sa,male,15,10254
2012,sa,male,16,10653
2012,sa,male,17,11071
2012,sa,male,18,10838
2012,sa,male,19,11239
2012,sa,male,20,11500
2012,sa,male,21,11808
2012,sa,male,22,12152
2012,sa,male,23,12067
2012,sa,male,24,11776
2012,sa,male,25,11696
2012,sa,male,26,11696
2012,sa,male,27,11558
2012,sa,male,28,11676
2012,sa,male,29,11401
2012,sa,male,30,10969
2012,sa,male,31,10810
2012,sa,male,32,10408
2012,sa,male,33,10382
2012,sa,male,34,10077
2012,sa,male,35,10255
2012,sa,male,36,10260
2012,sa,male,37,10388
2012,sa,male,38,10537
2012,sa,male,39,10969
2012,sa,male,40,11629
2012,sa,male,41,12014
2012,sa,male,42,11676
2012,sa,male,43,11528
2012,sa,male,44,11315
2012,sa,male,45,10984
2012,sa,male,46,11114
2012,sa,male,47,11250
2012,sa,male,48,11542
2012,sa,male,49,11602
2012,sa,male,50,11541
2012,sa,male,51,11819
2012,sa,male,52,11383
2012,sa,male,53,11247
2012,sa,male,54,11017
2012,sa,male,55,10679
2012,sa,male,56,10564
2012,sa,male,57,10436
2012,sa,male,58,10038
2012,sa,male,59,10056
2012,sa,male,60,9693
2012,sa,male,61,9657
2012,sa,male,62,9650
2012,sa,male,63,9442
2012,sa,male,64,9304
2012,sa,male,65,9943
2012,sa,male,66,8233
2012,sa,male,67,7869
2012,sa,male,68,7403
2012,sa,male,69,6846
2012,sa,male,70,6561
2012,sa,male,71,5981
2012,sa,male,72,5809
2012,sa,male,73,5728
2012,sa,male,74,5310
2012,sa,male,75,5144
2012,sa,male,76,4705
2012,sa,male,77,4311
2012,sa,male,78,4250
2012,sa,male,79,3961
2012,sa,male,80,3706
2012,sa,male,81,3589
2012,sa,male,82,3510
2012,sa,male,83,3210
2012,sa,male,84,2946
2012,sa,male,85,2582
2012,sa,male,86,2369
2012,sa,male,87,1908
2012,sa,male,88,1620
2012,sa,male,89,1282
2012,sa,male,90,1070
2012,sa,male,91,836
2012,sa,male,92,645
2012,sa,male,93,392
2012,sa,male,94,317
2012,sa,male,95,214
2012,sa,male,96,147
2012,sa,male,97,100
2012,sa,male,98,60
2012,sa,male,99,37
2012,sa,male,100,65
2012,tas,female,0,3060
2012,tas,female,1,2951
2012,tas,female,2,2978
2012,tas,female,3,3144
2012,tas,female,4,3124
2012,tas,female,5,3112
2012,tas,female,6,3075
2012,tas,female,7,2941
2012,tas,female,8,2874
2012,tas,female,9,2932
2012,tas,female,10,3042
2012,tas,female,11,3074
2012,tas,female,12,3159
2012,tas,female,13,3252
2012,tas,female,14,3103
2012,tas,female,15,3234
2012,tas,female,16,3254
2012,tas,female,17,3320
2012,tas,female,18,3132
2012,tas,female,19,3137
2012,tas,female,20,3054
2012,tas,female,21,3147
2012,tas,female,22,3019
2012,tas,female,23,3124
2012,tas,female,24,3091
2012,tas,female,25,3013
2012,tas,female,26,2993
2012,tas,female,27,3117
2012,tas,female,28,3053
2012,tas,female,29,2969
2012,tas,female,30,3061
2012,tas,female,31,3056
2012,tas,female,32,2852
2012,tas,female,33,2880
2012,tas,female,34,2888
2012,tas,female,35,2780
2012,tas,female,36,2913
2012,tas,female,37,3115
2012,tas,female,38,3214
2012,tas,female,39,3371
2012,tas,female,40,3637
2012,tas,female,41,3704
2012,tas,female,42,3515
2012,tas,female,43,3588
2012,tas,female,44,3423
2012,tas,female,45,3404
2012,tas,female,46,3350
2012,tas,female,47,3484
2012,tas,female,48,3726
2012,tas,female,49,3732
2012,tas,female,50,3818
2012,tas,female,51,3974
2012,tas,female,52,3862
2012,tas,female,53,3796
2012,tas,female,54,3682
2012,tas,female,55,3689
2012,tas,female,56,3599
2012,tas,female,57,3518
2012,tas,female,58,3564
2012,tas,female,59,3473
2012,tas,female,60,3345
2012,tas,female,61,3329
2012,tas,female,62,3289
2012,tas,female,63,3207
2012,tas,female,64,3204
2012,tas,female,65,3359
2012,tas,female,66,2835
2012,tas,female,67,2743
2012,tas,female,68,2585
2012,tas,female,69,2332
2012,tas,female,70,2306
2012,tas,female,71,2178
2012,tas,female,72,2041
2012,tas,female,73,1896
2012,tas,female,74,1865
2012,tas,female,75,1778
2012,tas,female,76,1686
2012,tas,female,77,1544
2012,tas,female,78,1565
2012,tas,female,79,1491
2012,tas,female,80,1401
2012,tas,female,81,1383
2012,tas,female,82,1288
2012,tas,female,83,1212
2012,tas,female,84,1117
2012,tas,female,85,1015
2012,tas,female,86,985
2012,tas,female,87,899
2012,tas,female,88,786
2012,tas,female,89,681
2012,tas,female,90,600
2012,tas,female,91,479
2012,tas,female,92,357
2012,tas,female,93,275
2012,tas,female,94,192
2012,tas,female,95,184
2012,tas,female,96,122
2012,tas,female,97,76
2012,tas,female,98,65
2012,tas,female,99,31
2012,tas,female,100,66
2012,tas,male,0,3182
2012,tas,male,1,3250
2012,tas,male,2,3275
2012,tas,male,3,3344
2012,tas,male,4,3364
2012,tas,male,5,3292
2012,tas,male,6,3295
2012,tas,male,7,3246
2012,tas,male,8,3112
2012,tas,male,9,3108
2012,tas,male,10,3230
2012,tas,male,11,3315
2012,tas,male,12,3369
2012,tas,male,13,3420
2012,tas,male,14,3361
2012,tas,male,15,3442
2012,tas,male,16,3465
2012,tas,male,17,3640
2012,tas,male,18,3551
2012,tas,male,19,3405
2012,tas,male,20,3321
2012,tas,male,21,3299
2012,tas,male,22,3409
2012,tas,male,23,3259
2012,tas,male,24,3091
2012,tas,male,25,3155
2012,tas,male,26,3115
2012,tas,male,27,3047
2012,tas,male,28,3006
2012,tas,male,29,3034
2012,tas,male,30,2926
2012,tas,male,31,2872
2012,tas,male,32,2821
2012,tas,male,33,2843
2012,tas,male,34,2775
2012,tas,male,35,2773
2012,tas,male,36,2936
2012,tas,male,37,2929
2012,tas,male,38,3119
2012,tas,male,39,3139
2012,tas,male,40,3430
2012,tas,male,41,3525
2012,tas,male,42,3480
2012,tas,male,43,3543
2012,tas,male,44,3318
2012,tas,male,45,3188
2012,tas,male,46,3186
2012,tas,male,47,3352
2012,tas,male,48,3668
2012,tas,male,49,3605
2012,tas,male,50,3826
2012,tas,male,51,3812
2012,tas,male,52,3714
2012,tas,male,53,3659
2012,tas,male,54,3705
2012,tas,male,55,3579
2012,tas,male,56,3663
2012,tas,male,57,3433
2012,tas,male,58,3318
2012,tas,male,59,3450
2012,tas,male,60,3479
2012,tas,male,61,3377
2012,tas,male,62,3300
2012,tas,male,63,3161
2012,tas,male,64,3317
2012,tas,male,65,3473
2012,tas,male,66,2806
2012,tas,male,67,2693
2012,tas,male,68,2698
2012,tas,male,69,2400
2012,tas,male,70,2306
2012,tas,male,71,2138
2012,tas,male,72,2059
2012,tas,male,73,1971
2012,tas,male,74,1808
2012,tas,male,75,1647
2012,tas,male,76,1484
2012,tas,male,77,1389
2012,tas,male,78,1359
2012,tas,male,79,1213
2012,tas,male,80,1170
2012,tas,male,81,1120
2012,tas,male,82,1023
2012,tas,male,83,905
2012,tas,male,84,804
2012,tas,male,85,728
2012,tas,male,86,643
2012,tas,male,87,536
2012,tas,male,88,424
2012,tas,male,89,352
2012,tas,male,90,305
2012,tas,male,91,220
2012,tas,male,92,135
2012,tas,male,93,106
2012,tas,male,94,80
2012,tas,male,95,59
2012,tas,male,96,44
2012,tas,male,97,27
2012,tas,male,98,15
2012,tas,male,99,7
2012,tas,male,100,16
2012,vic,female,0,36384
2012,vic,female,1,34576
2012,vic,female,2,35566
2012,vic,female,3,34951
2012,vic,female,4,34886
2012,vic,female,5,34557
2012,vic,female,6,34206
2012,vic,female,7,32808
2012,vic,female,8,32625
2012,vic,female,9,32104
2012,vic,female,10,32089
2012,vic,female,11,32000
2012,vic,female,12,32713
2012,vic,female,13,32584
2012,vic,female,14,32281
2012,vic,female,15,33231
2012,vic,female,16,33746
2012,vic,female,17,34957
2012,vic,female,18,35799
2012,vic,female,19,37072
2012,vic,female,20,37747
2012,vic,female,21,39821
2012,vic,female,22,41629
2012,vic,female,23,41976
2012,vic,female,24,42388
2012,vic,female,25,42155
2012,vic,female,26,43155
2012,vic,female,27,43906
2012,vic,female,28,43496
2012,vic,female,29,43661
2012,vic,female,30,42730
2012,vic,female,31,41913
2012,vic,female,32,40615
2012,vic,female,33,39573
2012,vic,female,34,38820
2012,vic,female,35,38508
2012,vic,female,36,38644
2012,vic,female,37,39369
2012,vic,female,38,40449
2012,vic,female,39,40870
2012,vic,female,40,42996
2012,vic,female,41,44341
2012,vic,female,42,41703
2012,vic,female,43,41344
2012,vic,female,44,39737
2012,vic,female,45,38256
2012,vic,female,46,38392
2012,vic,female,47,38317
2012,vic,female,48,38953
2012,vic,female,49,39138
2012,vic,female,50,38999
2012,vic,female,51,38858
2012,vic,female,52,37647
2012,vic,female,53,37067
2012,vic,female,54,36229
2012,vic,female,55,35410
2012,vic,female,56,34990
2012,vic,female,57,33998
2012,vic,female,58,32970
2012,vic,female,59,32584
2012,vic,female,60,31256
2012,vic,female,61,31159
2012,vic,female,62,30493
2012,vic,female,63,29394
2012,vic,female,64,29893
2012,vic,female,65,30884
2012,vic,female,66,25990
2012,vic,female,67,24772
2012,vic,female,68,24028
2012,vic,female,69,21613
2012,vic,female,70,21454
2012,vic,female,71,19903
2012,vic,female,72,19344
2012,vic,female,73,18566
2012,vic,female,74,17901
2012,vic,female,75,16916
2012,vic,female,76,16661
2012,vic,female,77,15567
2012,vic,female,78,15130
2012,vic,female,79,14576
2012,vic,female,80,13804
2012,vic,female,81,13935
2012,vic,female,82,13605
2012,vic,female,83,12522
2012,vic,female,84,11822
2012,vic,female,85,11154
2012,vic,female,86,10235
2012,vic,female,87,9094
2012,vic,female,88,8135
2012,vic,female,89,6956
2012,vic,female,90,6022
2012,vic,female,91,5057
2012,vic,female,92,3882
2012,vic,female,93,2689
2012,vic,female,94,2158
2012,vic,female,95,1739
2012,vic,female,96,1247
2012,vic,female,97,945
2012,vic,female,98,646
2012,vic,female,99,417
2012,vic,female,100,723
2012,vic,male,0,38402
2012,vic,male,1,36817
2012,vic,male,2,37295
2012,vic,male,3,36850
2012,vic,male,4,36882
2012,vic,male,5,36424
2012,vic,male,6,36046
2012,vic,male,7,34688
2012,vic,male,8,34414
2012,vic,male,9,33836
2012,vic,male,10,33459
2012,vic,male,11,33865
2012,vic,male,12,33766
2012,vic,male,13,34225
2012,vic,male,14,34605
2012,vic,male,15,35144
2012,vic,male,16,35518
2012,vic,male,17,36713
2012,vic,male,18,37587
2012,vic,male,19,38157
2012,vic,male,20,39451
2012,vic,male,21,41376
2012,vic,male,22,43392
2012,vic,male,23,43553
2012,vic,male,24,43916
2012,vic,male,25,43954
2012,vic,male,26,44095
2012,vic,male,27,44251
2012,vic,male,28,43760
2012,vic,male,29,44014
2012,vic,male,30,42871
2012,vic,male,31,41950
2012,vic,male,32,40531
2012,vic,male,33,39465
2012,vic,male,34,38852
2012,vic,male,35,38499
2012,vic,male,36,38364
2012,vic,male,37,38663
2012,vic,male,38,39536
2012,vic,male,39,39990
2012,vic,male,40,41279
2012,vic,male,41,41955
2012,vic,male,42,40317
2012,vic,male,43,39990
2012,vic,male,44,38579
2012,vic,male,45,37083
2012,vic,male,46,36967
2012,vic,male,47,36946
2012,vic,male,48,37523
2012,vic,male,49,38066
2012,vic,male,50,38069
2012,vic,male,51,37549
2012,vic,male,52,36286
2012,vic,male,53,36248
2012,vic,male,54,34899
2012,vic,male,55,34087
2012,vic,male,56,34130
2012,vic,male,57,32579
2012,vic,male,58,31566
2012,vic,male,59,31200
2012,vic,male,60,30315
2012,vic,male,61,29612
2012,vic,male,62,29036
2012,vic,male,63,28340
2012,vic,male,64,28686
2012,vic,male,65,29934
2012,vic,male,66,25512
2012,vic,male,67,23817
2012,vic,male,68,22652
2012,vic,male,69,20552
2012,vic,male,70,20493
2012,vic,male,71,19106
2012,vic,male,72,18303
2012,vic,male,73,17396
2012,vic,male,74,16288
2012,vic,male,75,15441
2012,vic,male,76,14544
2012,vic,male,77,13312
2012,vic,male,78,12737
2012,vic,male,79,11784
2012,vic,male,80,10964
2012,vic,male,81,10956
2012,vic,male,82,10254
2012,vic,male,83,9212
2012,vic,male,84,8330
2012,vic,male,85,7364
2012,vic,male,86,6536
2012,vic,male,87,5389
2012,vic,male,88,4493
2012,vic,male,89,3666
2012,vic,male,90,3028
2012,vic,male,91,2342
2012,vic,male,92,1762
2012,vic,male,93,1108
2012,vic,male,94,806
2012,vic,male,95,571
2012,vic,male,96,441
2012,vic,male,97,292
2012,vic,male,98,174
2012,vic,male,99,120
2012,vic,male,100,153
2012,wa,female,0,16040
2012,wa,female,1,15858
2012,wa,female,2,15919
2012,wa,female,3,15559
2012,wa,female,4,16010
2012,wa,female,5,15617
2012,wa,female,6,15592
2012,wa,female,7,14837
2012,wa,female,8,14557
2012,wa,female,9,14608
2012,wa,female,10,14385
2012,wa,female,11,14704
2012,wa,female,12,14807
2012,wa,female,13,14984
2012,wa,female,14,14737
2012,wa,female,15,14786
2012,wa,female,16,14900
2012,wa,female,17,15196
2012,wa,female,18,15274
2012,wa,female,19,15717
2012,wa,female,20,16041
2012,wa,female,21,17049
2012,wa,female,22,17807
2012,wa,female,23,18412
2012,wa,female,24,18447
2012,wa,female,25,18769
2012,wa,female,26,19134
2012,wa,female,27,18976
2012,wa,female,28,18811
2012,wa,female,29,18594
2012,wa,female,30,18048
2012,wa,female,31,17670
2012,wa,female,32,17077
2012,wa,female,33,16866
2012,wa,female,34,16268
2012,wa,female,35,16270
2012,wa,female,36,16446
2012,wa,female,37,16616
2012,wa,female,38,16795
2012,wa,female,39,17242
2012,wa,female,40,18290
2012,wa,female,41,18651
2012,wa,female,42,17589
2012,wa,female,43,17517
2012,wa,female,44,16810
2012,wa,female,45,16493
2012,wa,female,46,16395
2012,wa,female,47,16538
2012,wa,female,48,16702
2012,wa,female,49,16921
2012,wa,female,50,16674
2012,wa,female,51,16634
2012,wa,female,52,16146
2012,wa,female,53,15780
2012,wa,female,54,15239
2012,wa,female,55,15013
2012,wa,female,56,15017
2012,wa,female,57,14476
2012,wa,female,58,13905
2012,wa,female,59,13631
2012,wa,female,60,13106
2012,wa,female,61,12744
2012,wa,female,62,12380
2012,wa,female,63,12128
2012,wa,female,64,11855
2012,wa,female,65,12126
2012,wa,female,66,9707
2012,wa,female,67,9411
2012,wa,female,68,9148
2012,wa,female,69,8292
2012,wa,female,70,8176
2012,wa,female,71,7582
2012,wa,female,72,7266
2012,wa,female,73,7010
2012,wa,female,74,6617
2012,wa,female,75,6158
2012,wa,female,76,6084
2012,wa,female,77,5688
2012,wa,female,78,5291
2012,wa,female,79,5163
2012,wa,female,80,4940
2012,wa,female,81,4839
2012,wa,female,82,4594
2012,wa,female,83,4209
2012,wa,female,84,4003
2012,wa,female,85,3661
2012,wa,female,86,3323
2012,wa,female,87,2993
2012,wa,female,88,2620
2012,wa,female,89,2286
2012,wa,female,90,1971
2012,wa,female,91,1682
2012,wa,female,92,1390
2012,wa,female,93,892
2012,wa,female,94,694
2012,wa,female,95,569
2012,wa,female,96,493
2012,wa,female,97,334
2012,wa,female,98,222
2012,wa,female,99,173
2012,wa,female,100,227
2012,wa,male,0,16911
2012,wa,male,1,16459
2012,wa,male,2,16718
2012,wa,male,3,16508
2012,wa,male,4,16516
2012,wa,male,5,16446
2012,wa,male,6,16004
2012,wa,male,7,15519
2012,wa,male,8,15386
2012,wa,male,9,14824
2012,wa,male,10,14897
2012,wa,male,11,15204
2012,wa,male,12,15258
2012,wa,male,13,15700
2012,wa,male,14,15449
2012,wa,male,15,15565
2012,wa,male,16,15870
2012,wa,male,17,16121
2012,wa,male,18,16154
2012,wa,male,19,16414
2012,wa,male,20,16943
2012,wa,male,21,18080
2012,wa,male,22,19150
2012,wa,male,23,19591
2012,wa,male,24,20096
2012,wa,male,25,20752
2012,wa,male,26,20962
2012,wa,male,27,20864
2012,wa,male,28,20536
2012,wa,male,29,20441
2012,wa,male,30,19727
2012,wa,male,31,18868
2012,wa,male,32,18029
2012,wa,male,33,17464
2012,wa,male,34,17169
2012,wa,male,35,16724
2012,wa,male,36,17065
2012,wa,male,37,17072
2012,wa,male,38,17165
2012,wa,male,39,17972
2012,wa,male,40,18900
2012,wa,male,41,19160
2012,wa,male,42,18208
2012,wa,male,43,17935
2012,wa,male,44,17267
2012,wa,male,45,16914
2012,wa,male,46,16738
2012,wa,male,47,16743
2012,wa,male,48,17139
2012,wa,male,49,17187
2012,wa,male,50,16817
2012,wa,male,51,16683
2012,wa,male,52,16130
2012,wa,male,53,15801
2012,wa,male,54,15449
2012,wa,male,55,15147
2012,wa,male,56,15061
2012,wa,male,57,14050
2012,wa,male,58,13746
2012,wa,male,59,13541
2012,wa,male,60,13192
2012,wa,male,61,13052
2012,wa,male,62,12381
2012,wa,male,63,12079
2012,wa,male,64,12285
2012,wa,male,65,12450
2012,wa,male,66,10030
2012,wa,male,67,9535
2012,wa,male,68,9206
2012,wa,male,69,8197
2012,wa,male,70,8201
2012,wa,male,71,7330
2012,wa,male,72,7020
2012,wa,male,73,6677
2012,wa,male,74,6243
2012,wa,male,75,5793
2012,wa,male,76,5318
2012,wa,male,77,4947
2012,wa,male,78,4392
2012,wa,male,79,4193
2012,wa,male,80,3891
2012,wa,male,81,3851
2012,wa,male,82,3507
2012,wa,male,83,3117
2012,wa,male,84,2802
2012,wa,male,85,2477
2012,wa,male,86,2173
2012,wa,male,87,1801
2012,wa,male,88,1502
2012,wa,male,89,1211
2012,wa,male,90,969
2012,wa,male,91,782
2012,wa,male,92,593
2012,wa,male,93,345
2012,wa,male,94,256
2012,wa,male,95,195
2012,wa,male,96,141
2012,wa,male,97,95
2012,wa,male,98,64
2012,wa,male,99,37
2012,wa,male,100,75
2013,act,female,0,2713
2013,act,female,1,2545
2013,act,female,2,2478
2013,act,female,3,2556
2013,act,female,4,2400
2013,act,female,5,2332
2013,act,female,6,2269
2013,act,female,7,2321
2013,act,female,8,2153
2013,act,female,9,2105
2013,act,female,10,2075
2013,act,female,11,2062
2013,act,female,12,2097
2013,act,female,13,2095
2013,act,female,14,2121
2013,act,female,15,2163
2013,act,female,16,2224
2013,act,female,17,2288
2013,act,female,18,2462
2013,act,female,19,2769
2013,act,female,20,2939
2013,act,female,21,3160
2013,act,female,22,3388
2013,act,female,23,3446
2013,act,female,24,3426
2013,act,female,25,3363
2013,act,female,26,3394
2013,act,female,27,3446
2013,act,female,28,3451
2013,act,female,29,3466
2013,act,female,30,3321
2013,act,female,31,3345
2013,act,female,32,3192
2013,act,female,33,3145
2013,act,female,34,2985
2013,act,female,35,2852
2013,act,female,36,2788
2013,act,female,37,2683
2013,act,female,38,2744
2013,act,female,39,2790
2013,act,female,40,2850
2013,act,female,41,2950
2013,act,female,42,2931
2013,act,female,43,2695
2013,act,female,44,2737
2013,act,female,45,2577
2013,act,female,46,2460
2013,act,female,47,2548
2013,act,female,48,2489
2013,act,female,49,2564
2013,act,female,50,2465
2013,act,female,51,2603
2013,act,female,52,2520
2013,act,female,53,2446
2013,act,female,54,2435
2013,act,female,55,2322
2013,act,female,56,2265
2013,act,female,57,2191
2013,act,female,58,2119
2013,act,female,59,1995
2013,act,female,60,2069
2013,act,female,61,2007
2013,act,female,62,1962
2013,act,female,63,1836
2013,act,female,64,1791
2013,act,female,65,1826
2013,act,female,66,1836
2013,act,female,67,1483
2013,act,female,68,1402
2013,act,female,69,1328
2013,act,female,70,1170
2013,act,female,71,1140
2013,act,female,72,1056
2013,act,female,73,974
2013,act,female,74,930
2013,act,female,75,878
2013,act,female,76,869
2013,act,female,77,773
2013,act,female,78,727
2013,act,female,79,723
2013,act,female,80,646
2013,act,female,81,634
2013,act,female,82,572
2013,act,female,83,567
2013,act,female,84,556
2013,act,female,85,519
2013,act,female,86,470
2013,act,female,87,460
2013,act,female,88,392
2013,act,female,89,352
2013,act,female,90,308
2013,act,female,91,243
2013,act,female,92,179
2013,act,female,93,140
2013,act,female,94,98
2013,act,female,95,81
2013,act,female,96,65
2013,act,female,97,37
2013,act,female,98,27
2013,act,female,99,21
2013,act,female,100,29
2013,act,male,0,2778
2013,act,male,1,2811
2013,act,male,2,2685
2013,act,male,3,2679
2013,act,male,4,2629
2013,act,male,5,2528
2013,act,male,6,2440
2013,act,male,7,2480
2013,act,male,8,2295
2013,act,male,9,2229
2013,act,male,10,2212
2013,act,male,11,2085
2013,act,male,12,2124
2013,act,male,13,2146
2013,act,male,14,2180
2013,act,male,15,2240
2013,act,male,16,2360
2013,act,male,17,2352
2013,act,male,18,2659
2013,act,male,19,2896
2013,act,male,20,3226
2013,act,male,21,3251
2013,act,male,22,3442
2013,act,male,23,3535
2013,act,male,24,3441
2013,act,male,25,3439
2013,act,male,26,3390
2013,act,male,27,3532
2013,act,male,28,3389
2013,act,male,29,3511
2013,act,male,30,3360
2013,act,male,31,3223
2013,act,male,32,3156
2013,act,male,33,3036
2013,act,male,34,3060
2013,act,male,35,2880
2013,act,male,36,2847
2013,act,male,37,2809
2013,act,male,38,2877
2013,act,male,39,2788
2013,act,male,40,2807
2013,act,male,41,2857
2013,act,male,42,2925
2013,act,male,43,2743
2013,act,male,44,2589
2013,act,male,45,2514
2013,act,male,46,2433
2013,act,male,47,2404
2013,act,male,48,2412
2013,act,male,49,2417
2013,act,male,50,2463
2013,act,male,51,2500
2013,act,male,52,2430
2013,act,male,53,2376
2013,act,male,54,2259
2013,act,male,55,2237
2013,act,male,56,2130
2013,act,male,57,2064
2013,act,male,58,1947
2013,act,male,59,1960
2013,act,male,60,1935
2013,act,male,61,1840
2013,act,male,62,1781
2013,act,male,63,1786
2013,act,male,64,1711
2013,act,male,65,1688
2013,act,male,66,1798
2013,act,male,67,1481
2013,act,male,68,1264
2013,act,male,69,1198
2013,act,male,70,1082
2013,act,male,71,1085
2013,act,male,72,925
2013,act,male,73,921
2013,act,male,74,852
2013,act,male,75,805
2013,act,male,76,726
2013,act,male,77,689
2013,act,male,78,638
2013,act,male,79,541
2013,act,male,80,501
2013,act,male,81,468
2013,act,male,82,490
2013,act,male,83,425
2013,act,male,84,391
2013,act,male,85,340
2013,act,male,86,286
2013,act,male,87,276
2013,act,male,88,231
2013,act,male,89,202
2013,act,male,90,153
2013,act,male,91,114
2013,act,male,92,94
2013,act,male,93,65
2013,act,male,94,27
2013,act,male,95,33
2013,act,male,96,21
2013,act,male,97,19
2013,act,male,98,13
2013,act,male,99,2
2013,act,male,100,3
2013,nsw,female,0,48199
2013,nsw,female,1,47664
2013,nsw,female,2,46925
2013,nsw,female,3,47634
2013,nsw,female,4,47092
2013,nsw,female,5,47107
2013,nsw,female,6,46374
2013,nsw,female,7,45357
2013,nsw,female,8,43845
2013,nsw,female,9,43164
2013,nsw,female,10,43199
2013,nsw,female,11,42735
2013,nsw,female,12,43295
2013,nsw,female,13,43739
2013,nsw,female,14,43397
2013,nsw,female,15,43569
2013,nsw,female,16,44079
2013,nsw,female,17,44484
2013,nsw,female,18,46262
2013,nsw,female,19,46772
2013,nsw,female,20,46695
2013,nsw,female,21,47668
2013,nsw,female,22,50072
2013,nsw,female,23,52458
2013,nsw,female,24,51971
2013,nsw,female,25,52223
2013,nsw,female,26,52625
2013,nsw,female,27,53524
2013,nsw,female,28,54103
2013,nsw,female,29,54488
2013,nsw,female,30,55297
2013,nsw,female,31,53787
2013,nsw,female,32,53074
2013,nsw,female,33,51024
2013,nsw,female,34,50291
2013,nsw,female,35,49547
2013,nsw,female,36,49349
2013,nsw,female,37,49404
2013,nsw,female,38,49826
2013,nsw,female,39,51424
2013,nsw,female,40,52981
2013,nsw,female,41,54730
2013,nsw,female,42,55260
2013,nsw,female,43,51441
2013,nsw,female,44,51002
2013,nsw,female,45,49053
2013,nsw,female,46,48009
2013,nsw,female,47,47963
2013,nsw,female,48,48727
2013,nsw,female,49,50645
2013,nsw,female,50,51599
2013,nsw,female,51,51124
2013,nsw,female,52,51211
2013,nsw,female,53,49656
2013,nsw,female,54,48345
2013,nsw,female,55,48259
2013,nsw,female,56,46695
2013,nsw,female,57,45507
2013,nsw,female,58,44658
2013,nsw,female,59,43358
2013,nsw,female,60,42824
2013,nsw,female,61,41260
2013,nsw,female,62,40587
2013,nsw,female,63,39856
2013,nsw,female,64,38645
2013,nsw,female,65,38898
2013,nsw,female,66,40118
2013,nsw,female,67,34513
2013,nsw,female,68,33176
2013,nsw,female,69,31738
2013,nsw,female,70,28732
2013,nsw,female,71,27876
2013,nsw,female,72,26492
2013,nsw,female,73,25305
2013,nsw,female,74,24306
2013,nsw,female,75,23124
2013,nsw,female,76,22326
2013,nsw,female,77,21641
2013,nsw,female,78,20162
2013,nsw,female,79,18868
2013,nsw,female,80,18412
2013,nsw,female,81,17755
2013,nsw,female,82,17761
2013,nsw,female,83,16937
2013,nsw,female,84,15738
2013,nsw,female,85,14826
2013,nsw,female,86,13576
2013,nsw,female,87,12281
2013,nsw,female,88,11238
2013,nsw,female,89,9833
2013,nsw,female,90,8500
2013,nsw,female,91,7144
2013,nsw,female,92,5815
2013,nsw,female,93,4363
2013,nsw,female,94,3034
2013,nsw,female,95,2416
2013,nsw,female,96,1826
2013,nsw,female,97,1263
2013,nsw,female,98,954
2013,nsw,female,99,601
2013,nsw,female,100,937
2013,nsw,male,0,51028
2013,nsw,male,1,50759
2013,nsw,male,2,49619
2013,nsw,male,3,50097
2013,nsw,male,4,49531
2013,nsw,male,5,49397
2013,nsw,male,6,49109
2013,nsw,male,7,48195
2013,nsw,male,8,46901
2013,nsw,male,9,45987
2013,nsw,male,10,45657
2013,nsw,male,11,45108
2013,nsw,male,12,46046
2013,nsw,male,13,46091
2013,nsw,male,14,45925
2013,nsw,male,15,45840
2013,nsw,male,16,46580
2013,nsw,male,17,46853
2013,nsw,male,18,48777
2013,nsw,male,19,49152
2013,nsw,male,20,49594
2013,nsw,male,21,50224
2013,nsw,male,22,51786
2013,nsw,male,23,54229
2013,nsw,male,24,53666
2013,nsw,male,25,53090
2013,nsw,male,26,52858
2013,nsw,male,27,53789
2013,nsw,male,28,54277
2013,nsw,male,29,54203
2013,nsw,male,30,54596
2013,nsw,male,31,53762
2013,nsw,male,32,53049
2013,nsw,male,33,51290
2013,nsw,male,34,49991
2013,nsw,male,35,48957
2013,nsw,male,36,48825
2013,nsw,male,37,48948
2013,nsw,male,38,49651
2013,nsw,male,39,50700
2013,nsw,male,40,51520
2013,nsw,male,41,53536
2013,nsw,male,42,53338
2013,nsw,male,43,49802
2013,nsw,male,44,48787
2013,nsw,male,45,47393
2013,nsw,male,46,46601
2013,nsw,male,47,47208
2013,nsw,male,48,47484
2013,nsw,male,49,49555
2013,nsw,male,50,50253
2013,nsw,male,51,50512
2013,nsw,male,52,50051
2013,nsw,male,53,48273
2013,nsw,male,54,47379
2013,nsw,male,55,46484
2013,nsw,male,56,45701
2013,nsw,male,57,44675
2013,nsw,male,58,43259
2013,nsw,male,59,42015
2013,nsw,male,60,41497
2013,nsw,male,61,39921
2013,nsw,male,62,39920
2013,nsw,male,63,39340
2013,nsw,male,64,38162
2013,nsw,male,65,39090
2013,nsw,male,66,39893
2013,nsw,male,67,34160
2013,nsw,male,68,32662
2013,nsw,male,69,31194
2013,nsw,male,70,27726
2013,nsw,male,71,27053
2013,nsw,male,72,25198
2013,nsw,male,73,24113
2013,nsw,male,74,22622
2013,nsw,male,75,21260
2013,nsw,male,76,20435
2013,nsw,male,77,18859
2013,nsw,male,78,16977
2013,nsw,male,79,15965
2013,nsw,male,80,15045
2013,nsw,male,81,14262
2013,nsw,male,82,13551
2013,nsw,male,83,12605
2013,nsw,male,84,11306
2013,nsw,male,85,10205
2013,nsw,male,86,8798
2013,nsw,male,87,7518
2013,nsw,male,88,6375
2013,nsw,male,89,5206
2013,nsw,male,90,4199
2013,nsw,male,91,3439
2013,nsw,male,92,2506
2013,nsw,male,93,1826
2013,nsw,male,94,1159
2013,nsw,male,95,825
2013,nsw,male,96,574
2013,nsw,male,97,380
2013,nsw,male,98,248
2013,nsw,male,99,144
2013,nsw,male,100,229
2013,nt,female,0,1976
2013,nt,female,1,1956
2013,nt,female,2,1805
2013,nt,female,3,1804
2013,nt,female,4,1821
2013,nt,female,5,1812
2013,nt,female,6,1728
2013,nt,female,7,1743
2013,nt,female,8,1639
2013,nt,female,9,1611
2013,nt,female,10,1666
2013,nt,female,11,1640
2013,nt,female,12,1689
2013,nt,female,13,1577
2013,nt,female,14,1506
2013,nt,female,15,1467
2013,nt,female,16,1458
2013,nt,female,17,1415
2013,nt,female,18,1518
2013,nt,female,19,1531
2013,nt,female,20,1596
2013,nt,female,21,1714
2013,nt,female,22,1906
2013,nt,female,23,2007
2013,nt,female,24,2058
2013,nt,female,25,2171
2013,nt,female,26,2344
2013,nt,female,27,2272
2013,nt,female,28,2309
2013,nt,female,29,2266
2013,nt,female,30,2280
2013,nt,female,31,2168
2013,nt,female,32,2075
2013,nt,female,33,1887
2013,nt,female,34,1852
2013,nt,female,35,1820
2013,nt,female,36,1791
2013,nt,female,37,1856
2013,nt,female,38,1730
2013,nt,female,39,1738
2013,nt,female,40,1735
2013,nt,female,41,1768
2013,nt,female,42,1870
2013,nt,female,43,1741
2013,nt,female,44,1702
2013,nt,female,45,1629
2013,nt,female,46,1577
2013,nt,female,47,1569
2013,nt,female,48,1487
2013,nt,female,49,1522
2013,nt,female,50,1567
2013,nt,female,51,1532
2013,nt,female,52,1532
2013,nt,female,53,1416
2013,nt,female,54,1403
2013,nt,female,55,1372
2013,nt,female,56,1314
2013,nt,female,57,1253
2013,nt,female,58,1216
2013,nt,female,59,1119
2013,nt,female,60,1072
2013,nt,female,61,982
2013,nt,female,62,970
2013,nt,female,63,817
2013,nt,female,64,770
2013,nt,female,65,712
2013,nt,female,66,681
2013,nt,female,67,580
2013,nt,female,68,503
2013,nt,female,69,489
2013,nt,female,70,396
2013,nt,female,71,384
2013,nt,female,72,383
2013,nt,female,73,330
2013,nt,female,74,241
2013,nt,female,75,244
2013,nt,female,76,206
2013,nt,female,77,200
2013,nt,female,78,174
2013,nt,female,79,169
2013,nt,female,80,141
2013,nt,female,81,133
2013,nt,female,82,126
2013,nt,female,83,99
2013,nt,female,84,109
2013,nt,female,85,90
2013,nt,female,86,68
2013,nt,female,87,48
2013,nt,female,88,52
2013,nt,female,89,40
2013,nt,female,90,43
2013,nt,female,91,33
2013,nt,female,92,25
2013,nt,female,93,15
2013,nt,female,94,7
2013,nt,female,95,9
2013,nt,female,96,7
2013,nt,female,97,6
2013,nt,female,98,3
2013,nt,female,99,2
2013,nt,female,100,2
2013,nt,male,0,2010
2013,nt,male,1,2035
2013,nt,male,2,1979
2013,nt,male,3,1982
2013,nt,male,4,1884
2013,nt,male,5,1895
2013,nt,male,6,1865
2013,nt,male,7,1835
2013,nt,male,8,1800
2013,nt,male,9,1682
2013,nt,male,10,1744
2013,nt,male,11,1702
2013,nt,male,12,1782
2013,nt,male,13,1668
2013,nt,male,14,1653
2013,nt,male,15,1714
2013,nt,male,16,1600
2013,nt,male,17,1633
2013,nt,male,18,1794
2013,nt,male,19,1717
2013,nt,male,20,1810
2013,nt,male,21,1940
2013,nt,male,22,2244
2013,nt,male,23,2438
2013,nt,male,24,2483
2013,nt,male,25,2555
2013,nt,male,26,2581
2013,nt,male,27,2579
2013,nt,male,28,2468
2013,nt,male,29,2421
2013,nt,male,30,2542
2013,nt,male,31,2356
2013,nt,male,32,2314
2013,nt,male,33,2074
2013,nt,male,34,2016
2013,nt,male,35,1925
2013,nt,male,36,1927
2013,nt,male,37,1955
2013,nt,male,38,1871
2013,nt,male,39,1921
2013,nt,male,40,1869
2013,nt,male,41,1917
2013,nt,male,42,2111
2013,nt,male,43,1880
2013,nt,male,44,1766
2013,nt,male,45,1699
2013,nt,male,46,1724
2013,nt,male,47,1702
2013,nt,male,48,1655
2013,nt,male,49,1644
2013,nt,male,50,1695
2013,nt,male,51,1694
2013,nt,male,52,1686
2013,nt,male,53,1542
2013,nt,male,54,1511
2013,nt,male,55,1438
2013,nt,male,56,1388
2013,nt,male,57,1423
2013,nt,male,58,1337
2013,nt,male,59,1253
2013,nt,male,60,1210
2013,nt,male,61,1145
2013,nt,male,62,1153
2013,nt,male,63,1050
2013,nt,male,64,1004
2013,nt,male,65,908
2013,nt,male,66,932
2013,nt,male,67,725
2013,nt,male,68,671
2013,nt,male,69,559
2013,nt,male,70,484
2013,nt,male,71,497
2013,nt,male,72,492
2013,nt,male,73,419
2013,nt,male,74,287
2013,nt,male,75,283
2013,nt,male,76,241
2013,nt,male,77,218
2013,nt,male,78,198
2013,nt,male,79,139
2013,nt,male,80,135
2013,nt,male,81,129
2013,nt,male,82,121
2013,nt,male,83,111
2013,nt,male,84,87
2013,nt,male,85,75
2013,nt,male,86,69
2013,nt,male,87,38
2013,nt,male,88,28
2013,nt,male,89,25
2013,nt,male,90,23
2013,nt,male,91,23
2013,nt,male,92,10
2013,nt,male,93,8
2013,nt,male,94,4
2013,nt,male,95,0
2013,nt,male,96,0
2013,nt,male,97,2
2013,nt,male,98,0
2013,nt,male,99,1
2013,nt,male,100,3
2013,qld,female,0,30695
2013,qld,female,1,30966
2013,qld,female,2,30686
2013,qld,female,3,31026
2013,qld,female,4,31038
2013,qld,female,5,30891
2013,qld,female,6,30461
2013,qld,female,7,30569
2013,qld,female,8,29616
2013,qld,female,9,29051
2013,qld,female,10,28441
2013,qld,female,11,28851
2013,qld,female,12,29400
2013,qld,female,13,28893
2013,qld,female,14,28976
2013,qld,female,15,29314
2013,qld,female,16,29770
2013,qld,female,17,29877
2013,qld,female,18,30688
2013,qld,female,19,30787
2013,qld,female,20,31401
2013,qld,female,21,32647
2013,qld,female,22,33301
2013,qld,female,23,33948
2013,qld,female,24,33421
2013,qld,female,25,33371
2013,qld,female,26,33458
2013,qld,female,27,33772
2013,qld,female,28,34009
2013,qld,female,29,33929
2013,qld,female,30,34068
2013,qld,female,31,32578
2013,qld,female,32,32191
2013,qld,female,33,31305
2013,qld,female,34,30565
2013,qld,female,35,30543
2013,qld,female,36,30686
2013,qld,female,37,31139
2013,qld,female,38,31609
2013,qld,female,39,32605
2013,qld,female,40,33921
2013,qld,female,41,35141
2013,qld,female,42,35693
2013,qld,female,43,33621
2013,qld,female,44,32853
2013,qld,female,45,31596
2013,qld,female,46,31170
2013,qld,female,47,30774
2013,qld,female,48,30990
2013,qld,female,49,32040
2013,qld,female,50,32391
2013,qld,female,51,32359
2013,qld,female,52,31912
2013,qld,female,53,30740
2013,qld,female,54,30102
2013,qld,female,55,29397
2013,qld,female,56,28245
2013,qld,female,57,27865
2013,qld,female,58,27074
2013,qld,female,59,26496
2013,qld,female,60,26020
2013,qld,female,61,25177
2013,qld,female,62,25011
2013,qld,female,63,24753
2013,qld,female,64,23712
2013,qld,female,65,23645
2013,qld,female,66,24453
2013,qld,female,67,20661
2013,qld,female,68,20200
2013,qld,female,69,18894
2013,qld,female,70,17002
2013,qld,female,71,16558
2013,qld,female,72,15177
2013,qld,female,73,14497
2013,qld,female,74,13650
2013,qld,female,75,12462
2013,qld,female,76,12040
2013,qld,female,77,11264
2013,qld,female,78,10695
2013,qld,female,79,9883
2013,qld,female,80,9544
2013,qld,female,81,9023
2013,qld,female,82,9144
2013,qld,female,83,8579
2013,qld,female,84,7955
2013,qld,female,85,7574
2013,qld,female,86,6673
2013,qld,female,87,6169
2013,qld,female,88,5473
2013,qld,female,89,4749
2013,qld,female,90,4051
2013,qld,female,91,3509
2013,qld,female,92,2832
2013,qld,female,93,2163
2013,qld,female,94,1467
2013,qld,female,95,1211
2013,qld,female,96,888
2013,qld,female,97,639
2013,qld,female,98,477
2013,qld,female,99,308
2013,qld,female,100,453
2013,qld,male,0,32771
2013,qld,male,1,32464
2013,qld,male,2,31801
2013,qld,male,3,32626
2013,qld,male,4,32853
2013,qld,male,5,32946
2013,qld,male,6,32588
2013,qld,male,7,32311
2013,qld,male,8,31304
2013,qld,male,9,30460
2013,qld,male,10,30017
2013,qld,male,11,30432
2013,qld,male,12,30981
2013,qld,male,13,30661
2013,qld,male,14,30374
2013,qld,male,15,30683
2013,qld,male,16,30584
2013,qld,male,17,31299
2013,qld,male,18,32167
2013,qld,male,19,32384
2013,qld,male,20,32493
2013,qld,male,21,32972
2013,qld,male,22,33974
2013,qld,male,23,34734
2013,qld,male,24,34160
2013,qld,male,25,34228
2013,qld,male,26,34007
2013,qld,male,27,34270
2013,qld,male,28,34210
2013,qld,male,29,34142
2013,qld,male,30,34186
2013,qld,male,31,33160
2013,qld,male,32,32561
2013,qld,male,33,31180
2013,qld,male,34,30318
2013,qld,male,35,29754
2013,qld,male,36,30240
2013,qld,male,37,30585
2013,qld,male,38,31260
2013,qld,male,39,32459
2013,qld,male,40,33248
2013,qld,male,41,34210
2013,qld,male,42,34657
2013,qld,male,43,32798
2013,qld,male,44,31912
2013,qld,male,45,30766
2013,qld,male,46,30371
2013,qld,male,47,29937
2013,qld,male,48,30170
2013,qld,male,49,31394
2013,qld,male,50,31356
2013,qld,male,51,31393
2013,qld,male,52,31244
2013,qld,male,53,30052
2013,qld,male,54,29365
2013,qld,male,55,28386
2013,qld,male,56,27765
2013,qld,male,57,27417
2013,qld,male,58,26494
2013,qld,male,59,25648
2013,qld,male,60,25713
2013,qld,male,61,25332
2013,qld,male,62,24906
2013,qld,male,63,24502
2013,qld,male,64,24159
2013,qld,male,65,24114
2013,qld,male,66,24846
2013,qld,male,67,21063
2013,qld,male,68,20253
2013,qld,male,69,18842
2013,qld,male,70,16772
2013,qld,male,71,16542
2013,qld,male,72,15184
2013,qld,male,73,14403
2013,qld,male,74,13173
2013,qld,male,75,12250
2013,qld,male,76,11398
2013,qld,male,77,10469
2013,qld,male,78,9338
2013,qld,male,79,8560
2013,qld,male,80,7992
2013,qld,male,81,7570
2013,qld,male,82,7128
2013,qld,male,83,6517
2013,qld,male,84,5783
2013,qld,male,85,5095
2013,qld,male,86,4437
2013,qld,male,87,3890
2013,qld,male,88,3215
2013,qld,male,89,2633
2013,qld,male,90,2072
2013,qld,male,91,1726
2013,qld,male,92,1341
2013,qld,male,93,983
2013,qld,male,94,605
2013,qld,male,95,434
2013,qld,male,96,317
2013,qld,male,97,197
2013,qld,male,98,117
2013,qld,male,99,94
2013,qld,male,100,120
2013,sa,female,0,9906
2013,sa,female,1,9859
2013,sa,female,2,9757
2013,sa,female,3,9767
2013,sa,female,4,9897
2013,sa,female,5,9923
2013,sa,female,6,9886
2013,sa,female,7,9553
2013,sa,female,8,9415
2013,sa,female,9,9277
2013,sa,female,10,9322
2013,sa,female,11,9283
2013,sa,female,12,9474
2013,sa,female,13,9638
2013,sa,female,14,9824
2013,sa,female,15,9833
2013,sa,female,16,10013
2013,sa,female,17,10133
2013,sa,female,18,10434
2013,sa,female,19,10608
2013,sa,female,20,10966
2013,sa,female,21,11186
2013,sa,female,22,11166
2013,sa,female,23,11524
2013,sa,female,24,11188
2013,sa,female,25,11187
2013,sa,female,26,11161
2013,sa,female,27,11320
2013,sa,female,28,11282
2013,sa,female,29,11506
2013,sa,female,30,11271
2013,sa,female,31,11013
2013,sa,female,32,10733
2013,sa,female,33,10319
2013,sa,female,34,10159
2013,sa,female,35,10074
2013,sa,female,36,10219
2013,sa,female,37,10125
2013,sa,female,38,10230
2013,sa,female,39,10523
2013,sa,female,40,11114
2013,sa,female,41,11759
2013,sa,female,42,12096
2013,sa,female,43,11644
2013,sa,female,44,11573
2013,sa,female,45,11369
2013,sa,female,46,11071
2013,sa,female,47,11247
2013,sa,female,48,11378
2013,sa,female,49,11615
2013,sa,female,50,11728
2013,sa,female,51,11832
2013,sa,female,52,11951
2013,sa,female,53,11680
2013,sa,female,54,11621
2013,sa,female,55,11173
2013,sa,female,56,11183
2013,sa,female,57,10920
2013,sa,female,58,10503
2013,sa,female,59,10530
2013,sa,female,60,10426
2013,sa,female,61,10146
2013,sa,female,62,10209
2013,sa,female,63,9862
2013,sa,female,64,9636
2013,sa,female,65,9652
2013,sa,female,66,10187
2013,sa,female,67,8595
2013,sa,female,68,8278
2013,sa,female,69,7723
2013,sa,female,70,7159
2013,sa,female,71,6846
2013,sa,female,72,6398
2013,sa,female,73,6259
2013,sa,female,74,6177
2013,sa,female,75,5802
2013,sa,female,76,5540
2013,sa,female,77,5307
2013,sa,female,78,4981
2013,sa,female,79,4766
2013,sa,female,80,4625
2013,sa,female,81,4514
2013,sa,female,82,4609
2013,sa,female,83,4290
2013,sa,female,84,4098
2013,sa,female,85,3889
2013,sa,female,86,3658
2013,sa,female,87,3384
2013,sa,female,88,3075
2013,sa,female,89,2589
2013,sa,female,90,2294
2013,sa,female,91,1965
2013,sa,female,92,1574
2013,sa,female,93,1133
2013,sa,female,94,789
2013,sa,female,95,654
2013,sa,female,96,480
2013,sa,female,97,316
2013,sa,female,98,265
2013,sa,female,99,163
2013,sa,female,100,270
2013,sa,male,0,10518
2013,sa,male,1,10513
2013,sa,male,2,10114
2013,sa,male,3,10442
2013,sa,male,4,10338
2013,sa,male,5,10285
2013,sa,male,6,10103
2013,sa,male,7,10114
2013,sa,male,8,9807
2013,sa,male,9,9951
2013,sa,male,10,9669
2013,sa,male,11,9843
2013,sa,male,12,9837
2013,sa,male,13,10178
2013,sa,male,14,10248
2013,sa,male,15,10192
2013,sa,male,16,10393
2013,sa,male,17,10805
2013,sa,male,18,11303
2013,sa,male,19,11115
2013,sa,male,20,11489
2013,sa,male,21,11678
2013,sa,male,22,11973
2013,sa,male,23,12236
2013,sa,male,24,12026
2013,sa,male,25,11638
2013,sa,male,26,11581
2013,sa,male,27,11653
2013,sa,male,28,11564
2013,sa,male,29,11666
2013,sa,male,30,11456
2013,sa,male,31,11027
2013,sa,male,32,10875
2013,sa,male,33,10483
2013,sa,male,34,10408
2013,sa,male,35,10137
2013,sa,male,36,10329
2013,sa,male,37,10343
2013,sa,male,38,10455
2013,sa,male,39,10610
2013,sa,male,40,11011
2013,sa,male,41,11638
2013,sa,male,42,11986
2013,sa,male,43,11613
2013,sa,male,44,11496
2013,sa,male,45,11270
2013,sa,male,46,10954
2013,sa,male,47,11087
2013,sa,male,48,11216
2013,sa,male,49,11533
2013,sa,male,50,11593
2013,sa,male,51,11491
2013,sa,male,52,11786
2013,sa,male,53,11334
2013,sa,male,54,11161
2013,sa,male,55,10938
2013,sa,male,56,10620
2013,sa,male,57,10491
2013,sa,male,58,10353
2013,sa,male,59,9966
2013,sa,male,60,9983
2013,sa,male,61,9668
2013,sa,male,62,9609
2013,sa,male,63,9634
2013,sa,male,64,9399
2013,sa,male,65,9255
2013,sa,male,66,9830
2013,sa,male,67,8144
2013,sa,male,68,7768
2013,sa,male,69,7296
2013,sa,male,70,6756
2013,sa,male,71,6473
2013,sa,male,72,5879
2013,sa,male,73,5665
2013,sa,male,74,5575
2013,sa,male,75,5163
2013,sa,male,76,4970
2013,sa,male,77,4562
2013,sa,male,78,4140
2013,sa,male,79,4072
2013,sa,male,80,3788
2013,sa,male,81,3510
2013,sa,male,82,3362
2013,sa,male,83,3282
2013,sa,male,84,2940
2013,sa,male,85,2676
2013,sa,male,86,2306
2013,sa,male,87,2125
2013,sa,male,88,1672
2013,sa,male,89,1389
2013,sa,male,90,1083
2013,sa,male,91,898
2013,sa,male,92,656
2013,sa,male,93,509
2013,sa,male,94,320
2013,sa,male,95,248
2013,sa,male,96,154
2013,sa,male,97,102
2013,sa,male,98,73
2013,sa,male,99,37
2013,sa,male,100,61
2013,tas,female,0,2979
2013,tas,female,1,3041
2013,tas,female,2,2963
2013,tas,female,3,2984
2013,tas,female,4,3163
2013,tas,female,5,3148
2013,tas,female,6,3136
2013,tas,female,7,3085
2013,tas,female,8,2963
2013,tas,female,9,2852
2013,tas,female,10,2931
2013,tas,female,11,3029
2013,tas,female,12,3064
2013,tas,female,13,3132
2013,tas,female,14,3219
2013,tas,female,15,3088
2013,tas,female,16,3216
2013,tas,female,17,3245
2013,tas,female,18,3231
2013,tas,female,19,3067
2013,tas,female,20,3064
2013,tas,female,21,2962
2013,tas,female,22,3135
2013,tas,female,23,2973
2013,tas,female,24,3010
2013,tas,female,25,3009
2013,tas,female,26,2971
2013,tas,female,27,3003
2013,tas,female,28,3149
2013,tas,female,29,3064
2013,tas,female,30,2979
2013,tas,female,31,3021
2013,tas,female,32,3063
2013,tas,female,33,2906
2013,tas,female,34,2887
2013,tas,female,35,2902
2013,tas,female,36,2787
2013,tas,female,37,2903
2013,tas,female,38,3107
2013,tas,female,39,3200
2013,tas,female,40,3387
2013,tas,female,41,3620
2013,tas,female,42,3707
2013,tas,female,43,3496
2013,tas,female,44,3593
2013,tas,female,45,3435
2013,tas,female,46,3418
2013,tas,female,47,3350
2013,tas,female,48,3462
2013,tas,female,49,3745
2013,tas,female,50,3734
2013,tas,female,51,3806
2013,tas,female,52,3976
2013,tas,female,53,3862
2013,tas,female,54,3795
2013,tas,female,55,3677
2013,tas,female,56,3689
2013,tas,female,57,3606
2013,tas,female,58,3511
2013,tas,female,59,3553
2013,tas,female,60,3487
2013,tas,female,61,3365
2013,tas,female,62,3325
2013,tas,female,63,3299
2013,tas,female,64,3225
2013,tas,female,65,3218
2013,tas,female,66,3350
2013,tas,female,67,2807
2013,tas,female,68,2710
2013,tas,female,69,2548
2013,tas,female,70,2301
2013,tas,female,71,2274
2013,tas,female,72,2148
2013,tas,female,73,2004
2013,tas,female,74,1871
2013,tas,female,75,1825
2013,tas,female,76,1731
2013,tas,female,77,1644
2013,tas,female,78,1486
2013,tas,female,79,1522
2013,tas,female,80,1444
2013,tas,female,81,1345
2013,tas,female,82,1310
2013,tas,female,83,1203
2013,tas,female,84,1129
2013,tas,female,85,1030
2013,tas,female,86,924
2013,tas,female,87,893
2013,tas,female,88,811
2013,tas,female,89,693
2013,tas,female,90,602
2013,tas,female,91,516
2013,tas,female,92,398
2013,tas,female,93,292
2013,tas,female,94,216
2013,tas,female,95,138
2013,tas,female,96,129
2013,tas,female,97,85
2013,tas,female,98,49
2013,tas,female,99,46
2013,tas,female,100,61
2013,tas,male,0,3097
2013,tas,male,1,3178
2013,tas,male,2,3256
2013,tas,male,3,3291
2013,tas,male,4,3365
2013,tas,male,5,3387
2013,tas,male,6,3317
2013,tas,male,7,3307
2013,tas,male,8,3244
2013,tas,male,9,3117
2013,tas,male,10,3088
2013,tas,male,11,3225
2013,tas,male,12,3277
2013,tas,male,13,3349
2013,tas,male,14,3385
2013,tas,male,15,3310
2013,tas,male,16,3409
2013,tas,male,17,3423
2013,tas,male,18,3587
2013,tas,male,19,3511
2013,tas,male,20,3354
2013,tas,male,21,3288
2013,tas,male,22,3215
2013,tas,male,23,3299
2013,tas,male,24,3136
2013,tas,male,25,3018
2013,tas,male,26,3057
2013,tas,male,27,3107
2013,tas,male,28,3009
2013,tas,male,29,2974
2013,tas,male,30,3058
2013,tas,male,31,2947
2013,tas,male,32,2861
2013,tas,male,33,2806
2013,tas,male,34,2842
2013,tas,male,35,2798
2013,tas,male,36,2786
2013,tas,male,37,2916
2013,tas,male,38,2929
2013,tas,male,39,3121
2013,tas,male,40,3155
2013,tas,male,41,3401
2013,tas,male,42,3495
2013,tas,male,43,3462
2013,tas,male,44,3506
2013,tas,male,45,3300
2013,tas,male,46,3188
2013,tas,male,47,3177
2013,tas,male,48,3327
2013,tas,male,49,3649
2013,tas,male,50,3612
2013,tas,male,51,3803
2013,tas,male,52,3795
2013,tas,male,53,3681
2013,tas,male,54,3644
2013,tas,male,55,3694
2013,tas,male,56,3563
2013,tas,male,57,3652
2013,tas,male,58,3400
2013,tas,male,59,3277
2013,tas,male,60,3426
2013,tas,male,61,3456
2013,tas,male,62,3363
2013,tas,male,63,3276
2013,tas,male,64,3155
2013,tas,male,65,3287
2013,tas,male,66,3451
2013,tas,male,67,2755
2013,tas,male,68,2642
2013,tas,male,69,2653
2013,tas,male,70,2351
2013,tas,male,71,2252
2013,tas,male,72,2088
2013,tas,male,73,1990
2013,tas,male,74,1887
2013,tas,male,75,1735
2013,tas,male,76,1575
2013,tas,male,77,1426
2013,tas,male,78,1330
2013,tas,male,79,1295
2013,tas,male,80,1150
2013,tas,male,81,1107
2013,tas,male,82,1031
2013,tas,male,83,960
2013,tas,male,84,821
2013,tas,male,85,730
2013,tas,male,86,638
2013,tas,male,87,553
2013,tas,male,88,462
2013,tas,male,89,378
2013,tas,male,90,296
2013,tas,male,91,245
2013,tas,male,92,171
2013,tas,male,93,100
2013,tas,male,94,92
2013,tas,male,95,53
2013,tas,male,96,43
2013,tas,male,97,31
2013,tas,male,98,19
2013,tas,male,99,13
2013,tas,male,100,13
2013,vic,female,0,37350
2013,vic,female,1,36738
2013,vic,female,2,35306
2013,vic,female,3,36269
2013,vic,female,4,35665
2013,vic,female,5,35515
2013,vic,female,6,35176
2013,vic,female,7,34594
2013,vic,female,8,33178
2013,vic,female,9,32966
2013,vic,female,10,32492
2013,vic,female,11,32372
2013,vic,female,12,32370
2013,vic,female,13,33194
2013,vic,female,14,33007
2013,vic,female,15,32839
2013,vic,female,16,34019
2013,vic,female,17,34722
2013,vic,female,18,36616
2013,vic,female,19,37838
2013,vic,female,20,38676
2013,vic,female,21,39354
2013,vic,female,22,41440
2013,vic,female,23,43560
2013,vic,female,24,43627
2013,vic,female,25,43906
2013,vic,female,26,43625
2013,vic,female,27,44784
2013,vic,female,28,45382
2013,vic,female,29,44832
2013,vic,female,30,44710
2013,vic,female,31,43540
2013,vic,female,32,42683
2013,vic,female,33,41334
2013,vic,female,34,40129
2013,vic,female,35,39250
2013,vic,female,36,38953
2013,vic,female,37,39117
2013,vic,female,38,39781
2013,vic,female,39,40858
2013,vic,female,40,41315
2013,vic,female,41,43480
2013,vic,female,42,44709
2013,vic,female,43,42011
2013,vic,female,44,41663
2013,vic,female,45,40031
2013,vic,female,46,38575
2013,vic,female,47,38625
2013,vic,female,48,38458
2013,vic,female,49,39166
2013,vic,female,50,39349
2013,vic,female,51,39135
2013,vic,female,52,39065
2013,vic,female,53,37797
2013,vic,female,54,37104
2013,vic,female,55,36336
2013,vic,female,56,35490
2013,vic,female,57,35112
2013,vic,female,58,34034
2013,vic,female,59,33001
2013,vic,female,60,32597
2013,vic,female,61,31364
2013,vic,female,62,31260
2013,vic,female,63,30541
2013,vic,female,64,29433
2013,vic,female,65,29876
2013,vic,female,66,30782
2013,vic,female,67,25889
2013,vic,female,68,24579
2013,vic,female,69,23845
2013,vic,female,70,21443
2013,vic,female,71,21288
2013,vic,female,72,19767
2013,vic,female,73,19186
2013,vic,female,74,18387
2013,vic,female,75,17708
2013,vic,female,76,16690
2013,vic,female,77,16357
2013,vic,female,78,15206
2013,vic,female,79,14728
2013,vic,female,80,14131
2013,vic,female,81,13358
2013,vic,female,82,13407
2013,vic,female,83,13015
2013,vic,female,84,11835
2013,vic,female,85,11075
2013,vic,female,86,10399
2013,vic,female,87,9459
2013,vic,female,88,8240
2013,vic,female,89,7293
2013,vic,female,90,6190
2013,vic,female,91,5179
2013,vic,female,92,4338
2013,vic,female,93,3176
2013,vic,female,94,2148
2013,vic,female,95,1722
2013,vic,female,96,1350
2013,vic,female,97,929
2013,vic,female,98,678
2013,vic,female,99,460
2013,vic,female,100,719
2013,vic,male,0,39441
2013,vic,male,1,38831
2013,vic,male,2,37688
2013,vic,male,3,38110
2013,vic,male,4,37598
2013,vic,male,5,37538
2013,vic,male,6,37179
2013,vic,male,7,36492
2013,vic,male,8,34989
2013,vic,male,9,34834
2013,vic,male,10,34202
2013,vic,male,11,33842
2013,vic,male,12,34314
2013,vic,male,13,34176
2013,vic,male,14,34729
2013,vic,male,15,35201
2013,vic,male,16,35869
2013,vic,male,17,36468
2013,vic,male,18,38161
2013,vic,male,19,39517
2013,vic,male,20,39842
2013,vic,male,21,41030
2013,vic,male,22,42939
2013,vic,male,23,45069
2013,vic,male,24,44833
2013,vic,male,25,45133
2013,vic,male,26,44881
2013,vic,male,27,45231
2013,vic,male,28,45094
2013,vic,male,29,44712
2013,vic,male,30,44952
2013,vic,male,31,43682
2013,vic,male,32,42717
2013,vic,male,33,41148
2013,vic,male,34,40031
2013,vic,male,35,39433
2013,vic,male,36,38984
2013,vic,male,37,38913
2013,vic,male,38,39175
2013,vic,male,39,40089
2013,vic,male,40,40336
2013,vic,male,41,41671
2013,vic,male,42,42208
2013,vic,male,43,40537
2013,vic,male,44,40112
2013,vic,male,45,38766
2013,vic,male,46,37194
2013,vic,male,47,37179
2013,vic,male,48,37033
2013,vic,male,49,37754
2013,vic,male,50,38209
2013,vic,male,51,38109
2013,vic,male,52,37611
2013,vic,male,53,36394
2013,vic,male,54,36178
2013,vic,male,55,34890
2013,vic,male,56,34071
2013,vic,male,57,34073
2013,vic,male,58,32421
2013,vic,male,59,31402
2013,vic,male,60,31079
2013,vic,male,61,30291
2013,vic,male,62,29631
2013,vic,male,63,29024
2013,vic,male,64,28317
2013,vic,male,65,28614
2013,vic,male,66,29788
2013,vic,male,67,25339
2013,vic,male,68,23543
2013,vic,male,69,22389
2013,vic,male,70,20327
2013,vic,male,71,20193
2013,vic,male,72,18792
2013,vic,male,73,17901
2013,vic,male,74,16959
2013,vic,male,75,15910
2013,vic,male,76,15039
2013,vic,male,77,14123
2013,vic,male,78,12831
2013,vic,male,79,12252
2013,vic,male,80,11255
2013,vic,male,81,10382
2013,vic,male,82,10301
2013,vic,male,83,9583
2013,vic,male,84,8575
2013,vic,male,85,7678
2013,vic,male,86,6736
2013,vic,male,87,5896
2013,vic,male,88,4787
2013,vic,male,89,3900
2013,vic,male,90,3152
2013,vic,male,91,2525
2013,vic,male,92,1923
2013,vic,male,93,1425
2013,vic,male,94,877
2013,vic,male,95,626
2013,vic,male,96,410
2013,vic,male,97,338
2013,vic,male,98,196
2013,vic,male,99,123
2013,vic,male,100,174
2013,wa,female,0,16739
2013,wa,female,1,16378
2013,wa,female,2,16358
2013,wa,female,3,16338
2013,wa,female,4,16023
2013,wa,female,5,16440
2013,wa,female,6,16028
2013,wa,female,7,15852
2013,wa,female,8,15059
2013,wa,female,9,14750
2013,wa,female,10,14770
2013,wa,female,11,14541
2013,wa,female,12,14856
2013,wa,female,13,14945
2013,wa,female,14,15090
2013,wa,female,15,14877
2013,wa,female,16,14920
2013,wa,female,17,15088
2013,wa,female,18,15522
2013,wa,female,19,15689
2013,wa,female,20,16273
2013,wa,female,21,16702
2013,wa,female,22,17818
2013,wa,female,23,18881
2013,wa,female,24,19360
2013,wa,female,25,19510
2013,wa,female,26,19844
2013,wa,female,27,20146
2013,wa,female,28,19925
2013,wa,female,29,19681
2013,wa,female,30,19362
2013,wa,female,31,18698
2013,wa,female,32,18159
2013,wa,female,33,17593
2013,wa,female,34,17340
2013,wa,female,35,16692
2013,wa,female,36,16663
2013,wa,female,37,16805
2013,wa,female,38,16963
2013,wa,female,39,17098
2013,wa,female,40,17500
2013,wa,female,41,18514
2013,wa,female,42,18850
2013,wa,female,43,17747
2013,wa,female,44,17693
2013,wa,female,45,16956
2013,wa,female,46,16656
2013,wa,female,47,16580
2013,wa,female,48,16636
2013,wa,female,49,16797
2013,wa,female,50,17002
2013,wa,female,51,16713
2013,wa,female,52,16669
2013,wa,female,53,16174
2013,wa,female,54,15733
2013,wa,female,55,15220
2013,wa,female,56,14970
2013,wa,female,57,14936
2013,wa,female,58,14400
2013,wa,female,59,13836
2013,wa,female,60,13549
2013,wa,female,61,13075
2013,wa,female,62,12687
2013,wa,female,63,12267
2013,wa,female,64,11999
2013,wa,female,65,11764
2013,wa,female,66,11988
2013,wa,female,67,9594
2013,wa,female,68,9288
2013,wa,female,69,9035
2013,wa,female,70,8160
2013,wa,female,71,8044
2013,wa,female,72,7494
2013,wa,female,73,7176
2013,wa,female,74,6915
2013,wa,female,75,6538
2013,wa,female,76,6080
2013,wa,female,77,5950
2013,wa,female,78,5532
2013,wa,female,79,5121
2013,wa,female,80,4972
2013,wa,female,81,4759
2013,wa,female,82,4590
2013,wa,female,83,4351
2013,wa,female,84,3956
2013,wa,female,85,3763
2013,wa,female,86,3407
2013,wa,female,87,3059
2013,wa,female,88,2733
2013,wa,female,89,2354
2013,wa,female,90,2032
2013,wa,female,91,1726
2013,wa,female,92,1447
2013,wa,female,93,1153
2013,wa,female,94,738
2013,wa,female,95,543
2013,wa,female,96,440
2013,wa,female,97,348
2013,wa,female,98,233
2013,wa,female,99,146
2013,wa,female,100,258
2013,wa,male,0,17704
2013,wa,male,1,17152
2013,wa,male,2,16971
2013,wa,male,3,17146
2013,wa,male,4,16982
2013,wa,male,5,16971
2013,wa,male,6,16868
2013,wa,male,7,16324
2013,wa,male,8,15807
2013,wa,male,9,15652
2013,wa,male,10,15025
2013,wa,male,11,15071
2013,wa,male,12,15415
2013,wa,male,13,15441
2013,wa,male,14,15840
2013,wa,male,15,15632
2013,wa,male,16,15728
2013,wa,male,17,16113
2013,wa,male,18,16494
2013,wa,male,19,16742
2013,wa,male,20,17033
2013,wa,male,21,17678
2013,wa,male,22,19000
2013,wa,male,23,20120
2013,wa,male,24,20492
2013,wa,male,25,20996
2013,wa,male,26,21535
2013,wa,male,27,21819
2013,wa,male,28,21552
2013,wa,male,29,21280
2013,wa,male,30,21213
2013,wa,male,31,20350
2013,wa,male,32,19379
2013,wa,male,33,18503
2013,wa,male,34,17937
2013,wa,male,35,17571
2013,wa,male,36,17174
2013,wa,male,37,17477
2013,wa,male,38,17461
2013,wa,male,39,17544
2013,wa,male,40,18273
2013,wa,male,41,19179
2013,wa,male,42,19312
2013,wa,male,43,18312
2013,wa,male,44,18049
2013,wa,male,45,17384
2013,wa,male,46,16996
2013,wa,male,47,16851
2013,wa,male,48,16850
2013,wa,male,49,17144
2013,wa,male,50,17213
2013,wa,male,51,16887
2013,wa,male,52,16653
2013,wa,male,53,16086
2013,wa,male,54,15738
2013,wa,male,55,15358
2013,wa,male,56,14994
2013,wa,male,57,14950
2013,wa,male,58,13892
2013,wa,male,59,13603
2013,wa,male,60,13389
2013,wa,male,61,13060
2013,wa,male,62,12936
2013,wa,male,63,12247
2013,wa,male,64,11959
2013,wa,male,65,12155
2013,wa,male,66,12243
2013,wa,male,67,9871
2013,wa,male,68,9344
2013,wa,male,69,9047
2013,wa,male,70,8020
2013,wa,male,71,8017
2013,wa,male,72,7147
2013,wa,male,73,6832
2013,wa,male,74,6488
2013,wa,male,75,6042
2013,wa,male,76,5599
2013,wa,male,77,5149
2013,wa,male,78,4776
2013,wa,male,79,4179
2013,wa,male,80,3987
2013,wa,male,81,3640
2013,wa,male,82,3629
2013,wa,male,83,3276
2013,wa,male,84,2860
2013,wa,male,85,2549
2013,wa,male,86,2216
2013,wa,male,87,1947
2013,wa,male,88,1604
2013,wa,male,89,1315
2013,wa,male,90,1042
2013,wa,male,91,826
2013,wa,male,92,642
2013,wa,male,93,470
2013,wa,male,94,274
2013,wa,male,95,206
2013,wa,male,96,149
2013,wa,male,97,96
2013,wa,male,98,61
2013,wa,male,99,45
2013,wa,male,100,72
2014,act,female,0,2663
2014,act,female,1,2697
2014,act,female,2,2551
2014,act,female,3,2489
2014,act,female,4,2587
2014,act,female,5,2424
2014,act,female,6,2337
2014,act,female,7,2273
2014,act,female,8,2333
2014,act,female,9,2166
2014,act,female,10,2090
2014,act,female,11,2067
2014,act,female,12,2081
2014,act,female,13,2078
2014,act,female,14,2107
2014,act,female,15,2151
2014,act,female,16,2264
2014,act,female,17,2389
2014,act,female,18,2511
2014,act,female,19,2738
2014,act,female,20,2955
2014,act,female,21,3037
2014,act,female,22,3203
2014,act,female,23,3447
2014,act,female,24,3466
2014,act,female,25,3423
2014,act,female,26,3341
2014,act,female,27,3386
2014,act,female,28,3480
2014,act,female,29,3485
2014,act,female,30,3494
2014,act,female,31,3308
2014,act,female,32,3374
2014,act,female,33,3224
2014,act,female,34,3140
2014,act,female,35,2980
2014,act,female,36,2840
2014,act,female,37,2791
2014,act,female,38,2699
2014,act,female,39,2757
2014,act,female,40,2782
2014,act,female,41,2876
2014,act,female,42,2951
2014,act,female,43,2920
2014,act,female,44,2711
2014,act,female,45,2734
2014,act,female,46,2550
2014,act,female,47,2440
2014,act,female,48,2547
2014,act,female,49,2474
2014,act,female,50,2541
2014,act,female,51,2449
2014,act,female,52,2595
2014,act,female,53,2514
2014,act,female,54,2420
2014,act,female,55,2409
2014,act,female,56,2298
2014,act,female,57,2245
2014,act,female,58,2182
2014,act,female,59,2082
2014,act,female,60,1961
2014,act,female,61,2039
2014,act,female,62,1991
2014,act,female,63,1919
2014,act,female,64,1812
2014,act,female,65,1793
2014,act,female,66,1806
2014,act,female,67,1823
2014,act,female,68,1463
2014,act,female,69,1381
2014,act,female,70,1306
2014,act,female,71,1161
2014,act,female,72,1127
2014,act,female,73,1055
2014,act,female,74,969
2014,act,female,75,915
2014,act,female,76,886
2014,act,female,77,863
2014,act,female,78,766
2014,act,female,79,723
2014,act,female,80,700
2014,act,female,81,627
2014,act,female,82,609
2014,act,female,83,548
2014,act,female,84,542
2014,act,female,85,523
2014,act,female,86,484
2014,act,female,87,421
2014,act,female,88,420
2014,act,female,89,363
2014,act,female,90,321
2014,act,female,91,270
2014,act,female,92,196
2014,act,female,93,145
2014,act,female,94,120
2014,act,female,95,84
2014,act,female,96,69
2014,act,female,97,52
2014,act,female,98,27
2014,act,female,99,24
2014,act,female,100,36
2014,act,male,0,2883
2014,act,male,1,2755
2014,act,male,2,2816
2014,act,male,3,2706
2014,act,male,4,2715
2014,act,male,5,2652
2014,act,male,6,2548
2014,act,male,7,2458
2014,act,male,8,2477
2014,act,male,9,2287
2014,act,male,10,2248
2014,act,male,11,2222
2014,act,male,12,2083
2014,act,male,13,2144
2014,act,male,14,2150
2014,act,male,15,2205
2014,act,male,16,2318
2014,act,male,17,2496
2014,act,male,18,2609
2014,act,male,19,2932
2014,act,male,20,3092
2014,act,male,21,3334
2014,act,male,22,3278
2014,act,male,23,3500
2014,act,male,24,3482
2014,act,male,25,3396
2014,act,male,26,3449
2014,act,male,27,3311
2014,act,male,28,3486
2014,act,male,29,3341
2014,act,male,30,3476
2014,act,male,31,3360
2014,act,male,32,3248
2014,act,male,33,3217
2014,act,male,34,3043
2014,act,male,35,3059
2014,act,male,36,2854
2014,act,male,37,2835
2014,act,male,38,2808
2014,act,male,39,2894
2014,act,male,40,2786
2014,act,male,41,2795
2014,act,male,42,2855
2014,act,male,43,2915
2014,act,male,44,2711
2014,act,male,45,2587
2014,act,male,46,2525
2014,act,male,47,2406
2014,act,male,48,2393
2014,act,male,49,2355
2014,act,male,50,2398
2014,act,male,51,2456
2014,act,male,52,2461
2014,act,male,53,2409
2014,act,male,54,2335
2014,act,male,55,2207
2014,act,male,56,2186
2014,act,male,57,2088
2014,act,male,58,2027
2014,act,male,59,1918
2014,act,male,60,1928
2014,act,male,61,1887
2014,act,male,62,1792
2014,act,male,63,1745
2014,act,male,64,1748
2014,act,male,65,1679
2014,act,male,66,1669
2014,act,male,67,1774
2014,act,male,68,1460
2014,act,male,69,1229
2014,act,male,70,1179
2014,act,male,71,1059
2014,act,male,72,1058
2014,act,male,73,895
2014,act,male,74,896
2014,act,male,75,835
2014,act,male,76,777
2014,act,male,77,709
2014,act,male,78,671
2014,act,male,79,614
2014,act,male,80,524
2014,act,male,81,475
2014,act,male,82,447
2014,act,male,83,468
2014,act,male,84,415
2014,act,male,85,359
2014,act,male,86,305
2014,act,male,87,251
2014,act,male,88,243
2014,act,male,89,209
2014,act,male,90,180
2014,act,male,91,133
2014,act,male,92,95
2014,act,male,93,78
2014,act,male,94,58
2014,act,male,95,24
2014,act,male,96,25
2014,act,male,97,13
2014,act,male,98,14
2014,act,male,99,10
2014,act,male,100,3
2014,nsw,female,0,46882
2014,nsw,female,1,48335
2014,nsw,female,2,48103
2014,nsw,female,3,47664
2014,nsw,female,4,48195
2014,nsw,female,5,47637
2014,nsw,female,6,47669
2014,nsw,female,7,46904
2014,nsw,female,8,45557
2014,nsw,female,9,43960
2014,nsw,female,10,43256
2014,nsw,female,11,43320
2014,nsw,female,12,42886
2014,nsw,female,13,43444
2014,nsw,female,14,43879
2014,nsw,female,15,43614
2014,nsw,female,16,43924
2014,nsw,female,17,44477
2014,nsw,female,18,45547
2014,nsw,female,19,47697
2014,nsw,female,20,48133
2014,nsw,female,21,47898
2014,nsw,female,22,49455
2014,nsw,female,23,52625
2014,nsw,female,24,54350
2014,nsw,female,25,53686
2014,nsw,female,26,54047
2014,nsw,female,27,54436
2014,nsw,female,28,55014
2014,nsw,female,29,55377
2014,nsw,female,30,55905
2014,nsw,female,31,56204
2014,nsw,female,32,54477
2014,nsw,female,33,53627
2014,nsw,female,34,51530
2014,nsw,female,35,50673
2014,nsw,female,36,49879
2014,nsw,female,37,49468
2014,nsw,female,38,49721
2014,nsw,female,39,49962
2014,nsw,female,40,51664
2014,nsw,female,41,53168
2014,nsw,female,42,54913
2014,nsw,female,43,55461
2014,nsw,female,44,51552
2014,nsw,female,45,51046
2014,nsw,female,46,49224
2014,nsw,female,47,48033
2014,nsw,female,48,48066
2014,nsw,female,49,48652
2014,nsw,female,50,50723
2014,nsw,female,51,51598
2014,nsw,female,52,51145
2014,nsw,female,53,51107
2014,nsw,female,54,49587
2014,nsw,female,55,48271
2014,nsw,female,56,48181
2014,nsw,female,57,46632
2014,nsw,female,58,45443
2014,nsw,female,59,44530
2014,nsw,female,60,43291
2014,nsw,female,61,42719
2014,nsw,female,62,41196
2014,nsw,female,63,40502
2014,nsw,female,64,39709
2014,nsw,female,65,38411
2014,nsw,female,66,38743
2014,nsw,female,67,39858
2014,nsw,female,68,34221
2014,nsw,female,69,32748
2014,nsw,female,70,31348
2014,nsw,female,71,28362
2014,nsw,female,72,27535
2014,nsw,female,73,26138
2014,nsw,female,74,24910
2014,nsw,female,75,23915
2014,nsw,female,76,22706
2014,nsw,female,77,21899
2014,nsw,female,78,21017
2014,nsw,female,79,19546
2014,nsw,female,80,18147
2014,nsw,female,81,17687
2014,nsw,female,82,17021
2014,nsw,female,83,16892
2014,nsw,female,84,15984
2014,nsw,female,85,14763
2014,nsw,female,86,13769
2014,nsw,female,87,12481
2014,nsw,female,88,11217
2014,nsw,female,89,10116
2014,nsw,female,90,8674
2014,nsw,female,91,7394
2014,nsw,female,92,6087
2014,nsw,female,93,4875
2014,nsw,female,94,3617
2014,nsw,female,95,2449
2014,nsw,female,96,1857
2014,nsw,female,97,1394
2014,nsw,female,98,897
2014,nsw,female,99,650
2014,nsw,female,100,980
2014,nsw,male,0,49516
2014,nsw,male,1,51223
2014,nsw,male,2,51149
2014,nsw,male,3,50295
2014,nsw,male,4,50677
2014,nsw,male,5,50122
2014,nsw,male,6,50025
2014,nsw,male,7,49633
2014,nsw,male,8,48387
2014,nsw,male,9,47049
2014,nsw,male,10,46167
2014,nsw,male,11,45860
2014,nsw,male,12,45249
2014,nsw,male,13,46147
2014,nsw,male,14,46263
2014,nsw,male,15,46137
2014,nsw,male,16,46188
2014,nsw,male,17,46873
2014,nsw,male,18,47966
2014,nsw,male,19,50735
2014,nsw,male,20,50680
2014,nsw,male,21,50828
2014,nsw,male,22,51875
2014,nsw,male,23,53897
2014,nsw,male,24,55837
2014,nsw,male,25,54824
2014,nsw,male,26,54172
2014,nsw,male,27,53988
2014,nsw,male,28,54869
2014,nsw,male,29,55136
2014,nsw,male,30,55080
2014,nsw,male,31,55184
2014,nsw,male,32,54378
2014,nsw,male,33,53534
2014,nsw,male,34,51704
2014,nsw,male,35,50178
2014,nsw,male,36,49327
2014,nsw,male,37,48995
2014,nsw,male,38,49224
2014,nsw,male,39,49796
2014,nsw,male,40,51036
2014,nsw,male,41,51720
2014,nsw,male,42,53579
2014,nsw,male,43,53285
2014,nsw,male,44,49652
2014,nsw,male,45,48592
2014,nsw,male,46,47208
2014,nsw,male,47,46544
2014,nsw,male,48,47182
2014,nsw,male,49,47274
2014,nsw,male,50,49473
2014,nsw,male,51,50166
2014,nsw,male,52,50377
2014,nsw,male,53,49838
2014,nsw,male,54,48001
2014,nsw,male,55,47000
2014,nsw,male,56,46204
2014,nsw,male,57,45387
2014,nsw,male,58,44350
2014,nsw,male,59,42791
2014,nsw,male,60,41658
2014,nsw,male,61,41135
2014,nsw,male,62,39632
2014,nsw,male,63,39720
2014,nsw,male,64,39028
2014,nsw,male,65,37814
2014,nsw,male,66,38724
2014,nsw,male,67,39463
2014,nsw,male,68,33682
2014,nsw,male,69,32088
2014,nsw,male,70,30663
2014,nsw,male,71,27160
2014,nsw,male,72,26510
2014,nsw,male,73,24600
2014,nsw,male,74,23473
2014,nsw,male,75,21917
2014,nsw,male,76,20541
2014,nsw,male,77,19664
2014,nsw,male,78,18057
2014,nsw,male,79,16245
2014,nsw,male,80,15210
2014,nsw,male,81,14242
2014,nsw,male,82,13398
2014,nsw,male,83,12651
2014,nsw,male,84,11631
2014,nsw,male,85,10393
2014,nsw,male,86,9297
2014,nsw,male,87,7839
2014,nsw,male,88,6640
2014,nsw,male,89,5515
2014,nsw,male,90,4454
2014,nsw,male,91,3494
2014,nsw,male,92,2817
2014,nsw,male,93,2004
2014,nsw,male,94,1429
2014,nsw,male,95,908
2014,nsw,male,96,622
2014,nsw,male,97,405
2014,nsw,male,98,259
2014,nsw,male,99,165
2014,nsw,male,100,242
2014,nt,female,0,1904
2014,nt,female,1,1940
2014,nt,female,2,1926
2014,nt,female,3,1810
2014,nt,female,4,1793
2014,nt,female,5,1801
2014,nt,female,6,1807
2014,nt,female,7,1707
2014,nt,female,8,1696
2014,nt,female,9,1600
2014,nt,female,10,1574
2014,nt,female,11,1627
2014,nt,female,12,1593
2014,nt,female,13,1602
2014,nt,female,14,1533
2014,nt,female,15,1445
2014,nt,female,16,1438
2014,nt,female,17,1410
2014,nt,female,18,1385
2014,nt,female,19,1531
2014,nt,female,20,1577
2014,nt,female,21,1668
2014,nt,female,22,1800
2014,nt,female,23,2022
2014,nt,female,24,2187
2014,nt,female,25,2209
2014,nt,female,26,2251
2014,nt,female,27,2303
2014,nt,female,28,2282
2014,nt,female,29,2354
2014,nt,female,30,2288
2014,nt,female,31,2282
2014,nt,female,32,2122
2014,nt,female,33,2054
2014,nt,female,34,1889
2014,nt,female,35,1846
2014,nt,female,36,1806
2014,nt,female,37,1792
2014,nt,female,38,1818
2014,nt,female,39,1700
2014,nt,female,40,1721
2014,nt,female,41,1677
2014,nt,female,42,1769
2014,nt,female,43,1842
2014,nt,female,44,1706
2014,nt,female,45,1682
2014,nt,female,46,1619
2014,nt,female,47,1577
2014,nt,female,48,1581
2014,nt,female,49,1484
2014,nt,female,50,1497
2014,nt,female,51,1552
2014,nt,female,52,1539
2014,nt,female,53,1504
2014,nt,female,54,1412
2014,nt,female,55,1369
2014,nt,female,56,1321
2014,nt,female,57,1284
2014,nt,female,58,1205
2014,nt,female,59,1175
2014,nt,female,60,1085
2014,nt,female,61,1044
2014,nt,female,62,957
2014,nt,female,63,922
2014,nt,female,64,793
2014,nt,female,65,735
2014,nt,female,66,684
2014,nt,female,67,630
2014,nt,female,68,561
2014,nt,female,69,481
2014,nt,female,70,460
2014,nt,female,71,389
2014,nt,female,72,375
2014,nt,female,73,362
2014,nt,female,74,312
2014,nt,female,75,225
2014,nt,female,76,226
2014,nt,female,77,205
2014,nt,female,78,192
2014,nt,female,79,167
2014,nt,female,80,164
2014,nt,female,81,133
2014,nt,female,82,123
2014,nt,female,83,118
2014,nt,female,84,91
2014,nt,female,85,100
2014,nt,female,86,80
2014,nt,female,87,65
2014,nt,female,88,45
2014,nt,female,89,46
2014,nt,female,90,38
2014,nt,female,91,33
2014,nt,female,92,29
2014,nt,female,93,21
2014,nt,female,94,13
2014,nt,female,95,4
2014,nt,female,96,5
2014,nt,female,97,6
2014,nt,female,98,5
2014,nt,female,99,2
2014,nt,female,100,1
2014,nt,male,0,2000
2014,nt,male,1,1955
2014,nt,male,2,2003
2014,nt,male,3,1976
2014,nt,male,4,1960
2014,nt,male,5,1837
2014,nt,male,6,1869
2014,nt,male,7,1850
2014,nt,male,8,1812
2014,nt,male,9,1749
2014,nt,male,10,1653
2014,nt,male,11,1701
2014,nt,male,12,1664
2014,nt,male,13,1730
2014,nt,male,14,1634
2014,nt,male,15,1609
2014,nt,male,16,1657
2014,nt,male,17,1560
2014,nt,male,18,1561
2014,nt,male,19,1745
2014,nt,male,20,1738
2014,nt,male,21,1856
2014,nt,male,22,2021
2014,nt,male,23,2305
2014,nt,male,24,2529
2014,nt,male,25,2571
2014,nt,male,26,2637
2014,nt,male,27,2576
2014,nt,male,28,2569
2014,nt,male,29,2535
2014,nt,male,30,2470
2014,nt,male,31,2466
2014,nt,male,32,2276
2014,nt,male,33,2251
2014,nt,male,34,2065
2014,nt,male,35,2015
2014,nt,male,36,1937
2014,nt,male,37,1907
2014,nt,male,38,1920
2014,nt,male,39,1825
2014,nt,male,40,1925
2014,nt,male,41,1849
2014,nt,male,42,1901
2014,nt,male,43,2077
2014,nt,male,44,1847
2014,nt,male,45,1758
2014,nt,male,46,1690
2014,nt,male,47,1716
2014,nt,male,48,1686
2014,nt,male,49,1631
2014,nt,male,50,1640
2014,nt,male,51,1677
2014,nt,male,52,1678
2014,nt,male,53,1658
2014,nt,male,54,1527
2014,nt,male,55,1451
2014,nt,male,56,1397
2014,nt,male,57,1347
2014,nt,male,58,1381
2014,nt,male,59,1304
2014,nt,male,60,1214
2014,nt,male,61,1173
2014,nt,male,62,1103
2014,nt,male,63,1080
2014,nt,male,64,1015
2014,nt,male,65,950
2014,nt,male,66,853
2014,nt,male,67,881
2014,nt,male,68,679
2014,nt,male,69,645
2014,nt,male,70,523
2014,nt,male,71,461
2014,nt,male,72,474
2014,nt,male,73,462
2014,nt,male,74,395
2014,nt,male,75,267
2014,nt,male,76,269
2014,nt,male,77,215
2014,nt,male,78,206
2014,nt,male,79,173
2014,nt,male,80,129
2014,nt,male,81,124
2014,nt,male,82,115
2014,nt,male,83,106
2014,nt,male,84,100
2014,nt,male,85,75
2014,nt,male,86,64
2014,nt,male,87,53
2014,nt,male,88,31
2014,nt,male,89,26
2014,nt,male,90,22
2014,nt,male,91,18
2014,nt,male,92,17
2014,nt,male,93,11
2014,nt,male,94,6
2014,nt,male,95,4
2014,nt,male,96,0
2014,nt,male,97,0
2014,nt,male,98,2
2014,nt,male,99,0
2014,nt,male,100,4
2014,qld,female,0,30563
2014,qld,female,1,30815
2014,qld,female,2,31105
2014,qld,female,3,31040
2014,qld,female,4,31546
2014,qld,female,5,31489
2014,qld,female,6,31399
2014,qld,female,7,31003
2014,qld,female,8,30761
2014,qld,female,9,29778
2014,qld,female,10,29249
2014,qld,female,11,28665
2014,qld,female,12,28938
2014,qld,female,13,29611
2014,qld,female,14,29171
2014,qld,female,15,29144
2014,qld,female,16,29530
2014,qld,female,17,29921
2014,qld,female,18,30352
2014,qld,female,19,31649
2014,qld,female,20,31828
2014,qld,female,21,32408
2014,qld,female,22,33408
2014,qld,female,23,34308
2014,qld,female,24,34528
2014,qld,female,25,33838
2014,qld,female,26,33831
2014,qld,female,27,33864
2014,qld,female,28,34334
2014,qld,female,29,34399
2014,qld,female,30,34273
2014,qld,female,31,34317
2014,qld,female,32,32687
2014,qld,female,33,32467
2014,qld,female,34,31524
2014,qld,female,35,30733
2014,qld,female,36,30747
2014,qld,female,37,30902
2014,qld,female,38,31324
2014,qld,female,39,31847
2014,qld,female,40,32932
2014,qld,female,41,34117
2014,qld,female,42,35325
2014,qld,female,43,35940
2014,qld,female,44,33823
2014,qld,female,45,33034
2014,qld,female,46,31852
2014,qld,female,47,31353
2014,qld,female,48,30899
2014,qld,female,49,31093
2014,qld,female,50,32157
2014,qld,female,51,32478
2014,qld,female,52,32418
2014,qld,female,53,31908
2014,qld,female,54,30698
2014,qld,female,55,30023
2014,qld,female,56,29394
2014,qld,female,57,28243
2014,qld,female,58,27828
2014,qld,female,59,27028
2014,qld,female,60,26464
2014,qld,female,61,26029
2014,qld,female,62,25184
2014,qld,female,63,25046
2014,qld,female,64,24702
2014,qld,female,65,23664
2014,qld,female,66,23609
2014,qld,female,67,24324
2014,qld,female,68,20528
2014,qld,female,69,20020
2014,qld,female,70,18675
2014,qld,female,71,16782
2014,qld,female,72,16369
2014,qld,female,73,15015
2014,qld,female,74,14283
2014,qld,female,75,13439
2014,qld,female,76,12296
2014,qld,female,77,11839
2014,qld,female,78,10994
2014,qld,female,79,10397
2014,qld,female,80,9573
2014,qld,female,81,9204
2014,qld,female,82,8652
2014,qld,female,83,8713
2014,qld,female,84,8127
2014,qld,female,85,7474
2014,qld,female,86,7053
2014,qld,female,87,6181
2014,qld,female,88,5640
2014,qld,female,89,4921
2014,qld,female,90,4218
2014,qld,female,91,3531
2014,qld,female,92,3028
2014,qld,female,93,2403
2014,qld,female,94,1769
2014,qld,female,95,1199
2014,qld,female,96,947
2014,qld,female,97,668
2014,qld,female,98,459
2014,qld,female,99,338
2014,qld,female,100,494
2014,qld,male,0,32427
2014,qld,male,1,32791
2014,qld,male,2,32596
2014,qld,male,3,32264
2014,qld,male,4,33082
2014,qld,male,5,33297
2014,qld,male,6,33390
2014,qld,male,7,33133
2014,qld,male,8,32528
2014,qld,male,9,31433
2014,qld,male,10,30713
2014,qld,male,11,30213
2014,qld,male,12,30659
2014,qld,male,13,31204
2014,qld,male,14,30942
2014,qld,male,15,30568
2014,qld,male,16,30796
2014,qld,male,17,30647
2014,qld,male,18,31767
2014,qld,male,19,33086
2014,qld,male,20,33457
2014,qld,male,21,33651
2014,qld,male,22,34147
2014,qld,male,23,34925
2014,qld,male,24,35354
2014,qld,male,25,34311
2014,qld,male,26,34195
2014,qld,male,27,33831
2014,qld,male,28,34284
2014,qld,male,29,34135
2014,qld,male,30,34137
2014,qld,male,31,34170
2014,qld,male,32,33016
2014,qld,male,33,32522
2014,qld,male,34,31242
2014,qld,male,35,30280
2014,qld,male,36,29850
2014,qld,male,37,30328
2014,qld,male,38,30726
2014,qld,male,39,31361
2014,qld,male,40,32667
2014,qld,male,41,33333
2014,qld,male,42,34255
2014,qld,male,43,34650
2014,qld,male,44,32747
2014,qld,male,45,31841
2014,qld,male,46,30774
2014,qld,male,47,30264
2014,qld,male,48,29881
2014,qld,male,49,30116
2014,qld,male,50,31350
2014,qld,male,51,31309
2014,qld,male,52,31362
2014,qld,male,53,31172
2014,qld,male,54,29967
2014,qld,male,55,29264
2014,qld,male,56,28259
2014,qld,male,57,27616
2014,qld,male,58,27211
2014,qld,male,59,26223
2014,qld,male,60,25416
2014,qld,male,61,25532
2014,qld,male,62,25192
2014,qld,male,63,24839
2014,qld,male,64,24420
2014,qld,male,65,24052
2014,qld,male,66,23885
2014,qld,male,67,24621
2014,qld,male,68,20828
2014,qld,male,69,19987
2014,qld,male,70,18548
2014,qld,male,71,16460
2014,qld,male,72,16235
2014,qld,male,73,14844
2014,qld,male,74,13998
2014,qld,male,75,12804
2014,qld,male,76,11842
2014,qld,male,77,11036
2014,qld,male,78,10085
2014,qld,male,79,8944
2014,qld,male,80,8189
2014,qld,male,81,7545
2014,qld,male,82,7125
2014,qld,male,83,6649
2014,qld,male,84,6049
2014,qld,male,85,5266
2014,qld,male,86,4591
2014,qld,male,87,3961
2014,qld,male,88,3438
2014,qld,male,89,2791
2014,qld,male,90,2248
2014,qld,male,91,1734
2014,qld,male,92,1401
2014,qld,male,93,1117
2014,qld,male,94,779
2014,qld,male,95,463
2014,qld,male,96,318
2014,qld,male,97,242
2014,qld,male,98,148
2014,qld,male,99,85
2014,qld,male,100,137
2014,sa,female,0,9848
2014,sa,female,1,10002
2014,sa,female,2,9958
2014,sa,female,3,9873
2014,sa,female,4,9916
2014,sa,female,5,9995
2014,sa,female,6,10008
2014,sa,female,7,10006
2014,sa,female,8,9622
2014,sa,female,9,9444
2014,sa,female,10,9326
2014,sa,female,11,9350
2014,sa,female,12,9351
2014,sa,female,13,9574
2014,sa,female,14,9677
2014,sa,female,15,9904
2014,sa,female,16,9956
2014,sa,female,17,10155
2014,sa,female,18,10372
2014,sa,female,19,10802
2014,sa,female,20,10882
2014,sa,female,21,11193
2014,sa,female,22,11250
2014,sa,female,23,11272
2014,sa,female,24,11566
2014,sa,female,25,11257
2014,sa,female,26,11315
2014,sa,female,27,11313
2014,sa,female,28,11521
2014,sa,female,29,11457
2014,sa,female,30,11611
2014,sa,female,31,11346
2014,sa,female,32,11081
2014,sa,female,33,10806
2014,sa,female,34,10433
2014,sa,female,35,10254
2014,sa,female,36,10132
2014,sa,female,37,10309
2014,sa,female,38,10211
2014,sa,female,39,10266
2014,sa,female,40,10609
2014,sa,female,41,11158
2014,sa,female,42,11756
2014,sa,female,43,12140
2014,sa,female,44,11716
2014,sa,female,45,11600
2014,sa,female,46,11398
2014,sa,female,47,11077
2014,sa,female,48,11257
2014,sa,female,49,11366
2014,sa,female,50,11628
2014,sa,female,51,11727
2014,sa,female,52,11820
2014,sa,female,53,11937
2014,sa,female,54,11687
2014,sa,female,55,11567
2014,sa,female,56,11129
2014,sa,female,57,11161
2014,sa,female,58,10881
2014,sa,female,59,10462
2014,sa,female,60,10499
2014,sa,female,61,10400
2014,sa,female,62,10151
2014,sa,female,63,10179
2014,sa,female,64,9838
2014,sa,female,65,9606
2014,sa,female,66,9606
2014,sa,female,67,10116
2014,sa,female,68,8513
2014,sa,female,69,8190
2014,sa,female,70,7642
2014,sa,female,71,7075
2014,sa,female,72,6774
2014,sa,female,73,6319
2014,sa,female,74,6154
2014,sa,female,75,6069
2014,sa,female,76,5689
2014,sa,female,77,5403
2014,sa,female,78,5164
2014,sa,female,79,4813
2014,sa,female,80,4612
2014,sa,female,81,4439
2014,sa,female,82,4310
2014,sa,female,83,4381
2014,sa,female,84,4091
2014,sa,female,85,3835
2014,sa,female,86,3608
2014,sa,female,87,3379
2014,sa,female,88,3089
2014,sa,female,89,2737
2014,sa,female,90,2280
2014,sa,female,91,1979
2014,sa,female,92,1696
2014,sa,female,93,1322
2014,sa,female,94,927
2014,sa,female,95,640
2014,sa,female,96,513
2014,sa,female,97,375
2014,sa,female,98,223
2014,sa,female,99,184
2014,sa,female,100,271
2014,sa,male,0,10355
2014,sa,male,1,10593
2014,sa,male,2,10595
2014,sa,male,3,10338
2014,sa,male,4,10601
2014,sa,male,5,10506
2014,sa,male,6,10425
2014,sa,male,7,10284
2014,sa,male,8,10169
2014,sa,male,9,9898
2014,sa,male,10,9995
2014,sa,male,11,9713
2014,sa,male,12,9883
2014,sa,male,13,9926
2014,sa,male,14,10254
2014,sa,male,15,10333
2014,sa,male,16,10335
2014,sa,male,17,10552
2014,sa,male,18,11054
2014,sa,male,19,11649
2014,sa,male,20,11441
2014,sa,male,21,11672
2014,sa,male,22,11781
2014,sa,male,23,12046
2014,sa,male,24,12183
2014,sa,male,25,11846
2014,sa,male,26,11519
2014,sa,male,27,11466
2014,sa,male,28,11624
2014,sa,male,29,11593
2014,sa,male,30,11723
2014,sa,male,31,11468
2014,sa,male,32,11056
2014,sa,male,33,10889
2014,sa,male,34,10502
2014,sa,male,35,10424
2014,sa,male,36,10182
2014,sa,male,37,10344
2014,sa,male,38,10447
2014,sa,male,39,10507
2014,sa,male,40,10679
2014,sa,male,41,11020
2014,sa,male,42,11640
2014,sa,male,43,11955
2014,sa,male,44,11586
2014,sa,male,45,11443
2014,sa,male,46,11257
2014,sa,male,47,10886
2014,sa,male,48,11059
2014,sa,male,49,11179
2014,sa,male,50,11482
2014,sa,male,51,11585
2014,sa,male,52,11434
2014,sa,male,53,11742
2014,sa,male,54,11286
2014,sa,male,55,11081
2014,sa,male,56,10891
2014,sa,male,57,10546
2014,sa,male,58,10430
2014,sa,male,59,10277
2014,sa,male,60,9912
2014,sa,male,61,9874
2014,sa,male,62,9589
2014,sa,male,63,9567
2014,sa,male,64,9563
2014,sa,male,65,9370
2014,sa,male,66,9221
2014,sa,male,67,9754
2014,sa,male,68,8067
2014,sa,male,69,7649
2014,sa,male,70,7173
2014,sa,male,71,6653
2014,sa,male,72,6336
2014,sa,male,73,5759
2014,sa,male,74,5503
2014,sa,male,75,5410
2014,sa,male,76,5012
2014,sa,male,77,4793
2014,sa,male,78,4365
2014,sa,male,79,3983
2014,sa,male,80,3884
2014,sa,male,81,3610
2014,sa,male,82,3305
2014,sa,male,83,3144
2014,sa,male,84,3038
2014,sa,male,85,2681
2014,sa,male,86,2446
2014,sa,male,87,2055
2014,sa,male,88,1880
2014,sa,male,89,1446
2014,sa,male,90,1168
2014,sa,male,91,909
2014,sa,male,92,744
2014,sa,male,93,526
2014,sa,male,94,404
2014,sa,male,95,250
2014,sa,male,96,186
2014,sa,male,97,120
2014,sa,male,98,73
2014,sa,male,99,50
2014,sa,male,100,63
2014,tas,female,0,2921
2014,tas,female,1,2962
2014,tas,female,2,3034
2014,tas,female,3,2965
2014,tas,female,4,2998
2014,tas,female,5,3170
2014,tas,female,6,3153
2014,tas,female,7,3145
2014,tas,female,8,3104
2014,tas,female,9,2969
2014,tas,female,10,2865
2014,tas,female,11,2916
2014,tas,female,12,3028
2014,tas,female,13,3048
2014,tas,female,14,3101
2014,tas,female,15,3211
2014,tas,female,16,3075
2014,tas,female,17,3194
2014,tas,female,18,3193
2014,tas,female,19,3174
2014,tas,female,20,2987
2014,tas,female,21,3006
2014,tas,female,22,2964
2014,tas,female,23,3085
2014,tas,female,24,2949
2014,tas,female,25,2998
2014,tas,female,26,2994
2014,tas,female,27,2993
2014,tas,female,28,3005
2014,tas,female,29,3141
2014,tas,female,30,3083
2014,tas,female,31,2981
2014,tas,female,32,3035
2014,tas,female,33,3088
2014,tas,female,34,2923
2014,tas,female,35,2888
2014,tas,female,36,2916
2014,tas,female,37,2802
2014,tas,female,38,2929
2014,tas,female,39,3108
2014,tas,female,40,3192
2014,tas,female,41,3403
2014,tas,female,42,3627
2014,tas,female,43,3726
2014,tas,female,44,3493
2014,tas,female,45,3590
2014,tas,female,46,3460
2014,tas,female,47,3428
2014,tas,female,48,3365
2014,tas,female,49,3478
2014,tas,female,50,3764
2014,tas,female,51,3732
2014,tas,female,52,3807
2014,tas,female,53,3996
2014,tas,female,54,3870
2014,tas,female,55,3803
2014,tas,female,56,3677
2014,tas,female,57,3695
2014,tas,female,58,3612
2014,tas,female,59,3496
2014,tas,female,60,3556
2014,tas,female,61,3487
2014,tas,female,62,3380
2014,tas,female,63,3337
2014,tas,female,64,3311
2014,tas,female,65,3201
2014,tas,female,66,3209
2014,tas,female,67,3351
2014,tas,female,68,2780
2014,tas,female,69,2684
2014,tas,female,70,2521
2014,tas,female,71,2263
2014,tas,female,72,2264
2014,tas,female,73,2129
2014,tas,female,74,1964
2014,tas,female,75,1836
2014,tas,female,76,1790
2014,tas,female,77,1696
2014,tas,female,78,1593
2014,tas,female,79,1437
2014,tas,female,80,1473
2014,tas,female,81,1376
2014,tas,female,82,1284
2014,tas,female,83,1235
2014,tas,female,84,1122
2014,tas,female,85,1049
2014,tas,female,86,950
2014,tas,female,87,852
2014,tas,female,88,811
2014,tas,female,89,716
2014,tas,female,90,601
2014,tas,female,91,505
2014,tas,female,92,447
2014,tas,female,93,319
2014,tas,female,94,245
2014,tas,female,95,164
2014,tas,female,96,103
2014,tas,female,97,89
2014,tas,female,98,67
2014,tas,female,99,33
2014,tas,female,100,68
2014,tas,male,0,3039
2014,tas,male,1,3096
2014,tas,male,2,3160
2014,tas,male,3,3292
2014,tas,male,4,3288
2014,tas,male,5,3370
2014,tas,male,6,3392
2014,tas,male,7,3348
2014,tas,male,8,3313
2014,tas,male,9,3235
2014,tas,male,10,3119
2014,tas,male,11,3067
2014,tas,male,12,3213
2014,tas,male,13,3282
2014,tas,male,14,3352
2014,tas,male,15,3378
2014,tas,male,16,3298
2014,tas,male,17,3372
2014,tas,male,18,3381
2014,tas,male,19,3539
2014,tas,male,20,3471
2014,tas,male,21,3301
2014,tas,male,22,3198
2014,tas,male,23,3141
2014,tas,male,24,3228
2014,tas,male,25,3049
2014,tas,male,26,2989
2014,tas,male,27,3008
2014,tas,male,28,3074
2014,tas,male,29,3014
2014,tas,male,30,2980
2014,tas,male,31,3039
2014,tas,male,32,2932
2014,tas,male,33,2828
2014,tas,male,34,2810
2014,tas,male,35,2836
2014,tas,male,36,2784
2014,tas,male,37,2774
2014,tas,male,38,2926
2014,tas,male,39,2947
2014,tas,male,40,3114
2014,tas,male,41,3144
2014,tas,male,42,3394
2014,tas,male,43,3501
2014,tas,male,44,3446
2014,tas,male,45,3458
2014,tas,male,46,3260
2014,tas,male,47,3156
2014,tas,male,48,3163
2014,tas,male,49,3308
2014,tas,male,50,3649
2014,tas,male,51,3604
2014,tas,male,52,3792
2014,tas,male,53,3790
2014,tas,male,54,3668
2014,tas,male,55,3648
2014,tas,male,56,3694
2014,tas,male,57,3543
2014,tas,male,58,3633
2014,tas,male,59,3404
2014,tas,male,60,3274
2014,tas,male,61,3427
2014,tas,male,62,3436
2014,tas,male,63,3359
2014,tas,male,64,3255
2014,tas,male,65,3136
2014,tas,male,66,3255
2014,tas,male,67,3425
2014,tas,male,68,2726
2014,tas,male,69,2597
2014,tas,male,70,2622
2014,tas,male,71,2297
2014,tas,male,72,2201
2014,tas,male,73,2040
2014,tas,male,74,1933
2014,tas,male,75,1810
2014,tas,male,76,1666
2014,tas,male,77,1504
2014,tas,male,78,1382
2014,tas,male,79,1257
2014,tas,male,80,1240
2014,tas,male,81,1082
2014,tas,male,82,1032
2014,tas,male,83,962
2014,tas,male,84,871
2014,tas,male,85,741
2014,tas,male,86,658
2014,tas,male,87,562
2014,tas,male,88,448
2014,tas,male,89,399
2014,tas,male,90,327
2014,tas,male,91,260
2014,tas,male,92,192
2014,tas,male,93,134
2014,tas,male,94,81
2014,tas,male,95,66
2014,tas,male,96,41
2014,tas,male,97,28
2014,tas,male,98,22
2014,tas,male,99,16
2014,tas,male,100,12
2014,vic,female,0,37393
2014,vic,female,1,37834
2014,vic,female,2,37256
2014,vic,female,3,36120
2014,vic,female,4,36936
2014,vic,female,5,36281
2014,vic,female,6,36057
2014,vic,female,7,35819
2014,vic,female,8,35039
2014,vic,female,9,33541
2014,vic,female,10,33274
2014,vic,female,11,32844
2014,vic,female,12,32703
2014,vic,female,13,32812
2014,vic,female,14,33646
2014,vic,female,15,33557
2014,vic,female,16,33688
2014,vic,female,17,35095
2014,vic,female,18,36635
2014,vic,female,19,38940
2014,vic,female,20,39778
2014,vic,female,21,40333
2014,vic,female,22,41000
2014,vic,female,23,43789
2014,vic,female,24,45424
2014,vic,female,25,45208
2014,vic,female,26,45603
2014,vic,female,27,45205
2014,vic,female,28,46539
2014,vic,female,29,46610
2014,vic,female,30,45938
2014,vic,female,31,45536
2014,vic,female,32,44376
2014,vic,female,33,43372
2014,vic,female,34,41868
2014,vic,female,35,40572
2014,vic,female,36,39691
2014,vic,female,37,39278
2014,vic,female,38,39541
2014,vic,female,39,40184
2014,vic,female,40,41259
2014,vic,female,41,41724
2014,vic,female,42,43846
2014,vic,female,43,45095
2014,vic,female,44,42255
2014,vic,female,45,41929
2014,vic,female,46,40316
2014,vic,female,47,38802
2014,vic,female,48,38837
2014,vic,female,49,38579
2014,vic,female,50,39449
2014,vic,female,51,39587
2014,vic,female,52,39239
2014,vic,female,53,39236
2014,vic,female,54,37977
2014,vic,female,55,37107
2014,vic,female,56,36465
2014,vic,female,57,35521
2014,vic,female,58,35184
2014,vic,female,59,34027
2014,vic,female,60,33074
2014,vic,female,61,32662
2014,vic,female,62,31393
2014,vic,female,63,31302
2014,vic,female,64,30567
2014,vic,female,65,29440
2014,vic,female,66,29842
2014,vic,female,67,30612
2014,vic,female,68,25755
2014,vic,female,69,24347
2014,vic,female,70,23593
2014,vic,female,71,21200
2014,vic,female,72,21060
2014,vic,female,73,19582
2014,vic,female,74,18990
2014,vic,female,75,18163
2014,vic,female,76,17488
2014,vic,female,77,16480
2014,vic,female,78,16014
2014,vic,female,79,14795
2014,vic,female,80,14311
2014,vic,female,81,13669
2014,vic,female,82,12872
2014,vic,female,83,12821
2014,vic,female,84,12330
2014,vic,female,85,11093
2014,vic,female,86,10316
2014,vic,female,87,9575
2014,vic,female,88,8594
2014,vic,female,89,7380
2014,vic,female,90,6465
2014,vic,female,91,5411
2014,vic,female,92,4424
2014,vic,female,93,3643
2014,vic,female,94,2632
2014,vic,female,95,1711
2014,vic,female,96,1333
2014,vic,female,97,1026
2014,vic,female,98,666
2014,vic,female,99,482
2014,vic,female,100,778
2014,vic,male,0,39312
2014,vic,male,1,39896
2014,vic,male,2,39427
2014,vic,male,3,38386
2014,vic,male,4,38798
2014,vic,male,5,38301
2014,vic,male,6,38173
2014,vic,male,7,37850
2014,vic,male,8,36921
2014,vic,male,9,35408
2014,vic,male,10,35274
2014,vic,male,11,34578
2014,vic,male,12,34228
2014,vic,male,13,34739
2014,vic,male,14,34611
2014,vic,male,15,35302
2014,vic,male,16,36010
2014,vic,male,17,36762
2014,vic,male,18,38353
2014,vic,male,19,40949
2014,vic,male,20,41869
2014,vic,male,21,41835
2014,vic,male,22,42930
2014,vic,male,23,45188
2014,vic,male,24,46626
2014,vic,male,25,45764
2014,vic,male,26,46064
2014,vic,male,27,45686
2014,vic,male,28,46007
2014,vic,male,29,45716
2014,vic,male,30,45471
2014,vic,male,31,45543
2014,vic,male,32,44204
2014,vic,male,33,43308
2014,vic,male,34,41609
2014,vic,male,35,40383
2014,vic,male,36,39734
2014,vic,male,37,39260
2014,vic,male,38,39274
2014,vic,male,39,39486
2014,vic,male,40,40460
2014,vic,male,41,40613
2014,vic,male,42,41879
2014,vic,male,43,42359
2014,vic,male,44,40613
2014,vic,male,45,40114
2014,vic,male,46,38838
2014,vic,male,47,37271
2014,vic,male,48,37324
2014,vic,male,49,37048
2014,vic,male,50,37936
2014,vic,male,51,38313
2014,vic,male,52,38126
2014,vic,male,53,37652
2014,vic,male,54,36443
2014,vic,male,55,36077
2014,vic,male,56,34825
2014,vic,male,57,33960
2014,vic,male,58,33970
2014,vic,male,59,32239
2014,vic,male,60,31231
2014,vic,male,61,30967
2014,vic,male,62,30177
2014,vic,male,63,29593
2014,vic,male,64,28953
2014,vic,male,65,28197
2014,vic,male,66,28486
2014,vic,male,67,29603
2014,vic,male,68,25110
2014,vic,male,69,23246
2014,vic,male,70,22092
2014,vic,male,71,20004
2014,vic,male,72,19880
2014,vic,male,73,18438
2014,vic,male,74,17517
2014,vic,male,75,16560
2014,vic,male,76,15422
2014,vic,male,77,14605
2014,vic,male,78,13658
2014,vic,male,79,12330
2014,vic,male,80,11750
2014,vic,male,81,10715
2014,vic,male,82,9845
2014,vic,male,83,9617
2014,vic,male,84,8906
2014,vic,male,85,7855
2014,vic,male,86,6999
2014,vic,male,87,6055
2014,vic,male,88,5203
2014,vic,male,89,4150
2014,vic,male,90,3358
2014,vic,male,91,2649
2014,vic,male,92,2095
2014,vic,male,93,1557
2014,vic,male,94,1140
2014,vic,male,95,668
2014,vic,male,96,478
2014,vic,male,97,303
2014,vic,male,98,241
2014,vic,male,99,130
2014,vic,male,100,199
2014,wa,female,0,16969
2014,wa,female,1,16789
2014,wa,female,2,16619
2014,wa,female,3,16564
2014,wa,female,4,16579
2014,wa,female,5,16181
2014,wa,female,6,16606
2014,wa,female,7,16247
2014,wa,female,8,15933
2014,wa,female,9,15108
2014,wa,female,10,14814
2014,wa,female,11,14808
2014,wa,female,12,14613
2014,wa,female,13,14902
2014,wa,female,14,15048
2014,wa,female,15,15086
2014,wa,female,16,14927
2014,wa,female,17,15053
2014,wa,female,18,15252
2014,wa,female,19,15868
2014,wa,female,20,16064
2014,wa,female,21,16763
2014,wa,female,22,17200
2014,wa,female,23,18333
2014,wa,female,24,19250
2014,wa,female,25,19761
2014,wa,female,26,19919
2014,wa,female,27,20407
2014,wa,female,28,20641
2014,wa,female,29,20263
2014,wa,female,30,20016
2014,wa,female,31,19594
2014,wa,female,32,18965
2014,wa,female,33,18405
2014,wa,female,34,17772
2014,wa,female,35,17492
2014,wa,female,36,16879
2014,wa,female,37,16780
2014,wa,female,38,16940
2014,wa,female,39,17015
2014,wa,female,40,17216
2014,wa,female,41,17568
2014,wa,female,42,18575
2014,wa,female,43,18889
2014,wa,female,44,17787
2014,wa,female,45,17682
2014,wa,female,46,16919
2014,wa,female,47,16669
2014,wa,female,48,16589
2014,wa,female,49,16607
2014,wa,female,50,16784
2014,wa,female,51,16922
2014,wa,female,52,16613
2014,wa,female,53,16599
2014,wa,female,54,16091
2014,wa,female,55,15630
2014,wa,female,56,15146
2014,wa,female,57,14852
2014,wa,female,58,14771
2014,wa,female,59,14247
2014,wa,female,60,13693
2014,wa,female,61,13442
2014,wa,female,62,12902
2014,wa,female,63,12581
2014,wa,female,64,12197
2014,wa,female,65,11862
2014,wa,female,66,11606
2014,wa,female,67,11850
2014,wa,female,68,9484
2014,wa,female,69,9127
2014,wa,female,70,8885
2014,wa,female,71,8015
2014,wa,female,72,7911
2014,wa,female,73,7385
2014,wa,female,74,7070
2014,wa,female,75,6794
2014,wa,female,76,6407
2014,wa,female,77,5972
2014,wa,female,78,5768
2014,wa,female,79,5363
2014,wa,female,80,4932
2014,wa,female,81,4798
2014,wa,female,82,4561
2014,wa,female,83,4357
2014,wa,female,84,4080
2014,wa,female,85,3678
2014,wa,female,86,3519
2014,wa,female,87,3146
2014,wa,female,88,2815
2014,wa,female,89,2466
2014,wa,female,90,2091
2014,wa,female,91,1747
2014,wa,female,92,1474
2014,wa,female,93,1217
2014,wa,female,94,965
2014,wa,female,95,595
2014,wa,female,96,439
2014,wa,female,97,317
2014,wa,female,98,237
2014,wa,female,99,141
2014,wa,female,100,244
2014,wa,male,0,17619
2014,wa,male,1,17697
2014,wa,male,2,17242
2014,wa,male,3,17235
2014,wa,male,4,17355
2014,wa,male,5,17199
2014,wa,male,6,17192
2014,wa,male,7,17067
2014,wa,male,8,16453
2014,wa,male,9,15867
2014,wa,male,10,15709
2014,wa,male,11,15094
2014,wa,male,12,15163
2014,wa,male,13,15542
2014,wa,male,14,15478
2014,wa,male,15,15905
2014,wa,male,16,15685
2014,wa,male,17,15786
2014,wa,male,18,16283
2014,wa,male,19,16913
2014,wa,male,20,17243
2014,wa,male,21,17400
2014,wa,male,22,18110
2014,wa,male,23,19277
2014,wa,male,24,20332
2014,wa,male,25,20638
2014,wa,male,26,21002
2014,wa,male,27,21487
2014,wa,male,28,21820
2014,wa,male,29,21418
2014,wa,male,30,21203
2014,wa,male,31,21085
2014,wa,male,32,20303
2014,wa,male,33,19438
2014,wa,male,34,18603
2014,wa,male,35,17979
2014,wa,male,36,17663
2014,wa,male,37,17277
2014,wa,male,38,17520
2014,wa,male,39,17500
2014,wa,male,40,17608
2014,wa,male,41,18296
2014,wa,male,42,19141
2014,wa,male,43,19186
2014,wa,male,44,18201
2014,wa,male,45,17975
2014,wa,male,46,17278
2014,wa,male,47,16864
2014,wa,male,48,16760
2014,wa,male,49,16739
2014,wa,male,50,17022
2014,wa,male,51,17060
2014,wa,male,52,16780
2014,wa,male,53,16499
2014,wa,male,54,15989
2014,wa,male,55,15566
2014,wa,male,56,15131
2014,wa,male,57,14761
2014,wa,male,58,14705
2014,wa,male,59,13670
2014,wa,male,60,13373
2014,wa,male,61,13132
2014,wa,male,62,12873
2014,wa,male,63,12760
2014,wa,male,64,12106
2014,wa,male,65,11781
2014,wa,male,66,11966
2014,wa,male,67,11993
2014,wa,male,68,9683
2014,wa,male,69,9140
2014,wa,male,70,8864
2014,wa,male,71,7845
2014,wa,male,72,7832
2014,wa,male,73,6957
2014,wa,male,74,6652
2014,wa,male,75,6282
2014,wa,male,76,5852
2014,wa,male,77,5399
2014,wa,male,78,4939
2014,wa,male,79,4585
2014,wa,male,80,3978
2014,wa,male,81,3791
2014,wa,male,82,3441
2014,wa,male,83,3383
2014,wa,male,84,3038
2014,wa,male,85,2639
2014,wa,male,86,2300
2014,wa,male,87,1991
2014,wa,male,88,1711
2014,wa,male,89,1402
2014,wa,male,90,1121
2014,wa,male,91,873
2014,wa,male,92,667
2014,wa,male,93,504
2014,wa,male,94,371
2014,wa,male,95,219
2014,wa,male,96,167
2014,wa,male,97,106
2014,wa,male,98,64
2014,wa,male,99,30
2014,wa,male,100,71
2015,act,female,0,2732
2015,act,female,1,2649
2015,act,female,2,2720
2015,act,female,3,2564
2015,act,female,4,2538
2015,act,female,5,2609
2015,act,female,6,2450
2015,act,female,7,2376
2015,act,female,8,2321
2015,act,female,9,2354
2015,act,female,10,2194
2015,act,female,11,2092
2015,act,female,12,2065
2015,act,female,13,2095
2015,act,female,14,2080
2015,act,female,15,2133
2015,act,female,16,2205
2015,act,female,17,2412
2015,act,female,18,2688
2015,act,female,19,2835
2015,act,female,20,2974
2015,act,female,21,3130
2015,act,female,22,3075
2015,act,female,23,3268
2015,act,female,24,3489
2015,act,female,25,3448
2015,act,female,26,3441
2015,act,female,27,3393
2015,act,female,28,3424
2015,act,female,29,3515
2015,act,female,30,3533
2015,act,female,31,3524
2015,act,female,32,3344
2015,act,female,33,3383
2015,act,female,34,3256
2015,act,female,35,3151
2015,act,female,36,2956
2015,act,female,37,2823
2015,act,female,38,2820
2015,act,female,39,2692
2015,act,female,40,2766
2015,act,female,41,2824
2015,act,female,42,2932
2015,act,female,43,2966
2015,act,female,44,2913
2015,act,female,45,2720
2015,act,female,46,2740
2015,act,female,47,2544
2015,act,female,48,2417
2015,act,female,49,2551
2015,act,female,50,2461
2015,act,female,51,2543
2015,act,female,52,2439
2015,act,female,53,2568
2015,act,female,54,2477
2015,act,female,55,2397
2015,act,female,56,2364
2015,act,female,57,2285
2015,act,female,58,2207
2015,act,female,59,2167
2015,act,female,60,2056
2015,act,female,61,1931
2015,act,female,62,1997
2015,act,female,63,1959
2015,act,female,64,1900
2015,act,female,65,1803
2015,act,female,66,1795
2015,act,female,67,1790
2015,act,female,68,1815
2015,act,female,69,1456
2015,act,female,70,1355
2015,act,female,71,1291
2015,act,female,72,1158
2015,act,female,73,1122
2015,act,female,74,1036
2015,act,female,75,946
2015,act,female,76,909
2015,act,female,77,880
2015,act,female,78,850
2015,act,female,79,744
2015,act,female,80,703
2015,act,female,81,672
2015,act,female,82,607
2015,act,female,83,584
2015,act,female,84,530
2015,act,female,85,506
2015,act,female,86,495
2015,act,female,87,448
2015,act,female,88,395
2015,act,female,89,385
2015,act,female,90,336
2015,act,female,91,284
2015,act,female,92,221
2015,act,female,93,157
2015,act,female,94,115
2015,act,female,95,99
2015,act,female,96,65
2015,act,female,97,53
2015,act,female,98,40
2015,act,female,99,21
2015,act,female,100,35
2015,act,male,0,2920
2015,act,male,1,2877
2015,act,male,2,2798
2015,act,male,3,2830
2015,act,male,4,2756
2015,act,male,5,2756
2015,act,male,6,2634
2015,act,male,7,2567
2015,act,male,8,2484
2015,act,male,9,2486
2015,act,male,10,2286
2015,act,male,11,2249
2015,act,male,12,2236
2015,act,male,13,2119
2015,act,male,14,2167
2015,act,male,15,2176
2015,act,male,16,2274
2015,act,male,17,2446
2015,act,male,18,2743
2015,act,male,19,2905
2015,act,male,20,3124
2015,act,male,21,3240
2015,act,male,22,3325
2015,act,male,23,3285
2015,act,male,24,3478
2015,act,male,25,3452
2015,act,male,26,3385
2015,act,male,27,3433
2015,act,male,28,3286
2015,act,male,29,3447
2015,act,male,30,3356
2015,act,male,31,3503
2015,act,male,32,3395
2015,act,male,33,3353
2015,act,male,34,3266
2015,act,male,35,3069
2015,act,male,36,3077
2015,act,male,37,2890
2015,act,male,38,2861
2015,act,male,39,2831
2015,act,male,40,2886
2015,act,male,41,2825
2015,act,male,42,2775
2015,act,male,43,2855
2015,act,male,44,2913
2015,act,male,45,2724
2015,act,male,46,2557
2015,act,male,47,2520
2015,act,male,48,2403
2015,act,male,49,2383
2015,act,male,50,2331
2015,act,male,51,2395
2015,act,male,52,2435
2015,act,male,53,2440
2015,act,male,54,2390
2015,act,male,55,2290
2015,act,male,56,2164
2015,act,male,57,2145
2015,act,male,58,2041
2015,act,male,59,1998
2015,act,male,60,1863
2015,act,male,61,1896
2015,act,male,62,1862
2015,act,male,63,1776
2015,act,male,64,1721
2015,act,male,65,1743
2015,act,male,66,1658
2015,act,male,67,1655
2015,act,male,68,1745
2015,act,male,69,1445
2015,act,male,70,1208
2015,act,male,71,1156
2015,act,male,72,1041
2015,act,male,73,1044
2015,act,male,74,875
2015,act,male,75,873
2015,act,male,76,818
2015,act,male,77,762
2015,act,male,78,682
2015,act,male,79,644
2015,act,male,80,588
2015,act,male,81,505
2015,act,male,82,453
2015,act,male,83,428
2015,act,male,84,438
2015,act,male,85,386
2015,act,male,86,325
2015,act,male,87,279
2015,act,male,88,217
2015,act,male,89,206
2015,act,male,90,175
2015,act,male,91,156
2015,act,male,92,116
2015,act,male,93,78
2015,act,male,94,71
2015,act,male,95,45
2015,act,male,96,18
2015,act,male,97,21
2015,act,male,98,11
2015,act,male,99,9
2015,act,male,100,10
2015,nsw,female,0,47651
2015,nsw,female,1,47478
2015,nsw,female,2,48656
2015,nsw,female,3,48510
2015,nsw,female,4,48286
2015,nsw,female,5,48743
2015,nsw,female,6,48033
2015,nsw,female,7,48109
2015,nsw,female,8,47372
2015,nsw,female,9,45764
2015,nsw,female,10,44118
2015,nsw,female,11,43382
2015,nsw,female,12,43452
2015,nsw,female,13,43051
2015,nsw,female,14,43626
2015,nsw,female,15,44175
2015,nsw,female,16,44042
2015,nsw,female,17,44559
2015,nsw,female,18,45659
2015,nsw,female,19,47327
2015,nsw,female,20,49120
2015,nsw,female,21,49453
2015,nsw,female,22,49757
2015,nsw,female,23,52452
2015,nsw,female,24,54900
2015,nsw,female,25,56181
2015,nsw,female,26,55554
2015,nsw,female,27,55837
2015,nsw,female,28,55995
2015,nsw,female,29,56571
2015,nsw,female,30,56496
2015,nsw,female,31,56886
2015,nsw,female,32,56982
2015,nsw,female,33,55109
2015,nsw,female,34,54132
2015,nsw,female,35,51878
2015,nsw,female,36,50899
2015,nsw,female,37,50071
2015,nsw,female,38,49647
2015,nsw,female,39,50030
2015,nsw,female,40,50037
2015,nsw,female,41,51781
2015,nsw,female,42,53253
2015,nsw,female,43,55020
2015,nsw,female,44,55570
2015,nsw,female,45,51553
2015,nsw,female,46,51122
2015,nsw,female,47,49389
2015,nsw,female,48,48014
2015,nsw,female,49,48163
2015,nsw,female,50,48613
2015,nsw,female,51,50755
2015,nsw,female,52,51567
2015,nsw,female,53,51084
2015,nsw,female,54,50969
2015,nsw,female,55,49539
2015,nsw,female,56,48178
2015,nsw,female,57,48100
2015,nsw,female,58,46562
2015,nsw,female,59,45340
2015,nsw,female,60,44374
2015,nsw,female,61,43174
2015,nsw,female,62,42546
2015,nsw,female,63,41090
2015,nsw,female,64,40385
2015,nsw,female,65,39580
2015,nsw,female,66,38224
2015,nsw,female,67,38456
2015,nsw,female,68,39490
2015,nsw,female,69,33788
2015,nsw,female,70,32279
2015,nsw,female,71,30856
2015,nsw,female,72,27905
2015,nsw,female,73,27099
2015,nsw,female,74,25714
2015,nsw,female,75,24462
2015,nsw,female,76,23433
2015,nsw,female,77,22229
2015,nsw,female,78,21399
2015,nsw,female,79,20389
2015,nsw,female,80,18807
2015,nsw,female,81,17420
2015,nsw,female,82,16835
2015,nsw,female,83,16149
2015,nsw,female,84,15949
2015,nsw,female,85,14981
2015,nsw,female,86,13639
2015,nsw,female,87,12594
2015,nsw,female,88,11344
2015,nsw,female,89,10016
2015,nsw,female,90,8927
2015,nsw,female,91,7480
2015,nsw,female,92,6331
2015,nsw,female,93,5060
2015,nsw,female,94,4008
2015,nsw,female,95,2854
2015,nsw,female,96,1870
2015,nsw,female,97,1385
2015,nsw,female,98,982
2015,nsw,female,99,580
2015,nsw,female,100,959
2015,nsw,male,0,50461
2015,nsw,male,1,50053
2015,nsw,male,2,51563
2015,nsw,male,3,51492
2015,nsw,male,4,50963
2015,nsw,male,5,51266
2015,nsw,male,6,50625
2015,nsw,male,7,50563
2015,nsw,male,8,50115
2015,nsw,male,9,48564
2015,nsw,male,10,47123
2015,nsw,male,11,46306
2015,nsw,male,12,45959
2015,nsw,male,13,45321
2015,nsw,male,14,46344
2015,nsw,male,15,46600
2015,nsw,male,16,46531
2015,nsw,male,17,46630
2015,nsw,male,18,48017
2015,nsw,male,19,49984
2015,nsw,male,20,52112
2015,nsw,male,21,51825
2015,nsw,male,22,52473
2015,nsw,male,23,54456
2015,nsw,male,24,55871
2015,nsw,male,25,57126
2015,nsw,male,26,56145
2015,nsw,male,27,55478
2015,nsw,male,28,55062
2015,nsw,male,29,55969
2015,nsw,male,30,55975
2015,nsw,male,31,55920
2015,nsw,male,32,55789
2015,nsw,male,33,55122
2015,nsw,male,34,54135
2015,nsw,male,35,52085
2015,nsw,male,36,50489
2015,nsw,male,37,49640
2015,nsw,male,38,49259
2015,nsw,male,39,49586
2015,nsw,male,40,49943
2015,nsw,male,41,51203
2015,nsw,male,42,51779
2015,nsw,male,43,53538
2015,nsw,male,44,53225
2015,nsw,male,45,49544
2015,nsw,male,46,48370
2015,nsw,male,47,47028
2015,nsw,male,48,46312
2015,nsw,male,49,47070
2015,nsw,male,50,47049
2015,nsw,male,51,49368
2015,nsw,male,52,50090
2015,nsw,male,53,50244
2015,nsw,male,54,49695
2015,nsw,male,55,47694
2015,nsw,male,56,46652
2015,nsw,male,57,45926
2015,nsw,male,58,45048
2015,nsw,male,59,43960
2015,nsw,male,60,42357
2015,nsw,male,61,41297
2015,nsw,male,62,40772
2015,nsw,male,63,39306
2015,nsw,male,64,39414
2015,nsw,male,65,38663
2015,nsw,male,66,37465
2015,nsw,male,67,38329
2015,nsw,male,68,38999
2015,nsw,male,69,33172
2015,nsw,male,70,31521
2015,nsw,male,71,30028
2015,nsw,male,72,26526
2015,nsw,male,73,25878
2015,nsw,male,74,23908
2015,nsw,male,75,22755
2015,nsw,male,76,21138
2015,nsw,male,77,19704
2015,nsw,male,78,18823
2015,nsw,male,79,17283
2015,nsw,male,80,15469
2015,nsw,male,81,14406
2015,nsw,male,82,13330
2015,nsw,male,83,12523
2015,nsw,male,84,11677
2015,nsw,male,85,10639
2015,nsw,male,86,9390
2015,nsw,male,87,8314
2015,nsw,male,88,6897
2015,nsw,male,89,5803
2015,nsw,male,90,4687
2015,nsw,male,91,3711
2015,nsw,male,92,2882
2015,nsw,male,93,2252
2015,nsw,male,94,1556
2015,nsw,male,95,1098
2015,nsw,male,96,695
2015,nsw,male,97,468
2015,nsw,male,98,301
2015,nsw,male,99,167
2015,nsw,male,100,236
2015,nt,female,0,1884
2015,nt,female,1,1842
2015,nt,female,2,1908
2015,nt,female,3,1897
2015,nt,female,4,1809
2015,nt,female,5,1780
2015,nt,female,6,1789
2015,nt,female,7,1799
2015,nt,female,8,1701
2015,nt,female,9,1672
2015,nt,female,10,1570
2015,nt,female,11,1547
2015,nt,female,12,1574
2015,nt,female,13,1564
2015,nt,female,14,1530
2015,nt,female,15,1492
2015,nt,female,16,1416
2015,nt,female,17,1371
2015,nt,female,18,1376
2015,nt,female,19,1391
2015,nt,female,20,1563
2015,nt,female,21,1641
2015,nt,female,22,1742
2015,nt,female,23,1946
2015,nt,female,24,2108
2015,nt,female,25,2286
2015,nt,female,26,2302
2015,nt,female,27,2334
2015,nt,female,28,2349
2015,nt,female,29,2322
2015,nt,female,30,2367
2015,nt,female,31,2265
2015,nt,female,32,2257
2015,nt,female,33,2127
2015,nt,female,34,2032
2015,nt,female,35,1890
2015,nt,female,36,1855
2015,nt,female,37,1799
2015,nt,female,38,1741
2015,nt,female,39,1806
2015,nt,female,40,1656
2015,nt,female,41,1712
2015,nt,female,42,1635
2015,nt,female,43,1756
2015,nt,female,44,1823
2015,nt,female,45,1690
2015,nt,female,46,1681
2015,nt,female,47,1618
2015,nt,female,48,1575
2015,nt,female,49,1580
2015,nt,female,50,1459
2015,nt,female,51,1480
2015,nt,female,52,1533
2015,nt,female,53,1510
2015,nt,female,54,1467
2015,nt,female,55,1382
2015,nt,female,56,1337
2015,nt,female,57,1291
2015,nt,female,58,1271
2015,nt,female,59,1172
2015,nt,female,60,1122
2015,nt,female,61,1048
2015,nt,female,62,991
2015,nt,female,63,919
2015,nt,female,64,877
2015,nt,female,65,767
2015,nt,female,66,709
2015,nt,female,67,656
2015,nt,female,68,594
2015,nt,female,69,528
2015,nt,female,70,450
2015,nt,female,71,436
2015,nt,female,72,385
2015,nt,female,73,372
2015,nt,female,74,344
2015,nt,female,75,299
2015,nt,female,76,212
2015,nt,female,77,221
2015,nt,female,78,202
2015,nt,female,79,184
2015,nt,female,80,161
2015,nt,female,81,158
2015,nt,female,82,123
2015,nt,female,83,118
2015,nt,female,84,110
2015,nt,female,85,89
2015,nt,female,86,92
2015,nt,female,87,72
2015,nt,female,88,56
2015,nt,female,89,45
2015,nt,female,90,37
2015,nt,female,91,33
2015,nt,female,92,27
2015,nt,female,93,20
2015,nt,female,94,19
2015,nt,female,95,11
2015,nt,female,96,3
2015,nt,female,97,5
2015,nt,female,98,6
2015,nt,female,99,3
2015,nt,female,100,2
2015,nt,male,0,2062
2015,nt,male,1,1960
2015,nt,male,2,1926
2015,nt,male,3,1973
2015,nt,male,4,1962
2015,nt,male,5,1957
2015,nt,male,6,1824
2015,nt,male,7,1839
2015,nt,male,8,1838
2015,nt,male,9,1780
2015,nt,male,10,1691
2015,nt,male,11,1636
2015,nt,male,12,1671
2015,nt,male,13,1636
2015,nt,male,14,1689
2015,nt,male,15,1596
2015,nt,male,16,1562
2015,nt,male,17,1623
2015,nt,male,18,1531
2015,nt,male,19,1610
2015,nt,male,20,1886
2015,nt,male,21,1923
2015,nt,male,22,2071
2015,nt,male,23,2218
2015,nt,male,24,2420
2015,nt,male,25,2584
2015,nt,male,26,2589
2015,nt,male,27,2635
2015,nt,male,28,2592
2015,nt,male,29,2574
2015,nt,male,30,2505
2015,nt,male,31,2423
2015,nt,male,32,2411
2015,nt,male,33,2237
2015,nt,male,34,2255
2015,nt,male,35,2029
2015,nt,male,36,1993
2015,nt,male,37,1918
2015,nt,male,38,1882
2015,nt,male,39,1899
2015,nt,male,40,1804
2015,nt,male,41,1917
2015,nt,male,42,1823
2015,nt,male,43,1869
2015,nt,male,44,2056
2015,nt,male,45,1827
2015,nt,male,46,1741
2015,nt,male,47,1688
2015,nt,male,48,1699
2015,nt,male,49,1667
2015,nt,male,50,1610
2015,nt,male,51,1644
2015,nt,male,52,1663
2015,nt,male,53,1639
2015,nt,male,54,1614
2015,nt,male,55,1517
2015,nt,male,56,1415
2015,nt,male,57,1350
2015,nt,male,58,1307
2015,nt,male,59,1338
2015,nt,male,60,1259
2015,nt,male,61,1160
2015,nt,male,62,1142
2015,nt,male,63,1052
2015,nt,male,64,1005
2015,nt,male,65,973
2015,nt,male,66,898
2015,nt,male,67,807
2015,nt,male,68,813
2015,nt,male,69,634
2015,nt,male,70,589
2015,nt,male,71,489
2015,nt,male,72,436
2015,nt,male,73,455
2015,nt,male,74,427
2015,nt,male,75,370
2015,nt,male,76,250
2015,nt,male,77,245
2015,nt,male,78,195
2015,nt,male,79,185
2015,nt,male,80,140
2015,nt,male,81,113
2015,nt,male,82,113
2015,nt,male,83,99
2015,nt,male,84,97
2015,nt,male,85,88
2015,nt,male,86,71
2015,nt,male,87,57
2015,nt,male,88,43
2015,nt,male,89,23
2015,nt,male,90,23
2015,nt,male,91,16
2015,nt,male,92,15
2015,nt,male,93,14
2015,nt,male,94,8
2015,nt,male,95,5
2015,nt,male,96,4
2015,nt,male,97,0
2015,nt,male,98,0
2015,nt,male,99,0
2015,nt,male,100,3
2015,qld,female,0,30356
2015,qld,female,1,30614
2015,qld,female,2,31045
2015,qld,female,3,31234
2015,qld,female,4,31483
2015,qld,female,5,32014
2015,qld,female,6,31831
2015,qld,female,7,31820
2015,qld,female,8,31404
2015,qld,female,9,30918
2015,qld,female,10,29888
2015,qld,female,11,29381
2015,qld,female,12,28823
2015,qld,female,13,29112
2015,qld,female,14,29794
2015,qld,female,15,29463
2015,qld,female,16,29305
2015,qld,female,17,29604
2015,qld,female,18,30273
2015,qld,female,19,31209
2015,qld,female,20,32671
2015,qld,female,21,32693
2015,qld,female,22,33253
2015,qld,female,23,34233
2015,qld,female,24,34820
2015,qld,female,25,35001
2015,qld,female,26,34278
2015,qld,female,27,34064
2015,qld,female,28,34050
2015,qld,female,29,34518
2015,qld,female,30,34782
2015,qld,female,31,34496
2015,qld,female,32,34527
2015,qld,female,33,32947
2015,qld,female,34,32617
2015,qld,female,35,31793
2015,qld,female,36,30955
2015,qld,female,37,30975
2015,qld,female,38,31088
2015,qld,female,39,31460
2015,qld,female,40,31977
2015,qld,female,41,33123
2015,qld,female,42,34312
2015,qld,female,43,35483
2015,qld,female,44,36069
2015,qld,female,45,33931
2015,qld,female,46,33107
2015,qld,female,47,31952
2015,qld,female,48,31508
2015,qld,female,49,30994
2015,qld,female,50,31098
2015,qld,female,51,32237
2015,qld,female,52,32520
2015,qld,female,53,32438
2015,qld,female,54,31933
2015,qld,female,55,30665
2015,qld,female,56,29981
2015,qld,female,57,29376
2015,qld,female,58,28236
2015,qld,female,59,27783
2015,qld,female,60,26967
2015,qld,female,61,26425
2015,qld,female,62,26001
2015,qld,female,63,25184
2015,qld,female,64,25064
2015,qld,female,65,24681
2015,qld,female,66,23619
2015,qld,female,67,23522
2015,qld,female,68,24197
2015,qld,female,69,20344
2015,qld,female,70,19835
2015,qld,female,71,18446
2015,qld,female,72,16528
2015,qld,female,73,16140
2015,qld,female,74,14809
2015,qld,female,75,14036
2015,qld,female,76,13196
2015,qld,female,77,12054
2015,qld,female,78,11575
2015,qld,female,79,10692
2015,qld,female,80,10053
2015,qld,female,81,9245
2015,qld,female,82,8814
2015,qld,female,83,8282
2015,qld,female,84,8248
2015,qld,female,85,7584
2015,qld,female,86,6967
2015,qld,female,87,6514
2015,qld,female,88,5670
2015,qld,female,89,5090
2015,qld,female,90,4382
2015,qld,female,91,3692
2015,qld,female,92,3003
2015,qld,female,93,2544
2015,qld,female,94,1980
2015,qld,female,95,1400
2015,qld,female,96,915
2015,qld,female,97,710
2015,qld,female,98,475
2015,qld,female,99,309
2015,qld,female,100,546
2015,qld,male,0,31769
2015,qld,male,1,32343
2015,qld,male,2,32811
2015,qld,male,3,32807
2015,qld,male,4,32742
2015,qld,male,5,33459
2015,qld,male,6,33685
2015,qld,male,7,33787
2015,qld,male,8,33517
2015,qld,male,9,32709
2015,qld,male,10,31499
2015,qld,male,11,30897
2015,qld,male,12,30361
2015,qld,male,13,30806
2015,qld,male,14,31453
2015,qld,male,15,31124
2015,qld,male,16,30769
2015,qld,male,17,30830
2015,qld,male,18,30881
2015,qld,male,19,32381
2015,qld,male,20,33750
2015,qld,male,21,34123
2015,qld,male,22,34371
2015,qld,male,23,34861
2015,qld,male,24,35343
2015,qld,male,25,35519
2015,qld,male,26,34293
2015,qld,male,27,34045
2015,qld,male,28,33840
2015,qld,male,29,34228
2015,qld,male,30,34023
2015,qld,male,31,33915
2015,qld,male,32,33997
2015,qld,male,33,32966
2015,qld,male,34,32353
2015,qld,male,35,31258
2015,qld,male,36,30332
2015,qld,male,37,29882
2015,qld,male,38,30327
2015,qld,male,39,30826
2015,qld,male,40,31396
2015,qld,male,41,32797
2015,qld,male,42,33452
2015,qld,male,43,34250
2015,qld,male,44,34568
2015,qld,male,45,32626
2015,qld,male,46,31705
2015,qld,male,47,30690
2015,qld,male,48,30160
2015,qld,male,49,29800
2015,qld,male,50,30052
2015,qld,male,51,31241
2015,qld,male,52,31242
2015,qld,male,53,31286
2015,qld,male,54,31034
2015,qld,male,55,29800
2015,qld,male,56,29097
2015,qld,male,57,28137
2015,qld,male,58,27438
2015,qld,male,59,26996
2015,qld,male,60,25984
2015,qld,male,61,25226
2015,qld,male,62,25340
2015,qld,male,63,25073
2015,qld,male,64,24753
2015,qld,male,65,24247
2015,qld,male,66,23893
2015,qld,male,67,23739
2015,qld,male,68,24456
2015,qld,male,69,20636
2015,qld,male,70,19760
2015,qld,male,71,18263
2015,qld,male,72,16164
2015,qld,male,73,15891
2015,qld,male,74,14454
2015,qld,male,75,13605
2015,qld,male,76,12416
2015,qld,male,77,11416
2015,qld,male,78,10542
2015,qld,male,79,9685
2015,qld,male,80,8543
2015,qld,male,81,7762
2015,qld,male,82,7028
2015,qld,male,83,6620
2015,qld,male,84,6147
2015,qld,male,85,5544
2015,qld,male,86,4735
2015,qld,male,87,4112
2015,qld,male,88,3492
2015,qld,male,89,2997
2015,qld,male,90,2368
2015,qld,male,91,1862
2015,qld,male,92,1420
2015,qld,male,93,1117
2015,qld,male,94,885
2015,qld,male,95,620
2015,qld,male,96,338
2015,qld,male,97,225
2015,qld,male,98,178
2015,qld,male,99,102
2015,qld,male,100,152
2015,sa,female,0,9856
2015,sa,female,1,9895
2015,sa,female,2,10041
2015,sa,female,3,10090
2015,sa,female,4,9988
2015,sa,female,5,10046
2015,sa,female,6,10123
2015,sa,female,7,10160
2015,sa,female,8,10150
2015,sa,female,9,9664
2015,sa,female,10,9462
2015,sa,female,11,9380
2015,sa,female,12,9369
2015,sa,female,13,9388
2015,sa,female,14,9628
2015,sa,female,15,9769
2015,sa,female,16,10027
2015,sa,female,17,10112
2015,sa,female,18,10404
2015,sa,female,19,10666
2015,sa,female,20,11065
2015,sa,female,21,11085
2015,sa,female,22,11275
2015,sa,female,23,11383
2015,sa,female,24,11367
2015,sa,female,25,11649
2015,sa,female,26,11283
2015,sa,female,27,11438
2015,sa,female,28,11481
2015,sa,female,29,11666
2015,sa,female,30,11591
2015,sa,female,31,11703
2015,sa,female,32,11384
2015,sa,female,33,11187
2015,sa,female,34,10918
2015,sa,female,35,10513
2015,sa,female,36,10279
2015,sa,female,37,10180
2015,sa,female,38,10340
2015,sa,female,39,10246
2015,sa,female,40,10343
2015,sa,female,41,10640
2015,sa,female,42,11175
2015,sa,female,43,11735
2015,sa,female,44,12122
2015,sa,female,45,11720
2015,sa,female,46,11592
2015,sa,female,47,11433
2015,sa,female,48,11055
2015,sa,female,49,11279
2015,sa,female,50,11347
2015,sa,female,51,11635
2015,sa,female,52,11723
2015,sa,female,53,11785
2015,sa,female,54,11911
2015,sa,female,55,11699
2015,sa,female,56,11540
2015,sa,female,57,11112
2015,sa,female,58,11109
2015,sa,female,59,10851
2015,sa,female,60,10400
2015,sa,female,61,10433
2015,sa,female,62,10364
2015,sa,female,63,10102
2015,sa,female,64,10145
2015,sa,female,65,9811
2015,sa,female,66,9559
2015,sa,female,67,9541
2015,sa,female,68,10032
2015,sa,female,69,8438
2015,sa,female,70,8085
2015,sa,female,71,7550
2015,sa,female,72,6973
2015,sa,female,73,6670
2015,sa,female,74,6239
2015,sa,female,75,6071
2015,sa,female,76,5922
2015,sa,female,77,5559
2015,sa,female,78,5232
2015,sa,female,79,4999
2015,sa,female,80,4645
2015,sa,female,81,4444
2015,sa,female,82,4253
2015,sa,female,83,4107
2015,sa,female,84,4145
2015,sa,female,85,3826
2015,sa,female,86,3536
2015,sa,female,87,3291
2015,sa,female,88,3051
2015,sa,female,89,2757
2015,sa,female,90,2455
2015,sa,female,91,1983
2015,sa,female,92,1660
2015,sa,female,93,1400
2015,sa,female,94,1071
2015,sa,female,95,748
2015,sa,female,96,482
2015,sa,female,97,395
2015,sa,female,98,280
2015,sa,female,99,158
2015,sa,female,100,277
2015,sa,male,0,10215
2015,sa,male,1,10402
2015,sa,male,2,10697
2015,sa,male,3,10727
2015,sa,male,4,10486
2015,sa,male,5,10758
2015,sa,male,6,10612
2015,sa,male,7,10514
2015,sa,male,8,10371
2015,sa,male,9,10198
2015,sa,male,10,9934
2015,sa,male,11,9982
2015,sa,male,12,9754
2015,sa,male,13,9887
2015,sa,male,14,9976
2015,sa,male,15,10340
2015,sa,male,16,10500
2015,sa,male,17,10491
2015,sa,male,18,10785
2015,sa,male,19,11463
2015,sa,male,20,11960
2015,sa,male,21,11627
2015,sa,male,22,11819
2015,sa,male,23,11930
2015,sa,male,24,12076
2015,sa,male,25,12035
2015,sa,male,26,11783
2015,sa,male,27,11436
2015,sa,male,28,11426
2015,sa,male,29,11649
2015,sa,male,30,11600
2015,sa,male,31,11705
2015,sa,male,32,11434
2015,sa,male,33,11068
2015,sa,male,34,10919
2015,sa,male,35,10532
2015,sa,male,36,10380
2015,sa,male,37,10200
2015,sa,male,38,10367
2015,sa,male,39,10504
2015,sa,male,40,10553
2015,sa,male,41,10742
2015,sa,male,42,11024
2015,sa,male,43,11626
2015,sa,male,44,11913
2015,sa,male,45,11540
2015,sa,male,46,11388
2015,sa,male,47,11182
2015,sa,male,48,10834
2015,sa,male,49,11039
2015,sa,male,50,11142
2015,sa,male,51,11448
2015,sa,male,52,11580
2015,sa,male,53,11395
2015,sa,male,54,11686
2015,sa,male,55,11238
2015,sa,male,56,11021
2015,sa,male,57,10839
2015,sa,male,58,10481
2015,sa,male,59,10345
2015,sa,male,60,10189
2015,sa,male,61,9820
2015,sa,male,62,9778
2015,sa,male,63,9536
2015,sa,male,64,9522
2015,sa,male,65,9505
2015,sa,male,66,9286
2015,sa,male,67,9145
2015,sa,male,68,9635
2015,sa,male,69,7937
2015,sa,male,70,7537
2015,sa,male,71,7048
2015,sa,male,72,6519
2015,sa,male,73,6187
2015,sa,male,74,5614
2015,sa,male,75,5348
2015,sa,male,76,5213
2015,sa,male,77,4847
2015,sa,male,78,4612
2015,sa,male,79,4180
2015,sa,male,80,3804
2015,sa,male,81,3682
2015,sa,male,82,3390
2015,sa,male,83,3069
2015,sa,male,84,2903
2015,sa,male,85,2809
2015,sa,male,86,2429
2015,sa,male,87,2183
2015,sa,male,88,1802
2015,sa,male,89,1622
2015,sa,male,90,1242
2015,sa,male,91,972
2015,sa,male,92,750
2015,sa,male,93,600
2015,sa,male,94,400
2015,sa,male,95,312
2015,sa,male,96,184
2015,sa,male,97,133
2015,sa,male,98,93
2015,sa,male,99,50
2015,sa,male,100,77
2015,tas,female,0,2828
2015,tas,female,1,2916
2015,tas,female,2,2958
2015,tas,female,3,3012
2015,tas,female,4,2986
2015,tas,female,5,2999
2015,tas,female,6,3177
2015,tas,female,7,3176
2015,tas,female,8,3177
2015,tas,female,9,3077
2015,tas,female,10,2980
2015,tas,female,11,2859
2015,tas,female,12,2919
2015,tas,female,13,3001
2015,tas,female,14,3034
2015,tas,female,15,3093
2015,tas,female,16,3201
2015,tas,female,17,3058
2015,tas,female,18,3105
2015,tas,female,19,3092
2015,tas,female,20,3086
2015,tas,female,21,2952
2015,tas,female,22,2984
2015,tas,female,23,3012
2015,tas,female,24,3077
2015,tas,female,25,2975
2015,tas,female,26,3012
2015,tas,female,27,3009
2015,tas,female,28,2972
2015,tas,female,29,3018
2015,tas,female,30,3153
2015,tas,female,31,3075
2015,tas,female,32,2978
2015,tas,female,33,3036
2015,tas,female,34,3095
2015,tas,female,35,2930
2015,tas,female,36,2900
2015,tas,female,37,2933
2015,tas,female,38,2812
2015,tas,female,39,2935
2015,tas,female,40,3129
2015,tas,female,41,3219
2015,tas,female,42,3401
2015,tas,female,43,3636
2015,tas,female,44,3734
2015,tas,female,45,3495
2015,tas,female,46,3573
2015,tas,female,47,3466
2015,tas,female,48,3444
2015,tas,female,49,3373
2015,tas,female,50,3482
2015,tas,female,51,3779
2015,tas,female,52,3750
2015,tas,female,53,3825
2015,tas,female,54,4017
2015,tas,female,55,3892
2015,tas,female,56,3818
2015,tas,female,57,3673
2015,tas,female,58,3694
2015,tas,female,59,3611
2015,tas,female,60,3490
2015,tas,female,61,3548
2015,tas,female,62,3488
2015,tas,female,63,3396
2015,tas,female,64,3359
2015,tas,female,65,3319
2015,tas,female,66,3191
2015,tas,female,67,3201
2015,tas,female,68,3327
2015,tas,female,69,2771
2015,tas,female,70,2663
2015,tas,female,71,2511
2015,tas,female,72,2226
2015,tas,female,73,2238
2015,tas,female,74,2097
2015,tas,female,75,1927
2015,tas,female,76,1806
2015,tas,female,77,1766
2015,tas,female,78,1654
2015,tas,female,79,1540
2015,tas,female,80,1376
2015,tas,female,81,1402
2015,tas,female,82,1302
2015,tas,female,83,1213
2015,tas,female,84,1173
2015,tas,female,85,1050
2015,tas,female,86,972
2015,tas,female,87,879
2015,tas,female,88,780
2015,tas,female,89,723
2015,tas,female,90,639
2015,tas,female,91,524
2015,tas,female,92,431
2015,tas,female,93,367
2015,tas,female,94,251
2015,tas,female,95,198
2015,tas,female,96,127
2015,tas,female,97,75
2015,tas,female,98,58
2015,tas,female,99,42
2015,tas,female,100,55
2015,tas,male,0,2958
2015,tas,male,1,3052
2015,tas,male,2,3074
2015,tas,male,3,3132
2015,tas,male,4,3323
2015,tas,male,5,3304
2015,tas,male,6,3392
2015,tas,male,7,3391
2015,tas,male,8,3375
2015,tas,male,9,3321
2015,tas,male,10,3228
2015,tas,male,11,3100
2015,tas,male,12,3045
2015,tas,male,13,3206
2015,tas,male,14,3269
2015,tas,male,15,3360
2015,tas,male,16,3368
2015,tas,male,17,3292
2015,tas,male,18,3329
2015,tas,male,19,3329
2015,tas,male,20,3486
2015,tas,male,21,3401
2015,tas,male,22,3270
2015,tas,male,23,3193
2015,tas,male,24,3131
2015,tas,male,25,3211
2015,tas,male,26,3014
2015,tas,male,27,3019
2015,tas,male,28,2982
2015,tas,male,29,3062
2015,tas,male,30,3003
2015,tas,male,31,2990
2015,tas,male,32,3008
2015,tas,male,33,2913
2015,tas,male,34,2797
2015,tas,male,35,2797
2015,tas,male,36,2818
2015,tas,male,37,2772
2015,tas,male,38,2746
2015,tas,male,39,2908
2015,tas,male,40,2950
2015,tas,male,41,3093
2015,tas,male,42,3151
2015,tas,male,43,3376
2015,tas,male,44,3495
2015,tas,male,45,3433
2015,tas,male,46,3447
2015,tas,male,47,3269
2015,tas,male,48,3141
2015,tas,male,49,3142
2015,tas,male,50,3295
2015,tas,male,51,3638
2015,tas,male,52,3608
2015,tas,male,53,3761
2015,tas,male,54,3792
2015,tas,male,55,3667
2015,tas,male,56,3646
2015,tas,male,57,3682
2015,tas,male,58,3514
2015,tas,male,59,3627
2015,tas,male,60,3382
2015,tas,male,61,3250
2015,tas,male,62,3411
2015,tas,male,63,3421
2015,tas,male,64,3338
2015,tas,male,65,3243
2015,tas,male,66,3121
2015,tas,male,67,3212
2015,tas,male,68,3384
2015,tas,male,69,2685
2015,tas,male,70,2557
2015,tas,male,71,2573
2015,tas,male,72,2251
2015,tas,male,73,2143
2015,tas,male,74,1979
2015,tas,male,75,1866
2015,tas,male,76,1744
2015,tas,male,77,1599
2015,tas,male,78,1443
2015,tas,male,79,1324
2015,tas,male,80,1187
2015,tas,male,81,1152
2015,tas,male,82,1000
2015,tas,male,83,972
2015,tas,male,84,888
2015,tas,male,85,790
2015,tas,male,86,653
2015,tas,male,87,579
2015,tas,male,88,479
2015,tas,male,89,374
2015,tas,male,90,330
2015,tas,male,91,271
2015,tas,male,92,219
2015,tas,male,93,147
2015,tas,male,94,104
2015,tas,male,95,63
2015,tas,male,96,51
2015,tas,male,97,32
2015,tas,male,98,19
2015,tas,male,99,13
2015,tas,male,100,14
2015,vic,female,0,37874
2015,vic,female,1,37878
2015,vic,female,2,38460
2015,vic,female,3,37731
2015,vic,female,4,36980
2015,vic,female,5,37667
2015,vic,female,6,36875
2015,vic,female,7,36577
2015,vic,female,8,36415
2015,vic,female,9,35377
2015,vic,female,10,33860
2015,vic,female,11,33573
2015,vic,female,12,33160
2015,vic,female,13,33012
2015,vic,female,14,33273
2015,vic,female,15,34243
2015,vic,female,16,34353
2015,vic,female,17,34914
2015,vic,female,18,37124
2015,vic,female,19,39329
2015,vic,female,20,41103
2015,vic,female,21,41629
2015,vic,female,22,42259
2015,vic,female,23,43803
2015,vic,female,24,45688
2015,vic,female,25,47080
2015,vic,female,26,46839
2015,vic,female,27,47195
2015,vic,female,28,46646
2015,vic,female,29,47916
2015,vic,female,30,47604
2015,vic,female,31,47015
2015,vic,female,32,46466
2015,vic,female,33,45114
2015,vic,female,34,43985
2015,vic,female,35,42423
2015,vic,female,36,41046
2015,vic,female,37,40072
2015,vic,female,38,39609
2015,vic,female,39,40010
2015,vic,female,40,40450
2015,vic,female,41,41628
2015,vic,female,42,42156
2015,vic,female,43,44161
2015,vic,female,44,45461
2015,vic,female,45,42486
2015,vic,female,46,42166
2015,vic,female,47,40595
2015,vic,female,48,39011
2015,vic,female,49,39138
2015,vic,female,50,38729
2015,vic,female,51,39705
2015,vic,female,52,39718
2015,vic,female,53,39342
2015,vic,female,54,39374
2015,vic,female,55,38152
2015,vic,female,56,37103
2015,vic,female,57,36628
2015,vic,female,58,35602
2015,vic,female,59,35240
2015,vic,female,60,34056
2015,vic,female,61,33143
2015,vic,female,62,32635
2015,vic,female,63,31430
2015,vic,female,64,31371
2015,vic,female,65,30551
2015,vic,female,66,29457
2015,vic,female,67,29802
2015,vic,female,68,30392
2015,vic,female,69,25547
2015,vic,female,70,24114
2015,vic,female,71,23336
2015,vic,female,72,20919
2015,vic,female,73,20827
2015,vic,female,74,19386
2015,vic,female,75,18785
2015,vic,female,76,17880
2015,vic,female,77,17176
2015,vic,female,78,16175
2015,vic,female,79,15637
2015,vic,female,80,14348
2015,vic,female,81,13804
2015,vic,female,82,13128
2015,vic,female,83,12264
2015,vic,female,84,12151
2015,vic,female,85,11592
2015,vic,female,86,10313
2015,vic,female,87,9492
2015,vic,female,88,8706
2015,vic,female,89,7745
2015,vic,female,90,6516
2015,vic,female,91,5620
2015,vic,female,92,4601
2015,vic,female,93,3733
2015,vic,female,94,3025
2015,vic,female,95,2107
2015,vic,female,96,1302
2015,vic,female,97,974
2015,vic,female,98,749
2015,vic,female,99,478
2015,vic,female,100,833
2015,vic,male,0,39972
2015,vic,male,1,39876
2015,vic,male,2,40604
2015,vic,male,3,40057
2015,vic,male,4,39260
2015,vic,male,5,39562
2015,vic,male,6,38893
2015,vic,male,7,38824
2015,vic,male,8,38502
2015,vic,male,9,37272
2015,vic,male,10,35781
2015,vic,male,11,35709
2015,vic,male,12,34973
2015,vic,male,13,34628
2015,vic,male,14,35127
2015,vic,male,15,35220
2015,vic,male,16,36166
2015,vic,male,17,37002
2015,vic,male,18,38643
2015,vic,male,19,41016
2015,vic,male,20,43366
2015,vic,male,21,43918
2015,vic,male,22,43849
2015,vic,male,23,45243
2015,vic,male,24,46966
2015,vic,male,25,47764
2015,vic,male,26,46794
2015,vic,male,27,47139
2015,vic,male,28,46573
2015,vic,male,29,46848
2015,vic,male,30,46537
2015,vic,male,31,46183
2015,vic,male,32,46126
2015,vic,male,33,44822
2015,vic,male,34,43910
2015,vic,male,35,42084
2015,vic,male,36,40761
2015,vic,male,37,40088
2015,vic,male,38,39636
2015,vic,male,39,39797
2015,vic,male,40,39804
2015,vic,male,41,40822
2015,vic,male,42,40859
2015,vic,male,43,42089
2015,vic,male,44,42423
2015,vic,male,45,40599
2015,vic,male,46,40066
2015,vic,male,47,38897
2015,vic,male,48,37282
2015,vic,male,49,37443
2015,vic,male,50,37072
2015,vic,male,51,38117
2015,vic,male,52,38444
2015,vic,male,53,38148
2015,vic,male,54,37609
2015,vic,male,55,36449
2015,vic,male,56,35971
2015,vic,male,57,34752
2015,vic,male,58,33869
2015,vic,male,59,33832
2015,vic,male,60,32018
2015,vic,male,61,31084
2015,vic,male,62,30817
2015,vic,male,63,30078
2015,vic,male,64,29617
2015,vic,male,65,28866
2015,vic,male,66,28087
2015,vic,male,67,28317
2015,vic,male,68,29328
2015,vic,male,69,24856
2015,vic,male,70,22950
2015,vic,male,71,21793
2015,vic,male,72,19669
2015,vic,male,73,19536
2015,vic,male,74,18106
2015,vic,male,75,17079
2015,vic,male,76,16088
2015,vic,male,77,14973
2015,vic,male,78,14149
2015,vic,male,79,13149
2015,vic,male,80,11767
2015,vic,male,81,11154
2015,vic,male,82,10128
2015,vic,male,83,9282
2015,vic,male,84,8915
2015,vic,male,85,8177
2015,vic,male,86,7117
2015,vic,male,87,6277
2015,vic,male,88,5376
2015,vic,male,89,4560
2015,vic,male,90,3587
2015,vic,male,91,2851
2015,vic,male,92,2187
2015,vic,male,93,1695
2015,vic,male,94,1254
2015,vic,male,95,869
2015,vic,male,96,482
2015,vic,male,97,355
2015,vic,male,98,212
2015,vic,male,99,148
2015,vic,male,100,209
2015,wa,female,0,16966
2015,wa,female,1,16871
2015,wa,female,2,16763
2015,wa,female,3,16701
2015,wa,female,4,16796
2015,wa,female,5,16716
2015,wa,female,6,16265
2015,wa,female,7,16707
2015,wa,female,8,16389
2015,wa,female,9,15947
2015,wa,female,10,15100
2015,wa,female,11,14791
2015,wa,female,12,14772
2015,wa,female,13,14613
2015,wa,female,14,14870
2015,wa,female,15,15111
2015,wa,female,16,15083
2015,wa,female,17,14957
2015,wa,female,18,15138
2015,wa,female,19,15577
2015,wa,female,20,16161
2015,wa,female,21,16375
2015,wa,female,22,17052
2015,wa,female,23,17585
2015,wa,female,24,18614
2015,wa,female,25,19472
2015,wa,female,26,19948
2015,wa,female,27,20280
2015,wa,female,28,20622
2015,wa,female,29,20926
2015,wa,female,30,20453
2015,wa,female,31,20217
2015,wa,female,32,19706
2015,wa,female,33,19069
2015,wa,female,34,18525
2015,wa,female,35,17850
2015,wa,female,36,17481
2015,wa,female,37,16939
2015,wa,female,38,16770
2015,wa,female,39,16969
2015,wa,female,40,17033
2015,wa,female,41,17241
2015,wa,female,42,17561
2015,wa,female,43,18562
2015,wa,female,44,18869
2015,wa,female,45,17743
2015,wa,female,46,17638
2015,wa,female,47,16871
2015,wa,female,48,16589
2015,wa,female,49,16531
2015,wa,female,50,16473
2015,wa,female,51,16676
2015,wa,female,52,16840
2015,wa,female,53,16475
2015,wa,female,54,16474
2015,wa,female,55,15985
2015,wa,female,56,15497
2015,wa,female,57,15045
2015,wa,female,58,14691
2015,wa,female,59,14633
2015,wa,female,60,14121
2015,wa,female,61,13562
2015,wa,female,62,13336
2015,wa,female,63,12778
2015,wa,female,64,12468
2015,wa,female,65,12072
2015,wa,female,66,11724
2015,wa,female,67,11477
2015,wa,female,68,11717
2015,wa,female,69,9373
2015,wa,female,70,8963
2015,wa,female,71,8715
2015,wa,female,72,7879
2015,wa,female,73,7783
2015,wa,female,74,7283
2015,wa,female,75,6982
2015,wa,female,76,6659
2015,wa,female,77,6281
2015,wa,female,78,5860
2015,wa,female,79,5608
2015,wa,female,80,5159
2015,wa,female,81,4747
2015,wa,female,82,4631
2015,wa,female,83,4334
2015,wa,female,84,4120
2015,wa,female,85,3802
2015,wa,female,86,3399
2015,wa,female,87,3238
2015,wa,female,88,2866
2015,wa,female,89,2529
2015,wa,female,90,2189
2015,wa,female,91,1835
2015,wa,female,92,1507
2015,wa,female,93,1234
2015,wa,female,94,1008
2015,wa,female,95,756
2015,wa,female,96,447
2015,wa,female,97,340
2015,wa,female,98,245
2015,wa,female,99,151
2015,wa,female,100,222
2015,wa,male,0,17908
2015,wa,male,1,17543
2015,wa,male,2,17785
2015,wa,male,3,17335
2015,wa,male,4,17456
2015,wa,male,5,17504
2015,wa,male,6,17288
2015,wa,male,7,17297
2015,wa,male,8,17195
2015,wa,male,9,16526
2015,wa,male,10,15874
2015,wa,male,11,15715
2015,wa,male,12,15133
2015,wa,male,13,15208
2015,wa,male,14,15580
2015,wa,male,15,15582
2015,wa,male,16,15934
2015,wa,male,17,15738
2015,wa,male,18,15947
2015,wa,male,19,16697
2015,wa,male,20,17403
2015,wa,male,21,17632
2015,wa,male,22,17786
2015,wa,male,23,18495
2015,wa,male,24,19542
2015,wa,male,25,20357
2015,wa,male,26,20653
2015,wa,male,27,20934
2015,wa,male,28,21371
2015,wa,male,29,21759
2015,wa,male,30,21289
2015,wa,male,31,21024
2015,wa,male,32,20854
2015,wa,male,33,20200
2015,wa,male,34,19396
2015,wa,male,35,18528
2015,wa,male,36,17868
2015,wa,male,37,17624
2015,wa,male,38,17214
2015,wa,male,39,17433
2015,wa,male,40,17427
2015,wa,male,41,17627
2015,wa,male,42,18218
2015,wa,male,43,19027
2015,wa,male,44,19031
2015,wa,male,45,18025
2015,wa,male,46,17858
2015,wa,male,47,17127
2015,wa,male,48,16712
2015,wa,male,49,16631
2015,wa,male,50,16558
2015,wa,male,51,16882
2015,wa,male,52,16877
2015,wa,male,53,16634
2015,wa,male,54,16340
2015,wa,male,55,15792
2015,wa,male,56,15339
2015,wa,male,57,14864
2015,wa,male,58,14517
2015,wa,male,59,14477
2015,wa,male,60,13410
2015,wa,male,61,13164
2015,wa,male,62,12912
2015,wa,male,63,12715
2015,wa,male,64,12618
2015,wa,male,65,11897
2015,wa,male,66,11599
2015,wa,male,67,11795
2015,wa,male,68,11767
2015,wa,male,69,9515
2015,wa,male,70,8921
2015,wa,male,71,8669
2015,wa,male,72,7645
2015,wa,male,73,7654
2015,wa,male,74,6761
2015,wa,male,75,6447
2015,wa,male,76,6081
2015,wa,male,77,5644
2015,wa,male,78,5182
2015,wa,male,79,4705
2015,wa,male,80,4368
2015,wa,male,81,3762
2015,wa,male,82,3554
2015,wa,male,83,3224
2015,wa,male,84,3129
2015,wa,male,85,2787
2015,wa,male,86,2364
2015,wa,male,87,2036
2015,wa,male,88,1777
2015,wa,male,89,1501
2015,wa,male,90,1199
2015,wa,male,91,945
2015,wa,male,92,688
2015,wa,male,93,543
2015,wa,male,94,406
2015,wa,male,95,284
2015,wa,male,96,163
2015,wa,male,97,128
2015,wa,male,98,81
2015,wa,male,99,40
2015,wa,male,100,48
2016,act,female,0,2742
2016,act,female,1,2749
2016,act,female,2,2643
2016,act,female,3,2746
2016,act,female,4,2618
2016,act,female,5,2572
2016,act,female,6,2609
2016,act,female,7,2462
2016,act,female,8,2396
2016,act,female,9,2324
2016,act,female,10,2339
2016,act,female,11,2196
2016,act,female,12,2105
2016,act,female,13,2057
2016,act,female,14,2089
2016,act,female,15,2098
2016,act,female,16,2164
2016,act,female,17,2323
2016,act,female,18,2724
2016,act,female,19,2987
2016,act,female,20,3041
2016,act,female,21,3164
2016,act,female,22,3279
2016,act,female,23,3295
2016,act,female,24,3296
2016,act,female,25,3449
2016,act,female,26,3475
2016,act,female,27,3465
2016,act,female,28,3434
2016,act,female,29,3453
2016,act,female,30,3532
2016,act,female,31,3572
2016,act,female,32,3565
2016,act,female,33,3373
2016,act,female,34,3448
2016,act,female,35,3271
2016,act,female,36,3156
2016,act,female,37,2997
2016,act,female,38,2836
2016,act,female,39,2842
2016,act,female,40,2726
2016,act,female,41,2776
2016,act,female,42,2832
2016,act,female,43,2928
2016,act,female,44,2953
2016,act,female,45,2925
2016,act,female,46,2728
2016,act,female,47,2732
2016,act,female,48,2511
2016,act,female,49,2430
2016,act,female,50,2573
2016,act,female,51,2472
2016,act,female,52,2519
2016,act,female,53,2408
2016,act,female,54,2546
2016,act,female,55,2424
2016,act,female,56,2364
2016,act,female,57,2327
2016,act,female,58,2252
2016,act,female,59,2179
2016,act,female,60,2150
2016,act,female,61,2028
2016,act,female,62,1923
2016,act,female,63,1986
2016,act,female,64,1938
2016,act,female,65,1864
2016,act,female,66,1777
2016,act,female,67,1785
2016,act,female,68,1777
2016,act,female,69,1789
2016,act,female,70,1438
2016,act,female,71,1342
2016,act,female,72,1289
2016,act,female,73,1140
2016,act,female,74,1115
2016,act,female,75,1042
2016,act,female,76,931
2016,act,female,77,889
2016,act,female,78,867
2016,act,female,79,831
2016,act,female,80,737
2016,act,female,81,683
2016,act,female,82,650
2016,act,female,83,585
2016,act,female,84,549
2016,act,female,85,507
2016,act,female,86,464
2016,act,female,87,455
2016,act,female,88,405
2016,act,female,89,356
2016,act,female,90,351
2016,act,female,91,287
2016,act,female,92,246
2016,act,female,93,194
2016,act,female,94,141
2016,act,female,95,89
2016,act,female,96,78
2016,act,female,97,49
2016,act,female,98,43
2016,act,female,99,25
2016,act,female,100,38
2016,act,male,0,2954
2016,act,male,1,2945
2016,act,male,2,2913
2016,act,male,3,2857
2016,act,male,4,2887
2016,act,male,5,2819
2016,act,male,6,2823
2016,act,male,7,2677
2016,act,male,8,2585
2016,act,male,9,2500
2016,act,male,10,2503
2016,act,male,11,2276
2016,act,male,12,2250
2016,act,male,13,2238
2016,act,male,14,2117
2016,act,male,15,2208
2016,act,male,16,2220
2016,act,male,17,2386
2016,act,male,18,2736
2016,act,male,19,3060
2016,act,male,20,3143
2016,act,male,21,3289
2016,act,male,22,3363
2016,act,male,23,3403
2016,act,male,24,3342
2016,act,male,25,3479
2016,act,male,26,3407
2016,act,male,27,3415
2016,act,male,28,3404
2016,act,male,29,3262
2016,act,male,30,3429
2016,act,male,31,3353
2016,act,male,32,3533
2016,act,male,33,3414
2016,act,male,34,3355
2016,act,male,35,3279
2016,act,male,36,3064
2016,act,male,37,3105
2016,act,male,38,2898
2016,act,male,39,2892
2016,act,male,40,2839
2016,act,male,41,2862
2016,act,male,42,2836
2016,act,male,43,2773
2016,act,male,44,2862
2016,act,male,45,2921
2016,act,male,46,2727
2016,act,male,47,2559
2016,act,male,48,2523
2016,act,male,49,2375
2016,act,male,50,2368
2016,act,male,51,2308
2016,act,male,52,2392
2016,act,male,53,2404
2016,act,male,54,2420
2016,act,male,55,2358
2016,act,male,56,2264
2016,act,male,57,2138
2016,act,male,58,2118
2016,act,male,59,2015
2016,act,male,60,1953
2016,act,male,61,1811
2016,act,male,62,1846
2016,act,male,63,1827
2016,act,male,64,1734
2016,act,male,65,1675
2016,act,male,66,1701
2016,act,male,67,1627
2016,act,male,68,1632
2016,act,male,69,1693
2016,act,male,70,1404
2016,act,male,71,1189
2016,act,male,72,1121
2016,act,male,73,1026
2016,act,male,74,1023
2016,act,male,75,860
2016,act,male,76,859
2016,act,male,77,796
2016,act,male,78,735
2016,act,male,79,655
2016,act,male,80,626
2016,act,male,81,561
2016,act,male,82,483
2016,act,male,83,432
2016,act,male,84,409
2016,act,male,85,414
2016,act,male,86,346
2016,act,male,87,305
2016,act,male,88,257
2016,act,male,89,187
2016,act,male,90,176
2016,act,male,91,146
2016,act,male,92,130
2016,act,male,93,94
2016,act,male,94,62
2016,act,male,95,59
2016,act,male,96,31
2016,act,male,97,13
2016,act,male,98,15
2016,act,male,99,10
2016,act,male,100,12
2016,nsw,female,0,49324
2016,nsw,female,1,48220
2016,nsw,female,2,48299
2016,nsw,female,3,48926
2016,nsw,female,4,48816
2016,nsw,female,5,48878
2016,nsw,female,6,49199
2016,nsw,female,7,48326
2016,nsw,female,8,48486
2016,nsw,female,9,47804
2016,nsw,female,10,45856
2016,nsw,female,11,44169
2016,nsw,female,12,43398
2016,nsw,female,13,43511
2016,nsw,female,14,43218
2016,nsw,female,15,43923
2016,nsw,female,16,44621
2016,nsw,female,17,44631
2016,nsw,female,18,45849
2016,nsw,female,19,47409
2016,nsw,female,20,48772
2016,nsw,female,21,50437
2016,nsw,female,22,51632
2016,nsw,female,23,53341
2016,nsw,female,24,55226
2016,nsw,female,25,56893
2016,nsw,female,26,58152
2016,nsw,female,27,57504
2016,nsw,female,28,57628
2016,nsw,female,29,57430
2016,nsw,female,30,58052
2016,nsw,female,31,57471
2016,nsw,female,32,57903
2016,nsw,female,33,57788
2016,nsw,female,34,55701
2016,nsw,female,35,54689
2016,nsw,female,36,52273
2016,nsw,female,37,51096
2016,nsw,female,38,50217
2016,nsw,female,39,49745
2016,nsw,female,40,50218
2016,nsw,female,41,50098
2016,nsw,female,42,51841
2016,nsw,female,43,53338
2016,nsw,female,44,55040
2016,nsw,female,45,55700
2016,nsw,female,46,51568
2016,nsw,female,47,51156
2016,nsw,female,48,49575
2016,nsw,female,49,48023
2016,nsw,female,50,48221
2016,nsw,female,51,48487
2016,nsw,female,52,50752
2016,nsw,female,53,51503
2016,nsw,female,54,51028
2016,nsw,female,55,50900
2016,nsw,female,56,49433
2016,nsw,female,57,47991
2016,nsw,female,58,48026
2016,nsw,female,59,46482
2016,nsw,female,60,45256
2016,nsw,female,61,44187
2016,nsw,female,62,43038
2016,nsw,female,63,42354
2016,nsw,female,64,40921
2016,nsw,female,65,40262
2016,nsw,female,66,39370
2016,nsw,female,67,37998
2016,nsw,female,68,38176
2016,nsw,female,69,39066
2016,nsw,female,70,33363
2016,nsw,female,71,31734
2016,nsw,female,72,30314
2016,nsw,female,73,27395
2016,nsw,female,74,26626
2016,nsw,female,75,25204
2016,nsw,female,76,23922
2016,nsw,female,77,22920
2016,nsw,female,78,21690
2016,nsw,female,79,20864
2016,nsw,female,80,19679
2016,nsw,female,81,18029
2016,nsw,female,82,16639
2016,nsw,female,83,15945
2016,nsw,female,84,15241
2016,nsw,female,85,14943
2016,nsw,female,86,13921
2016,nsw,female,87,12460
2016,nsw,female,88,11404
2016,nsw,female,89,10224
2016,nsw,female,90,8882
2016,nsw,female,91,7722
2016,nsw,female,92,6357
2016,nsw,female,93,5297
2016,nsw,female,94,4119
2016,nsw,female,95,3197
2016,nsw,female,96,2172
2016,nsw,female,97,1377
2016,nsw,female,98,1057
2016,nsw,female,99,683
2016,nsw,female,100,850
2016,nsw,male,0,52280
2016,nsw,male,1,50888
2016,nsw,male,2,50775
2016,nsw,male,3,51896
2016,nsw,male,4,51707
2016,nsw,male,5,51552
2016,nsw,male,6,51693
2016,nsw,male,7,50991
2016,nsw,male,8,50951
2016,nsw,male,9,50575
2016,nsw,male,10,48656
2016,nsw,male,11,47143
2016,nsw,male,12,46441
2016,nsw,male,13,45935
2016,nsw,male,14,45418
2016,nsw,male,15,46593
2016,nsw,male,16,47040
2016,nsw,male,17,47089
2016,nsw,male,18,48115
2016,nsw,male,19,50222
2016,nsw,male,20,51539
2016,nsw,male,21,53114
2016,nsw,male,22,53528
2016,nsw,male,23,55516
2016,nsw,male,24,56942
2016,nsw,male,25,57687
2016,nsw,male,26,58570
2016,nsw,male,27,57621
2016,nsw,male,28,56916
2016,nsw,male,29,56327
2016,nsw,male,30,57158
2016,nsw,male,31,56839
2016,nsw,male,32,56861
2016,nsw,male,33,56589
2016,nsw,male,34,55764
2016,nsw,male,35,54624
2016,nsw,male,36,52480
2016,nsw,male,37,50633
2016,nsw,male,38,49884
2016,nsw,male,39,49418
2016,nsw,male,40,49832
2016,nsw,male,41,50082
2016,nsw,male,42,51430
2016,nsw,male,43,51859
2016,nsw,male,44,53500
2016,nsw,male,45,53099
2016,nsw,male,46,49401
2016,nsw,male,47,48176
2016,nsw,male,48,46842
2016,nsw,male,49,46113
2016,nsw,male,50,46966
2016,nsw,male,51,46851
2016,nsw,male,52,49264
2016,nsw,male,53,49959
2016,nsw,male,54,50156
2016,nsw,male,55,49462
2016,nsw,male,56,47309
2016,nsw,male,57,46248
2016,nsw,male,58,45540
2016,nsw,male,59,44653
2016,nsw,male,60,43635
2016,nsw,male,61,41916
2016,nsw,male,62,40824
2016,nsw,male,63,40451
2016,nsw,male,64,39031
2016,nsw,male,65,39052
2016,nsw,male,66,38409
2016,nsw,male,67,37098
2016,nsw,male,68,37990
2016,nsw,male,69,38491
2016,nsw,male,70,32666
2016,nsw,male,71,30893
2016,nsw,male,72,29386
2016,nsw,male,73,25866
2016,nsw,male,74,25164
2016,nsw,male,75,23187
2016,nsw,male,76,22024
2016,nsw,male,77,20341
2016,nsw,male,78,18852
2016,nsw,male,79,17951
2016,nsw,male,80,16460
2016,nsw,male,81,14608
2016,nsw,male,82,13523
2016,nsw,male,83,12402
2016,nsw,male,84,11543
2016,nsw,male,85,10685
2016,nsw,male,86,9634
2016,nsw,male,87,8334
2016,nsw,male,88,7346
2016,nsw,male,89,5956
2016,nsw,male,90,4959
2016,nsw,male,91,3961
2016,nsw,male,92,3083
2016,nsw,male,93,2307
2016,nsw,male,94,1776
2016,nsw,male,95,1182
2016,nsw,male,96,817
2016,nsw,male,97,536
2016,nsw,male,98,354
2016,nsw,male,99,210
2016,nsw,male,100,192
2016,nt,female,0,2016
2016,nt,female,1,1876
2016,nt,female,2,1814
2016,nt,female,3,1909
2016,nt,female,4,1897
2016,nt,female,5,1804
2016,nt,female,6,1773
2016,nt,female,7,1782
2016,nt,female,8,1792
2016,nt,female,9,1682
2016,nt,female,10,1648
2016,nt,female,11,1524
2016,nt,female,12,1508
2016,nt,female,13,1538
2016,nt,female,14,1538
2016,nt,female,15,1479
2016,nt,female,16,1458
2016,nt,female,17,1383
2016,nt,female,18,1325
2016,nt,female,19,1364
2016,nt,female,20,1417
2016,nt,female,21,1556
2016,nt,female,22,1697
2016,nt,female,23,1891
2016,nt,female,24,2072
2016,nt,female,25,2276
2016,nt,female,26,2295
2016,nt,female,27,2379
2016,nt,female,28,2431
2016,nt,female,29,2402
2016,nt,female,30,2365
2016,nt,female,31,2363
2016,nt,female,32,2244
2016,nt,female,33,2241
2016,nt,female,34,2136
2016,nt,female,35,1986
2016,nt,female,36,1909
2016,nt,female,37,1861
2016,nt,female,38,1790
2016,nt,female,39,1719
2016,nt,female,40,1776
2016,nt,female,41,1636
2016,nt,female,42,1700
2016,nt,female,43,1581
2016,nt,female,44,1748
2016,nt,female,45,1780
2016,nt,female,46,1681
2016,nt,female,47,1667
2016,nt,female,48,1618
2016,nt,female,49,1572
2016,nt,female,50,1578
2016,nt,female,51,1433
2016,nt,female,52,1475
2016,nt,female,53,1530
2016,nt,female,54,1493
2016,nt,female,55,1438
2016,nt,female,56,1369
2016,nt,female,57,1308
2016,nt,female,58,1240
2016,nt,female,59,1226
2016,nt,female,60,1137
2016,nt,female,61,1069
2016,nt,female,62,1015
2016,nt,female,63,956
2016,nt,female,64,872
2016,nt,female,65,835
2016,nt,female,66,751
2016,nt,female,67,664
2016,nt,female,68,620
2016,nt,female,69,577
2016,nt,female,70,493
2016,nt,female,71,423
2016,nt,female,72,405
2016,nt,female,73,375
2016,nt,female,74,362
2016,nt,female,75,322
2016,nt,female,76,286
2016,nt,female,77,207
2016,nt,female,78,212
2016,nt,female,79,190
2016,nt,female,80,168
2016,nt,female,81,158
2016,nt,female,82,148
2016,nt,female,83,107
2016,nt,female,84,108
2016,nt,female,85,102
2016,nt,female,86,79
2016,nt,female,87,85
2016,nt,female,88,61
2016,nt,female,89,49
2016,nt,female,90,41
2016,nt,female,91,37
2016,nt,female,92,30
2016,nt,female,93,20
2016,nt,female,94,16
2016,nt,female,95,13
2016,nt,female,96,7
2016,nt,female,97,2
2016,nt,female,98,4
2016,nt,female,99,5
2016,nt,female,100,2
2016,nt,male,0,2067
2016,nt,male,1,1982
2016,nt,male,2,1933
2016,nt,male,3,1884
2016,nt,male,4,1978
2016,nt,male,5,1973
2016,nt,male,6,1942
2016,nt,male,7,1845
2016,nt,male,8,1847
2016,nt,male,9,1798
2016,nt,male,10,1752
2016,nt,male,11,1641
2016,nt,male,12,1596
2016,nt,male,13,1651
2016,nt,male,14,1608
2016,nt,male,15,1640
2016,nt,male,16,1585
2016,nt,male,17,1526
2016,nt,male,18,1590
2016,nt,male,19,1571
2016,nt,male,20,1659
2016,nt,male,21,1937
2016,nt,male,22,1988
2016,nt,male,23,2043
2016,nt,male,24,2246
2016,nt,male,25,2416
2016,nt,male,26,2562
2016,nt,male,27,2526
2016,nt,male,28,2559
2016,nt,male,29,2521
2016,nt,male,30,2508
2016,nt,male,31,2458
2016,nt,male,32,2387
2016,nt,male,33,2377
2016,nt,male,34,2183
2016,nt,male,35,2166
2016,nt,male,36,2001
2016,nt,male,37,1985
2016,nt,male,38,1877
2016,nt,male,39,1874
2016,nt,male,40,1867
2016,nt,male,41,1790
2016,nt,male,42,1907
2016,nt,male,43,1799
2016,nt,male,44,1854
2016,nt,male,45,2032
2016,nt,male,46,1809
2016,nt,male,47,1743
2016,nt,male,48,1661
2016,nt,male,49,1686
2016,nt,male,50,1648
2016,nt,male,51,1584
2016,nt,male,52,1624
2016,nt,male,53,1651
2016,nt,male,54,1613
2016,nt,male,55,1551
2016,nt,male,56,1493
2016,nt,male,57,1369
2016,nt,male,58,1308
2016,nt,male,59,1276
2016,nt,male,60,1284
2016,nt,male,61,1220
2016,nt,male,62,1113
2016,nt,male,63,1116
2016,nt,male,64,1004
2016,nt,male,65,925
2016,nt,male,66,914
2016,nt,male,67,844
2016,nt,male,68,763
2016,nt,male,69,748
2016,nt,male,70,591
2016,nt,male,71,540
2016,nt,male,72,465
2016,nt,male,73,426
2016,nt,male,74,430
2016,nt,male,75,393
2016,nt,male,76,340
2016,nt,male,77,224
2016,nt,male,78,227
2016,nt,male,79,180
2016,nt,male,80,179
2016,nt,male,81,118
2016,nt,male,82,104
2016,nt,male,83,98
2016,nt,male,84,88
2016,nt,male,85,84
2016,nt,male,86,69
2016,nt,male,87,61
2016,nt,male,88,49
2016,nt,male,89,37
2016,nt,male,90,20
2016,nt,male,91,22
2016,nt,male,92,10
2016,nt,male,93,12
2016,nt,male,94,13
2016,nt,male,95,7
2016,nt,male,96,4
2016,nt,male,97,5
2016,nt,male,98,1
2016,nt,male,99,0
2016,nt,male,100,1
2016,qld,female,0,30549
2016,qld,female,1,30585
2016,qld,female,2,30755
2016,qld,female,3,31354
2016,qld,female,4,31484
2016,qld,female,5,32046
2016,qld,female,6,32578
2016,qld,female,7,32234
2016,qld,female,8,32282
2016,qld,female,9,31859
2016,qld,female,10,31255
2016,qld,female,11,30017
2016,qld,female,12,29576
2016,qld,female,13,29037
2016,qld,female,14,29276
2016,qld,female,15,30091
2016,qld,female,16,29821
2016,qld,female,17,29480
2016,qld,female,18,30061
2016,qld,female,19,31096
2016,qld,female,20,32154
2016,qld,female,21,33696
2016,qld,female,22,33605
2016,qld,female,23,34404
2016,qld,female,24,34989
2016,qld,female,25,35272
2016,qld,female,26,35632
2016,qld,female,27,34748
2016,qld,female,28,34474
2016,qld,female,29,34441
2016,qld,female,30,34968
2016,qld,female,31,34971
2016,qld,female,32,34743
2016,qld,female,33,34931
2016,qld,female,34,33297
2016,qld,female,35,32925
2016,qld,female,36,32036
2016,qld,female,37,31198
2016,qld,female,38,31300
2016,qld,female,39,31385
2016,qld,female,40,31829
2016,qld,female,41,32153
2016,qld,female,42,33420
2016,qld,female,43,34595
2016,qld,female,44,35686
2016,qld,female,45,36299
2016,qld,female,46,34086
2016,qld,female,47,33268
2016,qld,female,48,32138
2016,qld,female,49,31702
2016,qld,female,50,31088
2016,qld,female,51,31060
2016,qld,female,52,32324
2016,qld,female,53,32575
2016,qld,female,54,32459
2016,qld,female,55,31919
2016,qld,female,56,30642
2016,qld,female,57,29972
2016,qld,female,58,29388
2016,qld,female,59,28223
2016,qld,female,60,27753
2016,qld,female,61,26905
2016,qld,female,62,26406
2016,qld,female,63,25978
2016,qld,female,64,25230
2016,qld,female,65,25035
2016,qld,female,66,24659
2016,qld,female,67,23626
2016,qld,female,68,23507
2016,qld,female,69,24095
2016,qld,female,70,20193
2016,qld,female,71,19618
2016,qld,female,72,18227
2016,qld,female,73,16319
2016,qld,female,74,15958
2016,qld,female,75,14637
2016,qld,female,76,13781
2016,qld,female,77,12973
2016,qld,female,78,11837
2016,qld,female,79,11329
2016,qld,female,80,10362
2016,qld,female,81,9680
2016,qld,female,82,8851
2016,qld,female,83,8422
2016,qld,female,84,7833
2016,qld,female,85,7763
2016,qld,female,86,7083
2016,qld,female,87,6467
2016,qld,female,88,5934
2016,qld,female,89,5128
2016,qld,female,90,4505
2016,qld,female,91,3821
2016,qld,female,92,3152
2016,qld,female,93,2544
2016,qld,female,94,2136
2016,qld,female,95,1603
2016,qld,female,96,1087
2016,qld,female,97,696
2016,qld,female,98,527
2016,qld,female,99,345
2016,qld,female,100,543
2016,qld,male,0,32038
2016,qld,male,1,31988
2016,qld,male,2,32502
2016,qld,male,3,33018
2016,qld,male,4,33056
2016,qld,male,5,33289
2016,qld,male,6,33876
2016,qld,male,7,34050
2016,qld,male,8,34257
2016,qld,male,9,34055
2016,qld,male,10,32968
2016,qld,male,11,31672
2016,qld,male,12,31194
2016,qld,male,13,30567
2016,qld,male,14,31002
2016,qld,male,15,31725
2016,qld,male,16,31417
2016,qld,male,17,30898
2016,qld,male,18,31169
2016,qld,male,19,31516
2016,qld,male,20,33078
2016,qld,male,21,34256
2016,qld,male,22,34805
2016,qld,male,23,35252
2016,qld,male,24,35265
2016,qld,male,25,35545
2016,qld,male,26,35609
2016,qld,male,27,34359
2016,qld,male,28,34042
2016,qld,male,29,33792
2016,qld,male,30,34166
2016,qld,male,31,33831
2016,qld,male,32,33731
2016,qld,male,33,33993
2016,qld,male,34,33028
2016,qld,male,35,32311
2016,qld,male,36,31287
2016,qld,male,37,30364
2016,qld,male,38,29980
2016,qld,male,39,30436
2016,qld,male,40,31076
2016,qld,male,41,31475
2016,qld,male,42,32893
2016,qld,male,43,33587
2016,qld,male,44,34258
2016,qld,male,45,34623
2016,qld,male,46,32542
2016,qld,male,47,31615
2016,qld,male,48,30626
2016,qld,male,49,30105
2016,qld,male,50,29762
2016,qld,male,51,29980
2016,qld,male,52,31223
2016,qld,male,53,31198
2016,qld,male,54,31156
2016,qld,male,55,30905
2016,qld,male,56,29729
2016,qld,male,57,28915
2016,qld,male,58,28068
2016,qld,male,59,27323
2016,qld,male,60,26802
2016,qld,male,61,25786
2016,qld,male,62,25038
2016,qld,male,63,25156
2016,qld,male,64,24996
2016,qld,male,65,24628
2016,qld,male,66,24030
2016,qld,male,67,23749
2016,qld,male,68,23570
2016,qld,male,69,24237
2016,qld,male,70,20436
2016,qld,male,71,19478
2016,qld,male,72,17945
2016,qld,male,73,15860
2016,qld,male,74,15557
2016,qld,male,75,14141
2016,qld,male,76,13193
2016,qld,male,77,12022
2016,qld,male,78,10975
2016,qld,male,79,10121
2016,qld,male,80,9244
2016,qld,male,81,8092
2016,qld,male,82,7307
2016,qld,male,83,6577
2016,qld,male,84,6191
2016,qld,male,85,5650
2016,qld,male,86,5052
2016,qld,male,87,4222
2016,qld,male,88,3648
2016,qld,male,89,3014
2016,qld,male,90,2590
2016,qld,male,91,1998
2016,qld,male,92,1546
2016,qld,male,93,1137
2016,qld,male,94,882
2016,qld,male,95,686
2016,qld,male,96,461
2016,qld,male,97,255
2016,qld,male,98,178
2016,qld,male,99,118
2016,qld,male,100,159
2016,sa,female,0,10132
2016,sa,female,1,9919
2016,sa,female,2,9956
2016,sa,female,3,10084
2016,sa,female,4,10207
2016,sa,female,5,10094
2016,sa,female,6,10123
2016,sa,female,7,10209
2016,sa,female,8,10287
2016,sa,female,9,10253
2016,sa,female,10,9686
2016,sa,female,11,9496
2016,sa,female,12,9435
2016,sa,female,13,9368
2016,sa,female,14,9447
2016,sa,female,15,9752
2016,sa,female,16,9893
2016,sa,female,17,10136
2016,sa,female,18,10318
2016,sa,female,19,10659
2016,sa,female,20,10911
2016,sa,female,21,11257
2016,sa,female,22,11209
2016,sa,female,23,11438
2016,sa,female,24,11462
2016,sa,female,25,11398
2016,sa,female,26,11651
2016,sa,female,27,11393
2016,sa,female,28,11561
2016,sa,female,29,11589
2016,sa,female,30,11707
2016,sa,female,31,11604
2016,sa,female,32,11707
2016,sa,female,33,11378
2016,sa,female,34,11241
2016,sa,female,35,10919
2016,sa,female,36,10545
2016,sa,female,37,10296
2016,sa,female,38,10197
2016,sa,female,39,10359
2016,sa,female,40,10267
2016,sa,female,41,10373
2016,sa,female,42,10641
2016,sa,female,43,11151
2016,sa,female,44,11689
2016,sa,female,45,12110
2016,sa,female,46,11743
2016,sa,female,47,11563
2016,sa,female,48,11423
2016,sa,female,49,11024
2016,sa,female,50,11255
2016,sa,female,51,11306
2016,sa,female,52,11643
2016,sa,female,53,11713
2016,sa,female,54,11738
2016,sa,female,55,11896
2016,sa,female,56,11680
2016,sa,female,57,11516
2016,sa,female,58,11061
2016,sa,female,59,11062
2016,sa,female,60,10828
2016,sa,female,61,10365
2016,sa,female,62,10402
2016,sa,female,63,10311
2016,sa,female,64,10064
2016,sa,female,65,10143
2016,sa,female,66,9786
2016,sa,female,67,9510
2016,sa,female,68,9463
2016,sa,female,69,9953
2016,sa,female,70,8355
2016,sa,female,71,7971
2016,sa,female,72,7462
2016,sa,female,73,6890
2016,sa,female,74,6568
2016,sa,female,75,6167
2016,sa,female,76,5988
2016,sa,female,77,5801
2016,sa,female,78,5440
2016,sa,female,79,5100
2016,sa,female,80,4819
2016,sa,female,81,4466
2016,sa,female,82,4256
2016,sa,female,83,4044
2016,sa,female,84,3905
2016,sa,female,85,3893
2016,sa,female,86,3562
2016,sa,female,87,3263
2016,sa,female,88,2963
2016,sa,female,89,2711
2016,sa,female,90,2481
2016,sa,female,91,2114
2016,sa,female,92,1689
2016,sa,female,93,1389
2016,sa,female,94,1159
2016,sa,female,95,874
2016,sa,female,96,571
2016,sa,female,97,339
2016,sa,female,98,300
2016,sa,female,99,206
2016,sa,female,100,265
2016,sa,male,0,10539
2016,sa,male,1,10332
2016,sa,male,2,10457
2016,sa,male,3,10689
2016,sa,male,4,10757
2016,sa,male,5,10609
2016,sa,male,6,10865
2016,sa,male,7,10649
2016,sa,male,8,10600
2016,sa,male,9,10473
2016,sa,male,10,10244
2016,sa,male,11,9972
2016,sa,male,12,9964
2016,sa,male,13,9802
2016,sa,male,14,9941
2016,sa,male,15,10070
2016,sa,male,16,10506
2016,sa,male,17,10676
2016,sa,male,18,10719
2016,sa,male,19,11154
2016,sa,male,20,11718
2016,sa,male,21,12186
2016,sa,male,22,11738
2016,sa,male,23,11927
2016,sa,male,24,11928
2016,sa,male,25,11984
2016,sa,male,26,11816
2016,sa,male,27,11666
2016,sa,male,28,11395
2016,sa,male,29,11366
2016,sa,male,30,11654
2016,sa,male,31,11535
2016,sa,male,32,11646
2016,sa,male,33,11390
2016,sa,male,34,11067
2016,sa,male,35,10909
2016,sa,male,36,10487
2016,sa,male,37,10353
2016,sa,male,38,10159
2016,sa,male,39,10369
2016,sa,male,40,10483
2016,sa,male,41,10580
2016,sa,male,42,10721
2016,sa,male,43,10996
2016,sa,male,44,11604
2016,sa,male,45,11834
2016,sa,male,46,11450
2016,sa,male,47,11274
2016,sa,male,48,11107
2016,sa,male,49,10755
2016,sa,male,50,10958
2016,sa,male,51,11053
2016,sa,male,52,11385
2016,sa,male,53,11561
2016,sa,male,54,11348
2016,sa,male,55,11624
2016,sa,male,56,11213
2016,sa,male,57,10954
2016,sa,male,58,10756
2016,sa,male,59,10437
2016,sa,male,60,10274
2016,sa,male,61,10075
2016,sa,male,62,9709
2016,sa,male,63,9694
2016,sa,male,64,9470
2016,sa,male,65,9429
2016,sa,male,66,9416
2016,sa,male,67,9191
2016,sa,male,68,9079
2016,sa,male,69,9496
2016,sa,male,70,7846
2016,sa,male,71,7428
2016,sa,male,72,6914
2016,sa,male,73,6366
2016,sa,male,74,6058
2016,sa,male,75,5480
2016,sa,male,76,5181
2016,sa,male,77,5033
2016,sa,male,78,4651
2016,sa,male,79,4440
2016,sa,male,80,3997
2016,sa,male,81,3605
2016,sa,male,82,3474
2016,sa,male,83,3171
2016,sa,male,84,2853
2016,sa,male,85,2661
2016,sa,male,86,2550
2016,sa,male,87,2173
2016,sa,male,88,1918
2016,sa,male,89,1563
2016,sa,male,90,1399
2016,sa,male,91,1040
2016,sa,male,92,808
2016,sa,male,93,609
2016,sa,male,94,466
2016,sa,male,95,320
2016,sa,male,96,237
2016,sa,male,97,141
2016,sa,male,98,98
2016,sa,male,99,67
2016,sa,male,100,93
2016,tas,female,0,2853
2016,tas,female,1,2870
2016,tas,female,2,2915
2016,tas,female,3,2960
2016,tas,female,4,2992
2016,tas,female,5,3019
2016,tas,female,6,3027
2016,tas,female,7,3199
2016,tas,female,8,3198
2016,tas,female,9,3195
2016,tas,female,10,3075
2016,tas,female,11,2985
2016,tas,female,12,2858
2016,tas,female,13,2913
2016,tas,female,14,2986
2016,tas,female,15,3029
2016,tas,female,16,3078
2016,tas,female,17,3179
2016,tas,female,18,3005
2016,tas,female,19,3020
2016,tas,female,20,3037
2016,tas,female,21,3041
2016,tas,female,22,2981
2016,tas,female,23,3035
2016,tas,female,24,3014
2016,tas,female,25,3126
2016,tas,female,26,2993
2016,tas,female,27,3027
2016,tas,female,28,3043
2016,tas,female,29,3004
2016,tas,female,30,3059
2016,tas,female,31,3167
2016,tas,female,32,3088
2016,tas,female,33,2980
2016,tas,female,34,3042
2016,tas,female,35,3100
2016,tas,female,36,2936
2016,tas,female,37,2930
2016,tas,female,38,2963
2016,tas,female,39,2844
2016,tas,female,40,2951
2016,tas,female,41,3136
2016,tas,female,42,3238
2016,tas,female,43,3434
2016,tas,female,44,3643
2016,tas,female,45,3739
2016,tas,female,46,3501
2016,tas,female,47,3577
2016,tas,female,48,3478
2016,tas,female,49,3437
2016,tas,female,50,3369
2016,tas,female,51,3485
2016,tas,female,52,3805
2016,tas,female,53,3767
2016,tas,female,54,3840
2016,tas,female,55,4031
2016,tas,female,56,3900
2016,tas,female,57,3828
2016,tas,female,58,3667
2016,tas,female,59,3707
2016,tas,female,60,3618
2016,tas,female,61,3471
2016,tas,female,62,3530
2016,tas,female,63,3493
2016,tas,female,64,3411
2016,tas,female,65,3372
2016,tas,female,66,3336
2016,tas,female,67,3183
2016,tas,female,68,3188
2016,tas,female,69,3318
2016,tas,female,70,2752
2016,tas,female,71,2643
2016,tas,female,72,2462
2016,tas,female,73,2182
2016,tas,female,74,2207
2016,tas,female,75,2061
2016,tas,female,76,1898
2016,tas,female,77,1781
2016,tas,female,78,1731
2016,tas,female,79,1608
2016,tas,female,80,1470
2016,tas,female,81,1305
2016,tas,female,82,1338
2016,tas,female,83,1221
2016,tas,female,84,1152
2016,tas,female,85,1087
2016,tas,female,86,974
2016,tas,female,87,878
2016,tas,female,88,799
2016,tas,female,89,695
2016,tas,female,90,630
2016,tas,female,91,537
2016,tas,female,92,456
2016,tas,female,93,353
2016,tas,female,94,294
2016,tas,female,95,196
2016,tas,female,96,139
2016,tas,female,97,90
2016,tas,female,98,56
2016,tas,female,99,39
2016,tas,female,100,48
2016,tas,male,0,3181
2016,tas,male,1,3025
2016,tas,male,2,3043
2016,tas,male,3,3117
2016,tas,male,4,3120
2016,tas,male,5,3346
2016,tas,male,6,3309
2016,tas,male,7,3398
2016,tas,male,8,3415
2016,tas,male,9,3373
2016,tas,male,10,3329
2016,tas,male,11,3208
2016,tas,male,12,3098
2016,tas,male,13,3032
2016,tas,male,14,3207
2016,tas,male,15,3279
2016,tas,male,16,3362
2016,tas,male,17,3358
2016,tas,male,18,3249
2016,tas,male,19,3276
2016,tas,male,20,3249
2016,tas,male,21,3431
2016,tas,male,22,3396
2016,tas,male,23,3252
2016,tas,male,24,3173
2016,tas,male,25,3126
2016,tas,male,26,3205
2016,tas,male,27,3027
2016,tas,male,28,3023
2016,tas,male,29,2963
2016,tas,male,30,3056
2016,tas,male,31,2961
2016,tas,male,32,2988
2016,tas,male,33,3012
2016,tas,male,34,2892
2016,tas,male,35,2772
2016,tas,male,36,2789
2016,tas,male,37,2829
2016,tas,male,38,2765
2016,tas,male,39,2745
2016,tas,male,40,2895
2016,tas,male,41,2987
2016,tas,male,42,3092
2016,tas,male,43,3167
2016,tas,male,44,3386
2016,tas,male,45,3518
2016,tas,male,46,3422
2016,tas,male,47,3422
2016,tas,male,48,3260
2016,tas,male,49,3132
2016,tas,male,50,3140
2016,tas,male,51,3296
2016,tas,male,52,3635
2016,tas,male,53,3610
2016,tas,male,54,3763
2016,tas,male,55,3788
2016,tas,male,56,3664
2016,tas,male,57,3651
2016,tas,male,58,3687
2016,tas,male,59,3493
2016,tas,male,60,3605
2016,tas,male,61,3367
2016,tas,male,62,3246
2016,tas,male,63,3379
2016,tas,male,64,3380
2016,tas,male,65,3317
2016,tas,male,66,3211
2016,tas,male,67,3083
2016,tas,male,68,3178
2016,tas,male,69,3367
2016,tas,male,70,2643
2016,tas,male,71,2494
2016,tas,male,72,2510
2016,tas,male,73,2190
2016,tas,male,74,2058
2016,tas,male,75,1900
2016,tas,male,76,1795
2016,tas,male,77,1654
2016,tas,male,78,1521
2016,tas,male,79,1366
2016,tas,male,80,1253
2016,tas,male,81,1124
2016,tas,male,82,1068
2016,tas,male,83,920
2016,tas,male,84,885
2016,tas,male,85,809
2016,tas,male,86,704
2016,tas,male,87,568
2016,tas,male,88,499
2016,tas,male,89,419
2016,tas,male,90,321
2016,tas,male,91,258
2016,tas,male,92,223
2016,tas,male,93,170
2016,tas,male,94,118
2016,tas,male,95,82
2016,tas,male,96,56
2016,tas,male,97,30
2016,tas,male,98,25
2016,tas,male,99,14
2016,tas,male,100,16
2016,vic,female,0,39905
2016,vic,female,1,38877
2016,vic,female,2,38553
2016,vic,female,3,39305
2016,vic,female,4,38341
2016,vic,female,5,37876
2016,vic,female,6,38460
2016,vic,female,7,37537
2016,vic,female,8,37294
2016,vic,female,9,37118
2016,vic,female,10,35821
2016,vic,female,11,34225
2016,vic,female,12,33970
2016,vic,female,13,33560
2016,vic,female,14,33442
2016,vic,female,15,33933
2016,vic,female,16,35164
2016,vic,female,17,35467
2016,vic,female,18,37166
2016,vic,female,19,39946
2016,vic,female,20,41738
2016,vic,female,21,43275
2016,vic,female,22,44060
2016,vic,female,23,45410
2016,vic,female,24,46121
2016,vic,female,25,47767
2016,vic,female,26,48996
2016,vic,female,27,48787
2016,vic,female,28,49063
2016,vic,female,29,48265
2016,vic,female,30,49343
2016,vic,female,31,48875
2016,vic,female,32,48110
2016,vic,female,33,47405
2016,vic,female,34,46056
2016,vic,female,35,44740
2016,vic,female,36,42996
2016,vic,female,37,41537
2016,vic,female,38,40493
2016,vic,female,39,40018
2016,vic,female,40,40407
2016,vic,female,41,40844
2016,vic,female,42,42069
2016,vic,female,43,42609
2016,vic,female,44,44593
2016,vic,female,45,45786
2016,vic,female,46,42804
2016,vic,female,47,42413
2016,vic,female,48,40831
2016,vic,female,49,39283
2016,vic,female,50,39418
2016,vic,female,51,38862
2016,vic,female,52,39962
2016,vic,female,53,39922
2016,vic,female,54,39460
2016,vic,female,55,39539
2016,vic,female,56,38347
2016,vic,female,57,37191
2016,vic,female,58,36815
2016,vic,female,59,35655
2016,vic,female,60,35295
2016,vic,female,61,34075
2016,vic,female,62,33202
2016,vic,female,63,32628
2016,vic,female,64,31532
2016,vic,female,65,31503
2016,vic,female,66,30612
2016,vic,female,67,29444
2016,vic,female,68,29702
2016,vic,female,69,30231
2016,vic,female,70,25383
2016,vic,female,71,23864
2016,vic,female,72,23073
2016,vic,female,73,20662
2016,vic,female,74,20588
2016,vic,female,75,19166
2016,vic,female,76,18584
2016,vic,female,77,17606
2016,vic,female,78,16927
2016,vic,female,79,15853
2016,vic,female,80,15188
2016,vic,female,81,13876
2016,vic,female,82,13281
2016,vic,female,83,12556
2016,vic,female,84,11679
2016,vic,female,85,11386
2016,vic,female,86,10805
2016,vic,female,87,9518
2016,vic,female,88,8714
2016,vic,female,89,7849
2016,vic,female,90,6934
2016,vic,female,91,5633
2016,vic,female,92,4833
2016,vic,female,93,3850
2016,vic,female,94,3039
2016,vic,female,95,2444
2016,vic,female,96,1645
2016,vic,female,97,999
2016,vic,female,98,740
2016,vic,female,99,529
2016,vic,female,100,863
2016,vic,male,0,42495
2016,vic,male,1,41061
2016,vic,male,2,40668
2016,vic,male,3,41423
2016,vic,male,4,40698
2016,vic,male,5,40235
2016,vic,male,6,40293
2016,vic,male,7,39588
2016,vic,male,8,39519
2016,vic,male,9,39295
2016,vic,male,10,37708
2016,vic,male,11,36220
2016,vic,male,12,36119
2016,vic,male,13,35417
2016,vic,male,14,35041
2016,vic,male,15,35861
2016,vic,male,16,36119
2016,vic,male,17,37216
2016,vic,male,18,39271
2016,vic,male,19,41654
2016,vic,male,20,43498
2016,vic,male,21,45625
2016,vic,male,22,46246
2016,vic,male,23,46743
2016,vic,male,24,47582
2016,vic,male,25,48452
2016,vic,male,26,49052
2016,vic,male,27,47996
2016,vic,male,28,48570
2016,vic,male,29,47764
2016,vic,male,30,48002
2016,vic,male,31,47563
2016,vic,male,32,47167
2016,vic,male,33,46973
2016,vic,male,34,45553
2016,vic,male,35,44605
2016,vic,male,36,42667
2016,vic,male,37,41229
2016,vic,male,38,40566
2016,vic,male,39,40052
2016,vic,male,40,40266
2016,vic,male,41,40181
2016,vic,male,42,41176
2016,vic,male,43,41206
2016,vic,male,44,42444
2016,vic,male,45,42583
2016,vic,male,46,40662
2016,vic,male,47,40076
2016,vic,male,48,38988
2016,vic,male,49,37338
2016,vic,male,50,37558
2016,vic,male,51,37145
2016,vic,male,52,38227
2016,vic,male,53,38564
2016,vic,male,54,38169
2016,vic,male,55,37662
2016,vic,male,56,36468
2016,vic,male,57,35879
2016,vic,male,58,34747
2016,vic,male,59,33819
2016,vic,male,60,33802
2016,vic,male,61,31824
2016,vic,male,62,30888
2016,vic,male,63,30660
2016,vic,male,64,30002
2016,vic,male,65,29577
2016,vic,male,66,28774
2016,vic,male,67,27997
2016,vic,male,68,28146
2016,vic,male,69,29087
2016,vic,male,70,24622
2016,vic,male,71,22658
2016,vic,male,72,21480
2016,vic,male,73,19329
2016,vic,male,74,19198
2016,vic,male,75,17694
2016,vic,male,76,16628
2016,vic,male,77,15583
2016,vic,male,78,14430
2016,vic,male,79,13601
2016,vic,male,80,12641
2016,vic,male,81,11199
2016,vic,male,82,10539
2016,vic,male,83,9495
2016,vic,male,84,8689
2016,vic,male,85,8230
2016,vic,male,86,7476
2016,vic,male,87,6384
2016,vic,male,88,5596
2016,vic,male,89,4717
2016,vic,male,90,3909
2016,vic,male,91,3048
2016,vic,male,92,2396
2016,vic,male,93,1786
2016,vic,male,94,1351
2016,vic,male,95,988
2016,vic,male,96,660
2016,vic,male,97,360
2016,vic,male,98,256
2016,vic,male,99,167
2016,vic,male,100,225
2016,wa,female,0,17270
2016,wa,female,1,16918
2016,wa,female,2,16810
2016,wa,female,3,16762
2016,wa,female,4,16651
2016,wa,female,5,16891
2016,wa,female,6,16757
2016,wa,female,7,16297
2016,wa,female,8,16740
2016,wa,female,9,16466
2016,wa,female,10,15903
2016,wa,female,11,15017
2016,wa,female,12,14735
2016,wa,female,13,14754
2016,wa,female,14,14577
2016,wa,female,15,14866
2016,wa,female,16,15120
2016,wa,female,17,15081
2016,wa,female,18,14986
2016,wa,female,19,15389
2016,wa,female,20,15783
2016,wa,female,21,16369
2016,wa,female,22,16621
2016,wa,female,23,17455
2016,wa,female,24,17848
2016,wa,female,25,18803
2016,wa,female,26,19708
2016,wa,female,27,19965
2016,wa,female,28,20431
2016,wa,female,29,20657
2016,wa,female,30,21042
2016,wa,female,31,20398
2016,wa,female,32,20218
2016,wa,female,33,19684
2016,wa,female,34,19109
2016,wa,female,35,18508
2016,wa,female,36,17830
2016,wa,female,37,17439
2016,wa,female,38,16870
2016,wa,female,39,16705
2016,wa,female,40,16951
2016,wa,female,41,16954
2016,wa,female,42,17184
2016,wa,female,43,17520
2016,wa,female,44,18451
2016,wa,female,45,18732
2016,wa,female,46,17641
2016,wa,female,47,17574
2016,wa,female,48,16801
2016,wa,female,49,16475
2016,wa,female,50,16391
2016,wa,female,51,16375
2016,wa,female,52,16604
2016,wa,female,53,16717
2016,wa,female,54,16360
2016,wa,female,55,16342
2016,wa,female,56,15854
2016,wa,female,57,15331
2016,wa,female,58,14906
2016,wa,female,59,14563
2016,wa,female,60,14498
2016,wa,female,61,13961
2016,wa,female,62,13463
2016,wa,female,63,13211
2016,wa,female,64,12688
2016,wa,female,65,12346
2016,wa,female,66,11985
2016,wa,female,67,11595
2016,wa,female,68,11375
2016,wa,female,69,11567
2016,wa,female,70,9260
2016,wa,female,71,8826
2016,wa,female,72,8600
2016,wa,female,73,7746
2016,wa,female,74,7647
2016,wa,female,75,7153
2016,wa,female,76,6856
2016,wa,female,77,6491
2016,wa,female,78,6137
2016,wa,female,79,5710
2016,wa,female,80,5421
2016,wa,female,81,4949
2016,wa,female,82,4550
2016,wa,female,83,4428
2016,wa,female,84,4087
2016,wa,female,85,3838
2016,wa,female,86,3528
2016,wa,female,87,3090
2016,wa,female,88,2946
2016,wa,female,89,2560
2016,wa,female,90,2231
2016,wa,female,91,1900
2016,wa,female,92,1549
2016,wa,female,93,1280
2016,wa,female,94,1016
2016,wa,female,95,817
2016,wa,female,96,600
2016,wa,female,97,329
2016,wa,female,98,265
2016,wa,female,99,175
2016,wa,female,100,177
2016,wa,male,0,18460
2016,wa,male,1,17760
2016,wa,male,2,17407
2016,wa,male,3,17696
2016,wa,male,4,17264
2016,wa,male,5,17577
2016,wa,male,6,17529
2016,wa,male,7,17314
2016,wa,male,8,17333
2016,wa,male,9,17246
2016,wa,male,10,16506
2016,wa,male,11,15854
2016,wa,male,12,15701
2016,wa,male,13,15100
2016,wa,male,14,15233
2016,wa,male,15,15625
2016,wa,male,16,15632
2016,wa,male,17,16016
2016,wa,male,18,15836
2016,wa,male,19,16282
2016,wa,male,20,17081
2016,wa,male,21,17716
2016,wa,male,22,17849
2016,wa,male,23,18108
2016,wa,male,24,18670
2016,wa,male,25,19538
2016,wa,male,26,20319
2016,wa,male,27,20428
2016,wa,male,28,20771
2016,wa,male,29,21083
2016,wa,male,30,21444
2016,wa,male,31,20827
2016,wa,male,32,20665
2016,wa,male,33,20533
2016,wa,male,34,20005
2016,wa,male,35,19210
2016,wa,male,36,18362
2016,wa,male,37,17651
2016,wa,male,38,17463
2016,wa,male,39,17150
2016,wa,male,40,17324
2016,wa,male,41,17227
2016,wa,male,42,17496
2016,wa,male,43,18069
2016,wa,male,44,18785
2016,wa,male,45,18742
2016,wa,male,46,17735
2016,wa,male,47,17636
2016,wa,male,48,16883
2016,wa,male,49,16505
2016,wa,male,50,16486
2016,wa,male,51,16349
2016,wa,male,52,16715
2016,wa,male,53,16680
2016,wa,male,54,16415
2016,wa,male,55,16140
2016,wa,male,56,15553
2016,wa,male,57,15104
2016,wa,male,58,14630
2016,wa,male,59,14234
2016,wa,male,60,14234
2016,wa,male,61,13177
2016,wa,male,62,12921
2016,wa,male,63,12659
2016,wa,male,64,12513
2016,wa,male,65,12427
2016,wa,male,66,11713
2016,wa,male,67,11457
2016,wa,male,68,11633
2016,wa,male,69,11590
2016,wa,male,70,9309
2016,wa,male,71,8758
2016,wa,male,72,8497
2016,wa,male,73,7455
2016,wa,male,74,7471
2016,wa,male,75,6559
2016,wa,male,76,6238
2016,wa,male,77,5869
2016,wa,male,78,5436
2016,wa,male,79,4956
2016,wa,male,80,4488
2016,wa,male,81,4151
2016,wa,male,82,3556
2016,wa,male,83,3318
2016,wa,male,84,3002
2016,wa,male,85,2857
2016,wa,male,86,2509
2016,wa,male,87,2115
2016,wa,male,88,1799
2016,wa,male,89,1528
2016,wa,male,90,1260
2016,wa,male,91,1003
2016,wa,male,92,764
2016,wa,male,93,552
2016,wa,male,94,422
2016,wa,male,95,296
2016,wa,male,96,214
2016,wa,male,97,124
2016,wa,male,98,102
2016,wa,male,99,46
2016,wa,male,100,38
2017,act,female,0,2694
2017,act,female,1,2759
2017,act,female,2,2797
2017,act,female,3,2705
2017,act,female,4,2789
2017,act,female,5,2688
2017,act,female,6,2629
2017,act,female,7,2680
2017,act,female,8,2516
2017,act,female,9,2426
2017,act,female,10,2370
2017,act,female,11,2369
2017,act,female,12,2184
2017,act,female,13,2100
2017,act,female,14,2149
2017,act,female,15,2216
2017,act,female,16,2248
2017,act,female,17,2361
2017,act,female,18,2671
2017,act,female,19,3047
2017,act,female,20,3169
2017,act,female,21,3210
2017,act,female,22,3412
2017,act,female,23,3680
2017,act,female,24,3522
2017,act,female,25,3439
2017,act,female,26,3590
2017,act,female,27,3576
2017,act,female,28,3588
2017,act,female,29,3536
2017,act,female,30,3569
2017,act,female,31,3612
2017,act,female,32,3638
2017,act,female,33,3619
2017,act,female,34,3437
2017,act,female,35,3512
2017,act,female,36,3350
2017,act,female,37,3253
2017,act,female,38,3047
2017,act,female,39,2846
2017,act,female,40,2893
2017,act,female,41,2768
2017,act,female,42,2814
2017,act,female,43,2852
2017,act,female,44,2958
2017,act,female,45,2972
2017,act,female,46,2939
2017,act,female,47,2751
2017,act,female,48,2716
2017,act,female,49,2497
2017,act,female,50,2446
2017,act,female,51,2563
2017,act,female,52,2484
2017,act,female,53,2515
2017,act,female,54,2419
2017,act,female,55,2530
2017,act,female,56,2423
2017,act,female,57,2340
2017,act,female,58,2313
2017,act,female,59,2228
2017,act,female,60,2154
2017,act,female,61,2118
2017,act,female,62,1998
2017,act,female,63,1911
2017,act,female,64,1959
2017,act,female,65,1922
2017,act,female,66,1852
2017,act,female,67,1780
2017,act,female,68,1778
2017,act,female,69,1772
2017,act,female,70,1785
2017,act,female,71,1435
2017,act,female,72,1333
2017,act,female,73,1279
2017,act,female,74,1123
2017,act,female,75,1108
2017,act,female,76,1026
2017,act,female,77,925
2017,act,female,78,876
2017,act,female,79,847
2017,act,female,80,805
2017,act,female,81,721
2017,act,female,82,659
2017,act,female,83,627
2017,act,female,84,560
2017,act,female,85,521
2017,act,female,86,481
2017,act,female,87,434
2017,act,female,88,417
2017,act,female,89,361
2017,act,female,90,324
2017,act,female,91,319
2017,act,female,92,246
2017,act,female,93,204
2017,act,female,94,162
2017,act,female,95,111
2017,act,female,96,74
2017,act,female,97,62
2017,act,female,98,31
2017,act,female,99,33
2017,act,female,100,41
2017,act,male,0,2901
2017,act,male,1,2967
2017,act,male,2,2988
2017,act,male,3,2944
2017,act,male,4,2897
2017,act,male,5,2926
2017,act,male,6,2853
2017,act,male,7,2842
2017,act,male,8,2702
2017,act,male,9,2630
2017,act,male,10,2544
2017,act,male,11,2528
2017,act,male,12,2319
2017,act,male,13,2250
2017,act,male,14,2290
2017,act,male,15,2218
2017,act,male,16,2311
2017,act,male,17,2400
2017,act,male,18,2714
2017,act,male,19,3044
2017,act,male,20,3239
2017,act,male,21,3351
2017,act,male,22,3510
2017,act,male,23,3618
2017,act,male,24,3594
2017,act,male,25,3416
2017,act,male,26,3574
2017,act,male,27,3511
2017,act,male,28,3502
2017,act,male,29,3449
2017,act,male,30,3383
2017,act,male,31,3499
2017,act,male,32,3450
2017,act,male,33,3590
2017,act,male,34,3491
2017,act,male,35,3399
2017,act,male,36,3341
2017,act,male,37,3140
2017,act,male,38,3149
2017,act,male,39,2940
2017,act,male,40,2921
2017,act,male,41,2864
2017,act,male,42,2900
2017,act,male,43,2853
2017,act,male,44,2788
2017,act,male,45,2864
2017,act,male,46,2954
2017,act,male,47,2747
2017,act,male,48,2579
2017,act,male,49,2525
2017,act,male,50,2383
2017,act,male,51,2383
2017,act,male,52,2325
2017,act,male,53,2384
2017,act,male,54,2388
2017,act,male,55,2403
2017,act,male,56,2336
2017,act,male,57,2242
2017,act,male,58,2118
2017,act,male,59,2100
2017,act,male,60,2000
2017,act,male,61,1898
2017,act,male,62,1775
2017,act,male,63,1802
2017,act,male,64,1795
2017,act,male,65,1684
2017,act,male,66,1658
2017,act,male,67,1672
2017,act,male,68,1615
2017,act,male,69,1625
2017,act,male,70,1666
2017,act,male,71,1387
2017,act,male,72,1178
2017,act,male,73,1104
2017,act,male,74,1004
2017,act,male,75,1002
2017,act,male,76,835
2017,act,male,77,835
2017,act,male,78,768
2017,act,male,79,716
2017,act,male,80,626
2017,act,male,81,587
2017,act,male,82,551
2017,act,male,83,463
2017,act,male,84,415
2017,act,male,85,383
2017,act,male,86,391
2017,act,male,87,303
2017,act,male,88,262
2017,act,male,89,221
2017,act,male,90,157
2017,act,male,91,154
2017,act,male,92,123
2017,act,male,93,108
2017,act,male,94,72
2017,act,male,95,43
2017,act,male,96,45
2017,act,male,97,22
2017,act,male,98,9
2017,act,male,99,10
2017,act,male,100,13
2017,nsw,female,0,47788
2017,nsw,female,1,49279
2017,nsw,female,2,48429
2017,nsw,female,3,48712
2017,nsw,female,4,49194
2017,nsw,female,5,49254
2017,nsw,female,6,49189
2017,nsw,female,7,49455
2017,nsw,female,8,48736
2017,nsw,female,9,48836
2017,nsw,female,10,48102
2017,nsw,female,11,46079
2017,nsw,female,12,44465
2017,nsw,female,13,43584
2017,nsw,female,14,43717
2017,nsw,female,15,43454
2017,nsw,female,16,44321
2017,nsw,female,17,45220
2017,nsw,female,18,46107
2017,nsw,female,19,47951
2017,nsw,female,20,49106
2017,nsw,female,21,50106
2017,nsw,female,22,52521
2017,nsw,female,23,55334
2017,nsw,female,24,56041
2017,nsw,female,25,57248
2017,nsw,female,26,58810
2017,nsw,female,27,60003
2017,nsw,female,28,59158
2017,nsw,female,29,59036
2017,nsw,female,30,58857
2017,nsw,female,31,58987
2017,nsw,female,32,58437
2017,nsw,female,33,58590
2017,nsw,female,34,58480
2017,nsw,female,35,56466
2017,nsw,female,36,55218
2017,nsw,female,37,52802
2017,nsw,female,38,51576
2017,nsw,female,39,50626
2017,nsw,female,40,50167
2017,nsw,female,41,50396
2017,nsw,female,42,50367
2017,nsw,female,43,51996
2017,nsw,female,44,53402
2017,nsw,female,45,55201
2017,nsw,female,46,55736
2017,nsw,female,47,51530
2017,nsw,female,48,51053
2017,nsw,female,49,49470
2017,nsw,female,50,47948
2017,nsw,female,51,48045
2017,nsw,female,52,48520
2017,nsw,female,53,50732
2017,nsw,female,54,51494
2017,nsw,female,55,51047
2017,nsw,female,56,50854
2017,nsw,female,57,49369
2017,nsw,female,58,47979
2017,nsw,female,59,47986
2017,nsw,female,60,46455
2017,nsw,female,61,45126
2017,nsw,female,62,44113
2017,nsw,female,63,42899
2017,nsw,female,64,42170
2017,nsw,female,65,40708
2017,nsw,female,66,40077
2017,nsw,female,67,39152
2017,nsw,female,68,37748
2017,nsw,female,69,37872
2017,nsw,female,70,38723
2017,nsw,female,71,32972
2017,nsw,female,72,31302
2017,nsw,female,73,29777
2017,nsw,female,74,26804
2017,nsw,female,75,26061
2017,nsw,female,76,24587
2017,nsw,female,77,23332
2017,nsw,female,78,22322
2017,nsw,female,79,21095
2017,nsw,female,80,20123
2017,nsw,female,81,18926
2017,nsw,female,82,17297
2017,nsw,female,83,15824
2017,nsw,female,84,15089
2017,nsw,female,85,14284
2017,nsw,female,86,13896
2017,nsw,female,87,12836
2017,nsw,female,88,11324
2017,nsw,female,89,10187
2017,nsw,female,90,9053
2017,nsw,female,91,7694
2017,nsw,female,92,6621
2017,nsw,female,93,5285
2017,nsw,female,94,4270
2017,nsw,female,95,3254
2017,nsw,female,96,2437
2017,nsw,female,97,1632
2017,nsw,female,98,985
2017,nsw,female,99,732
2017,nsw,female,100,876
2017,nsw,male,0,50154
2017,nsw,male,1,52261
2017,nsw,male,2,51097
2017,nsw,male,3,51161
2017,nsw,male,4,52379
2017,nsw,male,5,52281
2017,nsw,male,6,51950
2017,nsw,male,7,52107
2017,nsw,male,8,51313
2017,nsw,male,9,51284
2017,nsw,male,10,50972
2017,nsw,male,11,48912
2017,nsw,male,12,47505
2017,nsw,male,13,46671
2017,nsw,male,14,46252
2017,nsw,male,15,45763
2017,nsw,male,16,47089
2017,nsw,male,17,47679
2017,nsw,male,18,48983
2017,nsw,male,19,50936
2017,nsw,male,20,52261
2017,nsw,male,21,52884
2017,nsw,male,22,55040
2017,nsw,male,23,56726
2017,nsw,male,24,57913
2017,nsw,male,25,58695
2017,nsw,male,26,59223
2017,nsw,male,27,60015
2017,nsw,male,28,59032
2017,nsw,male,29,58201
2017,nsw,male,30,57643
2017,nsw,male,31,58284
2017,nsw,male,32,57891
2017,nsw,male,33,57866
2017,nsw,male,34,57615
2017,nsw,male,35,56474
2017,nsw,male,36,55172
2017,nsw,male,37,52893
2017,nsw,male,38,51046
2017,nsw,male,39,50046
2017,nsw,male,40,49692
2017,nsw,male,41,49996
2017,nsw,male,42,50275
2017,nsw,male,43,51587
2017,nsw,male,44,52017
2017,nsw,male,45,53700
2017,nsw,male,46,53287
2017,nsw,male,47,49536
2017,nsw,male,48,48346
2017,nsw,male,49,46888
2017,nsw,male,50,46237
2017,nsw,male,51,47026
2017,nsw,male,52,47010
2017,nsw,male,53,49290
2017,nsw,male,54,49962
2017,nsw,male,55,50039
2017,nsw,male,56,49259
2017,nsw,male,57,47099
2017,nsw,male,58,46087
2017,nsw,male,59,45291
2017,nsw,male,60,44316
2017,nsw,male,61,43304
2017,nsw,male,62,41591
2017,nsw,male,63,40532
2017,nsw,male,64,40180
2017,nsw,male,65,38621
2017,nsw,male,66,38653
2017,nsw,male,67,37941
2017,nsw,male,68,36634
2017,nsw,male,69,37368
2017,nsw,male,70,37829
2017,nsw,male,71,32045
2017,nsw,male,72,30213
2017,nsw,male,73,28684
2017,nsw,male,74,25178
2017,nsw,male,75,24408
2017,nsw,male,76,22438
2017,nsw,male,77,21284
2017,nsw,male,78,19577
2017,nsw,male,79,18120
2017,nsw,male,80,17089
2017,nsw,male,81,15551
2017,nsw,male,82,13803
2017,nsw,male,83,12623
2017,nsw,male,84,11477
2017,nsw,male,85,10623
2017,nsw,male,86,9715
2017,nsw,male,87,8671
2017,nsw,male,88,7339
2017,nsw,male,89,6356
2017,nsw,male,90,5068
2017,nsw,male,91,4157
2017,nsw,male,92,3237
2017,nsw,male,93,2461
2017,nsw,male,94,1809
2017,nsw,male,95,1350
2017,nsw,male,96,875
2017,nsw,male,97,573
2017,nsw,male,98,367
2017,nsw,male,99,243
2017,nsw,male,100,234
2017,nt,female,0,1883
2017,nt,female,1,1977
2017,nt,female,2,1846
2017,nt,female,3,1792
2017,nt,female,4,1881
2017,nt,female,5,1884
2017,nt,female,6,1794
2017,nt,female,7,1773
2017,nt,female,8,1753
2017,nt,female,9,1783
2017,nt,female,10,1663
2017,nt,female,11,1639
2017,nt,female,12,1531
2017,nt,female,13,1493
2017,nt,female,14,1534
2017,nt,female,15,1524
2017,nt,female,16,1448
2017,nt,female,17,1379
2017,nt,female,18,1354
2017,nt,female,19,1351
2017,nt,female,20,1399
2017,nt,female,21,1517
2017,nt,female,22,1692
2017,nt,female,23,1848
2017,nt,female,24,2037
2017,nt,female,25,2252
2017,nt,female,26,2332
2017,nt,female,27,2370
2017,nt,female,28,2425
2017,nt,female,29,2505
2017,nt,female,30,2503
2017,nt,female,31,2370
2017,nt,female,32,2348
2017,nt,female,33,2259
2017,nt,female,34,2196
2017,nt,female,35,2140
2017,nt,female,36,2013
2017,nt,female,37,1885
2017,nt,female,38,1833
2017,nt,female,39,1796
2017,nt,female,40,1699
2017,nt,female,41,1728
2017,nt,female,42,1613
2017,nt,female,43,1669
2017,nt,female,44,1590
2017,nt,female,45,1715
2017,nt,female,46,1762
2017,nt,female,47,1663
2017,nt,female,48,1643
2017,nt,female,49,1588
2017,nt,female,50,1540
2017,nt,female,51,1565
2017,nt,female,52,1410
2017,nt,female,53,1444
2017,nt,female,54,1481
2017,nt,female,55,1446
2017,nt,female,56,1415
2017,nt,female,57,1337
2017,nt,female,58,1261
2017,nt,female,59,1196
2017,nt,female,60,1174
2017,nt,female,61,1082
2017,nt,female,62,1035
2017,nt,female,63,981
2017,nt,female,64,937
2017,nt,female,65,829
2017,nt,female,66,791
2017,nt,female,67,714
2017,nt,female,68,638
2017,nt,female,69,605
2017,nt,female,70,556
2017,nt,female,71,462
2017,nt,female,72,399
2017,nt,female,73,385
2017,nt,female,74,344
2017,nt,female,75,333
2017,nt,female,76,304
2017,nt,female,77,272
2017,nt,female,78,196
2017,nt,female,79,195
2017,nt,female,80,181
2017,nt,female,81,158
2017,nt,female,82,148
2017,nt,female,83,134
2017,nt,female,84,99
2017,nt,female,85,96
2017,nt,female,86,91
2017,nt,female,87,73
2017,nt,female,88,80
2017,nt,female,89,52
2017,nt,female,90,48
2017,nt,female,91,39
2017,nt,female,92,28
2017,nt,female,93,25
2017,nt,female,94,18
2017,nt,female,95,14
2017,nt,female,96,11
2017,nt,female,97,5
2017,nt,female,98,1
2017,nt,female,99,3
2017,nt,female,100,5
2017,nt,male,0,2032
2017,nt,male,1,2039
2017,nt,male,2,1957
2017,nt,male,3,1928
2017,nt,male,4,1864
2017,nt,male,5,1956
2017,nt,male,6,1943
2017,nt,male,7,1929
2017,nt,male,8,1858
2017,nt,male,9,1831
2017,nt,male,10,1769
2017,nt,male,11,1723
2017,nt,male,12,1644
2017,nt,male,13,1612
2017,nt,male,14,1639
2017,nt,male,15,1578
2017,nt,male,16,1627
2017,nt,male,17,1564
2017,nt,male,18,1552
2017,nt,male,19,1710
2017,nt,male,20,1744
2017,nt,male,21,1714
2017,nt,male,22,1943
2017,nt,male,23,2029
2017,nt,male,24,2103
2017,nt,male,25,2323
2017,nt,male,26,2456
2017,nt,male,27,2534
2017,nt,male,28,2456
2017,nt,male,29,2522
2017,nt,male,30,2523
2017,nt,male,31,2483
2017,nt,male,32,2368
2017,nt,male,33,2363
2017,nt,male,34,2400
2017,nt,male,35,2181
2017,nt,male,36,2174
2017,nt,male,37,1988
2017,nt,male,38,1947
2017,nt,male,39,1820
2017,nt,male,40,1852
2017,nt,male,41,1822
2017,nt,male,42,1784
2017,nt,male,43,1847
2017,nt,male,44,1744
2017,nt,male,45,1836
2017,nt,male,46,1999
2017,nt,male,47,1778
2017,nt,male,48,1696
2017,nt,male,49,1623
2017,nt,male,50,1652
2017,nt,male,51,1634
2017,nt,male,52,1551
2017,nt,male,53,1596
2017,nt,male,54,1615
2017,nt,male,55,1567
2017,nt,male,56,1494
2017,nt,male,57,1441
2017,nt,male,58,1341
2017,nt,male,59,1275
2017,nt,male,60,1252
2017,nt,male,61,1236
2017,nt,male,62,1159
2017,nt,male,63,1082
2017,nt,male,64,1066
2017,nt,male,65,966
2017,nt,male,66,876
2017,nt,male,67,867
2017,nt,male,68,799
2017,nt,male,69,723
2017,nt,male,70,698
2017,nt,male,71,560
2017,nt,male,72,496
2017,nt,male,73,432
2017,nt,male,74,393
2017,nt,male,75,400
2017,nt,male,76,363
2017,nt,male,77,313
2017,nt,male,78,204
2017,nt,male,79,213
2017,nt,male,80,161
2017,nt,male,81,164
2017,nt,male,82,104
2017,nt,male,83,91
2017,nt,male,84,87
2017,nt,male,85,78
2017,nt,male,86,73
2017,nt,male,87,61
2017,nt,male,88,54
2017,nt,male,89,46
2017,nt,male,90,33
2017,nt,male,91,19
2017,nt,male,92,17
2017,nt,male,93,10
2017,nt,male,94,12
2017,nt,male,95,8
2017,nt,male,96,6
2017,nt,male,97,4
2017,nt,male,98,3
2017,nt,male,99,1
2017,nt,male,100,1
2017,qld,female,0,29425
2017,qld,female,1,30715
2017,qld,female,2,30786
2017,qld,female,3,31146
2017,qld,female,4,31751
2017,qld,female,5,31972
2017,qld,female,6,32471
2017,qld,female,7,33025
2017,qld,female,8,32697
2017,qld,female,9,32715
2017,qld,female,10,32194
2017,qld,female,11,31581
2017,qld,female,12,30290
2017,qld,female,13,29799
2017,qld,female,14,29273
2017,qld,female,15,29581
2017,qld,female,16,30392
2017,qld,female,17,30189
2017,qld,female,18,30099
2017,qld,female,19,31180
2017,qld,female,20,32060
2017,qld,female,21,32900
2017,qld,female,22,34397
2017,qld,female,23,34680
2017,qld,female,24,35143
2017,qld,female,25,35594
2017,qld,female,26,35930
2017,qld,female,27,36100
2017,qld,female,28,35280
2017,qld,female,29,34949
2017,qld,female,30,34916
2017,qld,female,31,35363
2017,qld,female,32,35318
2017,qld,female,33,35125
2017,qld,female,34,35476
2017,qld,female,35,33818
2017,qld,female,36,33446
2017,qld,female,37,32576
2017,qld,female,38,31729
2017,qld,female,39,31727
2017,qld,female,40,31896
2017,qld,female,41,32301
2017,qld,female,42,32506
2017,qld,female,43,33694
2017,qld,female,44,34901
2017,qld,female,45,35929
2017,qld,female,46,36480
2017,qld,female,47,34222
2017,qld,female,48,33398
2017,qld,female,49,32185
2017,qld,female,50,31775
2017,qld,female,51,31161
2017,qld,female,52,31161
2017,qld,female,53,32421
2017,qld,female,54,32691
2017,qld,female,55,32549
2017,qld,female,56,32024
2017,qld,female,57,30726
2017,qld,female,58,30041
2017,qld,female,59,29481
2017,qld,female,60,28239
2017,qld,female,61,27756
2017,qld,female,62,26943
2017,qld,female,63,26491
2017,qld,female,64,25988
2017,qld,female,65,25280
2017,qld,female,66,25060
2017,qld,female,67,24713
2017,qld,female,68,23719
2017,qld,female,69,23483
2017,qld,female,70,24026
2017,qld,female,71,20090
2017,qld,female,72,19493
2017,qld,female,73,18056
2017,qld,female,74,16110
2017,qld,female,75,15687
2017,qld,female,76,14315
2017,qld,female,77,13542
2017,qld,female,78,12652
2017,qld,female,79,11501
2017,qld,female,80,10984
2017,qld,female,81,10020
2017,qld,female,82,9308
2017,qld,female,83,8464
2017,qld,female,84,7968
2017,qld,female,85,7371
2017,qld,female,86,7223
2017,qld,female,87,6573
2017,qld,female,88,5938
2017,qld,female,89,5311
2017,qld,female,90,4534
2017,qld,female,91,3921
2017,qld,female,92,3256
2017,qld,female,93,2613
2017,qld,female,94,2050
2017,qld,female,95,1693
2017,qld,female,96,1268
2017,qld,female,97,816
2017,qld,female,98,491
2017,qld,female,99,377
2017,qld,female,100,557
2017,qld,male,0,31388
2017,qld,male,1,32209
2017,qld,male,2,32404
2017,qld,male,3,32991
2017,qld,male,4,33526
2017,qld,male,5,33571
2017,qld,male,6,33749
2017,qld,male,7,34330
2017,qld,male,8,34507
2017,qld,male,9,34713
2017,qld,male,10,34484
2017,qld,male,11,33341
2017,qld,male,12,32150
2017,qld,male,13,31501
2017,qld,male,14,30723
2017,qld,male,15,31326
2017,qld,male,16,32185
2017,qld,male,17,31785
2017,qld,male,18,31604
2017,qld,male,19,32319
2017,qld,male,20,32591
2017,qld,male,21,33901
2017,qld,male,22,34936
2017,qld,male,23,35798
2017,qld,male,24,35945
2017,qld,male,25,35585
2017,qld,male,26,35828
2017,qld,male,27,35825
2017,qld,male,28,34559
2017,qld,male,29,34290
2017,qld,male,30,34095
2017,qld,male,31,34452
2017,qld,male,32,34026
2017,qld,male,33,34136
2017,qld,male,34,34405
2017,qld,male,35,33444
2017,qld,male,36,32643
2017,qld,male,37,31541
2017,qld,male,38,30680
2017,qld,male,39,30258
2017,qld,male,40,30667
2017,qld,male,41,31377
2017,qld,male,42,31741
2017,qld,male,43,33095
2017,qld,male,44,33892
2017,qld,male,45,34539
2017,qld,male,46,34891
2017,qld,male,47,32712
2017,qld,male,48,31798
2017,qld,male,49,30806
2017,qld,male,50,30323
2017,qld,male,51,29840
2017,qld,male,52,30112
2017,qld,male,53,31307
2017,qld,male,54,31215
2017,qld,male,55,31140
2017,qld,male,56,30902
2017,qld,male,57,29695
2017,qld,male,58,28849
2017,qld,male,59,27999
2017,qld,male,60,27283
2017,qld,male,61,26767
2017,qld,male,62,25776
2017,qld,male,63,25003
2017,qld,male,64,25105
2017,qld,male,65,24903
2017,qld,male,66,24488
2017,qld,male,67,23911
2017,qld,male,68,23587
2017,qld,male,69,23371
2017,qld,male,70,24020
2017,qld,male,71,20176
2017,qld,male,72,19219
2017,qld,male,73,17686
2017,qld,male,74,15555
2017,qld,male,75,15177
2017,qld,male,76,13755
2017,qld,male,77,12758
2017,qld,male,78,11626
2017,qld,male,79,10595
2017,qld,male,80,9718
2017,qld,male,81,8811
2017,qld,male,82,7632
2017,qld,male,83,6844
2017,qld,male,84,6130
2017,qld,male,85,5698
2017,qld,male,86,5140
2017,qld,male,87,4525
2017,qld,male,88,3741
2017,qld,male,89,3162
2017,qld,male,90,2538
2017,qld,male,91,2151
2017,qld,male,92,1633
2017,qld,male,93,1206
2017,qld,male,94,867
2017,qld,male,95,653
2017,qld,male,96,502
2017,qld,male,97,334
2017,qld,male,98,177
2017,qld,male,99,110
2017,qld,male,100,173
2017,sa,female,0,9345
2017,sa,female,1,10121
2017,sa,female,2,9921
2017,sa,female,3,10015
2017,sa,female,4,10131
2017,sa,female,5,10310
2017,sa,female,6,10139
2017,sa,female,7,10161
2017,sa,female,8,10256
2017,sa,female,9,10356
2017,sa,female,10,10291
2017,sa,female,11,9729
2017,sa,female,12,9564
2017,sa,female,13,9497
2017,sa,female,14,9436
2017,sa,female,15,9516
2017,sa,female,16,9893
2017,sa,female,17,10107
2017,sa,female,18,10416
2017,sa,female,19,10686
2017,sa,female,20,10883
2017,sa,female,21,11085
2017,sa,female,22,11335
2017,sa,female,23,11411
2017,sa,female,24,11477
2017,sa,female,25,11476
2017,sa,female,26,11432
2017,sa,female,27,11654
2017,sa,female,28,11497
2017,sa,female,29,11627
2017,sa,female,30,11729
2017,sa,female,31,11839
2017,sa,female,32,11709
2017,sa,female,33,11875
2017,sa,female,34,11538
2017,sa,female,35,11350
2017,sa,female,36,11023
2017,sa,female,37,10665
2017,sa,female,38,10423
2017,sa,female,39,10265
2017,sa,female,40,10409
2017,sa,female,41,10308
2017,sa,female,42,10460
2017,sa,female,43,10690
2017,sa,female,44,11196
2017,sa,female,45,11788
2017,sa,female,46,12150
2017,sa,female,47,11711
2017,sa,female,48,11574
2017,sa,female,49,11389
2017,sa,female,50,11026
2017,sa,female,51,11251
2017,sa,female,52,11343
2017,sa,female,53,11660
2017,sa,female,54,11765
2017,sa,female,55,11780
2017,sa,female,56,11924
2017,sa,female,57,11704
2017,sa,female,58,11549
2017,sa,female,59,11072
2017,sa,female,60,11077
2017,sa,female,61,10829
2017,sa,female,62,10375
2017,sa,female,63,10411
2017,sa,female,64,10309
2017,sa,female,65,10086
2017,sa,female,66,10123
2017,sa,female,67,9807
2017,sa,female,68,9517
2017,sa,female,69,9451
2017,sa,female,70,9932
2017,sa,female,71,8299
2017,sa,female,72,7906
2017,sa,female,73,7348
2017,sa,female,74,6801
2017,sa,female,75,6480
2017,sa,female,76,6069
2017,sa,female,77,5862
2017,sa,female,78,5685
2017,sa,female,79,5302
2017,sa,female,80,4977
2017,sa,female,81,4644
2017,sa,female,82,4311
2017,sa,female,83,4079
2017,sa,female,84,3849
2017,sa,female,85,3664
2017,sa,female,86,3637
2017,sa,female,87,3268
2017,sa,female,88,2986
2017,sa,female,89,2683
2017,sa,female,90,2383
2017,sa,female,91,2170
2017,sa,female,92,1800
2017,sa,female,93,1391
2017,sa,female,94,1129
2017,sa,female,95,922
2017,sa,female,96,672
2017,sa,female,97,426
2017,sa,female,98,249
2017,sa,female,99,207
2017,sa,female,100,289
2017,sa,male,0,10001
2017,sa,male,1,10567
2017,sa,male,2,10384
2017,sa,male,3,10538
2017,sa,male,4,10731
2017,sa,male,5,10850
2017,sa,male,6,10670
2017,sa,male,7,10951
2017,sa,male,8,10714
2017,sa,male,9,10701
2017,sa,male,10,10567
2017,sa,male,11,10314
2017,sa,male,12,10014
2017,sa,male,13,10031
2017,sa,male,14,9881
2017,sa,male,15,10030
2017,sa,male,16,10264
2017,sa,male,17,10693
2017,sa,male,18,10945
2017,sa,male,19,11148
2017,sa,male,20,11450
2017,sa,male,21,11861
2017,sa,male,22,12273
2017,sa,male,23,11891
2017,sa,male,24,11906
2017,sa,male,25,11742
2017,sa,male,26,11808
2017,sa,male,27,11656
2017,sa,male,28,11674
2017,sa,male,29,11415
2017,sa,male,30,11431
2017,sa,male,31,11671
2017,sa,male,32,11629
2017,sa,male,33,11732
2017,sa,male,34,11546
2017,sa,male,35,11123
2017,sa,male,36,10926
2017,sa,male,37,10504
2017,sa,male,38,10362
2017,sa,male,39,10200
2017,sa,male,40,10371
2017,sa,male,41,10493
2017,sa,male,42,10612
2017,sa,male,43,10730
2017,sa,male,44,11014
2017,sa,male,45,11625
2017,sa,male,46,11873
2017,sa,male,47,11462
2017,sa,male,48,11309
2017,sa,male,49,11128
2017,sa,male,50,10763
2017,sa,male,51,10958
2017,sa,male,52,11034
2017,sa,male,53,11383
2017,sa,male,54,11528
2017,sa,male,55,11385
2017,sa,male,56,11636
2017,sa,male,57,11199
2017,sa,male,58,10941
2017,sa,male,59,10721
2017,sa,male,60,10403
2017,sa,male,61,10215
2017,sa,male,62,10046
2017,sa,male,63,9691
2017,sa,male,64,9669
2017,sa,male,65,9406
2017,sa,male,66,9353
2017,sa,male,67,9334
2017,sa,male,68,9095
2017,sa,male,69,9019
2017,sa,male,70,9422
2017,sa,male,71,7732
2017,sa,male,72,7288
2017,sa,male,73,6800
2017,sa,male,74,6219
2017,sa,male,75,5900
2017,sa,male,76,5337
2017,sa,male,77,5039
2017,sa,male,78,4869
2017,sa,male,79,4476
2017,sa,male,80,4246
2017,sa,male,81,3779
2017,sa,male,82,3409
2017,sa,male,83,3238
2017,sa,male,84,2973
2017,sa,male,85,2640
2017,sa,male,86,2389
2017,sa,male,87,2285
2017,sa,male,88,1921
2017,sa,male,89,1662
2017,sa,male,90,1346
2017,sa,male,91,1179
2017,sa,male,92,850
2017,sa,male,93,641
2017,sa,male,94,475
2017,sa,male,95,350
2017,sa,male,96,235
2017,sa,male,97,167
2017,sa,male,98,99
2017,sa,male,99,70
2017,sa,male,100,110
2017,tas,female,0,2777
2017,tas,female,1,2875
2017,tas,female,2,2897
2017,tas,female,3,2983
2017,tas,female,4,2999
2017,tas,female,5,3025
2017,tas,female,6,3072
2017,tas,female,7,3052
2017,tas,female,8,3260
2017,tas,female,9,3234
2017,tas,female,10,3222
2017,tas,female,11,3099
2017,tas,female,12,3008
2017,tas,female,13,2881
2017,tas,female,14,2927
2017,tas,female,15,2987
2017,tas,female,16,3066
2017,tas,female,17,3076
2017,tas,female,18,3147
2017,tas,female,19,3005
2017,tas,female,20,3049
2017,tas,female,21,3110
2017,tas,female,22,3125
2017,tas,female,23,3090
2017,tas,female,24,3181
2017,tas,female,25,3237
2017,tas,female,26,3308
2017,tas,female,27,3176
2017,tas,female,28,3179
2017,tas,female,29,3184
2017,tas,female,30,3143
2017,tas,female,31,3221
2017,tas,female,32,3272
2017,tas,female,33,3176
2017,tas,female,34,3067
2017,tas,female,35,3135
2017,tas,female,36,3181
2017,tas,female,37,3025
2017,tas,female,38,2990
2017,tas,female,39,3027
2017,tas,female,40,2914
2017,tas,female,41,3007
2017,tas,female,42,3169
2017,tas,female,43,3256
2017,tas,female,44,3440
2017,tas,female,45,3662
2017,tas,female,46,3775
2017,tas,female,47,3562
2017,tas,female,48,3586
2017,tas,female,49,3490
2017,tas,female,50,3475
2017,tas,female,51,3397
2017,tas,female,52,3510
2017,tas,female,53,3817
2017,tas,female,54,3799
2017,tas,female,55,3887
2017,tas,female,56,4063
2017,tas,female,57,3938
2017,tas,female,58,3851
2017,tas,female,59,3690
2017,tas,female,60,3745
2017,tas,female,61,3638
2017,tas,female,62,3505
2017,tas,female,63,3566
2017,tas,female,64,3514
2017,tas,female,65,3428
2017,tas,female,66,3382
2017,tas,female,67,3353
2017,tas,female,68,3207
2017,tas,female,69,3199
2017,tas,female,70,3305
2017,tas,female,71,2733
2017,tas,female,72,2620
2017,tas,female,73,2443
2017,tas,female,74,2152
2017,tas,female,75,2146
2017,tas,female,76,2009
2017,tas,female,77,1850
2017,tas,female,78,1743
2017,tas,female,79,1680
2017,tas,female,80,1563
2017,tas,female,81,1413
2017,tas,female,82,1254
2017,tas,female,83,1257
2017,tas,female,84,1149
2017,tas,female,85,1075
2017,tas,female,86,1007
2017,tas,female,87,895
2017,tas,female,88,786
2017,tas,female,89,701
2017,tas,female,90,607
2017,tas,female,91,540
2017,tas,female,92,451
2017,tas,female,93,376
2017,tas,female,94,276
2017,tas,female,95,217
2017,tas,female,96,139
2017,tas,female,97,111
2017,tas,female,98,65
2017,tas,female,99,40
2017,tas,female,100,66
2017,tas,male,0,2870
2017,tas,male,1,3187
2017,tas,male,2,3074
2017,tas,male,3,3072
2017,tas,male,4,3150
2017,tas,male,5,3167
2017,tas,male,6,3394
2017,tas,male,7,3366
2017,tas,male,8,3427
2017,tas,male,9,3450
2017,tas,male,10,3418
2017,tas,male,11,3373
2017,tas,male,12,3238
2017,tas,male,13,3101
2017,tas,male,14,3053
2017,tas,male,15,3201
2017,tas,male,16,3289
2017,tas,male,17,3367
2017,tas,male,18,3377
2017,tas,male,19,3246
2017,tas,male,20,3273
2017,tas,male,21,3320
2017,tas,male,22,3547
2017,tas,male,23,3512
2017,tas,male,24,3366
2017,tas,male,25,3319
2017,tas,male,26,3272
2017,tas,male,27,3349
2017,tas,male,28,3151
2017,tas,male,29,3187
2017,tas,male,30,3076
2017,tas,male,31,3171
2017,tas,male,32,3104
2017,tas,male,33,3070
2017,tas,male,34,3097
2017,tas,male,35,3007
2017,tas,male,36,2848
2017,tas,male,37,2833
2017,tas,male,38,2868
2017,tas,male,39,2820
2017,tas,male,40,2803
2017,tas,male,41,2952
2017,tas,male,42,3028
2017,tas,male,43,3117
2017,tas,male,44,3196
2017,tas,male,45,3436
2017,tas,male,46,3551
2017,tas,male,47,3451
2017,tas,male,48,3452
2017,tas,male,49,3279
2017,tas,male,50,3153
2017,tas,male,51,3156
2017,tas,male,52,3329
2017,tas,male,53,3659
2017,tas,male,54,3644
2017,tas,male,55,3802
2017,tas,male,56,3803
2017,tas,male,57,3698
2017,tas,male,58,3670
2017,tas,male,59,3697
2017,tas,male,60,3515
2017,tas,male,61,3609
2017,tas,male,62,3395
2017,tas,male,63,3251
2017,tas,male,64,3399
2017,tas,male,65,3393
2017,tas,male,66,3309
2017,tas,male,67,3210
2017,tas,male,68,3080
2017,tas,male,69,3179
2017,tas,male,70,3348
2017,tas,male,71,2607
2017,tas,male,72,2471
2017,tas,male,73,2447
2017,tas,male,74,2141
2017,tas,male,75,2003
2017,tas,male,76,1852
2017,tas,male,77,1755
2017,tas,male,78,1605
2017,tas,male,79,1474
2017,tas,male,80,1331
2017,tas,male,81,1187
2017,tas,male,82,1049
2017,tas,male,83,991
2017,tas,male,84,860
2017,tas,male,85,806
2017,tas,male,86,737
2017,tas,male,87,623
2017,tas,male,88,487
2017,tas,male,89,431
2017,tas,male,90,358
2017,tas,male,91,268
2017,tas,male,92,206
2017,tas,male,93,162
2017,tas,male,94,125
2017,tas,male,95,100
2017,tas,male,96,58
2017,tas,male,97,39
2017,tas,male,98,21
2017,tas,male,99,15
2017,tas,male,100,17
2017,vic,female,0,37915
2017,vic,female,1,40069
2017,vic,female,2,39333
2017,vic,female,3,39117
2017,vic,female,4,39816
2017,vic,female,5,38934
2017,vic,female,6,38411
2017,vic,female,7,38959
2017,vic,female,8,37951
2017,vic,female,9,37702
2017,vic,female,10,37569
2017,vic,female,11,36122
2017,vic,female,12,34499
2017,vic,female,13,34283
2017,vic,female,14,33914
2017,vic,female,15,33968
2017,vic,female,16,34585
2017,vic,female,17,36231
2017,vic,female,18,37712
2017,vic,female,19,39755
2017,vic,female,20,42023
2017,vic,female,21,43289
2017,vic,female,22,45397
2017,vic,female,23,47281
2017,vic,female,24,47693
2017,vic,female,25,47962
2017,vic,female,26,49581
2017,vic,female,27,50734
2017,vic,female,28,50273
2017,vic,female,29,50396
2017,vic,female,30,49563
2017,vic,female,31,50338
2017,vic,female,32,49918
2017,vic,female,33,49048
2017,vic,female,34,48303
2017,vic,female,35,46911
2017,vic,female,36,45406
2017,vic,female,37,43595
2017,vic,female,38,42159
2017,vic,female,39,41058
2017,vic,female,40,40521
2017,vic,female,41,40744
2017,vic,female,42,41333
2017,vic,female,43,42418
2017,vic,female,44,42871
2017,vic,female,45,44855
2017,vic,female,46,45942
2017,vic,female,47,42858
2017,vic,female,48,42493
2017,vic,female,49,40795
2017,vic,female,50,39278
2017,vic,female,51,39391
2017,vic,female,52,38994
2017,vic,female,53,39946
2017,vic,female,54,39914
2017,vic,female,55,39515
2017,vic,female,56,39516
2017,vic,female,57,38354
2017,vic,female,58,37276
2017,vic,female,59,36816
2017,vic,female,60,35769
2017,vic,female,61,35215
2017,vic,female,62,34074
2017,vic,female,63,33159
2017,vic,female,64,32567
2017,vic,female,65,31449
2017,vic,female,66,31380
2017,vic,female,67,30502
2017,vic,female,68,29381
2017,vic,female,69,29582
2017,vic,female,70,30049
2017,vic,female,71,25121
2017,vic,female,72,23660
2017,vic,female,73,22700
2017,vic,female,74,20360
2017,vic,female,75,20164
2017,vic,female,76,18757
2017,vic,female,77,18200
2017,vic,female,78,17224
2017,vic,female,79,16499
2017,vic,female,80,15374
2017,vic,female,81,14646
2017,vic,female,82,13282
2017,vic,female,83,12683
2017,vic,female,84,11935
2017,vic,female,85,11008
2017,vic,female,86,10613
2017,vic,female,87,9988
2017,vic,female,88,8672
2017,vic,female,89,7834
2017,vic,female,90,6924
2017,vic,female,91,6026
2017,vic,female,92,4831
2017,vic,female,93,4060
2017,vic,female,94,3125
2017,vic,female,95,2382
2017,vic,female,96,1861
2017,vic,female,97,1230
2017,vic,female,98,723
2017,vic,female,99,537
2017,vic,female,100,955
2017,vic,male,0,40194
2017,vic,male,1,42633
2017,vic,male,2,41568
2017,vic,male,3,41303
2017,vic,male,4,42085
2017,vic,male,5,41258
2017,vic,male,6,40706
2017,vic,male,7,40734
2017,vic,male,8,40129
2017,vic,male,9,39989
2017,vic,male,10,39754
2017,vic,male,11,38128
2017,vic,male,12,36609
2017,vic,male,13,36441
2017,vic,male,14,35835
2017,vic,male,15,35662
2017,vic,male,16,36536
2017,vic,male,17,37110
2017,vic,male,18,39370
2017,vic,male,19,42023
2017,vic,male,20,43722
2017,vic,male,21,45161
2017,vic,male,22,48167
2017,vic,male,23,49809
2017,vic,male,24,49471
2017,vic,male,25,49272
2017,vic,male,26,50008
2017,vic,male,27,50377
2017,vic,male,28,49205
2017,vic,male,29,49589
2017,vic,male,30,48927
2017,vic,male,31,48972
2017,vic,male,32,48630
2017,vic,male,33,48096
2017,vic,male,34,47815
2017,vic,male,35,46365
2017,vic,male,36,45210
2017,vic,male,37,43094
2017,vic,male,38,41734
2017,vic,male,39,40954
2017,vic,male,40,40501
2017,vic,male,41,40593
2017,vic,male,42,40532
2017,vic,male,43,41349
2017,vic,male,44,41448
2017,vic,male,45,42646
2017,vic,male,46,42912
2017,vic,male,47,40902
2017,vic,male,48,40239
2017,vic,male,49,39087
2017,vic,male,50,37435
2017,vic,male,51,37547
2017,vic,male,52,37287
2017,vic,male,53,38233
2017,vic,male,54,38595
2017,vic,male,55,38145
2017,vic,male,56,37616
2017,vic,male,57,36314
2017,vic,male,58,35783
2017,vic,male,59,34614
2017,vic,male,60,33635
2017,vic,male,61,33620
2017,vic,male,62,31745
2017,vic,male,63,30714
2017,vic,male,64,30451
2017,vic,male,65,29790
2017,vic,male,66,29279
2017,vic,male,67,28462
2017,vic,male,68,27688
2017,vic,male,69,27807
2017,vic,male,70,28687
2017,vic,male,71,24190
2017,vic,male,72,22227
2017,vic,male,73,20994
2017,vic,male,74,18861
2017,vic,male,75,18715
2017,vic,male,76,17191
2017,vic,male,77,16127
2017,vic,male,78,15044
2017,vic,male,79,13855
2017,vic,male,80,12999
2017,vic,male,81,12008
2017,vic,male,82,10559
2017,vic,male,83,9874
2017,vic,male,84,8806
2017,vic,male,85,7984
2017,vic,male,86,7448
2017,vic,male,87,6733
2017,vic,male,88,5648
2017,vic,male,89,4890
2017,vic,male,90,4038
2017,vic,male,91,3284
2017,vic,male,92,2481
2017,vic,male,93,1944
2017,vic,male,94,1411
2017,vic,male,95,1045
2017,vic,male,96,730
2017,vic,male,97,467
2017,vic,male,98,240
2017,vic,male,99,165
2017,vic,male,100,245
2017,wa,female,0,16768
2017,wa,female,1,17171
2017,wa,female,2,16888
2017,wa,female,3,16925
2017,wa,female,4,16886
2017,wa,female,5,16754
2017,wa,female,6,17009
2017,wa,female,7,16854
2017,wa,female,8,16404
2017,wa,female,9,16848
2017,wa,female,10,16548
2017,wa,female,11,16016
2017,wa,female,12,15109
2017,wa,female,13,14807
2017,wa,female,14,14806
2017,wa,female,15,14612
2017,wa,female,16,14927
2017,wa,female,17,15171
2017,wa,female,18,15249
2017,wa,female,19,15273
2017,wa,female,20,15759
2017,wa,female,21,16003
2017,wa,female,22,16607
2017,wa,female,23,16905
2017,wa,female,24,17698
2017,wa,female,25,17961
2017,wa,female,26,18981
2017,wa,female,27,19753
2017,wa,female,28,19980
2017,wa,female,29,20421
2017,wa,female,30,20667
2017,wa,female,31,20885
2017,wa,female,32,20370
2017,wa,female,33,20268
2017,wa,female,34,19851
2017,wa,female,35,19196
2017,wa,female,36,18662
2017,wa,female,37,17953
2017,wa,female,38,17624
2017,wa,female,39,16963
2017,wa,female,40,16819
2017,wa,female,41,16992
2017,wa,female,42,17055
2017,wa,female,43,17195
2017,wa,female,44,17564
2017,wa,female,45,18495
2017,wa,female,46,18782
2017,wa,female,47,17626
2017,wa,female,48,17582
2017,wa,female,49,16797
2017,wa,female,50,16442
2017,wa,female,51,16399
2017,wa,female,52,16400
2017,wa,female,53,16556
2017,wa,female,54,16717
2017,wa,female,55,16384
2017,wa,female,56,16324
2017,wa,female,57,15855
2017,wa,female,58,15352
2017,wa,female,59,14899
2017,wa,female,60,14561
2017,wa,female,61,14510
2017,wa,female,62,13987
2017,wa,female,63,13430
2017,wa,female,64,13179
2017,wa,female,65,12704
2017,wa,female,66,12328
2017,wa,female,67,11983
2017,wa,female,68,11599
2017,wa,female,69,11368
2017,wa,female,70,11567
2017,wa,female,71,9205
2017,wa,female,72,8757
2017,wa,female,73,8504
2017,wa,female,74,7658
2017,wa,female,75,7549
2017,wa,female,76,7045
2017,wa,female,77,6736
2017,wa,female,78,6403
2017,wa,female,79,5999
2017,wa,female,80,5565
2017,wa,female,81,5233
2017,wa,female,82,4779
2017,wa,female,83,4375
2017,wa,female,84,4211
2017,wa,female,85,3881
2017,wa,female,86,3573
2017,wa,female,87,3263
2017,wa,female,88,2826
2017,wa,female,89,2625
2017,wa,female,90,2255
2017,wa,female,91,1944
2017,wa,female,92,1609
2017,wa,female,93,1291
2017,wa,female,94,1033
2017,wa,female,95,819
2017,wa,female,96,629
2017,wa,female,97,431
2017,wa,female,98,245
2017,wa,female,99,198
2017,wa,female,100,193
2017,wa,male,0,18004
2017,wa,male,1,18387
2017,wa,male,2,17755
2017,wa,male,3,17479
2017,wa,male,4,17807
2017,wa,male,5,17432
2017,wa,male,6,17745
2017,wa,male,7,17653
2017,wa,male,8,17537
2017,wa,male,9,17575
2017,wa,male,10,17451
2017,wa,male,11,16641
2017,wa,male,12,16011
2017,wa,male,13,15812
2017,wa,male,14,15205
2017,wa,male,15,15345
2017,wa,male,16,15726
2017,wa,male,17,15770
2017,wa,male,18,16181
2017,wa,male,19,16177
2017,wa,male,20,16555
2017,wa,male,21,17226
2017,wa,male,22,17885
2017,wa,male,23,17903
2017,wa,male,24,18145
2017,wa,male,25,18685
2017,wa,male,26,19495
2017,wa,male,27,20186
2017,wa,male,28,20256
2017,wa,male,29,20582
2017,wa,male,30,20888
2017,wa,male,31,21232
2017,wa,male,32,20615
2017,wa,male,33,20661
2017,wa,male,34,20453
2017,wa,male,35,19893
2017,wa,male,36,19189
2017,wa,male,37,18330
2017,wa,male,38,17643
2017,wa,male,39,17453
2017,wa,male,40,17207
2017,wa,male,41,17364
2017,wa,male,42,17220
2017,wa,male,43,17515
2017,wa,male,44,18073
2017,wa,male,45,18827
2017,wa,male,46,18770
2017,wa,male,47,17765
2017,wa,male,48,17651
2017,wa,male,49,16860
2017,wa,male,50,16503
2017,wa,male,51,16484
2017,wa,male,52,16309
2017,wa,male,53,16680
2017,wa,male,54,16724
2017,wa,male,55,16371
2017,wa,male,56,16121
2017,wa,male,57,15467
2017,wa,male,58,15013
2017,wa,male,59,14577
2017,wa,male,60,14176
2017,wa,male,61,14174
2017,wa,male,62,13107
2017,wa,male,63,12820
2017,wa,male,64,12605
2017,wa,male,65,12406
2017,wa,male,66,12314
2017,wa,male,67,11639
2017,wa,male,68,11340
2017,wa,male,69,11481
2017,wa,male,70,11482
2017,wa,male,71,9193
2017,wa,male,72,8689
2017,wa,male,73,8320
2017,wa,male,74,7301
2017,wa,male,75,7313
2017,wa,male,76,6384
2017,wa,male,77,6095
2017,wa,male,78,5715
2017,wa,male,79,5249
2017,wa,male,80,4758
2017,wa,male,81,4301
2017,wa,male,82,3932
2017,wa,male,83,3352
2017,wa,male,84,3115
2017,wa,male,85,2763
2017,wa,male,86,2590
2017,wa,male,87,2258
2017,wa,male,88,1888
2017,wa,male,89,1578
2017,wa,male,90,1316
2017,wa,male,91,1061
2017,wa,male,92,801
2017,wa,male,93,614
2017,wa,male,94,418
2017,wa,male,95,309
2017,wa,male,96,221
2017,wa,male,97,155
2017,wa,male,98,77
2017,wa,male,99,73
2017,wa,male,100,51
2018,act,female,0,2598
2018,act,female,1,2701
2018,act,female,2,2788
2018,act,female,3,2811
2018,act,female,4,2719
2018,act,female,5,2843
2018,act,female,6,2729
2018,act,female,7,2671
2018,act,female,8,2712
2018,act,female,9,2549
2018,act,female,10,2467
2018,act,female,11,2426
2018,act,female,12,2368
2018,act,female,13,2215
2018,act,female,14,2103
2018,act,female,15,2248
2018,act,female,16,2335
2018,act,female,17,2424
2018,act,female,18,2672
2018,act,female,19,3013
2018,act,female,20,3262
2018,act,female,21,3294
2018,act,female,22,3441
2018,act,female,23,3821
2018,act,female,24,3895
2018,act,female,25,3615
2018,act,female,26,3611
2018,act,female,27,3751
2018,act,female,28,3709
2018,act,female,29,3687
2018,act,female,30,3640
2018,act,female,31,3682
2018,act,female,32,3710
2018,act,female,33,3738
2018,act,female,34,3677
2018,act,female,35,3511
2018,act,female,36,3589
2018,act,female,37,3408
2018,act,female,38,3307
2018,act,female,39,3073
2018,act,female,40,2893
2018,act,female,41,2921
2018,act,female,42,2801
2018,act,female,43,2858
2018,act,female,44,2880
2018,act,female,45,2976
2018,act,female,46,2977
2018,act,female,47,2960
2018,act,female,48,2764
2018,act,female,49,2716
2018,act,female,50,2498
2018,act,female,51,2434
2018,act,female,52,2567
2018,act,female,53,2472
2018,act,female,54,2475
2018,act,female,55,2416
2018,act,female,56,2522
2018,act,female,57,2400
2018,act,female,58,2305
2018,act,female,59,2283
2018,act,female,60,2201
2018,act,female,61,2128
2018,act,female,62,2094
2018,act,female,63,1971
2018,act,female,64,1894
2018,act,female,65,1935
2018,act,female,66,1919
2018,act,female,67,1856
2018,act,female,68,1793
2018,act,female,69,1755
2018,act,female,70,1769
2018,act,female,71,1788
2018,act,female,72,1434
2018,act,female,73,1326
2018,act,female,74,1265
2018,act,female,75,1109
2018,act,female,76,1101
2018,act,female,77,1002
2018,act,female,78,910
2018,act,female,79,860
2018,act,female,80,831
2018,act,female,81,793
2018,act,female,82,695
2018,act,female,83,644
2018,act,female,84,599
2018,act,female,85,528
2018,act,female,86,483
2018,act,female,87,445
2018,act,female,88,398
2018,act,female,89,378
2018,act,female,90,320
2018,act,female,91,275
2018,act,female,92,280
2018,act,female,93,196
2018,act,female,94,161
2018,act,female,95,134
2018,act,female,96,89
2018,act,female,97,60
2018,act,female,98,44
2018,act,female,99,24
2018,act,female,100,47
2018,act,male,0,2730
2018,act,male,1,2915
2018,act,male,2,2982
2018,act,male,3,3017
2018,act,male,4,2954
2018,act,male,5,2956
2018,act,male,6,2955
2018,act,male,7,2872
2018,act,male,8,2911
2018,act,male,9,2738
2018,act,male,10,2640
2018,act,male,11,2585
2018,act,male,12,2539
2018,act,male,13,2328
2018,act,male,14,2260
2018,act,male,15,2355
2018,act,male,16,2351
2018,act,male,17,2518
2018,act,male,18,2818
2018,act,male,19,3072
2018,act,male,20,3289
2018,act,male,21,3382
2018,act,male,22,3512
2018,act,male,23,3765
2018,act,male,24,3745
2018,act,male,25,3741
2018,act,male,26,3493
2018,act,male,27,3673
2018,act,male,28,3627
2018,act,male,29,3594
2018,act,male,30,3556
2018,act,male,31,3512
2018,act,male,32,3604
2018,act,male,33,3499
2018,act,male,34,3632
2018,act,male,35,3579
2018,act,male,36,3451
2018,act,male,37,3386
2018,act,male,38,3128
2018,act,male,39,3129
2018,act,male,40,2974
2018,act,male,41,2935
2018,act,male,42,2842
2018,act,male,43,2920
2018,act,male,44,2877
2018,act,male,45,2817
2018,act,male,46,2895
2018,act,male,47,2964
2018,act,male,48,2742
2018,act,male,49,2571
2018,act,male,50,2519
2018,act,male,51,2381
2018,act,male,52,2395
2018,act,male,53,2339
2018,act,male,54,2356
2018,act,male,55,2374
2018,act,male,56,2395
2018,act,male,57,2297
2018,act,male,58,2206
2018,act,male,59,2067
2018,act,male,60,2052
2018,act,male,61,1953
2018,act,male,62,1856
2018,act,male,63,1728
2018,act,male,64,1786
2018,act,male,65,1750
2018,act,male,66,1653
2018,act,male,67,1620
2018,act,male,68,1637
2018,act,male,69,1587
2018,act,male,70,1608
2018,act,male,71,1638
2018,act,male,72,1370
2018,act,male,73,1172
2018,act,male,74,1083
2018,act,male,75,968
2018,act,male,76,965
2018,act,male,77,809
2018,act,male,78,808
2018,act,male,79,741
2018,act,male,80,683
2018,act,male,81,595
2018,act,male,82,554
2018,act,male,83,523
2018,act,male,84,433
2018,act,male,85,384
2018,act,male,86,353
2018,act,male,87,354
2018,act,male,88,261
2018,act,male,89,232
2018,act,male,90,191
2018,act,male,91,135
2018,act,male,92,130
2018,act,male,93,98
2018,act,male,94,82
2018,act,male,95,61
2018,act,male,96,35
2018,act,male,97,36
2018,act,male,98,16
2018,act,male,99,8
2018,act,male,100,9
2018,nsw,female,0,47026
2018,nsw,female,1,47621
2018,nsw,female,2,49087
2018,nsw,female,3,48340
2018,nsw,female,4,48894
2018,nsw,female,5,49436
2018,nsw,female,6,49497
2018,nsw,female,7,49321
2018,nsw,female,8,49589
2018,nsw,female,9,48902
2018,nsw,female,10,48976
2018,nsw,female,11,48193
2018,nsw,female,12,46155
2018,nsw,female,13,44584
2018,nsw,female,14,43755
2018,nsw,female,15,43862
2018,nsw,female,16,43616
2018,nsw,female,17,44718
2018,nsw,female,18,46979
2018,nsw,female,19,48494
2018,nsw,female,20,49810
2018,nsw,female,21,50602
2018,nsw,female,22,52409
2018,nsw,female,23,56021
2018,nsw,female,24,57418
2018,nsw,female,25,57477
2018,nsw,female,26,58470
2018,nsw,female,27,60110
2018,nsw,female,28,60904
2018,nsw,female,29,60153
2018,nsw,female,30,59711
2018,nsw,female,31,59533
2018,nsw,female,32,59385
2018,nsw,female,33,58832
2018,nsw,female,34,58897
2018,nsw,female,35,58705
2018,nsw,female,36,56760
2018,nsw,female,37,55423
2018,nsw,female,38,52963
2018,nsw,female,39,51907
2018,nsw,female,40,50834
2018,nsw,female,41,50292
2018,nsw,female,42,50369
2018,nsw,female,43,50458
2018,nsw,female,44,51973
2018,nsw,female,45,53370
2018,nsw,female,46,55162
2018,nsw,female,47,55608
2018,nsw,female,48,51373
2018,nsw,female,49,50894
2018,nsw,female,50,49232
2018,nsw,female,51,47782
2018,nsw,female,52,47850
2018,nsw,female,53,48424
2018,nsw,female,54,50531
2018,nsw,female,55,51417
2018,nsw,female,56,50865
2018,nsw,female,57,50720
2018,nsw,female,58,49133
2018,nsw,female,59,47832
2018,nsw,female,60,47750
2018,nsw,female,61,46206
2018,nsw,female,62,44888
2018,nsw,female,63,43902
2018,nsw,female,64,42617
2018,nsw,female,65,41877
2018,nsw,female,66,40365
2018,nsw,female,67,39876
2018,nsw,female,68,38859
2018,nsw,female,69,37455
2018,nsw,female,70,37588
2018,nsw,female,71,38235
2018,nsw,female,72,32474
2018,nsw,female,73,30831
2018,nsw,female,74,29219
2018,nsw,female,75,26225
2018,nsw,female,76,25374
2018,nsw,female,77,23912
2018,nsw,female,78,22672
2018,nsw,female,79,21642
2018,nsw,female,80,20425
2018,nsw,female,81,19375
2018,nsw,female,82,18113
2018,nsw,female,83,16507
2018,nsw,female,84,14987
2018,nsw,female,85,14150
2018,nsw,female,86,13230
2018,nsw,female,87,12858
2018,nsw,female,88,11660
2018,nsw,female,89,10147
2018,nsw,female,90,8999
2018,nsw,female,91,7831
2018,nsw,female,92,6543
2018,nsw,female,93,5486
2018,nsw,female,94,4236
2018,nsw,female,95,3409
2018,nsw,female,96,2486
2018,nsw,female,97,1804
2018,nsw,female,98,1195
2018,nsw,female,99,726
2018,nsw,female,100,925
2018,nsw,male,0,49769
2018,nsw,male,1,49999
2018,nsw,male,2,52099
2018,nsw,male,3,51166
2018,nsw,male,4,51396
2018,nsw,male,5,52671
2018,nsw,male,6,52459
2018,nsw,male,7,52110
2018,nsw,male,8,52258
2018,nsw,male,9,51531
2018,nsw,male,10,51492
2018,nsw,male,11,51161
2018,nsw,male,12,49094
2018,nsw,male,13,47760
2018,nsw,male,14,46883
2018,nsw,male,15,46561
2018,nsw,male,16,46159
2018,nsw,male,17,47566
2018,nsw,male,18,49937
2018,nsw,male,19,52530
2018,nsw,male,20,53107
2018,nsw,male,21,53676
2018,nsw,male,22,54958
2018,nsw,male,23,58366
2018,nsw,male,24,59255
2018,nsw,male,25,59428
2018,nsw,male,26,59863
2018,nsw,male,27,60350
2018,nsw,male,28,61073
2018,nsw,male,29,59948
2018,nsw,male,30,58897
2018,nsw,male,31,58404
2018,nsw,male,32,58804
2018,nsw,male,33,58583
2018,nsw,male,34,58391
2018,nsw,male,35,58196
2018,nsw,male,36,56980
2018,nsw,male,37,55380
2018,nsw,male,38,52955
2018,nsw,male,39,51187
2018,nsw,male,40,50152
2018,nsw,male,41,49692
2018,nsw,male,42,49943
2018,nsw,male,43,50345
2018,nsw,male,44,51543
2018,nsw,male,45,52168
2018,nsw,male,46,53821
2018,nsw,male,47,53410
2018,nsw,male,48,49636
2018,nsw,male,49,48539
2018,nsw,male,50,46865
2018,nsw,male,51,46371
2018,nsw,male,52,46995
2018,nsw,male,53,47033
2018,nsw,male,54,49112
2018,nsw,male,55,49852
2018,nsw,male,56,49811
2018,nsw,male,57,48959
2018,nsw,male,58,46826
2018,nsw,male,59,45811
2018,nsw,male,60,45001
2018,nsw,male,61,43924
2018,nsw,male,62,42799
2018,nsw,male,63,41246
2018,nsw,male,64,40154
2018,nsw,male,65,39724
2018,nsw,male,66,38142
2018,nsw,male,67,38092
2018,nsw,male,68,37393
2018,nsw,male,69,36145
2018,nsw,male,70,36733
2018,nsw,male,71,37101
2018,nsw,male,72,31286
2018,nsw,male,73,29510
2018,nsw,male,74,27884
2018,nsw,male,75,24471
2018,nsw,male,76,23636
2018,nsw,male,77,21723
2018,nsw,male,78,20505
2018,nsw,male,79,18809
2018,nsw,male,80,17333
2018,nsw,male,81,16264
2018,nsw,male,82,14655
2018,nsw,male,83,12864
2018,nsw,male,84,11701
2018,nsw,male,85,10511
2018,nsw,male,86,9621
2018,nsw,male,87,8695
2018,nsw,male,88,7707
2018,nsw,male,89,6378
2018,nsw,male,90,5418
2018,nsw,male,91,4253
2018,nsw,male,92,3420
2018,nsw,male,93,2563
2018,nsw,male,94,1934
2018,nsw,male,95,1354
2018,nsw,male,96,966
2018,nsw,male,97,619
2018,nsw,male,98,400
2018,nsw,male,99,238
2018,nsw,male,100,305
2018,nt,female,0,1765
2018,nt,female,1,1801
2018,nt,female,2,1898
2018,nt,female,3,1798
2018,nt,female,4,1755
2018,nt,female,5,1846
2018,nt,female,6,1844
2018,nt,female,7,1757
2018,nt,female,8,1757
2018,nt,female,9,1734
2018,nt,female,10,1768
2018,nt,female,11,1629
2018,nt,female,12,1622
2018,nt,female,13,1526
2018,nt,female,14,1506
2018,nt,female,15,1536
2018,nt,female,16,1487
2018,nt,female,17,1405
2018,nt,female,18,1357
2018,nt,female,19,1367
2018,nt,female,20,1388
2018,nt,female,21,1502
2018,nt,female,22,1650
2018,nt,female,23,1836
2018,nt,female,24,1977
2018,nt,female,25,2142
2018,nt,female,26,2305
2018,nt,female,27,2420
2018,nt,female,28,2439
2018,nt,female,29,2394
2018,nt,female,30,2553
2018,nt,female,31,2444
2018,nt,female,32,2342
2018,nt,female,33,2360
2018,nt,female,34,2202
2018,nt,female,35,2147
2018,nt,female,36,2086
2018,nt,female,37,1976
2018,nt,female,38,1876
2018,nt,female,39,1823
2018,nt,female,40,1768
2018,nt,female,41,1660
2018,nt,female,42,1701
2018,nt,female,43,1582
2018,nt,female,44,1624
2018,nt,female,45,1581
2018,nt,female,46,1675
2018,nt,female,47,1752
2018,nt,female,48,1657
2018,nt,female,49,1593
2018,nt,female,50,1567
2018,nt,female,51,1518
2018,nt,female,52,1540
2018,nt,female,53,1397
2018,nt,female,54,1421
2018,nt,female,55,1452
2018,nt,female,56,1410
2018,nt,female,57,1394
2018,nt,female,58,1309
2018,nt,female,59,1242
2018,nt,female,60,1143
2018,nt,female,61,1121
2018,nt,female,62,1039
2018,nt,female,63,998
2018,nt,female,64,921
2018,nt,female,65,890
2018,nt,female,66,794
2018,nt,female,67,765
2018,nt,female,68,680
2018,nt,female,69,612
2018,nt,female,70,582
2018,nt,female,71,543
2018,nt,female,72,443
2018,nt,female,73,384
2018,nt,female,74,369
2018,nt,female,75,323
2018,nt,female,76,309
2018,nt,female,77,293
2018,nt,female,78,258
2018,nt,female,79,190
2018,nt,female,80,185
2018,nt,female,81,167
2018,nt,female,82,147
2018,nt,female,83,136
2018,nt,female,84,118
2018,nt,female,85,92
2018,nt,female,86,88
2018,nt,female,87,82
2018,nt,female,88,65
2018,nt,female,89,69
2018,nt,female,90,46
2018,nt,female,91,42
2018,nt,female,92,31
2018,nt,female,93,26
2018,nt,female,94,21
2018,nt,female,95,12
2018,nt,female,96,9
2018,nt,female,97,8
2018,nt,female,98,4
2018,nt,female,99,0
2018,nt,female,100,6
2018,nt,male,0,1915
2018,nt,male,1,1950
2018,nt,male,2,1951
2018,nt,male,3,1923
2018,nt,male,4,1897
2018,nt,male,5,1843
2018,nt,male,6,1939
2018,nt,male,7,1916
2018,nt,male,8,1903
2018,nt,male,9,1834
2018,nt,male,10,1818
2018,nt,male,11,1758
2018,nt,male,12,1705
2018,nt,male,13,1640
2018,nt,male,14,1613
2018,nt,male,15,1638
2018,nt,male,16,1555
2018,nt,male,17,1595
2018,nt,male,18,1570
2018,nt,male,19,1620
2018,nt,male,20,1834
2018,nt,male,21,1785
2018,nt,male,22,1785
2018,nt,male,23,2002
2018,nt,male,24,2090
2018,nt,male,25,2155
2018,nt,male,26,2286
2018,nt,male,27,2479
2018,nt,male,28,2471
2018,nt,male,29,2356
2018,nt,male,30,2418
2018,nt,male,31,2424
2018,nt,male,32,2427
2018,nt,male,33,2307
2018,nt,male,34,2275
2018,nt,male,35,2282
2018,nt,male,36,2100
2018,nt,male,37,2112
2018,nt,male,38,1904
2018,nt,male,39,1868
2018,nt,male,40,1750
2018,nt,male,41,1816
2018,nt,male,42,1770
2018,nt,male,43,1753
2018,nt,male,44,1772
2018,nt,male,45,1720
2018,nt,male,46,1804
2018,nt,male,47,1936
2018,nt,male,48,1757
2018,nt,male,49,1678
2018,nt,male,50,1600
2018,nt,male,51,1593
2018,nt,male,52,1566
2018,nt,male,53,1519
2018,nt,male,54,1549
2018,nt,male,55,1566
2018,nt,male,56,1518
2018,nt,male,57,1441
2018,nt,male,58,1367
2018,nt,male,59,1292
2018,nt,male,60,1210
2018,nt,male,61,1207
2018,nt,male,62,1178
2018,nt,male,63,1109
2018,nt,male,64,1044
2018,nt,male,65,994
2018,nt,male,66,900
2018,nt,male,67,830
2018,nt,male,68,829
2018,nt,male,69,762
2018,nt,male,70,687
2018,nt,male,71,658
2018,nt,male,72,529
2018,nt,male,73,465
2018,nt,male,74,409
2018,nt,male,75,375
2018,nt,male,76,373
2018,nt,male,77,332
2018,nt,male,78,296
2018,nt,male,79,189
2018,nt,male,80,199
2018,nt,male,81,150
2018,nt,male,82,155
2018,nt,male,83,97
2018,nt,male,84,87
2018,nt,male,85,80
2018,nt,male,86,73
2018,nt,male,87,64
2018,nt,male,88,57
2018,nt,male,89,46
2018,nt,male,90,37
2018,nt,male,91,26
2018,nt,male,92,15
2018,nt,male,93,12
2018,nt,male,94,8
2018,nt,male,95,10
2018,nt,male,96,7
2018,nt,male,97,5
2018,nt,male,98,4
2018,nt,male,99,2
2018,nt,male,100,1
2018,qld,female,0,29408
2018,qld,female,1,29629
2018,qld,female,2,31128
2018,qld,female,3,31163
2018,qld,female,4,31678
2018,qld,female,5,32231
2018,qld,female,6,32433
2018,qld,female,7,32823
2018,qld,female,8,33414
2018,qld,female,9,33131
2018,qld,female,10,33063
2018,qld,female,11,32526
2018,qld,female,12,31873
2018,qld,female,13,30548
2018,qld,female,14,29989
2018,qld,female,15,29530
2018,qld,female,16,29869
2018,qld,female,17,30645
2018,qld,female,18,30890
2018,qld,female,19,31162
2018,qld,female,20,32156
2018,qld,female,21,32868
2018,qld,female,22,33693
2018,qld,female,23,35521
2018,qld,female,24,35480
2018,qld,female,25,35650
2018,qld,female,26,36160
2018,qld,female,27,36444
2018,qld,female,28,36462
2018,qld,female,29,35844
2018,qld,female,30,35560
2018,qld,female,31,35341
2018,qld,female,32,35743
2018,qld,female,33,35814
2018,qld,female,34,35674
2018,qld,female,35,36092
2018,qld,female,36,34408
2018,qld,female,37,34138
2018,qld,female,38,33119
2018,qld,female,39,32331
2018,qld,female,40,32136
2018,qld,female,41,32337
2018,qld,female,42,32679
2018,qld,female,43,32865
2018,qld,female,44,33903
2018,qld,female,45,35179
2018,qld,female,46,36154
2018,qld,female,47,36649
2018,qld,female,48,34336
2018,qld,female,49,33463
2018,qld,female,50,32227
2018,qld,female,51,31811
2018,qld,female,52,31191
2018,qld,female,53,31294
2018,qld,female,54,32498
2018,qld,female,55,32779
2018,qld,female,56,32636
2018,qld,female,57,32172
2018,qld,female,58,30785
2018,qld,female,59,30089
2018,qld,female,60,29539
2018,qld,female,61,28391
2018,qld,female,62,27831
2018,qld,female,63,27006
2018,qld,female,64,26517
2018,qld,female,65,26027
2018,qld,female,66,25364
2018,qld,female,67,25036
2018,qld,female,68,24679
2018,qld,female,69,23757
2018,qld,female,70,23416
2018,qld,female,71,24015
2018,qld,female,72,19994
2018,qld,female,73,19384
2018,qld,female,74,17845
2018,qld,female,75,15883
2018,qld,female,76,15392
2018,qld,female,77,13991
2018,qld,female,78,13248
2018,qld,female,79,12358
2018,qld,female,80,11202
2018,qld,female,81,10654
2018,qld,female,82,9660
2018,qld,female,83,8915
2018,qld,female,84,8027
2018,qld,female,85,7486
2018,qld,female,86,6882
2018,qld,female,87,6672
2018,qld,female,88,5988
2018,qld,female,89,5371
2018,qld,female,90,4727
2018,qld,female,91,3921
2018,qld,female,92,3345
2018,qld,female,93,2729
2018,qld,female,94,2148
2018,qld,female,95,1609
2018,qld,female,96,1272
2018,qld,female,97,952
2018,qld,female,98,606
2018,qld,female,99,350
2018,qld,female,100,612
2018,qld,male,0,31107
2018,qld,male,1,31605
2018,qld,male,2,32549
2018,qld,male,3,32887
2018,qld,male,4,33512
2018,qld,male,5,34001
2018,qld,male,6,34066
2018,qld,male,7,34266
2018,qld,male,8,34909
2018,qld,male,9,35117
2018,qld,male,10,35243
2018,qld,male,11,35012
2018,qld,male,12,33718
2018,qld,male,13,32543
2018,qld,male,14,31668
2018,qld,male,15,30915
2018,qld,male,16,31575
2018,qld,male,17,32341
2018,qld,male,18,32478
2018,qld,male,19,32623
2018,qld,male,20,33053
2018,qld,male,21,33154
2018,qld,male,22,34380
2018,qld,male,23,35758
2018,qld,male,24,36256
2018,qld,male,25,36153
2018,qld,male,26,35609
2018,qld,male,27,36042
2018,qld,male,28,35909
2018,qld,male,29,34755
2018,qld,male,30,34664
2018,qld,male,31,34336
2018,qld,male,32,34650
2018,qld,male,33,34447
2018,qld,male,34,34397
2018,qld,male,35,34804
2018,qld,male,36,33750
2018,qld,male,37,33074
2018,qld,male,38,31784
2018,qld,male,39,31065
2018,qld,male,40,30448
2018,qld,male,41,30944
2018,qld,male,42,31629
2018,qld,male,43,31963
2018,qld,male,44,33286
2018,qld,male,45,34101
2018,qld,male,46,34783
2018,qld,male,47,35140
2018,qld,male,48,32846
2018,qld,male,49,31969
2018,qld,male,50,30939
2018,qld,male,51,30538
2018,qld,male,52,29894
2018,qld,male,53,30248
2018,qld,male,54,31393
2018,qld,male,55,31291
2018,qld,male,56,31164
2018,qld,male,57,30865
2018,qld,male,58,29681
2018,qld,male,59,28823
2018,qld,male,60,27975
2018,qld,male,61,27260
2018,qld,male,62,26767
2018,qld,male,63,25750
2018,qld,male,64,25002
2018,qld,male,65,25109
2018,qld,male,66,24785
2018,qld,male,67,24364
2018,qld,male,68,23793
2018,qld,male,69,23382
2018,qld,male,70,23190
2018,qld,male,71,23742
2018,qld,male,72,19888
2018,qld,male,73,18955
2018,qld,male,74,17355
2018,qld,male,75,15194
2018,qld,male,76,14780
2018,qld,male,77,13333
2018,qld,male,78,12364
2018,qld,male,79,11216
2018,qld,male,80,10180
2018,qld,male,81,9275
2018,qld,male,82,8281
2018,qld,male,83,7126
2018,qld,male,84,6361
2018,qld,male,85,5624
2018,qld,male,86,5157
2018,qld,male,87,4562
2018,qld,male,88,4036
2018,qld,male,89,3266
2018,qld,male,90,2689
2018,qld,male,91,2135
2018,qld,male,92,1739
2018,qld,male,93,1268
2018,qld,male,94,937
2018,qld,male,95,672
2018,qld,male,96,482
2018,qld,male,97,358
2018,qld,male,98,235
2018,qld,male,99,112
2018,qld,male,100,189
2018,sa,female,0,9157
2018,sa,female,1,9431
2018,sa,female,2,10150
2018,sa,female,3,9919
2018,sa,female,4,10096
2018,sa,female,5,10204
2018,sa,female,6,10371
2018,sa,female,7,10194
2018,sa,female,8,10217
2018,sa,female,9,10334
2018,sa,female,10,10447
2018,sa,female,11,10338
2018,sa,female,12,9804
2018,sa,female,13,9620
2018,sa,female,14,9521
2018,sa,female,15,9487
2018,sa,female,16,9660
2018,sa,female,17,10065
2018,sa,female,18,10316
2018,sa,female,19,10683
2018,sa,female,20,10903
2018,sa,female,21,11107
2018,sa,female,22,11265
2018,sa,female,23,11525
2018,sa,female,24,11554
2018,sa,female,25,11543
2018,sa,female,26,11557
2018,sa,female,27,11583
2018,sa,female,28,11786
2018,sa,female,29,11685
2018,sa,female,30,11743
2018,sa,female,31,11850
2018,sa,female,32,11935
2018,sa,female,33,11857
2018,sa,female,34,11967
2018,sa,female,35,11660
2018,sa,female,36,11470
2018,sa,female,37,11170
2018,sa,female,38,10744
2018,sa,female,39,10530
2018,sa,female,40,10358
2018,sa,female,41,10493
2018,sa,female,42,10369
2018,sa,female,43,10540
2018,sa,female,44,10762
2018,sa,female,45,11240
2018,sa,female,46,11895
2018,sa,female,47,12164
2018,sa,female,48,11723
2018,sa,female,49,11606
2018,sa,female,50,11371
2018,sa,female,51,11049
2018,sa,female,52,11238
2018,sa,female,53,11365
2018,sa,female,54,11637
2018,sa,female,55,11796
2018,sa,female,56,11797
2018,sa,female,57,11941
2018,sa,female,58,11717
2018,sa,female,59,11583
2018,sa,female,60,11117
2018,sa,female,61,11104
2018,sa,female,62,10845
2018,sa,female,63,10419
2018,sa,female,64,10414
2018,sa,female,65,10335
2018,sa,female,66,10077
2018,sa,female,67,10128
2018,sa,female,68,9805
2018,sa,female,69,9524
2018,sa,female,70,9415
2018,sa,female,71,9886
2018,sa,female,72,8217
2018,sa,female,73,7810
2018,sa,female,74,7252
2018,sa,female,75,6690
2018,sa,female,76,6360
2018,sa,female,77,5938
2018,sa,female,78,5736
2018,sa,female,79,5551
2018,sa,female,80,5129
2018,sa,female,81,4826
2018,sa,female,82,4453
2018,sa,female,83,4137
2018,sa,female,84,3841
2018,sa,female,85,3620
2018,sa,female,86,3434
2018,sa,female,87,3358
2018,sa,female,88,3005
2018,sa,female,89,2693
2018,sa,female,90,2377
2018,sa,female,91,2075
2018,sa,female,92,1837
2018,sa,female,93,1535
2018,sa,female,94,1122
2018,sa,female,95,908
2018,sa,female,96,721
2018,sa,female,97,512
2018,sa,female,98,307
2018,sa,female,99,173
2018,sa,female,100,325
2018,sa,male,0,9822
2018,sa,male,1,10076
2018,sa,male,2,10604
2018,sa,male,3,10436
2018,sa,male,4,10624
2018,sa,male,5,10791
2018,sa,male,6,10930
2018,sa,male,7,10731
2018,sa,male,8,10984
2018,sa,male,9,10769
2018,sa,male,10,10749
2018,sa,male,11,10646
2018,sa,male,12,10416
2018,sa,male,13,10070
2018,sa,male,14,10118
2018,sa,male,15,9971
2018,sa,male,16,10138
2018,sa,male,17,10398
2018,sa,male,18,10997
2018,sa,male,19,11376
2018,sa,male,20,11454
2018,sa,male,21,11626
2018,sa,male,22,12096
2018,sa,male,23,12441
2018,sa,male,24,11988
2018,sa,male,25,11881
2018,sa,male,26,11726
2018,sa,male,27,11846
2018,sa,male,28,11736
2018,sa,male,29,11744
2018,sa,male,30,11547
2018,sa,male,31,11555
2018,sa,male,32,11775
2018,sa,male,33,11758
2018,sa,male,34,11851
2018,sa,male,35,11654
2018,sa,male,36,11220
2018,sa,male,37,11026
2018,sa,male,38,10552
2018,sa,male,39,10384
2018,sa,male,40,10229
2018,sa,male,41,10425
2018,sa,male,42,10502
2018,sa,male,43,10640
2018,sa,male,44,10785
2018,sa,male,45,11051
2018,sa,male,46,11634
2018,sa,male,47,11901
2018,sa,male,48,11466
2018,sa,male,49,11342
2018,sa,male,50,11143
2018,sa,male,51,10764
2018,sa,male,52,10943
2018,sa,male,53,11084
2018,sa,male,54,11388
2018,sa,male,55,11524
2018,sa,male,56,11399
2018,sa,male,57,11620
2018,sa,male,58,11168
2018,sa,male,59,10916
2018,sa,male,60,10700
2018,sa,male,61,10363
2018,sa,male,62,10167
2018,sa,male,63,10008
2018,sa,male,64,9649
2018,sa,male,65,9661
2018,sa,male,66,9368
2018,sa,male,67,9262
2018,sa,male,68,9257
2018,sa,male,69,8978
2018,sa,male,70,8905
2018,sa,male,71,9296
2018,sa,male,72,7625
2018,sa,male,73,7164
2018,sa,male,74,6641
2018,sa,male,75,6083
2018,sa,male,76,5731
2018,sa,male,77,5180
2018,sa,male,78,4896
2018,sa,male,79,4691
2018,sa,male,80,4301
2018,sa,male,81,4069
2018,sa,male,82,3581
2018,sa,male,83,3195
2018,sa,male,84,3020
2018,sa,male,85,2732
2018,sa,male,86,2419
2018,sa,male,87,2156
2018,sa,male,88,2062
2018,sa,male,89,1669
2018,sa,male,90,1420
2018,sa,male,91,1109
2018,sa,male,92,960
2018,sa,male,93,690
2018,sa,male,94,501
2018,sa,male,95,355
2018,sa,male,96,262
2018,sa,male,97,162
2018,sa,male,98,125
2018,sa,male,99,72
2018,sa,male,100,119
2018,tas,female,0,2654
2018,tas,female,1,2838
2018,tas,female,2,2922
2018,tas,female,3,2942
2018,tas,female,4,3019
2018,tas,female,5,3051
2018,tas,female,6,3090
2018,tas,female,7,3122
2018,tas,female,8,3102
2018,tas,female,9,3323
2018,tas,female,10,3269
2018,tas,female,11,3253
2018,tas,female,12,3130
2018,tas,female,13,3028
2018,tas,female,14,2892
2018,tas,female,15,2940
2018,tas,female,16,3001
2018,tas,female,17,3083
2018,tas,female,18,3059
2018,tas,female,19,3151
2018,tas,female,20,3001
2018,tas,female,21,3098
2018,tas,female,22,3196
2018,tas,female,23,3275
2018,tas,female,24,3307
2018,tas,female,25,3369
2018,tas,female,26,3452
2018,tas,female,27,3513
2018,tas,female,28,3435
2018,tas,female,29,3363
2018,tas,female,30,3373
2018,tas,female,31,3306
2018,tas,female,32,3359
2018,tas,female,33,3400
2018,tas,female,34,3288
2018,tas,female,35,3152
2018,tas,female,36,3250
2018,tas,female,37,3244
2018,tas,female,38,3074
2018,tas,female,39,3073
2018,tas,female,40,3093
2018,tas,female,41,2973
2018,tas,female,42,3071
2018,tas,female,43,3201
2018,tas,female,44,3280
2018,tas,female,45,3479
2018,tas,female,46,3699
2018,tas,female,47,3829
2018,tas,female,48,3597
2018,tas,female,49,3650
2018,tas,female,50,3546
2018,tas,female,51,3510
2018,tas,female,52,3423
2018,tas,female,53,3564
2018,tas,female,54,3828
2018,tas,female,55,3836
2018,tas,female,56,3945
2018,tas,female,57,4081
2018,tas,female,58,3982
2018,tas,female,59,3901
2018,tas,female,60,3730
2018,tas,female,61,3788
2018,tas,female,62,3649
2018,tas,female,63,3528
2018,tas,female,64,3598
2018,tas,female,65,3522
2018,tas,female,66,3436
2018,tas,female,67,3390
2018,tas,female,68,3360
2018,tas,female,69,3215
2018,tas,female,70,3186
2018,tas,female,71,3293
2018,tas,female,72,2706
2018,tas,female,73,2571
2018,tas,female,74,2412
2018,tas,female,75,2108
2018,tas,female,76,2087
2018,tas,female,77,1959
2018,tas,female,78,1810
2018,tas,female,79,1695
2018,tas,female,80,1621
2018,tas,female,81,1509
2018,tas,female,82,1343
2018,tas,female,83,1196
2018,tas,female,84,1185
2018,tas,female,85,1090
2018,tas,female,86,984
2018,tas,female,87,916
2018,tas,female,88,791
2018,tas,female,89,715
2018,tas,female,90,613
2018,tas,female,91,517
2018,tas,female,92,461
2018,tas,female,93,344
2018,tas,female,94,302
2018,tas,female,95,229
2018,tas,female,96,156
2018,tas,female,97,101
2018,tas,female,98,76
2018,tas,female,99,45
2018,tas,female,100,61
2018,tas,male,0,2798
2018,tas,male,1,2941
2018,tas,male,2,3248
2018,tas,male,3,3145
2018,tas,male,4,3180
2018,tas,male,5,3221
2018,tas,male,6,3193
2018,tas,male,7,3422
2018,tas,male,8,3399
2018,tas,male,9,3468
2018,tas,male,10,3478
2018,tas,male,11,3462
2018,tas,male,12,3390
2018,tas,male,13,3271
2018,tas,male,14,3124
2018,tas,male,15,3078
2018,tas,male,16,3206
2018,tas,male,17,3290
2018,tas,male,18,3355
2018,tas,male,19,3369
2018,tas,male,20,3262
2018,tas,male,21,3320
2018,tas,male,22,3418
2018,tas,male,23,3676
2018,tas,male,24,3638
2018,tas,male,25,3467
2018,tas,male,26,3501
2018,tas,male,27,3484
2018,tas,male,28,3520
2018,tas,male,29,3367
2018,tas,male,30,3309
2018,tas,male,31,3283
2018,tas,male,32,3331
2018,tas,male,33,3263
2018,tas,male,34,3206
2018,tas,male,35,3210
2018,tas,male,36,3124
2018,tas,male,37,2944
2018,tas,male,38,2902
2018,tas,male,39,2946
2018,tas,male,40,2865
2018,tas,male,41,2846
2018,tas,male,42,3026
2018,tas,male,43,3084
2018,tas,male,44,3153
2018,tas,male,45,3233
2018,tas,male,46,3467
2018,tas,male,47,3596
2018,tas,male,48,3492
2018,tas,male,49,3471
2018,tas,male,50,3324
2018,tas,male,51,3222
2018,tas,male,52,3190
2018,tas,male,53,3360
2018,tas,male,54,3675
2018,tas,male,55,3688
2018,tas,male,56,3856
2018,tas,male,57,3831
2018,tas,male,58,3719
2018,tas,male,59,3696
2018,tas,male,60,3700
2018,tas,male,61,3523
2018,tas,male,62,3641
2018,tas,male,63,3423
2018,tas,male,64,3258
2018,tas,male,65,3396
2018,tas,male,66,3390
2018,tas,male,67,3290
2018,tas,male,68,3229
2018,tas,male,69,3065
2018,tas,male,70,3144
2018,tas,male,71,3329
2018,tas,male,72,2571
2018,tas,male,73,2423
2018,tas,male,74,2385
2018,tas,male,75,2085
2018,tas,male,76,1954
2018,tas,male,77,1793
2018,tas,male,78,1694
2018,tas,male,79,1547
2018,tas,male,80,1419
2018,tas,male,81,1283
2018,tas,male,82,1108
2018,tas,male,83,977
2018,tas,male,84,919
2018,tas,male,85,798
2018,tas,male,86,731
2018,tas,male,87,657
2018,tas,male,88,528
2018,tas,male,89,415
2018,tas,male,90,358
2018,tas,male,91,293
2018,tas,male,92,215
2018,tas,male,93,169
2018,tas,male,94,126
2018,tas,male,95,90
2018,tas,male,96,78
2018,tas,male,97,41
2018,tas,male,98,28
2018,tas,male,99,11
2018,tas,male,100,21
2018,vic,female,0,37748
2018,vic,female,1,38361
2018,vic,female,2,40298
2018,vic,female,3,39653
2018,vic,female,4,39437
2018,vic,female,5,40224
2018,vic,female,6,39312
2018,vic,female,7,38697
2018,vic,female,8,39268
2018,vic,female,9,38224
2018,vic,female,10,38054
2018,vic,female,11,37848
2018,vic,female,12,36431
2018,vic,female,13,34786
2018,vic,female,14,34577
2018,vic,female,15,34399
2018,vic,female,16,34578
2018,vic,female,17,35474
2018,vic,female,18,38469
2018,vic,female,19,40298
2018,vic,female,20,41639
2018,vic,female,21,43628
2018,vic,female,22,45518
2018,vic,female,23,48688
2018,vic,female,24,49366
2018,vic,female,25,49232
2018,vic,female,26,49811
2018,vic,female,27,51173
2018,vic,female,28,52115
2018,vic,female,29,51517
2018,vic,female,30,51580
2018,vic,female,31,50653
2018,vic,female,32,51159
2018,vic,female,33,50798
2018,vic,female,34,49710
2018,vic,female,35,48986
2018,vic,female,36,47572
2018,vic,female,37,45942
2018,vic,female,38,44051
2018,vic,female,39,42665
2018,vic,female,40,41540
2018,vic,female,41,40976
2018,vic,female,42,41007
2018,vic,female,43,41687
2018,vic,female,44,42635
2018,vic,female,45,42987
2018,vic,female,46,45025
2018,vic,female,47,46070
2018,vic,female,48,42913
2018,vic,female,49,42518
2018,vic,female,50,40709
2018,vic,female,51,39223
2018,vic,female,52,39246
2018,vic,female,53,38983
2018,vic,female,54,39971
2018,vic,female,55,39910
2018,vic,female,56,39526
2018,vic,female,57,39443
2018,vic,female,58,38318
2018,vic,female,59,37294
2018,vic,female,60,36722
2018,vic,female,61,35718
2018,vic,female,62,35049
2018,vic,female,63,33935
2018,vic,female,64,33022
2018,vic,female,65,32475
2018,vic,female,66,31366
2018,vic,female,67,31193
2018,vic,female,68,30380
2018,vic,female,69,29202
2018,vic,female,70,29374
2018,vic,female,71,29774
2018,vic,female,72,24800
2018,vic,female,73,23373
2018,vic,female,74,22325
2018,vic,female,75,20044
2018,vic,female,76,19760
2018,vic,female,77,18287
2018,vic,female,78,17739
2018,vic,female,79,16799
2018,vic,female,80,16054
2018,vic,female,81,14863
2018,vic,female,82,14053
2018,vic,female,83,12726
2018,vic,female,84,12050
2018,vic,female,85,11242
2018,vic,female,86,10258
2018,vic,female,87,9754
2018,vic,female,88,9149
2018,vic,female,89,7845
2018,vic,female,90,7014
2018,vic,female,91,5986
2018,vic,female,92,5138
2018,vic,female,93,4021
2018,vic,female,94,3318
2018,vic,female,95,2443
2018,vic,female,96,1851
2018,vic,female,97,1411
2018,vic,female,98,875
2018,vic,female,99,525
2018,vic,female,100,982
2018,vic,male,0,40138
2018,vic,male,1,40589
2018,vic,male,2,42796
2018,vic,male,3,41882
2018,vic,male,4,41832
2018,vic,male,5,42504
2018,vic,male,6,41564
2018,vic,male,7,40983
2018,vic,male,8,41055
2018,vic,male,9,40507
2018,vic,male,10,40367
2018,vic,male,11,40060
2018,vic,male,12,38451
2018,vic,male,13,36999
2018,vic,male,14,36769
2018,vic,male,15,36326
2018,vic,male,16,36306
2018,vic,male,17,37435
2018,vic,male,18,39649
2018,vic,male,19,42572
2018,vic,male,20,44195
2018,vic,male,21,45660
2018,vic,male,22,48213
2018,vic,male,23,51877
2018,vic,male,24,52568
2018,vic,male,25,51245
2018,vic,male,26,50684
2018,vic,male,27,51216
2018,vic,male,28,51367
2018,vic,male,29,50257
2018,vic,male,30,50450
2018,vic,male,31,49847
2018,vic,male,32,49876
2018,vic,male,33,49434
2018,vic,male,34,48941
2018,vic,male,35,48662
2018,vic,male,36,47015
2018,vic,male,37,45640
2018,vic,male,38,43454
2018,vic,male,39,42081
2018,vic,male,40,41202
2018,vic,male,41,40649
2018,vic,male,42,40812
2018,vic,male,43,40655
2018,vic,male,44,41413
2018,vic,male,45,41627
2018,vic,male,46,42784
2018,vic,male,47,43077
2018,vic,male,48,40990
2018,vic,male,49,40317
2018,vic,male,50,39088
2018,vic,male,51,37438
2018,vic,male,52,37521
2018,vic,male,53,37362
2018,vic,male,54,38131
2018,vic,male,55,38559
2018,vic,male,56,38030
2018,vic,male,57,37499
2018,vic,male,58,36114
2018,vic,male,59,35596
2018,vic,male,60,34387
2018,vic,male,61,33440
2018,vic,male,62,33291
2018,vic,male,63,31516
2018,vic,male,64,30453
2018,vic,male,65,30158
2018,vic,male,66,29393
2018,vic,male,67,28865
2018,vic,male,68,28077
2018,vic,male,69,27245
2018,vic,male,70,27436
2018,vic,male,71,28206
2018,vic,male,72,23675
2018,vic,male,73,21773
2018,vic,male,74,20486
2018,vic,male,75,18395
2018,vic,male,76,18198
2018,vic,male,77,16675
2018,vic,male,78,15544
2018,vic,male,79,14505
2018,vic,male,80,13331
2018,vic,male,81,12403
2018,vic,male,82,11336
2018,vic,male,83,9885
2018,vic,male,84,9257
2018,vic,male,85,8146
2018,vic,male,86,7238
2018,vic,male,87,6735
2018,vic,male,88,5996
2018,vic,male,89,4941
2018,vic,male,90,4149
2018,vic,male,91,3428
2018,vic,male,92,2661
2018,vic,male,93,2016
2018,vic,male,94,1538
2018,vic,male,95,1072
2018,vic,male,96,781
2018,vic,male,97,517
2018,vic,male,98,326
2018,vic,male,99,164
2018,vic,male,100,255
2018,wa,female,0,16467
2018,wa,female,1,16767
2018,wa,female,2,17141
2018,wa,female,3,16897
2018,wa,female,4,17003
2018,wa,female,5,17023
2018,wa,female,6,16935
2018,wa,female,7,17117
2018,wa,female,8,16967
2018,wa,female,9,16554
2018,wa,female,10,17029
2018,wa,female,11,16706
2018,wa,female,12,16129
2018,wa,female,13,15170
2018,wa,female,14,14907
2018,wa,female,15,14866
2018,wa,female,16,14705
2018,wa,female,17,14924
2018,wa,female,18,15272
2018,wa,female,19,15545
2018,wa,female,20,15634
2018,wa,female,21,15953
2018,wa,female,22,16187
2018,wa,female,23,16826
2018,wa,female,24,17188
2018,wa,female,25,18011
2018,wa,female,26,18265
2018,wa,female,27,19238
2018,wa,female,28,19904
2018,wa,female,29,20097
2018,wa,female,30,20435
2018,wa,female,31,20653
2018,wa,female,32,20821
2018,wa,female,33,20435
2018,wa,female,34,20327
2018,wa,female,35,19983
2018,wa,female,36,19267
2018,wa,female,37,18849
2018,wa,female,38,18086
2018,wa,female,39,17783
2018,wa,female,40,17104
2018,wa,female,41,16992
2018,wa,female,42,17071
2018,wa,female,43,17215
2018,wa,female,44,17241
2018,wa,female,45,17632
2018,wa,female,46,18529
2018,wa,female,47,18831
2018,wa,female,48,17662
2018,wa,female,49,17580
2018,wa,female,50,16777
2018,wa,female,51,16403
2018,wa,female,52,16404
2018,wa,female,53,16404
2018,wa,female,54,16578
2018,wa,female,55,16672
2018,wa,female,56,16386
2018,wa,female,57,16289
2018,wa,female,58,15832
2018,wa,female,59,15373
2018,wa,female,60,14898
2018,wa,female,61,14540
2018,wa,female,62,14509
2018,wa,female,63,13996
2018,wa,female,64,13451
2018,wa,female,65,13187
2018,wa,female,66,12701
2018,wa,female,67,12336
2018,wa,female,68,11984
2018,wa,female,69,11653
2018,wa,female,70,11377
2018,wa,female,71,11534
2018,wa,female,72,9154
2018,wa,female,73,8715
2018,wa,female,74,8437
2018,wa,female,75,7547
2018,wa,female,76,7435
2018,wa,female,77,6911
2018,wa,female,78,6578
2018,wa,female,79,6291
2018,wa,female,80,5875
2018,wa,female,81,5411
2018,wa,female,82,5041
2018,wa,female,83,4602
2018,wa,female,84,4176
2018,wa,female,85,3998
2018,wa,female,86,3631
2018,wa,female,87,3336
2018,wa,female,88,3012
2018,wa,female,89,2569
2018,wa,female,90,2361
2018,wa,female,91,1948
2018,wa,female,92,1713
2018,wa,female,93,1369
2018,wa,female,94,1075
2018,wa,female,95,835
2018,wa,female,96,635
2018,wa,female,97,474
2018,wa,female,98,303
2018,wa,female,99,182
2018,wa,female,100,243
2018,wa,male,0,17371
2018,wa,male,1,17940
2018,wa,male,2,18397
2018,wa,male,3,17864
2018,wa,male,4,17648
2018,wa,male,5,17967
2018,wa,male,6,17656
2018,wa,male,7,17903
2018,wa,male,8,17839
2018,wa,male,9,17731
2018,wa,male,10,17789
2018,wa,male,11,17640
2018,wa,male,12,16811
2018,wa,male,13,16194
2018,wa,male,14,15905
2018,wa,male,15,15316
2018,wa,male,16,15444
2018,wa,male,17,15885
2018,wa,male,18,16006
2018,wa,male,19,16612
2018,wa,male,20,16621
2018,wa,male,21,16777
2018,wa,male,22,17340
2018,wa,male,23,18041
2018,wa,male,24,17974
2018,wa,male,25,18113
2018,wa,male,26,18720
2018,wa,male,27,19332
2018,wa,male,28,20040
2018,wa,male,29,20193
2018,wa,male,30,20407
2018,wa,male,31,20695
2018,wa,male,32,20997
2018,wa,male,33,20570
2018,wa,male,34,20621
2018,wa,male,35,20398
2018,wa,male,36,19852
2018,wa,male,37,19139
2018,wa,male,38,18259
2018,wa,male,39,17698
2018,wa,male,40,17477
2018,wa,male,41,17162
2018,wa,male,42,17371
2018,wa,male,43,17263
2018,wa,male,44,17552
2018,wa,male,45,18089
2018,wa,male,46,18831
2018,wa,male,47,18865
2018,wa,male,48,17839
2018,wa,male,49,17687
2018,wa,male,50,16868
2018,wa,male,51,16463
2018,wa,male,52,16494
2018,wa,male,53,16340
2018,wa,male,54,16680
2018,wa,male,55,16710
2018,wa,male,56,16295
2018,wa,male,57,16093
2018,wa,male,58,15435
2018,wa,male,59,14959
2018,wa,male,60,14505
2018,wa,male,61,14124
2018,wa,male,62,14120
2018,wa,male,63,13061
2018,wa,male,64,12737
2018,wa,male,65,12512
2018,wa,male,66,12279
2018,wa,male,67,12196
2018,wa,male,68,11591
2018,wa,male,69,11267
2018,wa,male,70,11380
2018,wa,male,71,11418
2018,wa,male,72,9088
2018,wa,male,73,8558
2018,wa,male,74,8199
2018,wa,male,75,7152
2018,wa,male,76,7160
2018,wa,male,77,6211
2018,wa,male,78,5946
2018,wa,male,79,5507
2018,wa,male,80,5055
2018,wa,male,81,4572
2018,wa,male,82,4086
2018,wa,male,83,3736
2018,wa,male,84,3121
2018,wa,male,85,2899
2018,wa,male,86,2523
2018,wa,male,87,2337
2018,wa,male,88,2026
2018,wa,male,89,1672
2018,wa,male,90,1362
2018,wa,male,91,1126
2018,wa,male,92,894
2018,wa,male,93,669
2018,wa,male,94,510
2018,wa,male,95,312
2018,wa,male,96,238
2018,wa,male,97,161
2018,wa,male,98,114
2018,wa,male,99,55
2018,wa,male,100,71
2019,act,female,0,2624
2019,act,female,1,2601
2019,act,female,2,2720
2019,act,female,3,2842
2019,act,female,4,2833
2019,act,female,5,2796
2019,act,female,6,2879
2019,act,female,7,2737
2019,act,female,8,2698
2019,act,female,9,2739
2019,act,female,10,2572
2019,act,female,11,2503
2019,act,female,12,2442
2019,act,female,13,2378
2019,act,female,14,2193
2019,act,female,15,2096
2019,act,female,16,2346
2019,act,female,17,2488
2019,act,female,18,2682
2019,act,female,19,2954
2019,act,female,20,3206
2019,act,female,21,3441
2019,act,female,22,3548
2019,act,female,23,3690
2019,act,female,24,3893
2019,act,female,25,3924
2019,act,female,26,3769
2019,act,female,27,3803
2019,act,female,28,3870
2019,act,female,29,3828
2019,act,female,30,3762
2019,act,female,31,3709
2019,act,female,32,3745
2019,act,female,33,3758
2019,act,female,34,3781
2019,act,female,35,3736
2019,act,female,36,3584
2019,act,female,37,3620
2019,act,female,38,3484
2019,act,female,39,3347
2019,act,female,40,3096
2019,act,female,41,2902
2019,act,female,42,2918
2019,act,female,43,2807
2019,act,female,44,2914
2019,act,female,45,2897
2019,act,female,46,2995
2019,act,female,47,2982
2019,act,female,48,2957
2019,act,female,49,2778
2019,act,female,50,2710
2019,act,female,51,2503
2019,act,female,52,2443
2019,act,female,53,2545
2019,act,female,54,2455
2019,act,female,55,2480
2019,act,female,56,2401
2019,act,female,57,2499
2019,act,female,58,2405
2019,act,female,59,2305
2019,act,female,60,2269
2019,act,female,61,2181
2019,act,female,62,2113
2019,act,female,63,2062
2019,act,female,64,1928
2019,act,female,65,1889
2019,act,female,66,1913
2019,act,female,67,1919
2019,act,female,68,1851
2019,act,female,69,1797
2019,act,female,70,1741
2019,act,female,71,1749
2019,act,female,72,1785
2019,act,female,73,1428
2019,act,female,74,1302
2019,act,female,75,1259
2019,act,female,76,1086
2019,act,female,77,1086
2019,act,female,78,982
2019,act,female,79,896
2019,act,female,80,843
2019,act,female,81,805
2019,act,female,82,771
2019,act,female,83,667
2019,act,female,84,620
2019,act,female,85,564
2019,act,female,86,504
2019,act,female,87,451
2019,act,female,88,405
2019,act,female,89,365
2019,act,female,90,336
2019,act,female,91,287
2019,act,female,92,242
2019,act,female,93,234
2019,act,female,94,160
2019,act,female,95,121
2019,act,female,96,96
2019,act,female,97,67
2019,act,female,98,44
2019,act,female,99,32
2019,act,female,100,45
2019,act,male,0,2724
2019,act,male,1,2713
2019,act,male,2,2919
2019,act,male,3,2995
2019,act,male,4,3042
2019,act,male,5,2987
2019,act,male,6,2977
2019,act,male,7,2927
2019,act,male,8,2892
2019,act,male,9,2918
2019,act,male,10,2748
2019,act,male,11,2678
2019,act,male,12,2631
2019,act,male,13,2571
2019,act,male,14,2334
2019,act,male,15,2266
2019,act,male,16,2443
2019,act,male,17,2492
2019,act,male,18,2775
2019,act,male,19,3104
2019,act,male,20,3323
2019,act,male,21,3432
2019,act,male,22,3517
2019,act,male,23,3737
2019,act,male,24,3900
2019,act,male,25,3813
2019,act,male,26,3802
2019,act,male,27,3655
2019,act,male,28,3753
2019,act,male,29,3766
2019,act,male,30,3664
2019,act,male,31,3572
2019,act,male,32,3607
2019,act,male,33,3663
2019,act,male,34,3564
2019,act,male,35,3708
2019,act,male,36,3670
2019,act,male,37,3531
2019,act,male,38,3430
2019,act,male,39,3126
2019,act,male,40,3155
2019,act,male,41,2973
2019,act,male,42,2897
2019,act,male,43,2854
2019,act,male,44,2919
2019,act,male,45,2856
2019,act,male,46,2827
2019,act,male,47,2918
2019,act,male,48,2994
2019,act,male,49,2752
2019,act,male,50,2573
2019,act,male,51,2521
2019,act,male,52,2396
2019,act,male,53,2386
2019,act,male,54,2349
2019,act,male,55,2329
2019,act,male,56,2363
2019,act,male,57,2362
2019,act,male,58,2262
2019,act,male,59,2185
2019,act,male,60,2016
2019,act,male,61,1993
2019,act,male,62,1912
2019,act,male,63,1833
2019,act,male,64,1697
2019,act,male,65,1751
2019,act,male,66,1729
2019,act,male,67,1615
2019,act,male,68,1601
2019,act,male,69,1620
2019,act,male,70,1571
2019,act,male,71,1581
2019,act,male,72,1610
2019,act,male,73,1335
2019,act,male,74,1164
2019,act,male,75,1069
2019,act,male,76,947
2019,act,male,77,937
2019,act,male,78,791
2019,act,male,79,765
2019,act,male,80,719
2019,act,male,81,658
2019,act,male,82,564
2019,act,male,83,519
2019,act,male,84,501
2019,act,male,85,405
2019,act,male,86,339
2019,act,male,87,314
2019,act,male,88,322
2019,act,male,89,240
2019,act,male,90,205
2019,act,male,91,161
2019,act,male,92,111
2019,act,male,93,106
2019,act,male,94,85
2019,act,male,95,68
2019,act,male,96,47
2019,act,male,97,29
2019,act,male,98,30
2019,act,male,99,10
2019,act,male,100,12
2019,nsw,female,0,46981
2019,nsw,female,1,46779
2019,nsw,female,2,47683
2019,nsw,female,3,48971
2019,nsw,female,4,48371
2019,nsw,female,5,49079
2019,nsw,female,6,49532
2019,nsw,female,7,49721
2019,nsw,female,8,49426
2019,nsw,female,9,49840
2019,nsw,female,10,49150
2019,nsw,female,11,49168
2019,nsw,female,12,48339
2019,nsw,female,13,46334
2019,nsw,female,14,44756
2019,nsw,female,15,43958
2019,nsw,female,16,44106
2019,nsw,female,17,43872
2019,nsw,female,18,46070
2019,nsw,female,19,49330
2019,nsw,female,20,50092
2019,nsw,female,21,50945
2019,nsw,female,22,52650
2019,nsw,female,23,55241
2019,nsw,female,24,57436
2019,nsw,female,25,58023
2019,nsw,female,26,58536
2019,nsw,female,27,59571
2019,nsw,female,28,61137
2019,nsw,female,29,61554
2019,nsw,female,30,60834
2019,nsw,female,31,60277
2019,nsw,female,32,59902
2019,nsw,female,33,59630
2019,nsw,female,34,59269
2019,nsw,female,35,59156
2019,nsw,female,36,58833
2019,nsw,female,37,57011
2019,nsw,female,38,55693
2019,nsw,female,39,53036
2019,nsw,female,40,52186
2019,nsw,female,41,51007
2019,nsw,female,42,50342
2019,nsw,female,43,50337
2019,nsw,female,44,50501
2019,nsw,female,45,51904
2019,nsw,female,46,53243
2019,nsw,female,47,55103
2019,nsw,female,48,55514
2019,nsw,female,49,51162
2019,nsw,female,50,50676
2019,nsw,female,51,48952
2019,nsw,female,52,47675
2019,nsw,female,53,47670
2019,nsw,female,54,48411
2019,nsw,female,55,50403
2019,nsw,female,56,51387
2019,nsw,female,57,50840
2019,nsw,female,58,50596
2019,nsw,female,59,49041
2019,nsw,female,60,47842
2019,nsw,female,61,47662
2019,nsw,female,62,46122
2019,nsw,female,63,44718
2019,nsw,female,64,43815
2019,nsw,female,65,42462
2019,nsw,female,66,41693
2019,nsw,female,67,40168
2019,nsw,female,68,39549
2019,nsw,female,69,38642
2019,nsw,female,70,37238
2019,nsw,female,71,37282
2019,nsw,female,72,37785
2019,nsw,female,73,31970
2019,nsw,female,74,30355
2019,nsw,female,75,28647
2019,nsw,female,76,25677
2019,nsw,female,77,24704
2019,nsw,female,78,23244
2019,nsw,female,79,22051
2019,nsw,female,80,20987
2019,nsw,female,81,19687
2019,nsw,female,82,18563
2019,nsw,female,83,17267
2019,nsw,female,84,15615
2019,nsw,female,85,14057
2019,nsw,female,86,13174
2019,nsw,female,87,12223
2019,nsw,female,88,11699
2019,nsw,female,89,10511
2019,nsw,female,90,9045
2019,nsw,female,91,7803
2019,nsw,female,92,6662
2019,nsw,female,93,5470
2019,nsw,female,94,4534
2019,nsw,female,95,3408
2019,nsw,female,96,2649
2019,nsw,female,97,1845
2019,nsw,female,98,1289
2019,nsw,female,99,873
2019,nsw,female,100,1067
2019,nsw,male,0,50517
2019,nsw,male,1,49510
2019,nsw,male,2,50059
2019,nsw,male,3,51957
2019,nsw,male,4,51322
2019,nsw,male,5,51665
2019,nsw,male,6,52802
2019,nsw,male,7,52720
2019,nsw,male,8,52336
2019,nsw,male,9,52508
2019,nsw,male,10,51824
2019,nsw,male,11,51664
2019,nsw,male,12,51373
2019,nsw,male,13,49312
2019,nsw,male,14,48012
2019,nsw,male,15,47059
2019,nsw,male,16,46881
2019,nsw,male,17,46558
2019,nsw,male,18,49922
2019,nsw,male,19,53584
2019,nsw,male,20,54550
2019,nsw,male,21,54518
2019,nsw,male,22,55852
2019,nsw,male,23,57923
2019,nsw,male,24,60007
2019,nsw,male,25,60055
2019,nsw,male,26,60073
2019,nsw,male,27,60540
2019,nsw,male,28,61162
2019,nsw,male,29,61739
2019,nsw,male,30,60602
2019,nsw,male,31,59181
2019,nsw,male,32,58785
2019,nsw,male,33,59245
2019,nsw,male,34,58956
2019,nsw,male,35,58711
2019,nsw,male,36,58657
2019,nsw,male,37,57076
2019,nsw,male,38,55442
2019,nsw,male,39,52942
2019,nsw,male,40,51043
2019,nsw,male,41,49966
2019,nsw,male,42,49586
2019,nsw,male,43,49871
2019,nsw,male,44,50316
2019,nsw,male,45,51387
2019,nsw,male,46,52123
2019,nsw,male,47,53817
2019,nsw,male,48,53402
2019,nsw,male,49,49515
2019,nsw,male,50,48551
2019,nsw,male,51,46695
2019,nsw,male,52,46243
2019,nsw,male,53,46799
2019,nsw,male,54,47092
2019,nsw,male,55,48961
2019,nsw,male,56,49794
2019,nsw,male,57,49569
2019,nsw,male,58,48648
2019,nsw,male,59,46577
2019,nsw,male,60,45558
2019,nsw,male,61,44746
2019,nsw,male,62,43645
2019,nsw,male,63,42419
2019,nsw,male,64,40962
2019,nsw,male,65,39762
2019,nsw,male,66,39310
2019,nsw,male,67,37703
2019,nsw,male,68,37617
2019,nsw,male,69,36828
2019,nsw,male,70,35561
2019,nsw,male,71,36156
2019,nsw,male,72,36394
2019,nsw,male,73,30618
2019,nsw,male,74,28807
2019,nsw,male,75,27185
2019,nsw,male,76,23787
2019,nsw,male,77,22841
2019,nsw,male,78,20919
2019,nsw,male,79,19697
2019,nsw,male,80,17965
2019,nsw,male,81,16490
2019,nsw,male,82,15392
2019,nsw,male,83,13758
2019,nsw,male,84,11944
2019,nsw,male,85,10770
2019,nsw,male,86,9569
2019,nsw,male,87,8623
2019,nsw,male,88,7737
2019,nsw,male,89,6769
2019,nsw,male,90,5434
2019,nsw,male,91,4480
2019,nsw,male,92,3503
2019,nsw,male,93,2755
2019,nsw,male,94,2013
2019,nsw,male,95,1473
2019,nsw,male,96,991
2019,nsw,male,97,693
2019,nsw,male,98,420
2019,nsw,male,99,273
2019,nsw,male,100,329
2019,nt,female,0,1723
2019,nt,female,1,1703
2019,nt,female,2,1744
2019,nt,female,3,1818
2019,nt,female,4,1780
2019,nt,female,5,1733
2019,nt,female,6,1832
2019,nt,female,7,1833
2019,nt,female,8,1724
2019,nt,female,9,1721
2019,nt,female,10,1676
2019,nt,female,11,1725
2019,nt,female,12,1607
2019,nt,female,13,1619
2019,nt,female,14,1519
2019,nt,female,15,1483
2019,nt,female,16,1500
2019,nt,female,17,1457
2019,nt,female,18,1371
2019,nt,female,19,1343
2019,nt,female,20,1395
2019,nt,female,21,1493
2019,nt,female,22,1609
2019,nt,female,23,1805
2019,nt,female,24,1942
2019,nt,female,25,2149
2019,nt,female,26,2264
2019,nt,female,27,2353
2019,nt,female,28,2477
2019,nt,female,29,2440
2019,nt,female,30,2390
2019,nt,female,31,2490
2019,nt,female,32,2397
2019,nt,female,33,2275
2019,nt,female,34,2332
2019,nt,female,35,2150
2019,nt,female,36,2115
2019,nt,female,37,2019
2019,nt,female,38,1918
2019,nt,female,39,1861
2019,nt,female,40,1803
2019,nt,female,41,1746
2019,nt,female,42,1622
2019,nt,female,43,1660
2019,nt,female,44,1554
2019,nt,female,45,1609
2019,nt,female,46,1588
2019,nt,female,47,1660
2019,nt,female,48,1725
2019,nt,female,49,1638
2019,nt,female,50,1594
2019,nt,female,51,1535
2019,nt,female,52,1487
2019,nt,female,53,1484
2019,nt,female,54,1368
2019,nt,female,55,1381
2019,nt,female,56,1399
2019,nt,female,57,1354
2019,nt,female,58,1363
2019,nt,female,59,1271
2019,nt,female,60,1201
2019,nt,female,61,1111
2019,nt,female,62,1099
2019,nt,female,63,1008
2019,nt,female,64,968
2019,nt,female,65,893
2019,nt,female,66,842
2019,nt,female,67,776
2019,nt,female,68,735
2019,nt,female,69,659
2019,nt,female,70,586
2019,nt,female,71,564
2019,nt,female,72,531
2019,nt,female,73,425
2019,nt,female,74,363
2019,nt,female,75,345
2019,nt,female,76,304
2019,nt,female,77,298
2019,nt,female,78,292
2019,nt,female,79,248
2019,nt,female,80,182
2019,nt,female,81,179
2019,nt,female,82,156
2019,nt,female,83,130
2019,nt,female,84,124
2019,nt,female,85,108
2019,nt,female,86,82
2019,nt,female,87,79
2019,nt,female,88,73
2019,nt,female,89,58
2019,nt,female,90,59
2019,nt,female,91,37
2019,nt,female,92,38
2019,nt,female,93,26
2019,nt,female,94,18
2019,nt,female,95,18
2019,nt,female,96,8
2019,nt,female,97,8
2019,nt,female,98,7
2019,nt,female,99,3
2019,nt,female,100,3
2019,nt,male,0,1898
2019,nt,male,1,1873
2019,nt,male,2,1915
2019,nt,male,3,1877
2019,nt,male,4,1890
2019,nt,male,5,1856
2019,nt,male,6,1820
2019,nt,male,7,1891
2019,nt,male,8,1886
2019,nt,male,9,1876
2019,nt,male,10,1791
2019,nt,male,11,1801
2019,nt,male,12,1707
2019,nt,male,13,1660
2019,nt,male,14,1619
2019,nt,male,15,1615
2019,nt,male,16,1622
2019,nt,male,17,1509
2019,nt,male,18,1600
2019,nt,male,19,1619
2019,nt,male,20,1744
2019,nt,male,21,1864
2019,nt,male,22,1845
2019,nt,male,23,1856
2019,nt,male,24,2142
2019,nt,male,25,2130
2019,nt,male,26,2254
2019,nt,male,27,2265
2019,nt,male,28,2407
2019,nt,male,29,2437
2019,nt,male,30,2347
2019,nt,male,31,2396
2019,nt,male,32,2385
2019,nt,male,33,2333
2019,nt,male,34,2230
2019,nt,male,35,2202
2019,nt,male,36,2208
2019,nt,male,37,2032
2019,nt,male,38,2008
2019,nt,male,39,1827
2019,nt,male,40,1831
2019,nt,male,41,1658
2019,nt,male,42,1751
2019,nt,male,43,1709
2019,nt,male,44,1687
2019,nt,male,45,1704
2019,nt,male,46,1685
2019,nt,male,47,1735
2019,nt,male,48,1847
2019,nt,male,49,1708
2019,nt,male,50,1633
2019,nt,male,51,1529
2019,nt,male,52,1562
2019,nt,male,53,1521
2019,nt,male,54,1495
2019,nt,male,55,1492
2019,nt,male,56,1503
2019,nt,male,57,1476
2019,nt,male,58,1376
2019,nt,male,59,1308
2019,nt,male,60,1255
2019,nt,male,61,1154
2019,nt,male,62,1142
2019,nt,male,63,1118
2019,nt,male,64,1048
2019,nt,male,65,994
2019,nt,male,66,916
2019,nt,male,67,842
2019,nt,male,68,803
2019,nt,male,69,797
2019,nt,male,70,724
2019,nt,male,71,643
2019,nt,male,72,626
2019,nt,male,73,499
2019,nt,male,74,441
2019,nt,male,75,378
2019,nt,male,76,358
2019,nt,male,77,341
2019,nt,male,78,311
2019,nt,male,79,279
2019,nt,male,80,174
2019,nt,male,81,182
2019,nt,male,82,132
2019,nt,male,83,138
2019,nt,male,84,88
2019,nt,male,85,78
2019,nt,male,86,73
2019,nt,male,87,69
2019,nt,male,88,51
2019,nt,male,89,49
2019,nt,male,90,38
2019,nt,male,91,33
2019,nt,male,92,20
2019,nt,male,93,10
2019,nt,male,94,10
2019,nt,male,95,8
2019,nt,male,96,5
2019,nt,male,97,7
2019,nt,male,98,4
2019,nt,male,99,3
2019,nt,male,100,1
2019,qld,female,0,29205
2019,qld,female,1,29464
2019,qld,female,2,29935
2019,qld,female,3,31524
2019,qld,female,4,31501
2019,qld,female,5,32159
2019,qld,female,6,32576
2019,qld,female,7,32876
2019,qld,female,8,33246
2019,qld,female,9,33809
2019,qld,female,10,33548
2019,qld,female,11,33411
2019,qld,female,12,32908
2019,qld,female,13,32124
2019,qld,female,14,30833
2019,qld,female,15,30279
2019,qld,female,16,29783
2019,qld,female,17,30099
2019,qld,female,18,31261
2019,qld,female,19,31896
2019,qld,female,20,32130
2019,qld,female,21,33001
2019,qld,female,22,33683
2019,qld,female,23,34893
2019,qld,female,24,36204
2019,qld,female,25,35813
2019,qld,female,26,36184
2019,qld,female,27,36768
2019,qld,female,28,37042
2019,qld,female,29,36879
2019,qld,female,30,36273
2019,qld,female,31,35985
2019,qld,female,32,35708
2019,qld,female,33,36250
2019,qld,female,34,36296
2019,qld,female,35,36097
2019,qld,female,36,36571
2019,qld,female,37,34956
2019,qld,female,38,34642
2019,qld,female,39,33573
2019,qld,female,40,32908
2019,qld,female,41,32602
2019,qld,female,42,32716
2019,qld,female,43,32982
2019,qld,female,44,33215
2019,qld,female,45,34067
2019,qld,female,46,35416
2019,qld,female,47,36361
2019,qld,female,48,36772
2019,qld,female,49,34464
2019,qld,female,50,33512
2019,qld,female,51,32218
2019,qld,female,52,31793
2019,qld,female,53,31255
2019,qld,female,54,31484
2019,qld,female,55,32648
2019,qld,female,56,32964
2019,qld,female,57,32736
2019,qld,female,58,32310
2019,qld,female,59,30925
2019,qld,female,60,30179
2019,qld,female,61,29692
2019,qld,female,62,28493
2019,qld,female,63,27959
2019,qld,female,64,27124
2019,qld,female,65,26592
2019,qld,female,66,26062
2019,qld,female,67,25428
2019,qld,female,68,25107
2019,qld,female,69,24768
2019,qld,female,70,23788
2019,qld,female,71,23363
2019,qld,female,72,23950
2019,qld,female,73,19848
2019,qld,female,74,19194
2019,qld,female,75,17578
2019,qld,female,76,15627
2019,qld,female,77,15089
2019,qld,female,78,13629
2019,qld,female,79,12922
2019,qld,female,80,12028
2019,qld,female,81,10899
2019,qld,female,82,10290
2019,qld,female,83,9277
2019,qld,female,84,8484
2019,qld,female,85,7566
2019,qld,female,86,6991
2019,qld,female,87,6329
2019,qld,female,88,6085
2019,qld,female,89,5473
2019,qld,female,90,4811
2019,qld,female,91,4131
2019,qld,female,92,3342
2019,qld,female,93,2814
2019,qld,female,94,2261
2019,qld,female,95,1686
2019,qld,female,96,1253
2019,qld,female,97,949
2019,qld,female,98,689
2019,qld,female,99,423
2019,qld,female,100,608
2019,qld,male,0,31189
2019,qld,male,1,31161
2019,qld,male,2,31950
2019,qld,male,3,32951
2019,qld,male,4,33278
2019,qld,male,5,34036
2019,qld,male,6,34506
2019,qld,male,7,34566
2019,qld,male,8,34683
2019,qld,male,9,35359
2019,qld,male,10,35672
2019,qld,male,11,35738
2019,qld,male,12,35506
2019,qld,male,13,34077
2019,qld,male,14,32920
2019,qld,male,15,31922
2019,qld,male,16,31165
2019,qld,male,17,31723
2019,qld,male,18,32876
2019,qld,male,19,33548
2019,qld,male,20,33499
2019,qld,male,21,33724
2019,qld,male,22,34060
2019,qld,male,23,35539
2019,qld,male,24,36390
2019,qld,male,25,36568
2019,qld,male,26,36256
2019,qld,male,27,35780
2019,qld,male,28,36284
2019,qld,male,29,36082
2019,qld,male,30,34940
2019,qld,male,31,34937
2019,qld,male,32,34660
2019,qld,male,33,35028
2019,qld,male,34,34796
2019,qld,male,35,34714
2019,qld,male,36,35147
2019,qld,male,37,34261
2019,qld,male,38,33450
2019,qld,male,39,32014
2019,qld,male,40,31432
2019,qld,male,41,30751
2019,qld,male,42,31197
2019,qld,male,43,31868
2019,qld,male,44,32218
2019,qld,male,45,33492
2019,qld,male,46,34383
2019,qld,male,47,34976
2019,qld,male,48,35381
2019,qld,male,49,33031
2019,qld,male,50,32144
2019,qld,male,51,31057
2019,qld,male,52,30691
2019,qld,male,53,30044
2019,qld,male,54,30345
2019,qld,male,55,31512
2019,qld,male,56,31413
2019,qld,male,57,31165
2019,qld,male,58,30955
2019,qld,male,59,29693
2019,qld,male,60,28877
2019,qld,male,61,27966
2019,qld,male,62,27265
2019,qld,male,63,26710
2019,qld,male,64,25744
2019,qld,male,65,25037
2019,qld,male,66,25062
2019,qld,male,67,24710
2019,qld,male,68,24275
2019,qld,male,69,23677
2019,qld,male,70,23204
2019,qld,male,71,23019
2019,qld,male,72,23511
2019,qld,male,73,19563
2019,qld,male,74,18598
2019,qld,male,75,16982
2019,qld,male,76,14832
2019,qld,male,77,14426
2019,qld,male,78,12899
2019,qld,male,79,11938
2019,qld,male,80,10734
2019,qld,male,81,9723
2019,qld,male,82,8802
2019,qld,male,83,7791
2019,qld,male,84,6668
2019,qld,male,85,5848
2019,qld,male,86,5135
2019,qld,male,87,4652
2019,qld,male,88,4052
2019,qld,male,89,3529
2019,qld,male,90,2802
2019,qld,male,91,2277
2019,qld,male,92,1776
2019,qld,male,93,1416
2019,qld,male,94,991
2019,qld,male,95,713
2019,qld,male,96,492
2019,qld,male,97,344
2019,qld,male,98,246
2019,qld,male,99,160
2019,qld,male,100,184
2019,sa,female,0,9273
2019,sa,female,1,9302
2019,sa,female,2,9538
2019,sa,female,3,10203
2019,sa,female,4,10021
2019,sa,female,5,10209
2019,sa,female,6,10320
2019,sa,female,7,10429
2019,sa,female,8,10261
2019,sa,female,9,10334
2019,sa,female,10,10454
2019,sa,female,11,10567
2019,sa,female,12,10405
2019,sa,female,13,9882
2019,sa,female,14,9713
2019,sa,female,15,9598
2019,sa,female,16,9644
2019,sa,female,17,9778
2019,sa,female,18,10266
2019,sa,female,19,10638
2019,sa,female,20,10890
2019,sa,female,21,11052
2019,sa,female,22,11267
2019,sa,female,23,11520
2019,sa,female,24,11745
2019,sa,female,25,11632
2019,sa,female,26,11673
2019,sa,female,27,11743
2019,sa,female,28,11797
2019,sa,female,29,11973
2019,sa,female,30,11805
2019,sa,female,31,11965
2019,sa,female,32,11992
2019,sa,female,33,12137
2019,sa,female,34,12036
2019,sa,female,35,12147
2019,sa,female,36,11837
2019,sa,female,37,11616
2019,sa,female,38,11334
2019,sa,female,39,10877
2019,sa,female,40,10632
2019,sa,female,41,10497
2019,sa,female,42,10615
2019,sa,female,43,10445
2019,sa,female,44,10567
2019,sa,female,45,10850
2019,sa,female,46,11289
2019,sa,female,47,11931
2019,sa,female,48,12159
2019,sa,female,49,11728
2019,sa,female,50,11597
2019,sa,female,51,11361
2019,sa,female,52,11055
2019,sa,female,53,11227
2019,sa,female,54,11421
2019,sa,female,55,11647
2019,sa,female,56,11859
2019,sa,female,57,11822
2019,sa,female,58,11991
2019,sa,female,59,11736
2019,sa,female,60,11635
2019,sa,female,61,11165
2019,sa,female,62,11117
2019,sa,female,63,10881
2019,sa,female,64,10506
2019,sa,female,65,10449
2019,sa,female,66,10365
2019,sa,female,67,10092
2019,sa,female,68,10120
2019,sa,female,69,9810
2019,sa,female,70,9546
2019,sa,female,71,9430
2019,sa,female,72,9859
2019,sa,female,73,8160
2019,sa,female,74,7731
2019,sa,female,75,7139
2019,sa,female,76,6604
2019,sa,female,77,6238
2019,sa,female,78,5818
2019,sa,female,79,5584
2019,sa,female,80,5434
2019,sa,female,81,4987
2019,sa,female,82,4646
2019,sa,female,83,4254
2019,sa,female,84,3897
2019,sa,female,85,3642
2019,sa,female,86,3378
2019,sa,female,87,3186
2019,sa,female,88,3059
2019,sa,female,89,2694
2019,sa,female,90,2413
2019,sa,female,91,2076
2019,sa,female,92,1775
2019,sa,female,93,1546
2019,sa,female,94,1270
2019,sa,female,95,908
2019,sa,female,96,712
2019,sa,female,97,548
2019,sa,female,98,378
2019,sa,female,99,213
2019,sa,female,100,334
2019,sa,male,0,9692
2019,sa,male,1,9946
2019,sa,male,2,10143
2019,sa,male,3,10648
2019,sa,male,4,10560
2019,sa,male,5,10791
2019,sa,male,6,10897
2019,sa,male,7,11013
2019,sa,male,8,10821
2019,sa,male,9,11082
2019,sa,male,10,10864
2019,sa,male,11,10838
2019,sa,male,12,10775
2019,sa,male,13,10547
2019,sa,male,14,10162
2019,sa,male,15,10204
2019,sa,male,16,10105
2019,sa,male,17,10267
2019,sa,male,18,10672
2019,sa,male,19,11520
2019,sa,male,20,11624
2019,sa,male,21,11712
2019,sa,male,22,11951
2019,sa,male,23,12434
2019,sa,male,24,12604
2019,sa,male,25,12003
2019,sa,male,26,12023
2019,sa,male,27,11762
2019,sa,male,28,11925
2019,sa,male,29,11929
2019,sa,male,30,11941
2019,sa,male,31,11718
2019,sa,male,32,11681
2019,sa,male,33,11931
2019,sa,male,34,11947
2019,sa,male,35,11977
2019,sa,male,36,11768
2019,sa,male,37,11323
2019,sa,male,38,11099
2019,sa,male,39,10644
2019,sa,male,40,10453
2019,sa,male,41,10260
2019,sa,male,42,10447
2019,sa,male,43,10513
2019,sa,male,44,10688
2019,sa,male,45,10826
2019,sa,male,46,11104
2019,sa,male,47,11660
2019,sa,male,48,11980
2019,sa,male,49,11486
2019,sa,male,50,11376
2019,sa,male,51,11170
2019,sa,male,52,10770
2019,sa,male,53,10943
2019,sa,male,54,11104
2019,sa,male,55,11374
2019,sa,male,56,11523
2019,sa,male,57,11371
2019,sa,male,58,11583
2019,sa,male,59,11129
2019,sa,male,60,10891
2019,sa,male,61,10718
2019,sa,male,62,10318
2019,sa,male,63,10119
2019,sa,male,64,9966
2019,sa,male,65,9645
2019,sa,male,66,9654
2019,sa,male,67,9365
2019,sa,male,68,9212
2019,sa,male,69,9193
2019,sa,male,70,8880
2019,sa,male,71,8798
2019,sa,male,72,9195
2019,sa,male,73,7517
2019,sa,male,74,7019
2019,sa,male,75,6516
2019,sa,male,76,5914
2019,sa,male,77,5566
2019,sa,male,78,5012
2019,sa,male,79,4713
2019,sa,male,80,4490
2019,sa,male,81,4101
2019,sa,male,82,3829
2019,sa,male,83,3353
2019,sa,male,84,2984
2019,sa,male,85,2787
2019,sa,male,86,2488
2019,sa,male,87,2194
2019,sa,male,88,1931
2019,sa,male,89,1789
2019,sa,male,90,1449
2019,sa,male,91,1185
2019,sa,male,92,918
2019,sa,male,93,771
2019,sa,male,94,546
2019,sa,male,95,387
2019,sa,male,96,277
2019,sa,male,97,181
2019,sa,male,98,115
2019,sa,male,99,86
2019,sa,male,100,119
2019,tas,female,0,2728
2019,tas,female,1,2726
2019,tas,female,2,2895
2019,tas,female,3,2973
2019,tas,female,4,2992
2019,tas,female,5,3093
2019,tas,female,6,3111
2019,tas,female,7,3131
2019,tas,female,8,3178
2019,tas,female,9,3148
2019,tas,female,10,3360
2019,tas,female,11,3290
2019,tas,female,12,3280
2019,tas,female,13,3153
2019,tas,female,14,3054
2019,tas,female,15,2956
2019,tas,female,16,2957
2019,tas,female,17,2995
2019,tas,female,18,3061
2019,tas,female,19,3008
2019,tas,female,20,3125
2019,tas,female,21,3021
2019,tas,female,22,3232
2019,tas,female,23,3336
2019,tas,female,24,3441
2019,tas,female,25,3536
2019,tas,female,26,3590
2019,tas,female,27,3672
2019,tas,female,28,3707
2019,tas,female,29,3673
2019,tas,female,30,3576
2019,tas,female,31,3531
2019,tas,female,32,3423
2019,tas,female,33,3475
2019,tas,female,34,3538
2019,tas,female,35,3426
2019,tas,female,36,3277
2019,tas,female,37,3364
2019,tas,female,38,3311
2019,tas,female,39,3142
2019,tas,female,40,3147
2019,tas,female,41,3147
2019,tas,female,42,3027
2019,tas,female,43,3119
2019,tas,female,44,3248
2019,tas,female,45,3304
2019,tas,female,46,3527
2019,tas,female,47,3703
2019,tas,female,48,3864
2019,tas,female,49,3631
2019,tas,female,50,3676
2019,tas,female,51,3554
2019,tas,female,52,3534
2019,tas,female,53,3440
2019,tas,female,54,3596
2019,tas,female,55,3886
2019,tas,female,56,3877
2019,tas,female,57,4008
2019,tas,female,58,4118
2019,tas,female,59,4005
2019,tas,female,60,3928
2019,tas,female,61,3759
2019,tas,female,62,3823
2019,tas,female,63,3660
2019,tas,female,64,3559
2019,tas,female,65,3604
2019,tas,female,66,3521
2019,tas,female,67,3445
2019,tas,female,68,3388
2019,tas,female,69,3362
2019,tas,female,70,3208
2019,tas,female,71,3173
2019,tas,female,72,3284
2019,tas,female,73,2688
2019,tas,female,74,2538
2019,tas,female,75,2386
2019,tas,female,76,2075
2019,tas,female,77,2041
2019,tas,female,78,1900
2019,tas,female,79,1763
2019,tas,female,80,1649
2019,tas,female,81,1574
2019,tas,female,82,1455
2019,tas,female,83,1273
2019,tas,female,84,1140
2019,tas,female,85,1120
2019,tas,female,86,1020
2019,tas,female,87,894
2019,tas,female,88,832
2019,tas,female,89,729
2019,tas,female,90,643
2019,tas,female,91,516
2019,tas,female,92,437
2019,tas,female,93,378
2019,tas,female,94,287
2019,tas,female,95,237
2019,tas,female,96,168
2019,tas,female,97,117
2019,tas,female,98,73
2019,tas,female,99,49
2019,tas,female,100,52
2019,tas,male,0,2892
2019,tas,male,1,2898
2019,tas,male,2,3014
2019,tas,male,3,3280
2019,tas,male,4,3198
2019,tas,male,5,3217
2019,tas,male,6,3284
2019,tas,male,7,3251
2019,tas,male,8,3474
2019,tas,male,9,3438
2019,tas,male,10,3524
2019,tas,male,11,3517
2019,tas,male,12,3512
2019,tas,male,13,3413
2019,tas,male,14,3289
2019,tas,male,15,3153
2019,tas,male,16,3083
2019,tas,male,17,3207
2019,tas,male,18,3272
2019,tas,male,19,3313
2019,tas,male,20,3299
2019,tas,male,21,3274
2019,tas,male,22,3375
2019,tas,male,23,3528
2019,tas,male,24,3789
2019,tas,male,25,3759
2019,tas,male,26,3619
2019,tas,male,27,3689
2019,tas,male,28,3663
2019,tas,male,29,3706
2019,tas,male,30,3527
2019,tas,male,31,3434
2019,tas,male,32,3444
2019,tas,male,33,3472
2019,tas,male,34,3376
2019,tas,male,35,3300
2019,tas,male,36,3286
2019,tas,male,37,3195
2019,tas,male,38,3024
2019,tas,male,39,2964
2019,tas,male,40,3014
2019,tas,male,41,2913
2019,tas,male,42,2883
2019,tas,male,43,3082
2019,tas,male,44,3121
2019,tas,male,45,3209
2019,tas,male,46,3272
2019,tas,male,47,3518
2019,tas,male,48,3628
2019,tas,male,49,3524
2019,tas,male,50,3511
2019,tas,male,51,3370
2019,tas,male,52,3259
2019,tas,male,53,3224
2019,tas,male,54,3399
2019,tas,male,55,3699
2019,tas,male,56,3731
2019,tas,male,57,3902
2019,tas,male,58,3860
2019,tas,male,59,3747
2019,tas,male,60,3738
2019,tas,male,61,3714
2019,tas,male,62,3556
2019,tas,male,63,3641
2019,tas,male,64,3437
2019,tas,male,65,3279
2019,tas,male,66,3423
2019,tas,male,67,3386
2019,tas,male,68,3288
2019,tas,male,69,3209
2019,tas,male,70,3054
2019,tas,male,71,3106
2019,tas,male,72,3285
2019,tas,male,73,2524
2019,tas,male,74,2382
2019,tas,male,75,2341
2019,tas,male,76,2019
2019,tas,male,77,1922
2019,tas,male,78,1745
2019,tas,male,79,1630
2019,tas,male,80,1485
2019,tas,male,81,1358
2019,tas,male,82,1207
2019,tas,male,83,1036
2019,tas,male,84,905
2019,tas,male,85,837
2019,tas,male,86,709
2019,tas,male,87,639
2019,tas,male,88,572
2019,tas,male,89,456
2019,tas,male,90,366
2019,tas,male,91,314
2019,tas,male,92,232
2019,tas,male,93,166
2019,tas,male,94,130
2019,tas,male,95,94
2019,tas,male,96,70
2019,tas,male,97,55
2019,tas,male,98,29
2019,tas,male,99,15
2019,tas,male,100,25
2019,vic,female,0,37800
2019,vic,female,1,38058
2019,vic,female,2,38804
2019,vic,female,3,40423
2019,vic,female,4,39937
2019,vic,female,5,39756
2019,vic,female,6,40417
2019,vic,female,7,39696
2019,vic,female,8,38945
2019,vic,female,9,39522
2019,vic,female,10,38529
2019,vic,female,11,38470
2019,vic,female,12,38187
2019,vic,female,13,36673
2019,vic,female,14,35128
2019,vic,female,15,34946
2019,vic,female,16,34958
2019,vic,female,17,35403
2019,vic,female,18,37828
2019,vic,female,19,41091
2019,vic,female,20,41864
2019,vic,female,21,42986
2019,vic,female,22,45409
2019,vic,female,23,48221
2019,vic,female,24,50334
2019,vic,female,25,50527
2019,vic,female,26,50712
2019,vic,female,27,51253
2019,vic,female,28,52452
2019,vic,female,29,53366
2019,vic,female,30,52517
2019,vic,female,31,52433
2019,vic,female,32,51532
2019,vic,female,33,51885
2019,vic,female,34,51479
2019,vic,female,35,50218
2019,vic,female,36,49586
2019,vic,female,37,48070
2019,vic,female,38,46461
2019,vic,female,39,44408
2019,vic,female,40,43071
2019,vic,female,41,41932
2019,vic,female,42,41343
2019,vic,female,43,41144
2019,vic,female,44,41859
2019,vic,female,45,42759
2019,vic,female,46,43053
2019,vic,female,47,45112
2019,vic,female,48,46068
2019,vic,female,49,42940
2019,vic,female,50,42562
2019,vic,female,51,40639
2019,vic,female,52,39233
2019,vic,female,53,39250
2019,vic,female,54,39064
2019,vic,female,55,40014
2019,vic,female,56,40039
2019,vic,female,57,39615
2019,vic,female,58,39487
2019,vic,female,59,38361
2019,vic,female,60,37446
2019,vic,female,61,36740
2019,vic,female,62,35783
2019,vic,female,63,35035
2019,vic,female,64,33984
2019,vic,female,65,32961
2019,vic,female,66,32397
2019,vic,female,67,31259
2019,vic,female,68,31025
2019,vic,female,69,30253
2019,vic,female,70,29045
2019,vic,female,71,29189
2019,vic,female,72,29538
2019,vic,female,73,24479
2019,vic,female,74,23047
2019,vic,female,75,21927
2019,vic,female,76,19652
2019,vic,female,77,19295
2019,vic,female,78,17799
2019,vic,female,79,17328
2019,vic,female,80,16378
2019,vic,female,81,15534
2019,vic,female,82,14319
2019,vic,female,83,13433
2019,vic,female,84,12091
2019,vic,female,85,11325
2019,vic,female,86,10503
2019,vic,female,87,9533
2019,vic,female,88,8956
2019,vic,female,89,8248
2019,vic,female,90,6993
2019,vic,female,91,6185
2019,vic,female,92,5111
2019,vic,female,93,4296
2019,vic,female,94,3333
2019,vic,female,95,2647
2019,vic,female,96,1869
2019,vic,female,97,1397
2019,vic,female,98,1015
2019,vic,female,99,611
2019,vic,female,100,986
2019,vic,male,0,39741
2019,vic,male,1,40377
2019,vic,male,2,40978
2019,vic,male,3,42907
2019,vic,male,4,42126
2019,vic,male,5,42207
2019,vic,male,6,42715
2019,vic,male,7,41805
2019,vic,male,8,41174
2019,vic,male,9,41360
2019,vic,male,10,40843
2019,vic,male,11,40806
2019,vic,male,12,40418
2019,vic,male,13,38714
2019,vic,male,14,37376
2019,vic,male,15,37182
2019,vic,male,16,36847
2019,vic,male,17,37027
2019,vic,male,18,40061
2019,vic,male,19,43439
2019,vic,male,20,44805
2019,vic,male,21,45954
2019,vic,male,22,48581
2019,vic,male,23,51898
2019,vic,male,24,54455
2019,vic,male,25,53748
2019,vic,male,26,52242
2019,vic,male,27,51502
2019,vic,male,28,52218
2019,vic,male,29,52240
2019,vic,male,30,51186
2019,vic,male,31,51139
2019,vic,male,32,50755
2019,vic,male,33,50708
2019,vic,male,34,50201
2019,vic,male,35,49541
2019,vic,male,36,49221
2019,vic,male,37,47544
2019,vic,male,38,45975
2019,vic,male,39,43715
2019,vic,male,40,42352
2019,vic,male,41,41372
2019,vic,male,42,40733
2019,vic,male,43,40898
2019,vic,male,44,40808
2019,vic,male,45,41418
2019,vic,male,46,41664
2019,vic,male,47,42834
2019,vic,male,48,43114
2019,vic,male,49,40977
2019,vic,male,50,40373
2019,vic,male,51,39072
2019,vic,male,52,37472
2019,vic,male,53,37480
2019,vic,male,54,37408
2019,vic,male,55,38027
2019,vic,male,56,38516
2019,vic,male,57,37974
2019,vic,male,58,37405
2019,vic,male,59,35964
2019,vic,male,60,35499
2019,vic,male,61,34254
2019,vic,male,62,33316
2019,vic,male,63,33084
2019,vic,male,64,31390
2019,vic,male,65,30259
2019,vic,male,66,29835
2019,vic,male,67,29073
2019,vic,male,68,28490
2019,vic,male,69,27797
2019,vic,male,70,26868
2019,vic,male,71,27042
2019,vic,male,72,27662
2019,vic,male,73,23135
2019,vic,male,74,21269
2019,vic,male,75,19914
2019,vic,male,76,17812
2019,vic,male,77,17592
2019,vic,male,78,16098
2019,vic,male,79,14936
2019,vic,male,80,13928
2019,vic,male,81,12738
2019,vic,male,82,11766
2019,vic,male,83,10596
2019,vic,male,84,9259
2019,vic,male,85,8516
2019,vic,male,86,7403
2019,vic,male,87,6463
2019,vic,male,88,5978
2019,vic,male,89,5253
2019,vic,male,90,4250
2019,vic,male,91,3502
2019,vic,male,92,2824
2019,vic,male,93,2192
2019,vic,male,94,1597
2019,vic,male,95,1164
2019,vic,male,96,810
2019,vic,male,97,548
2019,vic,male,98,359
2019,vic,male,99,217
2019,vic,male,100,251
2019,wa,female,0,16129
2019,wa,female,1,16551
2019,wa,female,2,16856
2019,wa,female,3,17261
2019,wa,female,4,16976
2019,wa,female,5,17170
2019,wa,female,6,17178
2019,wa,female,7,17095
2019,wa,female,8,17253
2019,wa,female,9,17130
2019,wa,female,10,16698
2019,wa,female,11,17171
2019,wa,female,12,16866
2019,wa,female,13,16230
2019,wa,female,14,15304
2019,wa,female,15,15032
2019,wa,female,16,14927
2019,wa,female,17,14770
2019,wa,female,18,15130
2019,wa,female,19,15669
2019,wa,female,20,15946
2019,wa,female,21,15885
2019,wa,female,22,16275
2019,wa,female,23,16613
2019,wa,female,24,17310
2019,wa,female,25,17809
2019,wa,female,26,18337
2019,wa,female,27,18564
2019,wa,female,28,19588
2019,wa,female,29,20164
2019,wa,female,30,20448
2019,wa,female,31,20608
2019,wa,female,32,20756
2019,wa,female,33,20835
2019,wa,female,34,20625
2019,wa,female,35,20476
2019,wa,female,36,20184
2019,wa,female,37,19500
2019,wa,female,38,19070
2019,wa,female,39,18215
2019,wa,female,40,17915
2019,wa,female,41,17199
2019,wa,female,42,17118
2019,wa,female,43,17146
2019,wa,female,44,17356
2019,wa,female,45,17329
2019,wa,female,46,17692
2019,wa,female,47,18618
2019,wa,female,48,18900
2019,wa,female,49,17649
2019,wa,female,50,17615
2019,wa,female,51,16831
2019,wa,female,52,16433
2019,wa,female,53,16468
2019,wa,female,54,16478
2019,wa,female,55,16683
2019,wa,female,56,16727
2019,wa,female,57,16452
2019,wa,female,58,16351
2019,wa,female,59,15924
2019,wa,female,60,15453
2019,wa,female,61,14970
2019,wa,female,62,14569
2019,wa,female,63,14571
2019,wa,female,64,14054
2019,wa,female,65,13480
2019,wa,female,66,13196
2019,wa,female,67,12736
2019,wa,female,68,12352
2019,wa,female,69,12013
2019,wa,female,70,11693
2019,wa,female,71,11378
2019,wa,female,72,11554
2019,wa,female,73,9144
2019,wa,female,74,8656
2019,wa,female,75,8346
2019,wa,female,76,7450
2019,wa,female,77,7343
2019,wa,female,78,6788
2019,wa,female,79,6460
2019,wa,female,80,6154
2019,wa,female,81,5719
2019,wa,female,82,5238
2019,wa,female,83,4843
2019,wa,female,84,4406
2019,wa,female,85,3993
2019,wa,female,86,3749
2019,wa,female,87,3369
2019,wa,female,88,3077
2019,wa,female,89,2749
2019,wa,female,90,2285
2019,wa,female,91,2088
2019,wa,female,92,1661
2019,wa,female,93,1452
2019,wa,female,94,1137
2019,wa,female,95,869
2019,wa,female,96,654
2019,wa,female,97,473
2019,wa,female,98,356
2019,wa,female,99,216
2019,wa,female,100,276
2019,wa,male,0,17201
2019,wa,male,1,17510
2019,wa,male,2,18053
2019,wa,male,3,18543
2019,wa,male,4,18097
2019,wa,male,5,17880
2019,wa,male,6,18121
2019,wa,male,7,17826
2019,wa,male,8,18104
2019,wa,male,9,18061
2019,wa,male,10,17936
2019,wa,male,11,18010
2019,wa,male,12,17851
2019,wa,male,13,16956
2019,wa,male,14,16350
2019,wa,male,15,16074
2019,wa,male,16,15471
2019,wa,male,17,15578
2019,wa,male,18,16255
2019,wa,male,19,16588
2019,wa,male,20,17070
2019,wa,male,21,17056
2019,wa,male,22,17167
2019,wa,male,23,17814
2019,wa,male,24,18308
2019,wa,male,25,18289
2019,wa,male,26,18260
2019,wa,male,27,18846
2019,wa,male,28,19474
2019,wa,male,29,20095
2019,wa,male,30,20241
2019,wa,male,31,20422
2019,wa,male,32,20708
2019,wa,male,33,20963
2019,wa,male,34,20690
2019,wa,male,35,20665
2019,wa,male,36,20547
2019,wa,male,37,19912
2019,wa,male,38,19275
2019,wa,male,39,18283
2019,wa,male,40,17763
2019,wa,male,41,17503
2019,wa,male,42,17204
2019,wa,male,43,17470
2019,wa,male,44,17332
2019,wa,male,45,17593
2019,wa,male,46,18143
2019,wa,male,47,18898
2019,wa,male,48,19010
2019,wa,male,49,17909
2019,wa,male,50,17763
2019,wa,male,51,16920
2019,wa,male,52,16527
2019,wa,male,53,16521
2019,wa,male,54,16379
2019,wa,male,55,16701
2019,wa,male,56,16725
2019,wa,male,57,16267
2019,wa,male,58,16106
2019,wa,male,59,15453
2019,wa,male,60,14942
2019,wa,male,61,14480
2019,wa,male,62,14121
2019,wa,male,63,14092
2019,wa,male,64,13070
2019,wa,male,65,12669
2019,wa,male,66,12456
2019,wa,male,67,12201
2019,wa,male,68,12098
2019,wa,male,69,11538
2019,wa,male,70,11204
2019,wa,male,71,11299
2019,wa,male,72,11338
2019,wa,male,73,8976
2019,wa,male,74,8450
2019,wa,male,75,8070
2019,wa,male,76,7005
2019,wa,male,77,7012
2019,wa,male,78,6066
2019,wa,male,79,5778
2019,wa,male,80,5304
2019,wa,male,81,4869
2019,wa,male,82,4383
2019,wa,male,83,3856
2019,wa,male,84,3531
2019,wa,male,85,2917
2019,wa,male,86,2647
2019,wa,male,87,2286
2019,wa,male,88,2098
2019,wa,male,89,1796
2019,wa,male,90,1472
2019,wa,male,91,1137
2019,wa,male,92,921
2019,wa,male,93,747
2019,wa,male,94,540
2019,wa,male,95,370
2019,wa,male,96,237
2019,wa,male,97,174
2019,wa,male,98,114
2019,wa,male,99,82
2019,wa,male,100,84
2020,act,female,0,2638
2020,act,female,1,2644
2020,act,female,2,2644
2020,act,female,3,2748
2020,act,female,4,2845
2020,act,female,5,2866
2020,act,female,6,2851
2020,act,female,7,2891
2020,act,female,8,2784
2020,act,female,9,2754
2020,act,female,10,2774
2020,act,female,11,2607
2020,act,female,12,2534
2020,act,female,13,2470
2020,act,female,14,2405
2020,act,female,15,2199
2020,act,female,16,2098
2020,act,female,17,2460
2020,act,female,18,2717
2020,act,female,19,2927
2020,act,female,20,3190
2020,act,female,21,3298
2020,act,female,22,3545
2020,act,female,23,3640
2020,act,female,24,3649
2020,act,female,25,3746
2020,act,female,26,3878
2020,act,female,27,3885
2020,act,female,28,3892
2020,act,female,29,3909
2020,act,female,30,3926
2020,act,female,31,3854
2020,act,female,32,3802
2020,act,female,33,3813
2020,act,female,34,3816
2020,act,female,35,3885
2020,act,female,36,3788
2020,act,female,37,3619
2020,act,female,38,3665
2020,act,female,39,3514
2020,act,female,40,3402
2020,act,female,41,3149
2020,act,female,42,2945
2020,act,female,43,2970
2020,act,female,44,2817
2020,act,female,45,2935
2020,act,female,46,2895
2020,act,female,47,3003
2020,act,female,48,3003
2020,act,female,49,2975
2020,act,female,50,2785
2020,act,female,51,2716
2020,act,female,52,2519
2020,act,female,53,2440
2020,act,female,54,2547
2020,act,female,55,2460
2020,act,female,56,2502
2020,act,female,57,2416
2020,act,female,58,2508
2020,act,female,59,2396
2020,act,female,60,2294
2020,act,female,61,2276
2020,act,female,62,2191
2020,act,female,63,2150
2020,act,female,64,2088
2020,act,female,65,1953
2020,act,female,66,1908
2020,act,female,67,1934
2020,act,female,68,1928
2020,act,female,69,1886
2020,act,female,70,1816
2020,act,female,71,1738
2020,act,female,72,1754
2020,act,female,73,1795
2020,act,female,74,1434
2020,act,female,75,1311
2020,act,female,76,1242
2020,act,female,77,1094
2020,act,female,78,1075
2020,act,female,79,962
2020,act,female,80,889
2020,act,female,81,827
2020,act,female,82,791
2020,act,female,83,751
2020,act,female,84,650
2020,act,female,85,585
2020,act,female,86,533
2020,act,female,87,463
2020,act,female,88,418
2020,act,female,89,377
2020,act,female,90,322
2020,act,female,91,285
2020,act,female,92,248
2020,act,female,93,193
2020,act,female,94,192
2020,act,female,95,120
2020,act,female,96,94
2020,act,female,97,81
2020,act,female,98,44
2020,act,female,99,31
2020,act,female,100,51
2020,act,male,0,2770
2020,act,male,1,2750
2020,act,male,2,2720
2020,act,male,3,2959
2020,act,male,4,3020
2020,act,male,5,3059
2020,act,male,6,3026
2020,act,male,7,2986
2020,act,male,8,2929
2020,act,male,9,2917
2020,act,male,10,2938
2020,act,male,11,2754
2020,act,male,12,2674
2020,act,male,13,2667
2020,act,male,14,2597
2020,act,male,15,2346
2020,act,male,16,2261
2020,act,male,17,2559
2020,act,male,18,2729
2020,act,male,19,3073
2020,act,male,20,3322
2020,act,male,21,3443
2020,act,male,22,3471
2020,act,male,23,3518
2020,act,male,24,3685
2020,act,male,25,3804
2020,act,male,26,3837
2020,act,male,27,3876
2020,act,male,28,3800
2020,act,male,29,3866
2020,act,male,30,3888
2020,act,male,31,3728
2020,act,male,32,3705
2020,act,male,33,3700
2020,act,male,34,3774
2020,act,male,35,3671
2020,act,male,36,3708
2020,act,male,37,3677
2020,act,male,38,3580
2020,act,male,39,3451
2020,act,male,40,3139
2020,act,male,41,3163
2020,act,male,42,3042
2020,act,male,43,2937
2020,act,male,44,2870
2020,act,male,45,2938
2020,act,male,46,2858
2020,act,male,47,2868
2020,act,male,48,2935
2020,act,male,49,2997
2020,act,male,50,2742
2020,act,male,51,2586
2020,act,male,52,2522
2020,act,male,53,2397
2020,act,male,54,2354
2020,act,male,55,2357
2020,act,male,56,2327
2020,act,male,57,2348
2020,act,male,58,2336
2020,act,male,59,2239
2020,act,male,60,2151
2020,act,male,61,2003
2020,act,male,62,1963
2020,act,male,63,1895
2020,act,male,64,1810
2020,act,male,65,1689
2020,act,male,66,1746
2020,act,male,67,1718
2020,act,male,68,1612
2020,act,male,69,1592
2020,act,male,70,1607
2020,act,male,71,1552
2020,act,male,72,1562
2020,act,male,73,1593
2020,act,male,74,1335
2020,act,male,75,1135
2020,act,male,76,1053
2020,act,male,77,924
2020,act,male,78,929
2020,act,male,79,770
2020,act,male,80,743
2020,act,male,81,697
2020,act,male,82,639
2020,act,male,83,538
2020,act,male,84,483
2020,act,male,85,470
2020,act,male,86,371
2020,act,male,87,320
2020,act,male,88,286
2020,act,male,89,288
2020,act,male,90,216
2020,act,male,91,177
2020,act,male,92,138
2020,act,male,93,94
2020,act,male,94,87
2020,act,male,95,64
2020,act,male,96,51
2020,act,male,97,32
2020,act,male,98,21
2020,act,male,99,18
2020,act,male,100,11
2020,nsw,female,0,46388
2020,nsw,female,1,46432
2020,nsw,female,2,46533
2020,nsw,female,3,47579
2020,nsw,female,4,48846
2020,nsw,female,5,48414
2020,nsw,female,6,49194
2020,nsw,female,7,49568
2020,nsw,female,8,49913
2020,nsw,female,9,49509
2020,nsw,female,10,50020
2020,nsw,female,11,49297
2020,nsw,female,12,49320
2020,nsw,female,13,48406
2020,nsw,female,14,46481
2020,nsw,female,15,44944
2020,nsw,female,16,44175
2020,nsw,female,17,44224
2020,nsw,female,18,44401
2020,nsw,female,19,46882
2020,nsw,female,20,49115
2020,nsw,female,21,49542
2020,nsw,female,22,51111
2020,nsw,female,23,53481
2020,nsw,female,24,55127
2020,nsw,female,25,57003
2020,nsw,female,26,57892
2020,nsw,female,27,58557
2020,nsw,female,28,59826
2020,nsw,female,29,61459
2020,nsw,female,30,61618
2020,nsw,female,31,60813
2020,nsw,female,32,60164
2020,nsw,female,33,59885
2020,nsw,female,34,59549
2020,nsw,female,35,59344
2020,nsw,female,36,59199
2020,nsw,female,37,58978
2020,nsw,female,38,57129
2020,nsw,female,39,55806
2020,nsw,female,40,53149
2020,nsw,female,41,52397
2020,nsw,female,42,51156
2020,nsw,female,43,50489
2020,nsw,female,44,50334
2020,nsw,female,45,50581
2020,nsw,female,46,51913
2020,nsw,female,47,53326
2020,nsw,female,48,55167
2020,nsw,female,49,55469
2020,nsw,female,50,51141
2020,nsw,female,51,50693
2020,nsw,female,52,48800
2020,nsw,female,53,47730
2020,nsw,female,54,47677
2020,nsw,female,55,48676
2020,nsw,female,56,50687
2020,nsw,female,57,51784
2020,nsw,female,58,51129
2020,nsw,female,59,51006
2020,nsw,female,60,49456
2020,nsw,female,61,48223
2020,nsw,female,62,48027
2020,nsw,female,63,46434
2020,nsw,female,64,44976
2020,nsw,female,65,44037
2020,nsw,female,66,42654
2020,nsw,female,67,41851
2020,nsw,female,68,40259
2020,nsw,female,69,39603
2020,nsw,female,70,38699
2020,nsw,female,71,37247
2020,nsw,female,72,37152
2020,nsw,female,73,37530
2020,nsw,female,74,31522
2020,nsw,female,75,30006
2020,nsw,female,76,28177
2020,nsw,female,77,25197
2020,nsw,female,78,24152
2020,nsw,female,79,22662
2020,nsw,female,80,21395
2020,nsw,female,81,20370
2020,nsw,female,82,18983
2020,nsw,female,83,17808
2020,nsw,female,84,16406
2020,nsw,female,85,14755
2020,nsw,female,86,13132
2020,nsw,female,87,12196
2020,nsw,female,88,11184
2020,nsw,female,89,10546
2020,nsw,female,90,9347
2020,nsw,female,91,7873
2020,nsw,female,92,6735
2020,nsw,female,93,5569
2020,nsw,female,94,4517
2020,nsw,female,95,3570
2020,nsw,female,96,2636
2020,nsw,female,97,2014
2020,nsw,female,98,1354
2020,nsw,female,99,912
2020,nsw,female,100,1306
2020,nsw,male,0,48800
2020,nsw,male,1,49960
2020,nsw,male,2,49414
2020,nsw,male,3,50171
2020,nsw,male,4,51879
2020,nsw,male,5,51490
2020,nsw,male,6,51913
2020,nsw,male,7,52927
2020,nsw,male,8,52937
2020,nsw,male,9,52515
2020,nsw,male,10,52747
2020,nsw,male,11,52113
2020,nsw,male,12,51936
2020,nsw,male,13,51573
2020,nsw,male,14,49566
2020,nsw,male,15,48285
2020,nsw,male,16,47276
2020,nsw,male,17,47074
2020,nsw,male,18,47464
2020,nsw,male,19,51392
2020,nsw,male,20,53677
2020,nsw,male,21,53760
2020,nsw,male,22,54578
2020,nsw,male,23,56375
2020,nsw,male,24,57701
2020,nsw,male,25,59135
2020,nsw,male,26,59251
2020,nsw,male,27,59707
2020,nsw,male,28,60117
2020,nsw,male,29,60972
2020,nsw,male,30,61426
2020,nsw,male,31,60425
2020,nsw,male,32,59018
2020,nsw,male,33,58824
2020,nsw,male,34,59436
2020,nsw,male,35,59139
2020,nsw,male,36,58844
2020,nsw,male,37,58756
2020,nsw,male,38,57231
2020,nsw,male,39,55522
2020,nsw,male,40,52881
2020,nsw,male,41,51141
2020,nsw,male,42,49778
2020,nsw,male,43,49545
2020,nsw,male,44,49781
2020,nsw,male,45,50364
2020,nsw,male,46,51275
2020,nsw,male,47,52156
2020,nsw,male,48,53788
2020,nsw,male,49,53460
2020,nsw,male,50,49524
2020,nsw,male,51,48668
2020,nsw,male,52,46738
2020,nsw,male,53,46357
2020,nsw,male,54,46795
2020,nsw,male,55,47198
2020,nsw,male,56,49047
2020,nsw,male,57,49884
2020,nsw,male,58,49558
2020,nsw,male,59,48545
2020,nsw,male,60,46611
2020,nsw,male,61,45635
2020,nsw,male,62,44836
2020,nsw,male,63,43578
2020,nsw,male,64,42343
2020,nsw,male,65,40914
2020,nsw,male,66,39774
2020,nsw,male,67,39299
2020,nsw,male,68,37601
2020,nsw,male,69,37434
2020,nsw,male,70,36608
2020,nsw,male,71,35384
2020,nsw,male,72,35835
2020,nsw,male,73,35883
2020,nsw,male,74,30075
2020,nsw,male,75,28214
2020,nsw,male,76,26506
2020,nsw,male,77,23118
2020,nsw,male,78,22196
2020,nsw,male,79,20167
2020,nsw,male,80,18968
2020,nsw,male,81,17150
2020,nsw,male,82,15692
2020,nsw,male,83,14543
2020,nsw,male,84,12877
2020,nsw,male,85,11069
2020,nsw,male,86,9839
2020,nsw,male,87,8677
2020,nsw,male,88,7695
2020,nsw,male,89,6767
2020,nsw,male,90,5830
2020,nsw,male,91,4682
2020,nsw,male,92,3686
2020,nsw,male,93,2807
2020,nsw,male,94,2190
2020,nsw,male,95,1549
2020,nsw,male,96,1069
2020,nsw,male,97,714
2020,nsw,male,98,452
2020,nsw,male,99,278
2020,nsw,male,100,356
2020,nt,female,0,1715
2020,nt,female,1,1713
2020,nt,female,2,1665
2020,nt,female,3,1710
2020,nt,female,4,1798
2020,nt,female,5,1757
2020,nt,female,6,1715
2020,nt,female,7,1822
2020,nt,female,8,1814
2020,nt,female,9,1701
2020,nt,female,10,1694
2020,nt,female,11,1660
2020,nt,female,12,1705
2020,nt,female,13,1602
2020,nt,female,14,1589
2020,nt,female,15,1508
2020,nt,female,16,1475
2020,nt,female,17,1491
2020,nt,female,18,1435
2020,nt,female,19,1403
2020,nt,female,20,1382
2020,nt,female,21,1468
2020,nt,female,22,1597
2020,nt,female,23,1755
2020,nt,female,24,1959
2020,nt,female,25,2085
2020,nt,female,26,2233
2020,nt,female,27,2339
2020,nt,female,28,2416
2020,nt,female,29,2526
2020,nt,female,30,2452
2020,nt,female,31,2384
2020,nt,female,32,2422
2020,nt,female,33,2324
2020,nt,female,34,2237
2020,nt,female,35,2286
2020,nt,female,36,2126
2020,nt,female,37,2053
2020,nt,female,38,1960
2020,nt,female,39,1898
2020,nt,female,40,1806
2020,nt,female,41,1782
2020,nt,female,42,1739
2020,nt,female,43,1607
2020,nt,female,44,1642
2020,nt,female,45,1539
2020,nt,female,46,1584
2020,nt,female,47,1566
2020,nt,female,48,1617
2020,nt,female,49,1697
2020,nt,female,50,1619
2020,nt,female,51,1580
2020,nt,female,52,1531
2020,nt,female,53,1465
2020,nt,female,54,1446
2020,nt,female,55,1355
2020,nt,female,56,1370
2020,nt,female,57,1393
2020,nt,female,58,1338
2020,nt,female,59,1348
2020,nt,female,60,1254
2020,nt,female,61,1188
2020,nt,female,62,1112
2020,nt,female,63,1091
2020,nt,female,64,990
2020,nt,female,65,944
2020,nt,female,66,877
2020,nt,female,67,821
2020,nt,female,68,743
2020,nt,female,69,727
2020,nt,female,70,646
2020,nt,female,71,579
2020,nt,female,72,556
2020,nt,female,73,535
2020,nt,female,74,418
2020,nt,female,75,353
2020,nt,female,76,328
2020,nt,female,77,282
2020,nt,female,78,283
2020,nt,female,79,280
2020,nt,female,80,236
2020,nt,female,81,179
2020,nt,female,82,179
2020,nt,female,83,142
2020,nt,female,84,116
2020,nt,female,85,112
2020,nt,female,86,95
2020,nt,female,87,72
2020,nt,female,88,71
2020,nt,female,89,65
2020,nt,female,90,57
2020,nt,female,91,50
2020,nt,female,92,34
2020,nt,female,93,30
2020,nt,female,94,24
2020,nt,female,95,13
2020,nt,female,96,12
2020,nt,female,97,7
2020,nt,female,98,6
2020,nt,female,99,5
2020,nt,female,100,5
2020,nt,male,0,1804
2020,nt,male,1,1849
2020,nt,male,2,1851
2020,nt,male,3,1881
2020,nt,male,4,1861
2020,nt,male,5,1884
2020,nt,male,6,1847
2020,nt,male,7,1814
2020,nt,male,8,1872
2020,nt,male,9,1851
2020,nt,male,10,1883
2020,nt,male,11,1773
2020,nt,male,12,1779
2020,nt,male,13,1699
2020,nt,male,14,1637
2020,nt,male,15,1618
2020,nt,male,16,1599
2020,nt,male,17,1593
2020,nt,male,18,1521
2020,nt,male,19,1631
2020,nt,male,20,1650
2020,nt,male,21,1745
2020,nt,male,22,1876
2020,nt,male,23,1907
2020,nt,male,24,1973
2020,nt,male,25,2185
2020,nt,male,26,2203
2020,nt,male,27,2236
2020,nt,male,28,2259
2020,nt,male,29,2414
2020,nt,male,30,2446
2020,nt,male,31,2332
2020,nt,male,32,2332
2020,nt,male,33,2308
2020,nt,male,34,2300
2020,nt,male,35,2132
2020,nt,male,36,2185
2020,nt,male,37,2122
2020,nt,male,38,1933
2020,nt,male,39,1902
2020,nt,male,40,1750
2020,nt,male,41,1773
2020,nt,male,42,1608
2020,nt,male,43,1711
2020,nt,male,44,1660
2020,nt,male,45,1621
2020,nt,male,46,1637
2020,nt,male,47,1675
2020,nt,male,48,1690
2020,nt,male,49,1774
2020,nt,male,50,1675
2020,nt,male,51,1616
2020,nt,male,52,1480
2020,nt,male,53,1507
2020,nt,male,54,1478
2020,nt,male,55,1456
2020,nt,male,56,1447
2020,nt,male,57,1465
2020,nt,male,58,1444
2020,nt,male,59,1341
2020,nt,male,60,1274
2020,nt,male,61,1236
2020,nt,male,62,1138
2020,nt,male,63,1131
2020,nt,male,64,1099
2020,nt,male,65,1013
2020,nt,male,66,966
2020,nt,male,67,877
2020,nt,male,68,812
2020,nt,male,69,780
2020,nt,male,70,769
2020,nt,male,71,687
2020,nt,male,72,615
2020,nt,male,73,594
2020,nt,male,74,473
2020,nt,male,75,425
2020,nt,male,76,362
2020,nt,male,77,343
2020,nt,male,78,322
2020,nt,male,79,290
2020,nt,male,80,267
2020,nt,male,81,155
2020,nt,male,82,172
2020,nt,male,83,124
2020,nt,male,84,126
2020,nt,male,85,82
2020,nt,male,86,66
2020,nt,male,87,68
2020,nt,male,88,58
2020,nt,male,89,40
2020,nt,male,90,39
2020,nt,male,91,31
2020,nt,male,92,29
2020,nt,male,93,16
2020,nt,male,94,7
2020,nt,male,95,9
2020,nt,male,96,6
2020,nt,male,97,5
2020,nt,male,98,7
2020,nt,male,99,3
2020,nt,male,100,2
2020,qld,female,0,28771
2020,qld,female,1,29107
2020,qld,female,2,29604
2020,qld,female,3,30145
2020,qld,female,4,31822
2020,qld,female,5,31783
2020,qld,female,6,32533
2020,qld,female,7,32903
2020,qld,female,8,33298
2020,qld,female,9,33639
2020,qld,female,10,34209
2020,qld,female,11,33998
2020,qld,female,12,33803
2020,qld,female,13,33199
2020,qld,female,14,32420
2020,qld,female,15,31162
2020,qld,female,16,30484
2020,qld,female,17,29860
2020,qld,female,18,30473
2020,qld,female,19,31851
2020,qld,female,20,32287
2020,qld,female,21,32706
2020,qld,female,22,33367
2020,qld,female,23,34335
2020,qld,female,24,35216
2020,qld,female,25,36154
2020,qld,female,26,36007
2020,qld,female,27,36424
2020,qld,female,28,37088
2020,qld,female,29,37364
2020,qld,female,30,37141
2020,qld,female,31,36582
2020,qld,female,32,36174
2020,qld,female,33,36132
2020,qld,female,34,36688
2020,qld,female,35,36722
2020,qld,female,36,36585
2020,qld,female,37,37087
2020,qld,female,38,35480
2020,qld,female,39,35183
2020,qld,female,40,34087
2020,qld,female,41,33478
2020,qld,female,42,33012
2020,qld,female,43,33118
2020,qld,female,44,33211
2020,qld,female,45,33588
2020,qld,female,46,34312
2020,qld,female,47,35643
2020,qld,female,48,36628
2020,qld,female,49,37045
2020,qld,female,50,34633
2020,qld,female,51,33738
2020,qld,female,52,32334
2020,qld,female,53,31921
2020,qld,female,54,31471
2020,qld,female,55,31826
2020,qld,female,56,32916
2020,qld,female,57,33276
2020,qld,female,58,32993
2020,qld,female,59,32628
2020,qld,female,60,31172
2020,qld,female,61,30520
2020,qld,female,62,29928
2020,qld,female,63,28753
2020,qld,female,64,28224
2020,qld,female,65,27444
2020,qld,female,66,26773
2020,qld,female,67,26203
2020,qld,female,68,25568
2020,qld,female,69,25197
2020,qld,female,70,24851
2020,qld,female,71,23855
2020,qld,female,72,23340
2020,qld,female,73,23899
2020,qld,female,74,19710
2020,qld,female,75,19004
2020,qld,female,76,17351
2020,qld,female,77,15382
2020,qld,female,78,14824
2020,qld,female,79,13311
2020,qld,female,80,12596
2020,qld,female,81,11667
2020,qld,female,82,10494
2020,qld,female,83,9890
2020,qld,female,84,8813
2020,qld,female,85,8036
2020,qld,female,86,7107
2020,qld,female,87,6478
2020,qld,female,88,5825
2020,qld,female,89,5529
2020,qld,female,90,4908
2020,qld,female,91,4226
2020,qld,female,92,3558
2020,qld,female,93,2791
2020,qld,female,94,2313
2020,qld,female,95,1807
2020,qld,female,96,1321
2020,qld,female,97,950
2020,qld,female,98,677
2020,qld,female,99,505
2020,qld,female,100,631
2020,qld,male,0,30524
2020,qld,male,1,31139
2020,qld,male,2,31259
2020,qld,male,3,32130
2020,qld,male,4,33323
2020,qld,male,5,33786
2020,qld,male,6,34488
2020,qld,male,7,34981
2020,qld,male,8,34971
2020,qld,male,9,35128
2020,qld,male,10,35833
2020,qld,male,11,36170
2020,qld,male,12,36259
2020,qld,male,13,35933
2020,qld,male,14,34466
2020,qld,male,15,33316
2020,qld,male,16,32143
2020,qld,male,17,31230
2020,qld,male,18,31909
2020,qld,male,19,33386
2020,qld,male,20,33697
2020,qld,male,21,33484
2020,qld,male,22,34114
2020,qld,male,23,34715
2020,qld,male,24,35767
2020,qld,male,25,36283
2020,qld,male,26,36366
2020,qld,male,27,36184
2020,qld,male,28,35909
2020,qld,male,29,36455
2020,qld,male,30,36403
2020,qld,male,31,35287
2020,qld,male,32,35077
2020,qld,male,33,34987
2020,qld,male,34,35461
2020,qld,male,35,35178
2020,qld,male,36,35093
2020,qld,male,37,35664
2020,qld,male,38,34727
2020,qld,male,39,33885
2020,qld,male,40,32343
2020,qld,male,41,31773
2020,qld,male,42,31062
2020,qld,male,43,31426
2020,qld,male,44,32033
2020,qld,male,45,32498
2020,qld,male,46,33699
2020,qld,male,47,34619
2020,qld,male,48,35361
2020,qld,male,49,35777
2020,qld,male,50,33314
2020,qld,male,51,32392
2020,qld,male,52,31171
2020,qld,male,53,30861
2020,qld,male,54,30237
2020,qld,male,55,30592
2020,qld,male,56,31691
2020,qld,male,57,31590
2020,qld,male,58,31361
2020,qld,male,59,31145
2020,qld,male,60,29836
2020,qld,male,61,29003
2020,qld,male,62,28019
2020,qld,male,63,27425
2020,qld,male,64,26791
2020,qld,male,65,25888
2020,qld,male,66,25053
2020,qld,male,67,25115
2020,qld,male,68,24716
2020,qld,male,69,24175
2020,qld,male,70,23591
2020,qld,male,71,23075
2020,qld,male,72,22849
2020,qld,male,73,23269
2020,qld,male,74,19283
2020,qld,male,75,18281
2020,qld,male,76,16661
2020,qld,male,77,14459
2020,qld,male,78,13994
2020,qld,male,79,12435
2020,qld,male,80,11438
2020,qld,male,81,10290
2020,qld,male,82,9234
2020,qld,male,83,8320
2020,qld,male,84,7280
2020,qld,male,85,6140
2020,qld,male,86,5344
2020,qld,male,87,4666
2020,qld,male,88,4137
2020,qld,male,89,3584
2020,qld,male,90,3045
2020,qld,male,91,2383
2020,qld,male,92,1871
2020,qld,male,93,1453
2020,qld,male,94,1125
2020,qld,male,95,770
2020,qld,male,96,527
2020,qld,male,97,358
2020,qld,male,98,240
2020,qld,male,99,153
2020,qld,male,100,207
2020,sa,female,0,9193
2020,sa,female,1,9366
2020,sa,female,2,9434
2020,sa,female,3,9729
2020,sa,female,4,10277
2020,sa,female,5,10118
2020,sa,female,6,10294
2020,sa,female,7,10397
2020,sa,female,8,10528
2020,sa,female,9,10358
2020,sa,female,10,10412
2020,sa,female,11,10550
2020,sa,female,12,10666
2020,sa,female,13,10472
2020,sa,female,14,9952
2020,sa,female,15,9796
2020,sa,female,16,9708
2020,sa,female,17,9718
2020,sa,female,18,9894
2020,sa,female,19,10432
2020,sa,female,20,10737
2020,sa,female,21,10877
2020,sa,female,22,11115
2020,sa,female,23,11397
2020,sa,female,24,11598
2020,sa,female,25,11823
2020,sa,female,26,11816
2020,sa,female,27,11879
2020,sa,female,28,11939
2020,sa,female,29,12010
2020,sa,female,30,12127
2020,sa,female,31,11975
2020,sa,female,32,12147
2020,sa,female,33,12184
2020,sa,female,34,12340
2020,sa,female,35,12235
2020,sa,female,36,12286
2020,sa,female,37,12010
2020,sa,female,38,11714
2020,sa,female,39,11474
2020,sa,female,40,10988
2020,sa,female,41,10757
2020,sa,female,42,10647
2020,sa,female,43,10734
2020,sa,female,44,10536
2020,sa,female,45,10659
2020,sa,female,46,10931
2020,sa,female,47,11362
2020,sa,female,48,12002
2020,sa,female,49,12223
2020,sa,female,50,11753
2020,sa,female,51,11631
2020,sa,female,52,11390
2020,sa,female,53,11122
2020,sa,female,54,11338
2020,sa,female,55,11530
2020,sa,female,56,11784
2020,sa,female,57,11962
2020,sa,female,58,11969
2020,sa,female,59,12141
2020,sa,female,60,11868
2020,sa,female,61,11791
2020,sa,female,62,11265
2020,sa,female,63,11290
2020,sa,female,64,11028
2020,sa,female,65,10590
2020,sa,female,66,10548
2020,sa,female,67,10433
2020,sa,female,68,10174
2020,sa,female,69,10189
2020,sa,female,70,9855
2020,sa,female,71,9578
2020,sa,female,72,9460
2020,sa,female,73,9835
2020,sa,female,74,8139
2020,sa,female,75,7673
2020,sa,female,76,7027
2020,sa,female,77,6511
2020,sa,female,78,6113
2020,sa,female,79,5672
2020,sa,female,80,5464
2020,sa,female,81,5283
2020,sa,female,82,4839
2020,sa,female,83,4476
2020,sa,female,84,4060
2020,sa,female,85,3695
2020,sa,female,86,3397
2020,sa,female,87,3130
2020,sa,female,88,2903
2020,sa,female,89,2773
2020,sa,female,90,2403
2020,sa,female,91,2139
2020,sa,female,92,1793
2020,sa,female,93,1486
2020,sa,female,94,1291
2020,sa,female,95,1022
2020,sa,female,96,691
2020,sa,female,97,539
2020,sa,female,98,401
2020,sa,female,99,273
2020,sa,female,100,357
2020,sa,male,0,9598
2020,sa,male,1,9785
2020,sa,male,2,10041
2020,sa,male,3,10221
2020,sa,male,4,10709
2020,sa,male,5,10640
2020,sa,male,6,10908
2020,sa,male,7,10977
2020,sa,male,8,11098
2020,sa,male,9,10896
2020,sa,male,10,11178
2020,sa,male,11,10995
2020,sa,male,12,10949
2020,sa,male,13,10877
2020,sa,male,14,10638
2020,sa,male,15,10263
2020,sa,male,16,10370
2020,sa,male,17,10194
2020,sa,male,18,10494
2020,sa,male,19,11069
2020,sa,male,20,11673
2020,sa,male,21,11680
2020,sa,male,22,11873
2020,sa,male,23,12156
2020,sa,male,24,12521
2020,sa,male,25,12663
2020,sa,male,26,11991
2020,sa,male,27,12090
2020,sa,male,28,11868
2020,sa,male,29,12101
2020,sa,male,30,12049
2020,sa,male,31,12091
2020,sa,male,32,11859
2020,sa,male,33,11861
2020,sa,male,34,12093
2020,sa,male,35,12112
2020,sa,male,36,12093
2020,sa,male,37,11961
2020,sa,male,38,11413
2020,sa,male,39,11189
2020,sa,male,40,10688
2020,sa,male,41,10521
2020,sa,male,42,10268
2020,sa,male,43,10484
2020,sa,male,44,10562
2020,sa,male,45,10737
2020,sa,male,46,10877
2020,sa,male,47,11159
2020,sa,male,48,11713
2020,sa,male,49,12033
2020,sa,male,50,11519
2020,sa,male,51,11416
2020,sa,male,52,11206
2020,sa,male,53,10826
2020,sa,male,54,10977
2020,sa,male,55,11196
2020,sa,male,56,11411
2020,sa,male,57,11540
2020,sa,male,58,11413
2020,sa,male,59,11618
2020,sa,male,60,11157
2020,sa,male,61,10923
2020,sa,male,62,10735
2020,sa,male,63,10378
2020,sa,male,64,10154
2020,sa,male,65,10020
2020,sa,male,66,9678
2020,sa,male,67,9685
2020,sa,male,68,9382
2020,sa,male,69,9215
2020,sa,male,70,9195
2020,sa,male,71,8830
2020,sa,male,72,8695
2020,sa,male,73,9124
2020,sa,male,74,7421
2020,sa,male,75,6901
2020,sa,male,76,6399
2020,sa,male,77,5754
2020,sa,male,78,5432
2020,sa,male,79,4813
2020,sa,male,80,4562
2020,sa,male,81,4298
2020,sa,male,82,3926
2020,sa,male,83,3635
2020,sa,male,84,3161
2020,sa,male,85,2744
2020,sa,male,86,2548
2020,sa,male,87,2247
2020,sa,male,88,1952
2020,sa,male,89,1718
2020,sa,male,90,1530
2020,sa,male,91,1219
2020,sa,male,92,1007
2020,sa,male,93,749
2020,sa,male,94,624
2020,sa,male,95,426
2020,sa,male,96,296
2020,sa,male,97,190
2020,sa,male,98,129
2020,sa,male,99,79
2020,sa,male,100,133
2020,tas,female,0,2774
2020,tas,female,1,2776
2020,tas,female,2,2780
2020,tas,female,3,2942
2020,tas,female,4,3009
2020,tas,female,5,3041
2020,tas,female,6,3147
2020,tas,female,7,3161
2020,tas,female,8,3162
2020,tas,female,9,3220
2020,tas,female,10,3180
2020,tas,female,11,3397
2020,tas,female,12,3322
2020,tas,female,13,3299
2020,tas,female,14,3169
2020,tas,female,15,3057
2020,tas,female,16,2960
2020,tas,female,17,2931
2020,tas,female,18,2913
2020,tas,female,19,3005
2020,tas,female,20,2974
2020,tas,female,21,3113
2020,tas,female,22,3040
2020,tas,female,23,3251
2020,tas,female,24,3437
2020,tas,female,25,3603
2020,tas,female,26,3699
2020,tas,female,27,3757
2020,tas,female,28,3841
2020,tas,female,29,3947
2020,tas,female,30,3847
2020,tas,female,31,3712
2020,tas,female,32,3671
2020,tas,female,33,3569
2020,tas,female,34,3607
2020,tas,female,35,3646
2020,tas,female,36,3511
2020,tas,female,37,3367
2020,tas,female,38,3458
2020,tas,female,39,3403
2020,tas,female,40,3219
2020,tas,female,41,3206
2020,tas,female,42,3189
2020,tas,female,43,3085
2020,tas,female,44,3177
2020,tas,female,45,3267
2020,tas,female,46,3343
2020,tas,female,47,3573
2020,tas,female,48,3728
2020,tas,female,49,3915
2020,tas,female,50,3685
2020,tas,female,51,3719
2020,tas,female,52,3581
2020,tas,female,53,3576
2020,tas,female,54,3485
2020,tas,female,55,3659
2020,tas,female,56,3925
2020,tas,female,57,3943
2020,tas,female,58,4052
2020,tas,female,59,4165
2020,tas,female,60,4039
2020,tas,female,61,3950
2020,tas,female,62,3813
2020,tas,female,63,3873
2020,tas,female,64,3678
2020,tas,female,65,3591
2020,tas,female,66,3631
2020,tas,female,67,3511
2020,tas,female,68,3450
2020,tas,female,69,3395
2020,tas,female,70,3367
2020,tas,female,71,3181
2020,tas,female,72,3168
2020,tas,female,73,3266
2020,tas,female,74,2662
2020,tas,female,75,2503
2020,tas,female,76,2343
2020,tas,female,77,2046
2020,tas,female,78,1981
2020,tas,female,79,1862
2020,tas,female,80,1715
2020,tas,female,81,1608
2020,tas,female,82,1524
2020,tas,female,83,1380
2020,tas,female,84,1197
2020,tas,female,85,1073
2020,tas,female,86,1023
2020,tas,female,87,960
2020,tas,female,88,804
2020,tas,female,89,763
2020,tas,female,90,664
2020,tas,female,91,558
2020,tas,female,92,441
2020,tas,female,93,352
2020,tas,female,94,304
2020,tas,female,95,227
2020,tas,female,96,167
2020,tas,female,97,133
2020,tas,female,98,85
2020,tas,female,99,50
2020,tas,female,100,69
2020,tas,male,0,2915
2020,tas,male,1,2980
2020,tas,male,2,2973
2020,tas,male,3,3067
2020,tas,male,4,3291
2020,tas,male,5,3234
2020,tas,male,6,3266
2020,tas,male,7,3309
2020,tas,male,8,3277
2020,tas,male,9,3493
2020,tas,male,10,3460
2020,tas,male,11,3573
2020,tas,male,12,3556
2020,tas,male,13,3553
2020,tas,male,14,3430
2020,tas,male,15,3305
2020,tas,male,16,3160
2020,tas,male,17,3093
2020,tas,male,18,3164
2020,tas,male,19,3252
2020,tas,male,20,3295
2020,tas,male,21,3232
2020,tas,male,22,3262
2020,tas,male,23,3356
2020,tas,male,24,3514
2020,tas,male,25,3842
2020,tas,male,26,3860
2020,tas,male,27,3791
2020,tas,male,28,3804
2020,tas,male,29,3875
2020,tas,male,30,3930
2020,tas,male,31,3750
2020,tas,male,32,3609
2020,tas,male,33,3593
2020,tas,male,34,3603
2020,tas,male,35,3500
2020,tas,male,36,3425
2020,tas,male,37,3366
2020,tas,male,38,3305
2020,tas,male,39,3082
2020,tas,male,40,3017
2020,tas,male,41,3073
2020,tas,male,42,2954
2020,tas,male,43,2959
2020,tas,male,44,3130
2020,tas,male,45,3166
2020,tas,male,46,3274
2020,tas,male,47,3310
2020,tas,male,48,3553
2020,tas,male,49,3667
2020,tas,male,50,3552
2020,tas,male,51,3551
2020,tas,male,52,3410
2020,tas,male,53,3275
2020,tas,male,54,3235
2020,tas,male,55,3454
2020,tas,male,56,3734
2020,tas,male,57,3769
2020,tas,male,58,3949
2020,tas,male,59,3893
2020,tas,male,60,3770
2020,tas,male,61,3768
2020,tas,male,62,3735
2020,tas,male,63,3565
2020,tas,male,64,3656
2020,tas,male,65,3445
2020,tas,male,66,3275
2020,tas,male,67,3430
2020,tas,male,68,3403
2020,tas,male,69,3269
2020,tas,male,70,3197
2020,tas,male,71,3035
2020,tas,male,72,3073
2020,tas,male,73,3251
2020,tas,male,74,2485
2020,tas,male,75,2319
2020,tas,male,76,2274
2020,tas,male,77,1957
2020,tas,male,78,1872
2020,tas,male,79,1690
2020,tas,male,80,1572
2020,tas,male,81,1411
2020,tas,male,82,1280
2020,tas,male,83,1126
2020,tas,male,84,965
2020,tas,male,85,836
2020,tas,male,86,752
2020,tas,male,87,639
2020,tas,male,88,579
2020,tas,male,89,501
2020,tas,male,90,396
2020,tas,male,91,316
2020,tas,male,92,258
2020,tas,male,93,186
2020,tas,male,94,132
2020,tas,male,95,100
2020,tas,male,96,69
2020,tas,male,97,44
2020,tas,male,98,37
2020,tas,male,99,22
2020,tas,male,100,21
2020,vic,female,0,36705
2020,vic,female,1,37903
2020,vic,female,2,38229
2020,vic,female,3,39011
2020,vic,female,4,40378
2020,vic,female,5,40020
2020,vic,female,6,39931
2020,vic,female,7,40422
2020,vic,female,8,39825
2020,vic,female,9,39029
2020,vic,female,10,39744
2020,vic,female,11,38687
2020,vic,female,12,38659
2020,vic,female,13,38450
2020,vic,female,14,36918
2020,vic,female,15,35371
2020,vic,female,16,35281
2020,vic,female,17,35332
2020,vic,female,18,36380
2020,vic,female,19,39157
2020,vic,female,20,41556
2020,vic,female,21,41981
2020,vic,female,22,43251
2020,vic,female,23,46189
2020,vic,female,24,48312
2020,vic,female,25,49855
2020,vic,female,26,50457
2020,vic,female,27,51151
2020,vic,female,28,51851
2020,vic,female,29,53004
2020,vic,female,30,53863
2020,vic,female,31,52962
2020,vic,female,32,52752
2020,vic,female,33,51871
2020,vic,female,34,52174
2020,vic,female,35,51751
2020,vic,female,36,50435
2020,vic,female,37,49941
2020,vic,female,38,48400
2020,vic,female,39,46806
2020,vic,female,40,44588
2020,vic,female,41,43371
2020,vic,female,42,42241
2020,vic,female,43,41601
2020,vic,female,44,41233
2020,vic,female,45,42058
2020,vic,female,46,42827
2020,vic,female,47,43145
2020,vic,female,48,45191
2020,vic,female,49,46055
2020,vic,female,50,42938
2020,vic,female,51,42605
2020,vic,female,52,40671
2020,vic,female,53,39319
2020,vic,female,54,39380
2020,vic,female,55,39408
2020,vic,female,56,40350
2020,vic,female,57,40525
2020,vic,female,58,40006
2020,vic,female,59,39845
2020,vic,female,60,38866
2020,vic,female,61,37981
2020,vic,female,62,37206
2020,vic,female,63,36347
2020,vic,female,64,35476
2020,vic,female,65,34462
2020,vic,female,66,33279
2020,vic,female,67,32683
2020,vic,female,68,31507
2020,vic,female,69,31184
2020,vic,female,70,30417
2020,vic,female,71,29132
2020,vic,female,72,29196
2020,vic,female,73,29436
2020,vic,female,74,24287
2020,vic,female,75,22818
2020,vic,female,76,21629
2020,vic,female,77,19390
2020,vic,female,78,18939
2020,vic,female,79,17398
2020,vic,female,80,16895
2020,vic,female,81,15936
2020,vic,female,82,14978
2020,vic,female,83,13731
2020,vic,female,84,12775
2020,vic,female,85,11464
2020,vic,female,86,10632
2020,vic,female,87,9735
2020,vic,female,88,8734
2020,vic,female,89,8094
2020,vic,female,90,7351
2020,vic,female,91,6186
2020,vic,female,92,5267
2020,vic,female,93,4264
2020,vic,female,94,3526
2020,vic,female,95,2705
2020,vic,female,96,2047
2020,vic,female,97,1391
2020,vic,female,98,1013
2020,vic,female,99,705
2020,vic,female,100,959
2020,vic,male,0,38858
2020,vic,male,1,39663
2020,vic,male,2,40492
2020,vic,male,3,41149
2020,vic,male,4,42774
2020,vic,male,5,42179
2020,vic,male,6,42365
2020,vic,male,7,42748
2020,vic,male,8,41966
2020,vic,male,9,41275
2020,vic,male,10,41526
2020,vic,male,11,41079
2020,vic,male,12,40998
2020,vic,male,13,40733
2020,vic,male,14,38904
2020,vic,male,15,37604
2020,vic,male,16,37395
2020,vic,male,17,37222
2020,vic,male,18,38287
2020,vic,male,19,42108
2020,vic,male,20,44310
2020,vic,male,21,45110
2020,vic,male,22,46778
2020,vic,male,23,49921
2020,vic,male,24,52412
2020,vic,male,25,53790
2020,vic,male,26,53046
2020,vic,male,27,51852
2020,vic,male,28,51388
2020,vic,male,29,52295
2020,vic,male,30,52328
2020,vic,male,31,51499
2020,vic,male,32,51485
2020,vic,male,33,51221
2020,vic,male,34,51120
2020,vic,male,35,50665
2020,vic,male,36,49946
2020,vic,male,37,49655
2020,vic,male,38,47842
2020,vic,male,39,46153
2020,vic,male,40,43735
2020,vic,male,41,42512
2020,vic,male,42,41421
2020,vic,male,43,40751
2020,vic,male,44,40929
2020,vic,male,45,40943
2020,vic,male,46,41334
2020,vic,male,47,41732
2020,vic,male,48,42903
2020,vic,male,49,43171
2020,vic,male,50,41026
2020,vic,male,51,40481
2020,vic,male,52,39104
2020,vic,male,53,37574
2020,vic,male,54,37499
2020,vic,male,55,37512
2020,vic,male,56,38062
2020,vic,male,57,38628
2020,vic,male,58,38022
2020,vic,male,59,37362
2020,vic,male,60,35945
2020,vic,male,61,35620
2020,vic,male,62,34340
2020,vic,male,63,33413
2020,vic,male,64,33103
2020,vic,male,65,31649
2020,vic,male,66,30373
2020,vic,male,67,29893
2020,vic,male,68,29024
2020,vic,male,69,28395
2020,vic,male,70,27693
2020,vic,male,71,26638
2020,vic,male,72,26793
2020,vic,male,73,27260
2020,vic,male,74,22816
2020,vic,male,75,20879
2020,vic,male,76,19469
2020,vic,male,77,17346
2020,vic,male,78,17043
2020,vic,male,79,15569
2020,vic,male,80,14389
2020,vic,male,81,13361
2020,vic,male,82,12110
2020,vic,male,83,11140
2020,vic,male,84,9919
2020,vic,male,85,8596
2020,vic,male,86,7769
2020,vic,male,87,6667
2020,vic,male,88,5782
2020,vic,male,89,5235
2020,vic,male,90,4579
2020,vic,male,91,3625
2020,vic,male,92,2890
2020,vic,male,93,2262
2020,vic,male,94,1713
2020,vic,male,95,1242
2020,vic,male,96,849
2020,vic,male,97,570
2020,vic,male,98,376
2020,vic,male,99,216
2020,vic,male,100,281
2020,wa,female,0,16049
2020,wa,female,1,16294
2020,wa,female,2,16699
2020,wa,female,3,17003
2020,wa,female,4,17419
2020,wa,female,5,17140
2020,wa,female,6,17389
2020,wa,female,7,17361
2020,wa,female,8,17328
2020,wa,female,9,17430
2020,wa,female,10,17360
2020,wa,female,11,16930
2020,wa,female,12,17351
2020,wa,female,13,17024
2020,wa,female,14,16373
2020,wa,female,15,15433
2020,wa,female,16,15154
2020,wa,female,17,15037
2020,wa,female,18,14894
2020,wa,female,19,15440
2020,wa,female,20,16012
2020,wa,female,21,16207
2020,wa,female,22,16297
2020,wa,female,23,16741
2020,wa,female,24,17075
2020,wa,female,25,17804
2020,wa,female,26,18319
2020,wa,female,27,18724
2020,wa,female,28,18903
2020,wa,female,29,19999
2020,wa,female,30,20399
2020,wa,female,31,20745
2020,wa,female,32,20793
2020,wa,female,33,20975
2020,wa,female,34,21034
2020,wa,female,35,20892
2020,wa,female,36,20727
2020,wa,female,37,20391
2020,wa,female,38,19753
2020,wa,female,39,19368
2020,wa,female,40,18473
2020,wa,female,41,18182
2020,wa,female,42,17402
2020,wa,female,43,17293
2020,wa,female,44,17334
2020,wa,female,45,17541
2020,wa,female,46,17481
2020,wa,female,47,17798
2020,wa,female,48,18734
2020,wa,female,49,18993
2020,wa,female,50,17789
2020,wa,female,51,17720
2020,wa,female,52,16965
2020,wa,female,53,16565
2020,wa,female,54,16590
2020,wa,female,55,16629
2020,wa,female,56,16870
2020,wa,female,57,16939
2020,wa,female,58,16681
2020,wa,female,59,16532
2020,wa,female,60,16128
2020,wa,female,61,15778
2020,wa,female,62,15191
2020,wa,female,63,14812
2020,wa,female,64,14769
2020,wa,female,65,14249
2020,wa,female,66,13711
2020,wa,female,67,13363
2020,wa,female,68,12920
2020,wa,female,69,12493
2020,wa,female,70,12125
2020,wa,female,71,11826
2020,wa,female,72,11460
2020,wa,female,73,11641
2020,wa,female,74,9142
2020,wa,female,75,8663
2020,wa,female,76,8294
2020,wa,female,77,7396
2020,wa,female,78,7253
2020,wa,female,79,6653
2020,wa,female,80,6323
2020,wa,female,81,6031
2020,wa,female,82,5597
2020,wa,female,83,5073
2020,wa,female,84,4683
2020,wa,female,85,4218
2020,wa,female,86,3784
2020,wa,female,87,3482
2020,wa,female,88,3123
2020,wa,female,89,2839
2020,wa,female,90,2493
2020,wa,female,91,2023
2020,wa,female,92,1821
2020,wa,female,93,1417
2020,wa,female,94,1187
2020,wa,female,95,913
2020,wa,female,96,685
2020,wa,female,97,496
2020,wa,female,98,366
2020,wa,female,99,252
2020,wa,female,100,331
2020,wa,male,0,16989
2020,wa,male,1,17355
2020,wa,male,2,17670
2020,wa,male,3,18179
2020,wa,male,4,18683
2020,wa,male,5,18304
2020,wa,male,6,18138
2020,wa,male,7,18345
2020,wa,male,8,18072
2020,wa,male,9,18368
2020,wa,male,10,18314
2020,wa,male,11,18200
2020,wa,male,12,18247
2020,wa,male,13,18056
2020,wa,male,14,17160
2020,wa,male,15,16550
2020,wa,male,16,16264
2020,wa,male,17,15609
2020,wa,male,18,15759
2020,wa,male,19,16611
2020,wa,male,20,16958
2020,wa,male,21,17375
2020,wa,male,22,17371
2020,wa,male,23,17642
2020,wa,male,24,18231
2020,wa,male,25,18662
2020,wa,male,26,18588
2020,wa,male,27,18463
2020,wa,male,28,19070
2020,wa,male,29,19788
2020,wa,male,30,20242
2020,wa,male,31,20366
2020,wa,male,32,20538
2020,wa,male,33,20822
2020,wa,male,34,21154
2020,wa,male,35,20963
2020,wa,male,36,20891
2020,wa,male,37,20775
2020,wa,male,38,20109
2020,wa,male,39,19441
2020,wa,male,40,18403
2020,wa,male,41,17917
2020,wa,male,42,17631
2020,wa,male,43,17326
2020,wa,male,44,17638
2020,wa,male,45,17470
2020,wa,male,46,17673
2020,wa,male,47,18254
2020,wa,male,48,19039
2020,wa,male,49,19200
2020,wa,male,50,18048
2020,wa,male,51,17890
2020,wa,male,52,17065
2020,wa,male,53,16688
2020,wa,male,54,16609
2020,wa,male,55,16476
2020,wa,male,56,16868
2020,wa,male,57,16874
2020,wa,male,58,16399
2020,wa,male,59,16244
2020,wa,male,60,15543
2020,wa,male,61,15058
2020,wa,male,62,14556
2020,wa,male,63,14260
2020,wa,male,64,14190
2020,wa,male,65,13183
2020,wa,male,66,12762
2020,wa,male,67,12522
2020,wa,male,68,12268
2020,wa,male,69,12142
2020,wa,male,70,11603
2020,wa,male,71,11245
2020,wa,male,72,11290
2020,wa,male,73,11342
2020,wa,male,74,8942
2020,wa,male,75,8419
2020,wa,male,76,7970
2020,wa,male,77,6900
2020,wa,male,78,6872
2020,wa,male,79,5954
2020,wa,male,80,5629
2020,wa,male,81,5148
2020,wa,male,82,4686
2020,wa,male,83,4187
2020,wa,male,84,3651
2020,wa,male,85,3312
2020,wa,male,86,2714
2020,wa,male,87,2431
2020,wa,male,88,2090
2020,wa,male,89,1899
2020,wa,male,90,1543
2020,wa,male,91,1272
2020,wa,male,92,946
2020,wa,male,93,739
2020,wa,male,94,605
2020,wa,male,95,451
2020,wa,male,96,300
2020,wa,male,97,179
2020,wa,male,98,125
2020,wa,male,99,73
2020,wa,male,100,96
2021,act,female,0,2516
2021,act,female,1,2628
2021,act,female,2,2640
2021,act,female,3,2640
2021,act,female,4,2757
2021,act,female,5,2844
2021,act,female,6,2856
2021,act,female,7,2855
2021,act,female,8,2909
2021,act,female,9,2790
2021,act,female,10,2767
2021,act,female,11,2797
2021,act,female,12,2610
2021,act,female,13,2552
2021,act,female,14,2492
2021,act,female,15,2409
2021,act,female,16,2282
2021,act,female,17,2363
2021,act,female,18,2880
2021,act,female,19,3104
2021,act,female,20,3139
2021,act,female,21,3327
2021,act,female,22,3430
2021,act,female,23,3659
2021,act,female,24,3716
2021,act,female,25,3723
2021,act,female,26,3899
2021,act,female,27,4013
2021,act,female,28,4040
2021,act,female,29,4030
2021,act,female,30,4011
2021,act,female,31,3973
2021,act,female,32,3874
2021,act,female,33,3803
2021,act,female,34,3806
2021,act,female,35,3797
2021,act,female,36,3898
2021,act,female,37,3785
2021,act,female,38,3640
2021,act,female,39,3673
2021,act,female,40,3521
2021,act,female,41,3392
2021,act,female,42,3173
2021,act,female,43,2944
2021,act,female,44,2979
2021,act,female,45,2824
2021,act,female,46,2944
2021,act,female,47,2887
2021,act,female,48,2995
2021,act,female,49,2986
2021,act,female,50,2964
2021,act,female,51,2771
2021,act,female,52,2689
2021,act,female,53,2494
2021,act,female,54,2419
2021,act,female,55,2495
2021,act,female,56,2404
2021,act,female,57,2432
2021,act,female,58,2348
2021,act,female,59,2447
2021,act,female,60,2346
2021,act,female,61,2248
2021,act,female,62,2226
2021,act,female,63,2156
2021,act,female,64,2110
2021,act,female,65,2042
2021,act,female,66,1914
2021,act,female,67,1874
2021,act,female,68,1909
2021,act,female,69,1905
2021,act,female,70,1879
2021,act,female,71,1821
2021,act,female,72,1716
2021,act,female,73,1750
2021,act,female,74,1799
2021,act,female,75,1423
2021,act,female,76,1295
2021,act,female,77,1233
2021,act,female,78,1083
2021,act,female,79,1053
2021,act,female,80,951
2021,act,female,81,877
2021,act,female,82,818
2021,act,female,83,767
2021,act,female,84,726
2021,act,female,85,629
2021,act,female,86,554
2021,act,female,87,503
2021,act,female,88,430
2021,act,female,89,378
2021,act,female,90,331
2021,act,female,91,289
2021,act,female,92,234
2021,act,female,93,211
2021,act,female,94,170
2021,act,female,95,154
2021,act,female,96,104
2021,act,female,97,71
2021,act,female,98,53
2021,act,female,99,31
2021,act,female,100,49
2021,act,male,0,2805
2021,act,male,1,2687
2021,act,male,2,2740
2021,act,male,3,2712
2021,act,male,4,2946
2021,act,male,5,3007
2021,act,male,6,3054
2021,act,male,7,3021
2021,act,male,8,2966
2021,act,male,9,2908
2021,act,male,10,2919
2021,act,male,11,2939
2021,act,male,12,2776
2021,act,male,13,2680
2021,act,male,14,2691
2021,act,male,15,2628
2021,act,male,16,2431
2021,act,male,17,2439
2021,act,male,18,2864
2021,act,male,19,3025
2021,act,male,20,3238
2021,act,male,21,3436
2021,act,male,22,3518
2021,act,male,23,3542
2021,act,male,24,3597
2021,act,male,25,3776
2021,act,male,26,4019
2021,act,male,27,4058
2021,act,male,28,4101
2021,act,male,29,4004
2021,act,male,30,3995
2021,act,male,31,4001
2021,act,male,32,3783
2021,act,male,33,3715
2021,act,male,34,3763
2021,act,male,35,3782
2021,act,male,36,3686
2021,act,male,37,3706
2021,act,male,38,3682
2021,act,male,39,3582
2021,act,male,40,3441
2021,act,male,41,3118
2021,act,male,42,3150
2021,act,male,43,3030
2021,act,male,44,2936
2021,act,male,45,2873
2021,act,male,46,2948
2021,act,male,47,2837
2021,act,male,48,2855
2021,act,male,49,2905
2021,act,male,50,2964
2021,act,male,51,2711
2021,act,male,52,2576
2021,act,male,53,2523
2021,act,male,54,2380
2021,act,male,55,2313
2021,act,male,56,2344
2021,act,male,57,2286
2021,act,male,58,2300
2021,act,male,59,2278
2021,act,male,60,2186
2021,act,male,61,2109
2021,act,male,62,1962
2021,act,male,63,1908
2021,act,male,64,1836
2021,act,male,65,1756
2021,act,male,66,1638
2021,act,male,67,1698
2021,act,male,68,1687
2021,act,male,69,1568
2021,act,male,70,1567
2021,act,male,71,1572
2021,act,male,72,1514
2021,act,male,73,1543
2021,act,male,74,1558
2021,act,male,75,1308
2021,act,male,76,1118
2021,act,male,77,1029
2021,act,male,78,902
2021,act,male,79,902
2021,act,male,80,741
2021,act,male,81,713
2021,act,male,82,669
2021,act,male,83,606
2021,act,male,84,502
2021,act,male,85,449
2021,act,male,86,438
2021,act,male,87,345
2021,act,male,88,304
2021,act,male,89,268
2021,act,male,90,253
2021,act,male,91,183
2021,act,male,92,154
2021,act,male,93,112
2021,act,male,94,77
2021,act,male,95,68
2021,act,male,96,45
2021,act,male,97,37
2021,act,male,98,22
2021,act,male,99,13
2021,act,male,100,11
2021,nsw,female,0,46422
2021,nsw,female,1,45802
2021,nsw,female,2,46041
2021,nsw,female,3,46368
2021,nsw,female,4,47560
2021,nsw,female,5,48651
2021,nsw,female,6,48208
2021,nsw,female,7,49115
2021,nsw,female,8,49527
2021,nsw,female,9,49966
2021,nsw,female,10,49476
2021,nsw,female,11,50087
2021,nsw,female,12,49425
2021,nsw,female,13,49352
2021,nsw,female,14,48428
2021,nsw,female,15,46524
2021,nsw,female,16,44891
2021,nsw,female,17,43885
2021,nsw,female,18,43628
2021,nsw,female,19,43626
2021,nsw,female,20,45817
2021,nsw,female,21,48027
2021,nsw,female,22,48494
2021,nsw,female,23,49754
2021,nsw,female,24,51642
2021,nsw,female,25,53203
2021,nsw,female,26,55366
2021,nsw,female,27,56391
2021,nsw,female,28,57542
2021,nsw,female,29,58923
2021,nsw,female,30,60584
2021,nsw,female,31,60659
2021,nsw,female,32,60101
2021,nsw,female,33,59651
2021,nsw,female,34,59612
2021,nsw,female,35,59163
2021,nsw,female,36,59089
2021,nsw,female,37,58938
2021,nsw,female,38,58827
2021,nsw,female,39,57010
2021,nsw,female,40,55816
2021,nsw,female,41,53135
2021,nsw,female,42,52519
2021,nsw,female,43,51150
2021,nsw,female,44,50533
2021,nsw,female,45,50267
2021,nsw,female,46,50540
2021,nsw,female,47,51785
2021,nsw,female,48,53114
2021,nsw,female,49,55009
2021,nsw,female,50,55238
2021,nsw,female,51,50830
2021,nsw,female,52,50420
2021,nsw,female,53,48352
2021,nsw,female,54,47403
2021,nsw,female,55,47212
2021,nsw,female,56,48417
2021,nsw,female,57,50239
2021,nsw,female,58,51367
2021,nsw,female,59,50730
2021,nsw,female,60,50519
2021,nsw,female,61,48863
2021,nsw,female,62,47678
2021,nsw,female,63,47424
2021,nsw,female,64,45833
2021,nsw,female,65,44369
2021,nsw,female,66,43552
2021,nsw,female,67,42050
2021,nsw,female,68,41337
2021,nsw,female,69,39729
2021,nsw,female,70,39113
2021,nsw,female,71,38264
2021,nsw,female,72,36784
2021,nsw,female,73,36669
2021,nsw,female,74,36966
2021,nsw,female,75,30928
2021,nsw,female,76,29380
2021,nsw,female,77,27512
2021,nsw,female,78,24539
2021,nsw,female,79,23349
2021,nsw,female,80,21938
2021,nsw,female,81,20624
2021,nsw,female,82,19581
2021,nsw,female,83,18110
2021,nsw,female,84,16920
2021,nsw,female,85,15434
2021,nsw,female,86,13890
2021,nsw,female,87,12158
2021,nsw,female,88,11172
2021,nsw,female,89,10079
2021,nsw,female,90,9398
2021,nsw,female,91,8226
2021,nsw,female,92,6831
2021,nsw,female,93,5688
2021,nsw,female,94,4605
2021,nsw,female,95,3648
2021,nsw,female,96,2800
2021,nsw,female,97,1986
2021,nsw,female,98,1459
2021,nsw,female,99,952
2021,nsw,female,100,1461
2021,nsw,male,0,49198
2021,nsw,male,1,48331
2021,nsw,male,2,49521
2021,nsw,male,3,49209
2021,nsw,male,4,50229
2021,nsw,male,5,51705
2021,nsw,male,6,51449
2021,nsw,male,7,51939
2021,nsw,male,8,52989
2021,nsw,male,9,53061
2021,nsw,male,10,52640
2021,nsw,male,11,52913
2021,nsw,male,12,52305
2021,nsw,male,13,52050
2021,nsw,male,14,51722
2021,nsw,male,15,49629
2021,nsw,male,16,48343
2021,nsw,male,17,47144
2021,nsw,male,18,46716
2021,nsw,male,19,46884
2021,nsw,male,20,50281
2021,nsw,male,21,52473
2021,nsw,male,22,52467
2021,nsw,male,23,53097
2021,nsw,male,24,54702
2021,nsw,male,25,55650
2021,nsw,male,26,57138
2021,nsw,male,27,57449
2021,nsw,male,28,58154
2021,nsw,male,29,58527
2021,nsw,male,30,59714
2021,nsw,male,31,60244
2021,nsw,male,32,59479
2021,nsw,male,33,58244
2021,nsw,male,34,58241
2021,nsw,male,35,59112
2021,nsw,male,36,58934
2021,nsw,male,37,58554
2021,nsw,male,38,58582
2021,nsw,male,39,56974
2021,nsw,male,40,55342
2021,nsw,male,41,52587
2021,nsw,male,42,50960
2021,nsw,male,43,49499
2021,nsw,male,44,49353
2021,nsw,male,45,49626
2021,nsw,male,46,50148
2021,nsw,male,47,51015
2021,nsw,male,48,52062
2021,nsw,male,49,53795
2021,nsw,male,50,53386
2021,nsw,male,51,49392
2021,nsw,male,52,48621
2021,nsw,male,53,46581
2021,nsw,male,54,46299
2021,nsw,male,55,46589
2021,nsw,male,56,47216
2021,nsw,male,57,48839
2021,nsw,male,58,49640
2021,nsw,male,59,49299
2021,nsw,male,60,48189
2021,nsw,male,61,46250
2021,nsw,male,62,45261
2021,nsw,male,63,44329
2021,nsw,male,64,42950
2021,nsw,male,65,41690
2021,nsw,male,66,40268
2021,nsw,male,67,39195
2021,nsw,male,68,38637
2021,nsw,male,69,36913
2021,nsw,male,70,36730
2021,nsw,male,71,35868
2021,nsw,male,72,34727
2021,nsw,male,73,35022
2021,nsw,male,74,35084
2021,nsw,male,75,29259
2021,nsw,male,76,27393
2021,nsw,male,77,25619
2021,nsw,male,78,22314
2021,nsw,male,79,21247
2021,nsw,male,80,19261
2021,nsw,male,81,18091
2021,nsw,male,82,16289
2021,nsw,male,83,14798
2021,nsw,male,84,13571
2021,nsw,male,85,11926
2021,nsw,male,86,10174
2021,nsw,male,87,8851
2021,nsw,male,88,7749
2021,nsw,male,89,6808
2021,nsw,male,90,5833
2021,nsw,male,91,4955
2021,nsw,male,92,3915
2021,nsw,male,93,2964
2021,nsw,male,94,2202
2021,nsw,male,95,1722
2021,nsw,male,96,1186
2021,nsw,male,97,777
2021,nsw,male,98,488
2021,nsw,male,99,279
2021,nsw,male,100,367
2021,nt,female,0,1736
2021,nt,female,1,1631
2021,nt,female,2,1700
2021,nt,female,3,1651
2021,nt,female,4,1712
2021,nt,female,5,1779
2021,nt,female,6,1760
2021,nt,female,7,1712
2021,nt,female,8,1811
2021,nt,female,9,1786
2021,nt,female,10,1679
2021,nt,female,11,1666
2021,nt,female,12,1614
2021,nt,female,13,1663
2021,nt,female,14,1571
2021,nt,female,15,1560
2021,nt,female,16,1485
2021,nt,female,17,1433
2021,nt,female,18,1443
2021,nt,female,19,1371
2021,nt,female,20,1396
2021,nt,female,21,1428
2021,nt,female,22,1582
2021,nt,female,23,1728
2021,nt,female,24,1904
2021,nt,female,25,2111
2021,nt,female,26,2189
2021,nt,female,27,2337
2021,nt,female,28,2400
2021,nt,female,29,2431
2021,nt,female,30,2529
2021,nt,female,31,2434
2021,nt,female,32,2354
2021,nt,female,33,2374
2021,nt,female,34,2264
2021,nt,female,35,2189
2021,nt,female,36,2232
2021,nt,female,37,2082
2021,nt,female,38,1996
2021,nt,female,39,1923
2021,nt,female,40,1870
2021,nt,female,41,1797
2021,nt,female,42,1770
2021,nt,female,43,1725
2021,nt,female,44,1578
2021,nt,female,45,1606
2021,nt,female,46,1522
2021,nt,female,47,1562
2021,nt,female,48,1563
2021,nt,female,49,1592
2021,nt,female,50,1685
2021,nt,female,51,1617
2021,nt,female,52,1559
2021,nt,female,53,1503
2021,nt,female,54,1435
2021,nt,female,55,1410
2021,nt,female,56,1331
2021,nt,female,57,1351
2021,nt,female,58,1349
2021,nt,female,59,1297
2021,nt,female,60,1315
2021,nt,female,61,1208
2021,nt,female,62,1137
2021,nt,female,63,1069
2021,nt,female,64,1048
2021,nt,female,65,942
2021,nt,female,66,916
2021,nt,female,67,851
2021,nt,female,68,782
2021,nt,female,69,712
2021,nt,female,70,700
2021,nt,female,71,629
2021,nt,female,72,560
2021,nt,female,73,549
2021,nt,female,74,537
2021,nt,female,75,403
2021,nt,female,76,342
2021,nt,female,77,316
2021,nt,female,78,264
2021,nt,female,79,269
2021,nt,female,80,272
2021,nt,female,81,227
2021,nt,female,82,175
2021,nt,female,83,177
2021,nt,female,84,139
2021,nt,female,85,104
2021,nt,female,86,104
2021,nt,female,87,83
2021,nt,female,88,70
2021,nt,female,89,66
2021,nt,female,90,50
2021,nt,female,91,55
2021,nt,female,92,41
2021,nt,female,93,30
2021,nt,female,94,26
2021,nt,female,95,19
2021,nt,female,96,10
2021,nt,female,97,9
2021,nt,female,98,3
2021,nt,female,99,4
2021,nt,female,100,4
2021,nt,male,0,1839
2021,nt,male,1,1806
2021,nt,male,2,1834
2021,nt,male,3,1838
2021,nt,male,4,1857
2021,nt,male,5,1831
2021,nt,male,6,1886
2021,nt,male,7,1845
2021,nt,male,8,1811
2021,nt,male,9,1844
2021,nt,male,10,1821
2021,nt,male,11,1853
2021,nt,male,12,1747
2021,nt,male,13,1759
2021,nt,male,14,1667
2021,nt,male,15,1594
2021,nt,male,16,1599
2021,nt,male,17,1588
2021,nt,male,18,1562
2021,nt,male,19,1510
2021,nt,male,20,1642
2021,nt,male,21,1680
2021,nt,male,22,1829
2021,nt,male,23,1963
2021,nt,male,24,1993
2021,nt,male,25,2101
2021,nt,male,26,2267
2021,nt,male,27,2261
2021,nt,male,28,2274
2021,nt,male,29,2293
2021,nt,male,30,2411
2021,nt,male,31,2432
2021,nt,male,32,2314
2021,nt,male,33,2270
2021,nt,male,34,2232
2021,nt,male,35,2221
2021,nt,male,36,2030
2021,nt,male,37,2133
2021,nt,male,38,2021
2021,nt,male,39,1872
2021,nt,male,40,1870
2021,nt,male,41,1740
2021,nt,male,42,1754
2021,nt,male,43,1567
2021,nt,male,44,1677
2021,nt,male,45,1615
2021,nt,male,46,1607
2021,nt,male,47,1605
2021,nt,male,48,1662
2021,nt,male,49,1668
2021,nt,male,50,1733
2021,nt,male,51,1662
2021,nt,male,52,1600
2021,nt,male,53,1458
2021,nt,male,54,1468
2021,nt,male,55,1448
2021,nt,male,56,1424
2021,nt,male,57,1416
2021,nt,male,58,1423
2021,nt,male,59,1396
2021,nt,male,60,1288
2021,nt,male,61,1227
2021,nt,male,62,1210
2021,nt,male,63,1112
2021,nt,male,64,1086
2021,nt,male,65,1044
2021,nt,male,66,947
2021,nt,male,67,930
2021,nt,male,68,837
2021,nt,male,69,784
2021,nt,male,70,747
2021,nt,male,71,749
2021,nt,male,72,664
2021,nt,male,73,594
2021,nt,male,74,565
2021,nt,male,75,448
2021,nt,male,76,396
2021,nt,male,77,342
2021,nt,male,78,322
2021,nt,male,79,299
2021,nt,male,80,268
2021,nt,male,81,254
2021,nt,male,82,144
2021,nt,male,83,158
2021,nt,male,84,111
2021,nt,male,85,113
2021,nt,male,86,74
2021,nt,male,87,60
2021,nt,male,88,60
2021,nt,male,89,46
2021,nt,male,90,37
2021,nt,male,91,32
2021,nt,male,92,24
2021,nt,male,93,23
2021,nt,male,94,14
2021,nt,male,95,5
2021,nt,male,96,10
2021,nt,male,97,5
2021,nt,male,98,4
2021,nt,male,99,6
2021,nt,male,100,4
2021,qld,female,0,28420
2021,qld,female,1,28545
2021,qld,female,2,29160
2021,qld,female,3,29698
2021,qld,female,4,30310
2021,qld,female,5,32027
2021,qld,female,6,31954
2021,qld,female,7,32795
2021,qld,female,8,33072
2021,qld,female,9,33585
2021,qld,female,10,33933
2021,qld,female,11,34465
2021,qld,female,12,34311
2021,qld,female,13,34031
2021,qld,female,14,33368
2021,qld,female,15,32512
2021,qld,female,16,31296
2021,qld,female,17,30571
2021,qld,female,18,29948
2021,qld,female,19,30663
2021,qld,female,20,31886
2021,qld,female,21,32165
2021,qld,female,22,32453
2021,qld,female,23,33077
2021,qld,female,24,33768
2021,qld,female,25,34505
2021,qld,female,26,35588
2021,qld,female,27,35671
2021,qld,female,28,36219
2021,qld,female,29,37095
2021,qld,female,30,37367
2021,qld,female,31,37118
2021,qld,female,32,36700
2021,qld,female,33,36394
2021,qld,female,34,36366
2021,qld,female,35,37006
2021,qld,female,36,37121
2021,qld,female,37,36945
2021,qld,female,38,37579
2021,qld,female,39,35943
2021,qld,female,40,35647
2021,qld,female,41,34451
2021,qld,female,42,33883
2021,qld,female,43,33252
2021,qld,female,44,33372
2021,qld,female,45,33440
2021,qld,female,46,33851
2021,qld,female,47,34463
2021,qld,female,48,35829
2021,qld,female,49,36794
2021,qld,female,50,37108
2021,qld,female,51,34657
2021,qld,female,52,33764
2021,qld,female,53,32359
2021,qld,female,54,31920
2021,qld,female,55,31508
2021,qld,female,56,31898
2021,qld,female,57,32897
2021,qld,female,58,33311
2021,qld,female,59,33040
2021,qld,female,60,32693
2021,qld,female,61,31260
2021,qld,female,62,30586
2021,qld,female,63,29970
2021,qld,female,64,28789
2021,qld,female,65,28168
2021,qld,female,66,27459
2021,qld,female,67,26792
2021,qld,female,68,26191
2021,qld,female,69,25555
2021,qld,female,70,25136
2021,qld,female,71,24815
2021,qld,female,72,23857
2021,qld,female,73,23255
2021,qld,female,74,23792
2021,qld,female,75,19560
2021,qld,female,76,18791
2021,qld,female,77,17084
2021,qld,female,78,15077
2021,qld,female,79,14459
2021,qld,female,80,12884
2021,qld,female,81,12183
2021,qld,female,82,11245
2021,qld,female,83,10103
2021,qld,female,84,9439
2021,qld,female,85,8332
2021,qld,female,86,7553
2021,qld,female,87,6608
2021,qld,female,88,5976
2021,qld,female,89,5291
2021,qld,female,90,4891
2021,qld,female,91,4284
2021,qld,female,92,3627
2021,qld,female,93,3032
2021,qld,female,94,2295
2021,qld,female,95,1870
2021,qld,female,96,1407
2021,qld,female,97,1004
2021,qld,female,98,687
2021,qld,female,99,463
2021,qld,female,100,734
2021,qld,male,0,30229
2021,qld,male,1,30356
2021,qld,male,2,31207
2021,qld,male,3,31393
2021,qld,male,4,32364
2021,qld,male,5,33585
2021,qld,male,6,34091
2021,qld,male,7,34773
2021,qld,male,8,35271
2021,qld,male,9,35258
2021,qld,male,10,35440
2021,qld,male,11,36152
2021,qld,male,12,36514
2021,qld,male,13,36551
2021,qld,male,14,36179
2021,qld,male,15,34653
2021,qld,male,16,33445
2021,qld,male,17,32137
2021,qld,male,18,31178
2021,qld,male,19,31927
2021,qld,male,20,33297
2021,qld,male,21,33679
2021,qld,male,22,33455
2021,qld,male,23,34052
2021,qld,male,24,34437
2021,qld,male,25,35195
2021,qld,male,26,35724
2021,qld,male,27,35864
2021,qld,male,28,35759
2021,qld,male,29,35651
2021,qld,male,30,36375
2021,qld,male,31,36503
2021,qld,male,32,35457
2021,qld,male,33,35302
2021,qld,male,34,35339
2021,qld,male,35,35947
2021,qld,male,36,35639
2021,qld,male,37,35615
2021,qld,male,38,36154
2021,qld,male,39,35211
2021,qld,male,40,34312
2021,qld,male,41,32622
2021,qld,male,42,32102
2021,qld,male,43,31299
2021,qld,male,44,31634
2021,qld,male,45,32257
2021,qld,male,46,32756
2021,qld,male,47,33938
2021,qld,male,48,34890
2021,qld,male,49,35620
2021,qld,male,50,36067
2021,qld,male,51,33531
2021,qld,male,52,32617
2021,qld,male,53,31352
2021,qld,male,54,31026
2021,qld,male,55,30373
2021,qld,male,56,30748
2021,qld,male,57,31795
2021,qld,male,58,31707
2021,qld,male,59,31452
2021,qld,male,60,31205
2021,qld,male,61,29803
2021,qld,male,62,29069
2021,qld,male,63,27989
2021,qld,male,64,27404
2021,qld,male,65,26744
2021,qld,male,66,25884
2021,qld,male,67,25002
2021,qld,male,68,25003
2021,qld,male,69,24608
2021,qld,male,70,23987
2021,qld,male,71,23428
2021,qld,male,72,22795
2021,qld,male,73,22553
2021,qld,male,74,22924
2021,qld,male,75,18952
2021,qld,male,76,17928
2021,qld,male,77,16259
2021,qld,male,78,14063
2021,qld,male,79,13515
2021,qld,male,80,11935
2021,qld,male,81,10926
2021,qld,male,82,9753
2021,qld,male,83,8775
2021,qld,male,84,7798
2021,qld,male,85,6783
2021,qld,male,86,5630
2021,qld,male,87,4801
2021,qld,male,88,4177
2021,qld,male,89,3630
2021,qld,male,90,3094
2021,qld,male,91,2566
2021,qld,male,92,1998
2021,qld,male,93,1530
2021,qld,male,94,1176
2021,qld,male,95,855
2021,qld,male,96,584
2021,qld,male,97,379
2021,qld,male,98,248
2021,qld,male,99,154
2021,qld,male,100,180
2021,sa,female,0,9550
2021,sa,female,1,9271
2021,sa,female,2,9477
2021,sa,female,3,9554
2021,sa,female,4,9788
2021,sa,female,5,10226
2021,sa,female,6,10118
2021,sa,female,7,10307
2021,sa,female,8,10430
2021,sa,female,9,10562
2021,sa,female,10,10390
2021,sa,female,11,10446
2021,sa,female,12,10604
2021,sa,female,13,10716
2021,sa,female,14,10520
2021,sa,female,15,9990
2021,sa,female,16,9801
2021,sa,female,17,9692
2021,sa,female,18,9647
2021,sa,female,19,9831
2021,sa,female,20,10319
2021,sa,female,21,10656
2021,sa,female,22,10804
2021,sa,female,23,11004
2021,sa,female,24,11361
2021,sa,female,25,11583
2021,sa,female,26,11811
2021,sa,female,27,11819
2021,sa,female,28,11959
2021,sa,female,29,12026
2021,sa,female,30,12104
2021,sa,female,31,12182
2021,sa,female,32,12016
2021,sa,female,33,12210
2021,sa,female,34,12251
2021,sa,female,35,12398
2021,sa,female,36,12280
2021,sa,female,37,12333
2021,sa,female,38,12084
2021,sa,female,39,11784
2021,sa,female,40,11559
2021,sa,female,41,11052
2021,sa,female,42,10818
2021,sa,female,43,10714
2021,sa,female,44,10798
2021,sa,female,45,10580
2021,sa,female,46,10719
2021,sa,female,47,10996
2021,sa,female,48,11415
2021,sa,female,49,12045
2021,sa,female,50,12213
2021,sa,female,51,11752
2021,sa,female,52,11628
2021,sa,female,53,11376
2021,sa,female,54,11148
2021,sa,female,55,11346
2021,sa,female,56,11561
2021,sa,female,57,11784
2021,sa,female,58,11971
2021,sa,female,59,11979
2021,sa,female,60,12133
2021,sa,female,61,11848
2021,sa,female,62,11764
2021,sa,female,63,11240
2021,sa,female,64,11282
2021,sa,female,65,10988
2021,sa,female,66,10562
2021,sa,female,67,10509
2021,sa,female,68,10412
2021,sa,female,69,10146
2021,sa,female,70,10143
2021,sa,female,71,9828
2021,sa,female,72,9569
2021,sa,female,73,9448
2021,sa,female,74,9770
2021,sa,female,75,8030
2021,sa,female,76,7573
2021,sa,female,77,6887
2021,sa,female,78,6386
2021,sa,female,79,5991
2021,sa,female,80,5522
2021,sa,female,81,5296
2021,sa,female,82,5103
2021,sa,female,83,4648
2021,sa,female,84,4322
2021,sa,female,85,3859
2021,sa,female,86,3486
2021,sa,female,87,3192
2021,sa,female,88,2861
2021,sa,female,89,2634
2021,sa,female,90,2475
2021,sa,female,91,2139
2021,sa,female,92,1856
2021,sa,female,93,1549
2021,sa,female,94,1223
2021,sa,female,95,1060
2021,sa,female,96,806
2021,sa,female,97,528
2021,sa,female,98,392
2021,sa,female,99,300
2021,sa,female,100,416
2021,sa,male,0,9993
2021,sa,male,1,9626
2021,sa,male,2,9863
2021,sa,male,3,10123
2021,sa,male,4,10233
2021,sa,male,5,10660
2021,sa,male,6,10649
2021,sa,male,7,10915
2021,sa,male,8,10992
2021,sa,male,9,11130
2021,sa,male,10,10922
2021,sa,male,11,11232
2021,sa,male,12,11048
2021,sa,male,13,11004
2021,sa,male,14,10940
2021,sa,male,15,10685
2021,sa,male,16,10273
2021,sa,male,17,10392
2021,sa,male,18,10158
2021,sa,male,19,10435
2021,sa,male,20,11001
2021,sa,male,21,11589
2021,sa,male,22,11637
2021,sa,male,23,11818
2021,sa,male,24,12128
2021,sa,male,25,12460
2021,sa,male,26,12608
2021,sa,male,27,12040
2021,sa,male,28,12193
2021,sa,male,29,11968
2021,sa,male,30,12232
2021,sa,male,31,12149
2021,sa,male,32,12222
2021,sa,male,33,11965
2021,sa,male,34,11964
2021,sa,male,35,12151
2021,sa,male,36,12215
2021,sa,male,37,12219
2021,sa,male,38,12071
2021,sa,male,39,11511
2021,sa,male,40,11251
2021,sa,male,41,10750
2021,sa,male,42,10574
2021,sa,male,43,10296
2021,sa,male,44,10514
2021,sa,male,45,10596
2021,sa,male,46,10793
2021,sa,male,47,10901
2021,sa,male,48,11206
2021,sa,male,49,11746
2021,sa,male,50,12099
2021,sa,male,51,11562
2021,sa,male,52,11490
2021,sa,male,53,11228
2021,sa,male,54,10861
2021,sa,male,55,10998
2021,sa,male,56,11237
2021,sa,male,57,11422
2021,sa,male,58,11524
2021,sa,male,59,11435
2021,sa,male,60,11595
2021,sa,male,61,11133
2021,sa,male,62,10907
2021,sa,male,63,10676
2021,sa,male,64,10330
2021,sa,male,65,10073
2021,sa,male,66,9955
2021,sa,male,67,9632
2021,sa,male,68,9641
2021,sa,male,69,9311
2021,sa,male,70,9125
2021,sa,male,71,9084
2021,sa,male,72,8712
2021,sa,male,73,8544
2021,sa,male,74,8985
2021,sa,male,75,7279
2021,sa,male,76,6761
2021,sa,male,77,6256
2021,sa,male,78,5562
2021,sa,male,79,5264
2021,sa,male,80,4634
2021,sa,male,81,4372
2021,sa,male,82,4104
2021,sa,male,83,3706
2021,sa,male,84,3372
2021,sa,male,85,2925
2021,sa,male,86,2522
2021,sa,male,87,2322
2021,sa,male,88,2037
2021,sa,male,89,1716
2021,sa,male,90,1496
2021,sa,male,91,1303
2021,sa,male,92,1019
2021,sa,male,93,824
2021,sa,male,94,598
2021,sa,male,95,498
2021,sa,male,96,320
2021,sa,male,97,221
2021,sa,male,98,142
2021,sa,male,99,80
2021,sa,male,100,134
2021,tas,female,0,2841
2021,tas,female,1,2813
2021,tas,female,2,2812
2021,tas,female,3,2816
2021,tas,female,4,2960
2021,tas,female,5,3022
2021,tas,female,6,3058
2021,tas,female,7,3179
2021,tas,female,8,3184
2021,tas,female,9,3179
2021,tas,female,10,3246
2021,tas,female,11,3198
2021,tas,female,12,3427
2021,tas,female,13,3325
2021,tas,female,14,3312
2021,tas,female,15,3176
2021,tas,female,16,3048
2021,tas,female,17,2920
2021,tas,female,18,2827
2021,tas,female,19,2779
2021,tas,female,20,2918
2021,tas,female,21,2937
2021,tas,female,22,3159
2021,tas,female,23,3116
2021,tas,female,24,3393
2021,tas,female,25,3639
2021,tas,female,26,3866
2021,tas,female,27,3998
2021,tas,female,28,4026
2021,tas,female,29,4070
2021,tas,female,30,4109
2021,tas,female,31,3985
2021,tas,female,32,3828
2021,tas,female,33,3766
2021,tas,female,34,3638
2021,tas,female,35,3678
2021,tas,female,36,3720
2021,tas,female,37,3592
2021,tas,female,38,3443
2021,tas,female,39,3509
2021,tas,female,40,3459
2021,tas,female,41,3278
2021,tas,female,42,3265
2021,tas,female,43,3226
2021,tas,female,44,3139
2021,tas,female,45,3220
2021,tas,female,46,3285
2021,tas,female,47,3363
2021,tas,female,48,3599
2021,tas,female,49,3758
2021,tas,female,50,3957
2021,tas,female,51,3716
2021,tas,female,52,3741
2021,tas,female,53,3616
2021,tas,female,54,3624
2021,tas,female,55,3532
2021,tas,female,56,3689
2021,tas,female,57,3946
2021,tas,female,58,3972
2021,tas,female,59,4100
2021,tas,female,60,4195
2021,tas,female,61,4057
2021,tas,female,62,3952
2021,tas,female,63,3820
2021,tas,female,64,3888
2021,tas,female,65,3681
2021,tas,female,66,3604
2021,tas,female,67,3628
2021,tas,female,68,3485
2021,tas,female,69,3439
2021,tas,female,70,3377
2021,tas,female,71,3330
2021,tas,female,72,3158
2021,tas,female,73,3124
2021,tas,female,74,3209
2021,tas,female,75,2624
2021,tas,female,76,2456
2021,tas,female,77,2312
2021,tas,female,78,1984
2021,tas,female,79,1915
2021,tas,female,80,1777
2021,tas,female,81,1658
2021,tas,female,82,1559
2021,tas,female,83,1454
2021,tas,female,84,1320
2021,tas,female,85,1115
2021,tas,female,86,1023
2021,tas,female,87,939
2021,tas,female,88,881
2021,tas,female,89,722
2021,tas,female,90,679
2021,tas,female,91,577
2021,tas,female,92,469
2021,tas,female,93,370
2021,tas,female,94,290
2021,tas,female,95,240
2021,tas,female,96,174
2021,tas,female,97,128
2021,tas,female,98,87
2021,tas,female,99,60
2021,tas,female,100,78
2021,tas,male,0,3026
2021,tas,male,1,2976
2021,tas,male,2,3055
2021,tas,male,3,3030
2021,tas,male,4,3106
2021,tas,male,5,3292
2021,tas,male,6,3232
2021,tas,male,7,3287
2021,tas,male,8,3327
2021,tas,male,9,3307
2021,tas,male,10,3515
2021,tas,male,11,3481
2021,tas,male,12,3602
2021,tas,male,13,3577
2021,tas,male,14,3586
2021,tas,male,15,3442
2021,tas,male,16,3310
2021,tas,male,17,3119
2021,tas,male,18,3033
2021,tas,male,19,3055
2021,tas,male,20,3160
2021,tas,male,21,3264
2021,tas,male,22,3248
2021,tas,male,23,3349
2021,tas,male,24,3543
2021,tas,male,25,3790
2021,tas,male,26,4196
2021,tas,male,27,4240
2021,tas,male,28,4157
2021,tas,male,29,4114
2021,tas,male,30,4161
2021,tas,male,31,4118
2021,tas,male,32,3939
2021,tas,male,33,3741
2021,tas,male,34,3740
2021,tas,male,35,3688
2021,tas,male,36,3584
2021,tas,male,37,3475
2021,tas,male,38,3412
2021,tas,male,39,3374
2021,tas,male,40,3141
2021,tas,male,41,3052
2021,tas,male,42,3113
2021,tas,male,43,2996
2021,tas,male,44,2988
2021,tas,male,45,3168
2021,tas,male,46,3193
2021,tas,male,47,3311
2021,tas,male,48,3363
2021,tas,male,49,3601
2021,tas,male,50,3707
2021,tas,male,51,3579
2021,tas,male,52,3586
2021,tas,male,53,3447
2021,tas,male,54,3310
2021,tas,male,55,3270
2021,tas,male,56,3515
2021,tas,male,57,3774
2021,tas,male,58,3816
2021,tas,male,59,4006
2021,tas,male,60,3924
2021,tas,male,61,3788
2021,tas,male,62,3763
2021,tas,male,63,3722
2021,tas,male,64,3563
2021,tas,male,65,3643
2021,tas,male,66,3441
2021,tas,male,67,3255
2021,tas,male,68,3409
2021,tas,male,69,3370
2021,tas,male,70,3222
2021,tas,male,71,3158
2021,tas,male,72,2973
2021,tas,male,73,3030
2021,tas,male,74,3177
2021,tas,male,75,2419
2021,tas,male,76,2246
2021,tas,male,77,2185
2021,tas,male,78,1884
2021,tas,male,79,1808
2021,tas,male,80,1614
2021,tas,male,81,1495
2021,tas,male,82,1355
2021,tas,male,83,1209
2021,tas,male,84,1058
2021,tas,male,85,900
2021,tas,male,86,768
2021,tas,male,87,662
2021,tas,male,88,582
2021,tas,male,89,509
2021,tas,male,90,443
2021,tas,male,91,348
2021,tas,male,92,261
2021,tas,male,93,205
2021,tas,male,94,139
2021,tas,male,95,96
2021,tas,male,96,74
2021,tas,male,97,45
2021,tas,male,98,30
2021,tas,male,99,26
2021,tas,male,100,18
2021,vic,female,0,37684
2021,vic,female,1,36670
2021,vic,female,2,37590
2021,vic,female,3,37793
2021,vic,female,4,38653
2021,vic,female,5,39735
2021,vic,female,6,39482
2021,vic,female,7,39496
2021,vic,female,8,39958
2021,vic,female,9,39470
2021,vic,female,10,38758
2021,vic,female,11,39552
2021,vic,female,12,38534
2021,vic,female,13,38543
2021,vic,female,14,38358
2021,vic,female,15,36837
2021,vic,female,16,35311
2021,vic,female,17,35245
2021,vic,female,18,35232
2021,vic,female,19,35992
2021,vic,female,20,38004
2021,vic,female,21,40037
2021,vic,female,22,40223
2021,vic,female,23,41246
2021,vic,female,24,43584
2021,vic,female,25,45370
2021,vic,female,26,47361
2021,vic,female,27,48210
2021,vic,female,28,49418
2021,vic,female,29,50317
2021,vic,female,30,51660
2021,vic,female,31,52546
2021,vic,female,32,51740
2021,vic,female,33,51751
2021,vic,female,34,51027
2021,vic,female,35,51374
2021,vic,female,36,51027
2021,vic,female,37,49696
2021,vic,female,38,49377
2021,vic,female,39,47923
2021,vic,female,40,46379
2021,vic,female,41,44153
2021,vic,female,42,43053
2021,vic,female,43,41879
2021,vic,female,44,41320
2021,vic,female,45,40868
2021,vic,female,46,41746
2021,vic,female,47,42437
2021,vic,female,48,42689
2021,vic,female,49,44770
2021,vic,female,50,45612
2021,vic,female,51,42443
2021,vic,female,52,42122
2021,vic,female,53,40112
2021,vic,female,54,38841
2021,vic,female,55,38811
2021,vic,female,56,38908
2021,vic,female,57,39708
2021,vic,female,58,39893
2021,vic,female,59,39465
2021,vic,female,60,39185
2021,vic,female,61,38177
2021,vic,female,62,37416
2021,vic,female,63,36502
2021,vic,female,64,35640
2021,vic,female,65,34687
2021,vic,female,66,33822
2021,vic,female,67,32670
2021,vic,female,68,32158
2021,vic,female,69,30993
2021,vic,female,70,30670
2021,vic,female,71,29986
2021,vic,female,72,28737
2021,vic,female,73,28753
2021,vic,female,74,28991
2021,vic,female,75,23821
2021,vic,female,76,22366
2021,vic,female,77,21073
2021,vic,female,78,18912
2021,vic,female,79,18402
2021,vic,female,80,16769
2021,vic,female,81,16277
2021,vic,female,82,15358
2021,vic,female,83,14317
2021,vic,female,84,13035
2021,vic,female,85,12025
2021,vic,female,86,10717
2021,vic,female,87,9793
2021,vic,female,88,8916
2021,vic,female,89,7913
2021,vic,female,90,7214
2021,vic,female,91,6392
2021,vic,female,92,5326
2021,vic,female,93,4474
2021,vic,female,94,3525
2021,vic,female,95,2819
2021,vic,female,96,2097
2021,vic,female,97,1537
2021,vic,female,98,987
2021,vic,female,99,710
2021,vic,female,100,1073
2021,vic,male,0,39028
2021,vic,male,1,38623
2021,vic,male,2,39246
2021,vic,male,3,39993
2021,vic,male,4,40746
2021,vic,male,5,42116
2021,vic,male,6,41593
2021,vic,male,7,41982
2021,vic,male,8,42313
2021,vic,male,9,41603
2021,vic,male,10,40903
2021,vic,male,11,41240
2021,vic,male,12,40937
2021,vic,male,13,40892
2021,vic,male,14,40715
2021,vic,male,15,38813
2021,vic,male,16,37592
2021,vic,male,17,37309
2021,vic,male,18,37170
2021,vic,male,19,37936
2021,vic,male,20,40943
2021,vic,male,21,42580
2021,vic,male,22,43148
2021,vic,male,23,44352
2021,vic,male,24,46839
2021,vic,male,25,48712
2021,vic,male,26,50015
2021,vic,male,27,49810
2021,vic,male,28,49324
2021,vic,male,29,49217
2021,vic,male,30,50555
2021,vic,male,31,50606
2021,vic,male,32,50246
2021,vic,male,33,50280
2021,vic,male,34,50433
2021,vic,male,35,50302
2021,vic,male,36,50019
2021,vic,male,37,49248
2021,vic,male,38,49141
2021,vic,male,39,47225
2021,vic,male,40,45525
2021,vic,male,41,43073
2021,vic,male,42,41851
2021,vic,male,43,40892
2021,vic,male,44,40241
2021,vic,male,45,40479
2021,vic,male,46,40588
2021,vic,male,47,40817
2021,vic,male,48,41331
2021,vic,male,49,42573
2021,vic,male,50,42855
2021,vic,male,51,40689
2021,vic,male,52,40174
2021,vic,male,53,38692
2021,vic,male,54,37257
2021,vic,male,55,37102
2021,vic,male,56,37180
2021,vic,male,57,37573
2021,vic,male,58,38151
2021,vic,male,59,37575
2021,vic,male,60,36893
2021,vic,male,61,35366
2021,vic,male,62,35048
2021,vic,male,63,33692
2021,vic,male,64,32733
2021,vic,male,65,32308
2021,vic,male,66,30917
2021,vic,male,67,29688
2021,vic,male,68,29228
2021,vic,male,69,28363
2021,vic,male,70,27712
2021,vic,male,71,26993
2021,vic,male,72,25968
2021,vic,male,73,26138
2021,vic,male,74,26544
2021,vic,male,75,22156
2021,vic,male,76,20282
2021,vic,male,77,18784
2021,vic,male,78,16694
2021,vic,male,79,16365
2021,vic,male,80,14869
2021,vic,male,81,13721
2021,vic,male,82,12655
2021,vic,male,83,11414
2021,vic,male,84,10385
2021,vic,male,85,9157
2021,vic,male,86,7875
2021,vic,male,87,6999
2021,vic,male,88,5992
2021,vic,male,89,4997
2021,vic,male,90,4545
2021,vic,male,91,3872
2021,vic,male,92,3001
2021,vic,male,93,2320
2021,vic,male,94,1779
2021,vic,male,95,1346
2021,vic,male,96,920
2021,vic,male,97,607
2021,vic,male,98,394
2021,vic,male,99,241
2021,vic,male,100,270
2021,wa,female,0,16240
2021,wa,female,1,16109
2021,wa,female,2,16452
2021,wa,female,3,16829
2021,wa,female,4,17148
2021,wa,female,5,17522
2021,wa,female,6,17272
2021,wa,female,7,17539
2021,wa,female,8,17524
2021,wa,female,9,17524
2021,wa,female,10,17576
2021,wa,female,11,17545
2021,wa,female,12,17102
2021,wa,female,13,17523
2021,wa,female,14,17162
2021,wa,female,15,16461
2021,wa,female,16,15525
2021,wa,female,17,15196
2021,wa,female,18,14995
2021,wa,female,19,14846
2021,wa,female,20,15368
2021,wa,female,21,15936
2021,wa,female,22,16152
2021,wa,female,23,16307
2021,wa,female,24,16817
2021,wa,female,25,17222
2021,wa,female,26,18009
2021,wa,female,27,18508
2021,wa,female,28,18859
2021,wa,female,29,19105
2021,wa,female,30,20232
2021,wa,female,31,20550
2021,wa,female,32,20907
2021,wa,female,33,20918
2021,wa,female,34,21142
2021,wa,female,35,21211
2021,wa,female,36,21073
2021,wa,female,37,20894
2021,wa,female,38,20626
2021,wa,female,39,19944
2021,wa,female,40,19631
2021,wa,female,41,18673
2021,wa,female,42,18377
2021,wa,female,43,17619
2021,wa,female,44,17459
2021,wa,female,45,17454
2021,wa,female,46,17676
2021,wa,female,47,17575
2021,wa,female,48,17873
2021,wa,female,49,18832
2021,wa,female,50,19063
2021,wa,female,51,17836
2021,wa,female,52,17761
2021,wa,female,53,16993
2021,wa,female,54,16568
2021,wa,female,55,16592
2021,wa,female,56,16666
2021,wa,female,57,16894
2021,wa,female,58,16922
2021,wa,female,59,16701
2021,wa,female,60,16527
2021,wa,female,61,16100
2021,wa,female,62,15775
2021,wa,female,63,15172
2021,wa,female,64,14781
2021,wa,female,65,14719
2021,wa,female,66,14209
2021,wa,female,67,13640
2021,wa,female,68,13325
2021,wa,female,69,12878
2021,wa,female,70,12454
2021,wa,female,71,12077
2021,wa,female,72,11796
2021,wa,female,73,11414
2021,wa,female,74,11565
2021,wa,female,75,9073
2021,wa,female,76,8567
2021,wa,female,77,8172
2021,wa,female,78,7278
2021,wa,female,79,7121
2021,wa,female,80,6492
2021,wa,female,81,6163
2021,wa,female,82,5871
2021,wa,female,83,5412
2021,wa,female,84,4892
2021,wa,female,85,4439
2021,wa,female,86,3988
2021,wa,female,87,3502
2021,wa,female,88,3209
2021,wa,female,89,2888
2021,wa,female,90,2583
2021,wa,female,91,2231
2021,wa,female,92,1777
2021,wa,female,93,1541
2021,wa,female,94,1184
2021,wa,female,95,954
2021,wa,female,96,688
2021,wa,female,97,514
2021,wa,female,98,371
2021,wa,female,99,268
2021,wa,female,100,403
2021,wa,male,0,17205
2021,wa,male,1,17026
2021,wa,male,2,17594
2021,wa,male,3,17830
2021,wa,male,4,18340
2021,wa,male,5,18808
2021,wa,male,6,18497
2021,wa,male,7,18375
2021,wa,male,8,18530
2021,wa,male,9,18325
2021,wa,male,10,18567
2021,wa,male,11,18533
2021,wa,male,12,18387
2021,wa,male,13,18478
2021,wa,male,14,18275
2021,wa,male,15,17337
2021,wa,male,16,16682
2021,wa,male,17,16342
2021,wa,male,18,15626
2021,wa,male,19,15788
2021,wa,male,20,16632
2021,wa,male,21,16965
2021,wa,male,22,17354
2021,wa,male,23,17350
2021,wa,male,24,17670
2021,wa,male,25,18291
2021,wa,male,26,18742
2021,wa,male,27,18657
2021,wa,male,28,18460
2021,wa,male,29,19104
2021,wa,male,30,19840
2021,wa,male,31,20309
2021,wa,male,32,20445
2021,wa,male,33,20675
2021,wa,male,34,20957
2021,wa,male,35,21293
2021,wa,male,36,21208
2021,wa,male,37,21074
2021,wa,male,38,21012
2021,wa,male,39,20282
2021,wa,male,40,19668
2021,wa,male,41,18548
2021,wa,male,42,18058
2021,wa,male,43,17766
2021,wa,male,44,17453
2021,wa,male,45,17814
2021,wa,male,46,17614
2021,wa,male,47,17793
2021,wa,male,48,18403
2021,wa,male,49,19206
2021,wa,male,50,19377
2021,wa,male,51,18207
2021,wa,male,52,18030
2021,wa,male,53,17199
2021,wa,male,54,16785
2021,wa,male,55,16690
2021,wa,male,56,16583
2021,wa,male,57,16920
2021,wa,male,58,16969
2021,wa,male,59,16467
2021,wa,male,60,16318
2021,wa,male,61,15531
2021,wa,male,62,15042
2021,wa,male,63,14532
2021,wa,male,64,14217
2021,wa,male,65,14118
2021,wa,male,66,13131
2021,wa,male,67,12642
2021,wa,male,68,12432
2021,wa,male,69,12157
2021,wa,male,70,12035
2021,wa,male,71,11524
2021,wa,male,72,11137
2021,wa,male,73,11111
2021,wa,male,74,11210
2021,wa,male,75,8784
2021,wa,male,76,8278
2021,wa,male,77,7779
2021,wa,male,78,6731
2021,wa,male,79,6680
2021,wa,male,80,5768
2021,wa,male,81,5458
2021,wa,male,82,4946
2021,wa,male,83,4461
2021,wa,male,84,3954
2021,wa,male,85,3432
2021,wa,male,86,3082
2021,wa,male,87,2468
2021,wa,male,88,2192
2021,wa,male,89,1909
2021,wa,male,90,1687
2021,wa,male,91,1335
2021,wa,male,92,1083
2021,wa,male,93,776
2021,wa,male,94,588
2021,wa,male,95,469
2021,wa,male,96,357
2021,wa,male,97,231
2021,wa,male,98,126
2021,wa,male,99,95
2021,wa,male,100,96
2022,act,female,0,2667
2022,act,female,1,2473
2022,act,female,2,2613
2022,act,female,3,2616
2022,act,female,4,2625
2022,act,female,5,2748
2022,act,female,6,2833
2022,act,female,7,2851
2022,act,female,8,2863
2022,act,female,9,2880
2022,act,female,10,2773
2022,act,female,11,2758
2022,act,female,12,2796
2022,act,female,13,2607
2022,act,female,14,2541
2022,act,female,15,2514
2022,act,female,16,2421
2022,act,female,17,2296
2022,act,female,18,2762
2022,act,female,19,3516
2022,act,female,20,3466
2022,act,female,21,3369
2022,act,female,22,3565
2022,act,female,23,3727
2022,act,female,24,3889
2022,act,female,25,3984
2022,act,female,26,3888
2022,act,female,27,4065
2022,act,female,28,4142
2022,act,female,29,4174
2022,act,female,30,4145
2022,act,female,31,4085
2022,act,female,32,4049
2022,act,female,33,3902
2022,act,female,34,3783
2022,act,female,35,3811
2022,act,female,36,3764
2022,act,female,37,3870
2022,act,female,38,3787
2022,act,female,39,3600
2022,act,female,40,3668
2022,act,female,41,3509
2022,act,female,42,3354
2022,act,female,43,3146
2022,act,female,44,2916
2022,act,female,45,2973
2022,act,female,46,2820
2022,act,female,47,2920
2022,act,female,48,2858
2022,act,female,49,2963
2022,act,female,50,2959
2022,act,female,51,2947
2022,act,female,52,2739
2022,act,female,53,2646
2022,act,female,54,2463
2022,act,female,55,2405
2022,act,female,56,2469
2022,act,female,57,2362
2022,act,female,58,2394
2022,act,female,59,2328
2022,act,female,60,2393
2022,act,female,61,2290
2022,act,female,62,2213
2022,act,female,63,2163
2022,act,female,64,2123
2022,act,female,65,2070
2022,act,female,66,2011
2022,act,female,67,1878
2022,act,female,68,1842
2022,act,female,69,1881
2022,act,female,70,1883
2022,act,female,71,1857
2022,act,female,72,1798
2022,act,female,73,1697
2022,act,female,74,1724
2022,act,female,75,1757
2022,act,female,76,1403
2022,act,female,77,1275
2022,act,female,78,1209
2022,act,female,79,1057
2022,act,female,80,1030
2022,act,female,81,922
2022,act,female,82,858
2022,act,female,83,792
2022,act,female,84,732
2022,act,female,85,685
2022,act,female,86,589
2022,act,female,87,525
2022,act,female,88,481
2022,act,female,89,401
2022,act,female,90,338
2022,act,female,91,297
2022,act,female,92,260
2022,act,female,93,194
2022,act,female,94,177
2022,act,female,95,133
2022,act,female,96,122
2022,act,female,97,81
2022,act,female,98,55
2022,act,female,99,29
2022,act,female,100,46
2022,act,male,0,2865
2022,act,male,1,2751
2022,act,male,2,2666
2022,act,male,3,2721
2022,act,male,4,2713
2022,act,male,5,2950
2022,act,male,6,3001
2022,act,male,7,3038
2022,act,male,8,3000
2022,act,male,9,2946
2022,act,male,10,2881
2022,act,male,11,2892
2022,act,male,12,2944
2022,act,male,13,2799
2022,act,male,14,2685
2022,act,male,15,2709
2022,act,male,16,2627
2022,act,male,17,2441
2022,act,male,18,2831
2022,act,male,19,3470
2022,act,male,20,3379
2022,act,male,21,3482
2022,act,male,22,3630
2022,act,male,23,3828
2022,act,male,24,3803
2022,act,male,25,3767
2022,act,male,26,4019
2022,act,male,27,4227
2022,act,male,28,4218
2022,act,male,29,4271
2022,act,male,30,4056
2022,act,male,31,4054
2022,act,male,32,4060
2022,act,male,33,3849
2022,act,male,34,3731
2022,act,male,35,3794
2022,act,male,36,3810
2022,act,male,37,3663
2022,act,male,38,3706
2022,act,male,39,3705
2022,act,male,40,3583
2022,act,male,41,3444
2022,act,male,42,3134
2022,act,male,43,3157
2022,act,male,44,3020
2022,act,male,45,2936
2022,act,male,46,2846
2022,act,male,47,2937
2022,act,male,48,2810
2022,act,male,49,2835
2022,act,male,50,2886
2022,act,male,51,2949
2022,act,male,52,2681
2022,act,male,53,2542
2022,act,male,54,2486
2022,act,male,55,2354
2022,act,male,56,2274
2022,act,male,57,2338
2022,act,male,58,2235
2022,act,male,59,2235
2022,act,male,60,2212
2022,act,male,61,2134
2022,act,male,62,2065
2022,act,male,63,1913
2022,act,male,64,1850
2022,act,male,65,1785
2022,act,male,66,1740
2022,act,male,67,1601
2022,act,male,68,1671
2022,act,male,69,1629
2022,act,male,70,1534
2022,act,male,71,1534
2022,act,male,72,1532
2022,act,male,73,1490
2022,act,male,74,1503
2022,act,male,75,1506
2022,act,male,76,1272
2022,act,male,77,1096
2022,act,male,78,1006
2022,act,male,79,870
2022,act,male,80,872
2022,act,male,81,713
2022,act,male,82,677
2022,act,male,83,631
2022,act,male,84,562
2022,act,male,85,468
2022,act,male,86,413
2022,act,male,87,395
2022,act,male,88,301
2022,act,male,89,263
2022,act,male,90,232
2022,act,male,91,218
2022,act,male,92,162
2022,act,male,93,124
2022,act,male,94,88
2022,act,male,95,63
2022,act,male,96,49
2022,act,male,97,36
2022,act,male,98,26
2022,act,male,99,18
2022,act,male,100,16
2022,nsw,female,0,48636
2022,nsw,female,1,46254
2022,nsw,female,2,45799
2022,nsw,female,3,46204
2022,nsw,female,4,46619
2022,nsw,female,5,47843
2022,nsw,female,6,48945
2022,nsw,female,7,48400
2022,nsw,female,8,49277
2022,nsw,female,9,49671
2022,nsw,female,10,50172
2022,nsw,female,11,49626
2022,nsw,female,12,50280
2022,nsw,female,13,49621
2022,nsw,female,14,49546
2022,nsw,female,15,48621
2022,nsw,female,16,46761
2022,nsw,female,17,45195
2022,nsw,female,18,44652
2022,nsw,female,19,45392
2022,nsw,female,20,46066
2022,nsw,female,21,47815
2022,nsw,female,22,49761
2022,nsw,female,23,50202
2022,nsw,female,24,51804
2022,nsw,female,25,53222
2022,nsw,female,26,54581
2022,nsw,female,27,56556
2022,nsw,female,28,57313
2022,nsw,female,29,58350
2022,nsw,female,30,59553
2022,nsw,female,31,61021
2022,nsw,female,32,61069
2022,nsw,female,33,60290
2022,nsw,female,34,60016
2022,nsw,female,35,59753
2022,nsw,female,36,59264
2022,nsw,female,37,59222
2022,nsw,female,38,59115
2022,nsw,female,39,58864
2022,nsw,female,40,57069
2022,nsw,female,41,55826
2022,nsw,female,42,53312
2022,nsw,female,43,52571
2022,nsw,female,44,51191
2022,nsw,female,45,50567
2022,nsw,female,46,50285
2022,nsw,female,47,50477
2022,nsw,female,48,51743
2022,nsw,female,49,53022
2022,nsw,female,50,54926
2022,nsw,female,51,55073
2022,nsw,female,52,50684
2022,nsw,female,53,50266
2022,nsw,female,54,48236
2022,nsw,female,55,47164
2022,nsw,female,56,47023
2022,nsw,female,57,48286
2022,nsw,female,58,50026
2022,nsw,female,59,51144
2022,nsw,female,60,50507
2022,nsw,female,61,50198
2022,nsw,female,62,48479
2022,nsw,female,63,47297
2022,nsw,female,64,46978
2022,nsw,female,65,45362
2022,nsw,female,66,43920
2022,nsw,female,67,43096
2022,nsw,female,68,41548
2022,nsw,female,69,40927
2022,nsw,female,70,39258
2022,nsw,female,71,38606
2022,nsw,female,72,37674
2022,nsw,female,73,36246
2022,nsw,female,74,36059
2022,nsw,female,75,36227
2022,nsw,female,76,30275
2022,nsw,female,77,28704
2022,nsw,female,78,26806
2022,nsw,female,79,23821
2022,nsw,female,80,22567
2022,nsw,female,81,21188
2022,nsw,female,82,19816
2022,nsw,female,83,18642
2022,nsw,female,84,17175
2022,nsw,female,85,15931
2022,nsw,female,86,14403
2022,nsw,female,87,12851
2022,nsw,female,88,11023
2022,nsw,female,89,10065
2022,nsw,female,90,8954
2022,nsw,female,91,8182
2022,nsw,female,92,7045
2022,nsw,female,93,5675
2022,nsw,female,94,4616
2022,nsw,female,95,3683
2022,nsw,female,96,2784
2022,nsw,female,97,2099
2022,nsw,female,98,1459
2022,nsw,female,99,1020
2022,nsw,female,100,1483
2022,nsw,male,0,51215
2022,nsw,male,1,49025
2022,nsw,male,2,48353
2022,nsw,male,3,49707
2022,nsw,male,4,49341
2022,nsw,male,5,50564
2022,nsw,male,6,51910
2022,nsw,male,7,51677
2022,nsw,male,8,52172
2022,nsw,male,9,53233
2022,nsw,male,10,53367
2022,nsw,male,11,52842
2022,nsw,male,12,53213
2022,nsw,male,13,52521
2022,nsw,male,14,52295
2022,nsw,male,15,51926
2022,nsw,male,16,49858
2022,nsw,male,17,48640
2022,nsw,male,18,48375
2022,nsw,male,19,49721
2022,nsw,male,20,50834
2022,nsw,male,21,53487
2022,nsw,male,22,54832
2022,nsw,male,23,54431
2022,nsw,male,24,54999
2022,nsw,male,25,56171
2022,nsw,male,26,56815
2022,nsw,male,27,58338
2022,nsw,male,28,58187
2022,nsw,male,29,58626
2022,nsw,male,30,58941
2022,nsw,male,31,60048
2022,nsw,male,32,60392
2022,nsw,male,33,59596
2022,nsw,male,34,58382
2022,nsw,male,35,58438
2022,nsw,male,36,59225
2022,nsw,male,37,58921
2022,nsw,male,38,58590
2022,nsw,male,39,58520
2022,nsw,male,40,56947
2022,nsw,male,41,55323
2022,nsw,male,42,52525
2022,nsw,male,43,50818
2022,nsw,male,44,49381
2022,nsw,male,45,49181
2022,nsw,male,46,49587
2022,nsw,male,47,50015
2022,nsw,male,48,50799
2022,nsw,male,49,51805
2022,nsw,male,50,53538
2022,nsw,male,51,53133
2022,nsw,male,52,49157
2022,nsw,male,53,48325
2022,nsw,male,54,46271
2022,nsw,male,55,46031
2022,nsw,male,56,46281
2022,nsw,male,57,46866
2022,nsw,male,58,48507
2022,nsw,male,59,49202
2022,nsw,male,60,48916
2022,nsw,male,61,47707
2022,nsw,male,62,45727
2022,nsw,male,63,44776
2022,nsw,male,64,43769
2022,nsw,male,65,42414
2022,nsw,male,66,41175
2022,nsw,male,67,39703
2022,nsw,male,68,38542
2022,nsw,male,69,37870
2022,nsw,male,70,36171
2022,nsw,male,71,36071
2022,nsw,male,72,35138
2022,nsw,male,73,33901
2022,nsw,male,74,34162
2022,nsw,male,75,34115
2022,nsw,male,76,28328
2022,nsw,male,77,26465
2022,nsw,male,78,24641
2022,nsw,male,79,21382
2022,nsw,male,80,20256
2022,nsw,male,81,18260
2022,nsw,male,82,17046
2022,nsw,male,83,15245
2022,nsw,male,84,13760
2022,nsw,male,85,12523
2022,nsw,male,86,10833
2022,nsw,male,87,9133
2022,nsw,male,88,7825
2022,nsw,male,89,6703
2022,nsw,male,90,5854
2022,nsw,male,91,4855
2022,nsw,male,92,4044
2022,nsw,male,93,3149
2022,nsw,male,94,2272
2022,nsw,male,95,1688
2022,nsw,male,96,1269
2022,nsw,male,97,857
2022,nsw,male,98,524
2022,nsw,male,99,334
2022,nsw,male,100,384
2022,nt,female,0,1801
2022,nt,female,1,1752
2022,nt,female,2,1649
2022,nt,female,3,1702
2022,nt,female,4,1667
2022,nt,female,5,1743
2022,nt,female,6,1795
2022,nt,female,7,1776
2022,nt,female,8,1740
2022,nt,female,9,1820
2022,nt,female,10,1798
2022,nt,female,11,1693
2022,nt,female,12,1650
2022,nt,female,13,1593
2022,nt,female,14,1632
2022,nt,female,15,1545
2022,nt,female,16,1543
2022,nt,female,17,1477
2022,nt,female,18,1398
2022,nt,female,19,1428
2022,nt,female,20,1401
2022,nt,female,21,1448
2022,nt,female,22,1529
2022,nt,female,23,1744
2022,nt,female,24,1890
2022,nt,female,25,2049
2022,nt,female,26,2286
2022,nt,female,27,2347
2022,nt,female,28,2487
2022,nt,female,29,2557
2022,nt,female,30,2494
2022,nt,female,31,2581
2022,nt,female,32,2463
2022,nt,female,33,2339
2022,nt,female,34,2320
2022,nt,female,35,2217
2022,nt,female,36,2174
2022,nt,female,37,2223
2022,nt,female,38,2073
2022,nt,female,39,1978
2022,nt,female,40,1936
2022,nt,female,41,1862
2022,nt,female,42,1798
2022,nt,female,43,1746
2022,nt,female,44,1687
2022,nt,female,45,1534
2022,nt,female,46,1593
2022,nt,female,47,1521
2022,nt,female,48,1555
2022,nt,female,49,1558
2022,nt,female,50,1573
2022,nt,female,51,1651
2022,nt,female,52,1593
2022,nt,female,53,1524
2022,nt,female,54,1489
2022,nt,female,55,1416
2022,nt,female,56,1399
2022,nt,female,57,1292
2022,nt,female,58,1295
2022,nt,female,59,1311
2022,nt,female,60,1253
2022,nt,female,61,1285
2022,nt,female,62,1172
2022,nt,female,63,1113
2022,nt,female,64,1037
2022,nt,female,65,1014
2022,nt,female,66,907
2022,nt,female,67,868
2022,nt,female,68,818
2022,nt,female,69,751
2022,nt,female,70,684
2022,nt,female,71,672
2022,nt,female,72,607
2022,nt,female,73,543
2022,nt,female,74,535
2022,nt,female,75,523
2022,nt,female,76,385
2022,nt,female,77,315
2022,nt,female,78,305
2022,nt,female,79,255
2022,nt,female,80,257
2022,nt,female,81,260
2022,nt,female,82,216
2022,nt,female,83,169
2022,nt,female,84,165
2022,nt,female,85,122
2022,nt,female,86,95
2022,nt,female,87,93
2022,nt,female,88,78
2022,nt,female,89,61
2022,nt,female,90,62
2022,nt,female,91,47
2022,nt,female,92,44
2022,nt,female,93,30
2022,nt,female,94,27
2022,nt,female,95,23
2022,nt,female,96,17
2022,nt,female,97,7
2022,nt,female,98,7
2022,nt,female,99,2
2022,nt,female,100,7
2022,nt,male,0,1759
2022,nt,male,1,1840
2022,nt,male,2,1819
2022,nt,male,3,1848
2022,nt,male,4,1845
2022,nt,male,5,1859
2022,nt,male,6,1851
2022,nt,male,7,1891
2022,nt,male,8,1841
2022,nt,male,9,1842
2022,nt,male,10,1861
2022,nt,male,11,1821
2022,nt,male,12,1844
2022,nt,male,13,1734
2022,nt,male,14,1753
2022,nt,male,15,1621
2022,nt,male,16,1582
2022,nt,male,17,1592
2022,nt,male,18,1595
2022,nt,male,19,1645
2022,nt,male,20,1688
2022,nt,male,21,1845
2022,nt,male,22,1840
2022,nt,male,23,2023
2022,nt,male,24,2185
2022,nt,male,25,2198
2022,nt,male,26,2222
2022,nt,male,27,2377
2022,nt,male,28,2350
2022,nt,male,29,2415
2022,nt,male,30,2435
2022,nt,male,31,2495
2022,nt,male,32,2522
2022,nt,male,33,2392
2022,nt,male,34,2314
2022,nt,male,35,2274
2022,nt,male,36,2239
2022,nt,male,37,2041
2022,nt,male,38,2159
2022,nt,male,39,2036
2022,nt,male,40,1875
2022,nt,male,41,1876
2022,nt,male,42,1754
2022,nt,male,43,1769
2022,nt,male,44,1559
2022,nt,male,45,1671
2022,nt,male,46,1600
2022,nt,male,47,1599
2022,nt,male,48,1597
2022,nt,male,49,1649
2022,nt,male,50,1640
2022,nt,male,51,1718
2022,nt,male,52,1643
2022,nt,male,53,1575
2022,nt,male,54,1442
2022,nt,male,55,1452
2022,nt,male,56,1406
2022,nt,male,57,1409
2022,nt,male,58,1383
2022,nt,male,59,1384
2022,nt,male,60,1368
2022,nt,male,61,1267
2022,nt,male,62,1180
2022,nt,male,63,1187
2022,nt,male,64,1064
2022,nt,male,65,1046
2022,nt,male,66,1002
2022,nt,male,67,898
2022,nt,male,68,878
2022,nt,male,69,799
2022,nt,male,70,736
2022,nt,male,71,704
2022,nt,male,72,730
2022,nt,male,73,627
2022,nt,male,74,556
2022,nt,male,75,542
2022,nt,male,76,433
2022,nt,male,77,388
2022,nt,male,78,325
2022,nt,male,79,306
2022,nt,male,80,291
2022,nt,male,81,254
2022,nt,male,82,238
2022,nt,male,83,132
2022,nt,male,84,147
2022,nt,male,85,97
2022,nt,male,86,101
2022,nt,male,87,64
2022,nt,male,88,53
2022,nt,male,89,56
2022,nt,male,90,38
2022,nt,male,91,33
2022,nt,male,92,25
2022,nt,male,93,18
2022,nt,male,94,21
2022,nt,male,95,9
2022,nt,male,96,5
2022,nt,male,97,9
2022,nt,male,98,4
2022,nt,male,99,3
2022,nt,male,100,6
2022,qld,female,0,30594
2022,qld,female,1,28757
2022,qld,female,2,29028
2022,qld,female,3,29598
2022,qld,female,4,30197
2022,qld,female,5,30841
2022,qld,female,6,32500
2022,qld,female,7,32416
2022,qld,female,8,33254
2022,qld,female,9,33565
2022,qld,female,10,34019
2022,qld,female,11,34332
2022,qld,female,12,34836
2022,qld,female,13,34699
2022,qld,female,14,34354
2022,qld,female,15,33778
2022,qld,female,16,32934
2022,qld,female,17,31621
2022,qld,female,18,31263
2022,qld,female,19,31261
2022,qld,female,20,32119
2022,qld,female,21,33055
2022,qld,female,22,33183
2022,qld,female,23,33334
2022,qld,female,24,34047
2022,qld,female,25,34548
2022,qld,female,26,35312
2022,qld,female,27,36366
2022,qld,female,28,36423
2022,qld,female,29,36992
2022,qld,female,30,37898
2022,qld,female,31,38060
2022,qld,female,32,37775
2022,qld,female,33,37349
2022,qld,female,34,37083
2022,qld,female,35,37054
2022,qld,female,36,37735
2022,qld,female,37,37804
2022,qld,female,38,37660
2022,qld,female,39,38229
2022,qld,female,40,36539
2022,qld,female,41,36195
2022,qld,female,42,34958
2022,qld,female,43,34317
2022,qld,female,44,33705
2022,qld,female,45,33753
2022,qld,female,46,33744
2022,qld,female,47,34121
2022,qld,female,48,34694
2022,qld,female,49,36099
2022,qld,female,50,37043
2022,qld,female,51,37326
2022,qld,female,52,34821
2022,qld,female,53,33954
2022,qld,female,54,32538
2022,qld,female,55,32081
2022,qld,female,56,31617
2022,qld,female,57,31995
2022,qld,female,58,33049
2022,qld,female,59,33389
2022,qld,female,60,33098
2022,qld,female,61,32739
2022,qld,female,62,31233
2022,qld,female,63,30665
2022,qld,female,64,30020
2022,qld,female,65,28824
2022,qld,female,66,28236
2022,qld,female,67,27491
2022,qld,female,68,26719
2022,qld,female,69,26108
2022,qld,female,70,25433
2022,qld,female,71,25002
2022,qld,female,72,24674
2022,qld,female,73,23667
2022,qld,female,74,23026
2022,qld,female,75,23531
2022,qld,female,76,19295
2022,qld,female,77,18501
2022,qld,female,78,16750
2022,qld,female,79,14757
2022,qld,female,80,14049
2022,qld,female,81,12527
2022,qld,female,82,11766
2022,qld,female,83,10815
2022,qld,female,84,9634
2022,qld,female,85,8905
2022,qld,female,86,7831
2022,qld,female,87,6973
2022,qld,female,88,6051
2022,qld,female,89,5394
2022,qld,female,90,4713
2022,qld,female,91,4260
2022,qld,female,92,3744
2022,qld,female,93,3024
2022,qld,female,94,2474
2022,qld,female,95,1838
2022,qld,female,96,1475
2022,qld,female,97,1086
2022,qld,female,98,721
2022,qld,female,99,484
2022,qld,female,100,778
2022,qld,male,0,32312
2022,qld,male,1,30678
2022,qld,male,2,30789
2022,qld,male,3,31750
2022,qld,male,4,31947
2022,qld,male,5,32861
2022,qld,male,6,34045
2022,qld,male,7,34556
2022,qld,male,8,35245
2022,qld,male,9,35688
2022,qld,male,10,35663
2022,qld,male,11,35839
2022,qld,male,12,36489
2022,qld,male,13,36840
2022,qld,male,14,36930
2022,qld,male,15,36512
2022,qld,male,16,34989
2022,qld,male,17,33732
2022,qld,male,18,32446
2022,qld,male,19,32012
2022,qld,male,20,32947
2022,qld,male,21,34270
2022,qld,male,22,34632
2022,qld,male,23,34487
2022,qld,male,24,35040
2022,qld,male,25,35152
2022,qld,male,26,35919
2022,qld,male,27,36378
2022,qld,male,28,36595
2022,qld,male,29,36403
2022,qld,male,30,36288
2022,qld,male,31,37055
2022,qld,male,32,37045
2022,qld,male,33,36095
2022,qld,male,34,35838
2022,qld,male,35,35934
2022,qld,male,36,36504
2022,qld,male,37,36194
2022,qld,male,38,36251
2022,qld,male,39,36804
2022,qld,male,40,35721
2022,qld,male,41,34725
2022,qld,male,42,32984
2022,qld,male,43,32426
2022,qld,male,44,31625
2022,qld,male,45,31955
2022,qld,male,46,32510
2022,qld,male,47,32994
2022,qld,male,48,34217
2022,qld,male,49,35110
2022,qld,male,50,35786
2022,qld,male,51,36185
2022,qld,male,52,33615
2022,qld,male,53,32721
2022,qld,male,54,31486
2022,qld,male,55,31031
2022,qld,male,56,30435
2022,qld,male,57,30843
2022,qld,male,58,31863
2022,qld,male,59,31717
2022,qld,male,60,31441
2022,qld,male,61,31187
2022,qld,male,62,29875
2022,qld,male,63,28944
2022,qld,male,64,27907
2022,qld,male,65,27344
2022,qld,male,66,26702
2022,qld,male,67,25738
2022,qld,male,68,24837
2022,qld,male,69,24861
2022,qld,male,70,24339
2022,qld,male,71,23734
2022,qld,male,72,23065
2022,qld,male,73,22444
2022,qld,male,74,22171
2022,qld,male,75,22414
2022,qld,male,76,18553
2022,qld,male,77,17460
2022,qld,male,78,15741
2022,qld,male,79,13572
2022,qld,male,80,12932
2022,qld,male,81,11326
2022,qld,male,82,10367
2022,qld,male,83,9113
2022,qld,male,84,8146
2022,qld,male,85,7188
2022,qld,male,86,6165
2022,qld,male,87,5010
2022,qld,male,88,4282
2022,qld,male,89,3633
2022,qld,male,90,3100
2022,qld,male,91,2626
2022,qld,male,92,2099
2022,qld,male,93,1597
2022,qld,male,94,1179
2022,qld,male,95,908
2022,qld,male,96,643
2022,qld,male,97,419
2022,qld,male,98,268
2022,qld,male,99,160
2022,qld,male,100,190
2022,sa,female,0,9397
2022,sa,female,1,9609
2022,sa,female,2,9340
2022,sa,female,3,9583
2022,sa,female,4,9662
2022,sa,female,5,9916
2022,sa,female,6,10337
2022,sa,female,7,10191
2022,sa,female,8,10369
2022,sa,female,9,10480
2022,sa,female,10,10650
2022,sa,female,11,10457
2022,sa,female,12,10486
2022,sa,female,13,10663
2022,sa,female,14,10782
2022,sa,female,15,10643
2022,sa,female,16,10092
2022,sa,female,17,9935
2022,sa,female,18,9879
2022,sa,female,19,9932
2022,sa,female,20,10211
2022,sa,female,21,10605
2022,sa,female,22,10919
2022,sa,female,23,11089
2022,sa,female,24,11278
2022,sa,female,25,11706
2022,sa,female,26,11927
2022,sa,female,27,12223
2022,sa,female,28,12265
2022,sa,female,29,12313
2022,sa,female,30,12318
2022,sa,female,31,12407
2022,sa,female,32,12467
2022,sa,female,33,12283
2022,sa,female,34,12440
2022,sa,female,35,12460
2022,sa,female,36,12646
2022,sa,female,37,12469
2022,sa,female,38,12436
2022,sa,female,39,12210
2022,sa,female,40,11897
2022,sa,female,41,11654
2022,sa,female,42,11106
2022,sa,female,43,10860
2022,sa,female,44,10721
2022,sa,female,45,10829
2022,sa,female,46,10590
2022,sa,female,47,10757
2022,sa,female,48,11037
2022,sa,female,49,11423
2022,sa,female,50,12067
2022,sa,female,51,12245
2022,sa,female,52,11781
2022,sa,female,53,11670
2022,sa,female,54,11397
2022,sa,female,55,11185
2022,sa,female,56,11329
2022,sa,female,57,11583
2022,sa,female,58,11800
2022,sa,female,59,12014
2022,sa,female,60,12007
2022,sa,female,61,12127
2022,sa,female,62,11827
2022,sa,female,63,11726
2022,sa,female,64,11213
2022,sa,female,65,11236
2022,sa,female,66,10975
2022,sa,female,67,10502
2022,sa,female,68,10449
2022,sa,female,69,10340
2022,sa,female,70,10054
2022,sa,female,71,10054
2022,sa,female,72,9751
2022,sa,female,73,9481
2022,sa,female,74,9318
2022,sa,female,75,9633
2022,sa,female,76,7902
2022,sa,female,77,7431
2022,sa,female,78,6729
2022,sa,female,79,6210
2022,sa,female,80,5810
2022,sa,female,81,5351
2022,sa,female,82,5082
2022,sa,female,83,4876
2022,sa,female,84,4420
2022,sa,female,85,4061
2022,sa,female,86,3631
2022,sa,female,87,3215
2022,sa,female,88,2918
2022,sa,female,89,2554
2022,sa,female,90,2337
2022,sa,female,91,2132
2022,sa,female,92,1806
2022,sa,female,93,1565
2022,sa,female,94,1277
2022,sa,female,95,966
2022,sa,female,96,811
2022,sa,female,97,604
2022,sa,female,98,368
2022,sa,female,99,271
2022,sa,female,100,467
2022,sa,male,0,9994
2022,sa,male,1,10043
2022,sa,male,2,9739
2022,sa,male,3,9957
2022,sa,male,4,10234
2022,sa,male,5,10339
2022,sa,male,6,10768
2022,sa,male,7,10736
2022,sa,male,8,11007
2022,sa,male,9,11076
2022,sa,male,10,11179
2022,sa,male,11,10987
2022,sa,male,12,11318
2022,sa,male,13,11129
2022,sa,male,14,11065
2022,sa,male,15,11031
2022,sa,male,16,10774
2022,sa,male,17,10371
2022,sa,male,18,10583
2022,sa,male,19,10630
2022,sa,male,20,11051
2022,sa,male,21,11444
2022,sa,male,22,11954
2022,sa,male,23,11924
2022,sa,male,24,12164
2022,sa,male,25,12419
2022,sa,male,26,12765
2022,sa,male,27,12927
2022,sa,male,28,12350
2022,sa,male,29,12512
2022,sa,male,30,12326
2022,sa,male,31,12512
2022,sa,male,32,12369
2022,sa,male,33,12396
2022,sa,male,34,12168
2022,sa,male,35,12187
2022,sa,male,36,12288
2022,sa,male,37,12372
2022,sa,male,38,12338
2022,sa,male,39,12179
2022,sa,male,40,11586
2022,sa,male,41,11317
2022,sa,male,42,10824
2022,sa,male,43,10624
2022,sa,male,44,10325
2022,sa,male,45,10531
2022,sa,male,46,10593
2022,sa,male,47,10792
2022,sa,male,48,10901
2022,sa,male,49,11214
2022,sa,male,50,11731
2022,sa,male,51,12089
2022,sa,male,52,11565
2022,sa,male,53,11465
2022,sa,male,54,11176
2022,sa,male,55,10847
2022,sa,male,56,10944
2022,sa,male,57,11177
2022,sa,male,58,11381
2022,sa,male,59,11495
2022,sa,male,60,11402
2022,sa,male,61,11564
2022,sa,male,62,11099
2022,sa,male,63,10855
2022,sa,male,64,10641
2022,sa,male,65,10263
2022,sa,male,66,10012
2022,sa,male,67,9881
2022,sa,male,68,9524
2022,sa,male,69,9517
2022,sa,male,70,9185
2022,sa,male,71,8999
2022,sa,male,72,8936
2022,sa,male,73,8549
2022,sa,male,74,8403
2022,sa,male,75,8776
2022,sa,male,76,7110
2022,sa,male,77,6562
2022,sa,male,78,6032
2022,sa,male,79,5368
2022,sa,male,80,5044
2022,sa,male,81,4421
2022,sa,male,82,4123
2022,sa,male,83,3863
2022,sa,male,84,3461
2022,sa,male,85,3129
2022,sa,male,86,2689
2022,sa,male,87,2282
2022,sa,male,88,2066
2022,sa,male,89,1820
2022,sa,male,90,1454
2022,sa,male,91,1261
2022,sa,male,92,1080
2022,sa,male,93,787
2022,sa,male,94,667
2022,sa,male,95,464
2022,sa,male,96,380
2022,sa,male,97,237
2022,sa,male,98,138
2022,sa,male,99,102
2022,sa,male,100,134
2022,tas,female,0,2826
2022,tas,female,1,2872
2022,tas,female,2,2837
2022,tas,female,3,2838
2022,tas,female,4,2846
2022,tas,female,5,2965
2022,tas,female,6,3054
2022,tas,female,7,3078
2022,tas,female,8,3175
2022,tas,female,9,3191
2022,tas,female,10,3190
2022,tas,female,11,3251
2022,tas,female,12,3205
2022,tas,female,13,3408
2022,tas,female,14,3321
2022,tas,female,15,3321
2022,tas,female,16,3189
2022,tas,female,17,3057
2022,tas,female,18,2905
2022,tas,female,19,2718
2022,tas,female,20,2698
2022,tas,female,21,2851
2022,tas,female,22,3031
2022,tas,female,23,3239
2022,tas,female,24,3214
2022,tas,female,25,3514
2022,tas,female,26,3763
2022,tas,female,27,4016
2022,tas,female,28,4096
2022,tas,female,29,4103
2022,tas,female,30,4151
2022,tas,female,31,4195
2022,tas,female,32,4006
2022,tas,female,33,3859
2022,tas,female,34,3804
2022,tas,female,35,3661
2022,tas,female,36,3713
2022,tas,female,37,3719
2022,tas,female,38,3619
2022,tas,female,39,3460
2022,tas,female,40,3527
2022,tas,female,41,3497
2022,tas,female,42,3292
2022,tas,female,43,3294
2022,tas,female,44,3256
2022,tas,female,45,3161
2022,tas,female,46,3248
2022,tas,female,47,3309
2022,tas,female,48,3388
2022,tas,female,49,3618
2022,tas,female,50,3792
2022,tas,female,51,3973
2022,tas,female,52,3757
2022,tas,female,53,3762
2022,tas,female,54,3629
2022,tas,female,55,3649
2022,tas,female,56,3552
2022,tas,female,57,3691
2022,tas,female,58,3972
2022,tas,female,59,3988
2022,tas,female,60,4129
2022,tas,female,61,4211
2022,tas,female,62,4054
2022,tas,female,63,3925
2022,tas,female,64,3817
2022,tas,female,65,3867
2022,tas,female,66,3656
2022,tas,female,67,3607
2022,tas,female,68,3598
2022,tas,female,69,3448
2022,tas,female,70,3404
2022,tas,female,71,3335
2022,tas,female,72,3279
2022,tas,female,73,3108
2022,tas,female,74,3081
2022,tas,female,75,3147
2022,tas,female,76,2561
2022,tas,female,77,2401
2022,tas,female,78,2242
2022,tas,female,79,1932
2022,tas,female,80,1855
2022,tas,female,81,1704
2022,tas,female,82,1586
2022,tas,female,83,1489
2022,tas,female,84,1365
2022,tas,female,85,1230
2022,tas,female,86,1044
2022,tas,female,87,939
2022,tas,female,88,851
2022,tas,female,89,806
2022,tas,female,90,631
2022,tas,female,91,577
2022,tas,female,92,505
2022,tas,female,93,402
2022,tas,female,94,286
2022,tas,female,95,226
2022,tas,female,96,184
2022,tas,female,97,133
2022,tas,female,98,84
2022,tas,female,99,59
2022,tas,female,100,86
2022,tas,male,0,2951
2022,tas,male,1,3026
2022,tas,male,2,3005
2022,tas,male,3,3081
2022,tas,male,4,3085
2022,tas,male,5,3154
2022,tas,male,6,3312
2022,tas,male,7,3253
2022,tas,male,8,3305
2022,tas,male,9,3332
2022,tas,male,10,3322
2022,tas,male,11,3523
2022,tas,male,12,3502
2022,tas,male,13,3628
2022,tas,male,14,3599
2022,tas,male,15,3600
2022,tas,male,16,3458
2022,tas,male,17,3316
2022,tas,male,18,3093
2022,tas,male,19,2890
2022,tas,male,20,2943
2022,tas,male,21,3152
2022,tas,male,22,3339
2022,tas,male,23,3358
2022,tas,male,24,3435
2022,tas,male,25,3671
2022,tas,male,26,3947
2022,tas,male,27,4307
2022,tas,male,28,4336
2022,tas,male,29,4272
2022,tas,male,30,4222
2022,tas,male,31,4236
2022,tas,male,32,4157
2022,tas,male,33,3994
2022,tas,male,34,3804
2022,tas,male,35,3786
2022,tas,male,36,3726
2022,tas,male,37,3623
2022,tas,male,38,3513
2022,tas,male,39,3465
2022,tas,male,40,3446
2022,tas,male,41,3202
2022,tas,male,42,3072
2022,tas,male,43,3128
2022,tas,male,44,3017
2022,tas,male,45,2995
2022,tas,male,46,3181
2022,tas,male,47,3218
2022,tas,male,48,3322
2022,tas,male,49,3375
2022,tas,male,50,3614
2022,tas,male,51,3707
2022,tas,male,52,3600
2022,tas,male,53,3605
2022,tas,male,54,3476
2022,tas,male,55,3345
2022,tas,male,56,3271
2022,tas,male,57,3518
2022,tas,male,58,3774
2022,tas,male,59,3810
2022,tas,male,60,4006
2022,tas,male,61,3912
2022,tas,male,62,3777
2022,tas,male,63,3762
2022,tas,male,64,3707
2022,tas,male,65,3543
2022,tas,male,66,3634
2022,tas,male,67,3415
2022,tas,male,68,3236
2022,tas,male,69,3379
2022,tas,male,70,3314
2022,tas,male,71,3161
2022,tas,male,72,3090
2022,tas,male,73,2907
2022,tas,male,74,2978
2022,tas,male,75,3075
2022,tas,male,76,2364
2022,tas,male,77,2181
2022,tas,male,78,2096
2022,tas,male,79,1821
2022,tas,male,80,1749
2022,tas,male,81,1519
2022,tas,male,82,1412
2022,tas,male,83,1272
2022,tas,male,84,1121
2022,tas,male,85,978
2022,tas,male,86,828
2022,tas,male,87,686
2022,tas,male,88,586
2022,tas,male,89,505
2022,tas,male,90,422
2022,tas,male,91,361
2022,tas,male,92,286
2022,tas,male,93,201
2022,tas,male,94,153
2022,tas,male,95,101
2022,tas,male,96,81
2022,tas,male,97,51
2022,tas,male,98,30
2022,tas,male,99,20
2022,tas,male,100,25
2022,vic,female,0,37964
2022,vic,female,1,37722
2022,vic,female,2,36772
2022,vic,female,3,37835
2022,vic,female,4,38040
2022,vic,female,5,38907
2022,vic,female,6,39934
2022,vic,female,7,39608
2022,vic,female,8,39598
2022,vic,female,9,40163
2022,vic,female,10,39686
2022,vic,female,11,38954
2022,vic,female,12,39811
2022,vic,female,13,38732
2022,vic,female,14,38770
2022,vic,female,15,38547
2022,vic,female,16,36984
2022,vic,female,17,35609
2022,vic,female,18,36228
2022,vic,female,19,37374
2022,vic,female,20,38389
2022,vic,female,21,40105
2022,vic,female,22,41423
2022,vic,female,23,41861
2022,vic,female,24,42790
2022,vic,female,25,44715
2022,vic,female,26,46445
2022,vic,female,27,48242
2022,vic,female,28,49054
2022,vic,female,29,50106
2022,vic,female,30,50833
2022,vic,female,31,52183
2022,vic,female,32,52864
2022,vic,female,33,52004
2022,vic,female,34,52060
2022,vic,female,35,51307
2022,vic,female,36,51517
2022,vic,female,37,51137
2022,vic,female,38,49795
2022,vic,female,39,49521
2022,vic,female,40,47986
2022,vic,female,41,46424
2022,vic,female,42,44257
2022,vic,female,43,43109
2022,vic,female,44,41832
2022,vic,female,45,41284
2022,vic,female,46,40837
2022,vic,female,47,41719
2022,vic,female,48,42370
2022,vic,female,49,42610
2022,vic,female,50,44689
2022,vic,female,51,45478
2022,vic,female,52,42342
2022,vic,female,53,42023
2022,vic,female,54,39955
2022,vic,female,55,38741
2022,vic,female,56,38692
2022,vic,female,57,38762
2022,vic,female,58,39497
2022,vic,female,59,39704
2022,vic,female,60,39263
2022,vic,female,61,38948
2022,vic,female,62,37936
2022,vic,female,63,37127
2022,vic,female,64,36251
2022,vic,female,65,35281
2022,vic,female,66,34358
2022,vic,female,67,33543
2022,vic,female,68,32388
2022,vic,female,69,31784
2022,vic,female,70,30658
2022,vic,female,71,30251
2022,vic,female,72,29559
2022,vic,female,73,28314
2022,vic,female,74,28331
2022,vic,female,75,28491
2022,vic,female,76,23378
2022,vic,female,77,21920
2022,vic,female,78,20577
2022,vic,female,79,18436
2022,vic,female,80,17880
2022,vic,female,81,16158
2022,vic,female,82,15646
2022,vic,female,83,14707
2022,vic,female,84,13611
2022,vic,female,85,12291
2022,vic,female,86,11192
2022,vic,female,87,9920
2022,vic,female,88,8939
2022,vic,female,89,8041
2022,vic,female,90,7028
2022,vic,female,91,6272
2022,vic,female,92,5446
2022,vic,female,93,4430
2022,vic,female,94,3629
2022,vic,female,95,2786
2022,vic,female,96,2186
2022,vic,female,97,1613
2022,vic,female,98,1090
2022,vic,female,99,669
2022,vic,female,100,1089
2022,vic,male,0,39505
2022,vic,male,1,39051
2022,vic,male,2,38695
2022,vic,male,3,39432
2022,vic,male,4,40176
2022,vic,male,5,40948
2022,vic,male,6,42299
2022,vic,male,7,41725
2022,vic,male,8,42087
2022,vic,male,9,42431
2022,vic,male,10,41773
2022,vic,male,11,41033
2022,vic,male,12,41401
2022,vic,male,13,41110
2022,vic,male,14,41108
2022,vic,male,15,40911
2022,vic,male,16,38973
2022,vic,male,17,37791
2022,vic,male,18,38303
2022,vic,male,19,39380
2022,vic,male,20,40705
2022,vic,male,21,43366
2022,vic,male,22,44399
2022,vic,male,23,44479
2022,vic,male,24,45307
2022,vic,male,25,47342
2022,vic,male,26,48726
2022,vic,male,27,50106
2022,vic,male,28,49827
2022,vic,male,29,49462
2022,vic,male,30,49437
2022,vic,male,31,50565
2022,vic,male,32,50680
2022,vic,male,33,50328
2022,vic,male,34,50367
2022,vic,male,35,50461
2022,vic,male,36,50360
2022,vic,male,37,50175
2022,vic,male,38,49321
2022,vic,male,39,49009
2022,vic,male,40,47251
2022,vic,male,41,45546
2022,vic,male,42,43085
2022,vic,male,43,41885
2022,vic,male,44,40869
2022,vic,male,45,40140
2022,vic,male,46,40415
2022,vic,male,47,40499
2022,vic,male,48,40674
2022,vic,male,49,41185
2022,vic,male,50,42391
2022,vic,male,51,42676
2022,vic,male,52,40500
2022,vic,male,53,39955
2022,vic,male,54,38419
2022,vic,male,55,37011
2022,vic,male,56,36851
2022,vic,male,57,36920
2022,vic,male,58,37277
2022,vic,male,59,37798
2022,vic,male,60,37234
2022,vic,male,61,36572
2022,vic,male,62,35005
2022,vic,male,63,34706
2022,vic,male,64,33283
2022,vic,male,65,32380
2022,vic,male,66,31910
2022,vic,male,67,30481
2022,vic,male,68,29265
2022,vic,male,69,28725
2022,vic,male,70,27839
2022,vic,male,71,27168
2022,vic,male,72,26440
2022,vic,male,73,25391
2022,vic,male,74,25479
2022,vic,male,75,25827
2022,vic,male,76,21499
2022,vic,male,77,19648
2022,vic,male,78,18103
2022,vic,male,79,16060
2022,vic,male,80,15629
2022,vic,male,81,14146
2022,vic,male,82,12979
2022,vic,male,83,11848
2022,vic,male,84,10659
2022,vic,male,85,9583
2022,vic,male,86,8324
2022,vic,male,87,7059
2022,vic,male,88,6168
2022,vic,male,89,5264
2022,vic,male,90,4234
2022,vic,male,91,3775
2022,vic,male,92,3196
2022,vic,male,93,2386
2022,vic,male,94,1776
2022,vic,male,95,1312
2022,vic,male,96,996
2022,vic,male,97,669
2022,vic,male,98,419
2022,vic,male,99,282
2022,vic,male,100,295
2022,wa,female,0,16298
2022,wa,female,1,16316
2022,wa,female,2,16243
2022,wa,female,3,16616
2022,wa,female,4,17027
2022,wa,female,5,17301
2022,wa,female,6,17676
2022,wa,female,7,17421
2022,wa,female,8,17686
2022,wa,female,9,17648
2022,wa,female,10,17633
2022,wa,female,11,17682
2022,wa,female,12,17653
2022,wa,female,13,17211
2022,wa,female,14,17641
2022,wa,female,15,17255
2022,wa,female,16,16557
2022,wa,female,17,15621
2022,wa,female,18,15347
2022,wa,female,19,15349
2022,wa,female,20,15221
2022,wa,female,21,15753
2022,wa,female,22,16256
2022,wa,female,23,16549
2022,wa,female,24,16807
2022,wa,female,25,17323
2022,wa,female,26,17865
2022,wa,female,27,18626
2022,wa,female,28,19090
2022,wa,female,29,19473
2022,wa,female,30,19617
2022,wa,female,31,20687
2022,wa,female,32,20971
2022,wa,female,33,21257
2022,wa,female,34,21209
2022,wa,female,35,21472
2022,wa,female,36,21452
2022,wa,female,37,21328
2022,wa,female,38,21086
2022,wa,female,39,20820
2022,wa,female,40,20090
2022,wa,female,41,19781
2022,wa,female,42,18815
2022,wa,female,43,18510
2022,wa,female,44,17702
2022,wa,female,45,17525
2022,wa,female,46,17498
2022,wa,female,47,17742
2022,wa,female,48,17616
2022,wa,female,49,17921
2022,wa,female,50,18855
2022,wa,female,51,19142
2022,wa,female,52,17848
2022,wa,female,53,17764
2022,wa,female,54,16982
2022,wa,female,55,16561
2022,wa,female,56,16560
2022,wa,female,57,16653
2022,wa,female,58,16873
2022,wa,female,59,16878
2022,wa,female,60,16634
2022,wa,female,61,16464
2022,wa,female,62,16021
2022,wa,female,63,15684
2022,wa,female,64,15085
2022,wa,female,65,14677
2022,wa,female,66,14621
2022,wa,female,67,14111
2022,wa,female,68,13521
2022,wa,female,69,13227
2022,wa,female,70,12761
2022,wa,female,71,12324
2022,wa,female,72,11952
2022,wa,female,73,11662
2022,wa,female,74,11298
2022,wa,female,75,11411
2022,wa,female,76,8947
2022,wa,female,77,8451
2022,wa,female,78,8021
2022,wa,female,79,7129
2022,wa,female,80,6929
2022,wa,female,81,6305
2022,wa,female,82,5946
2022,wa,female,83,5657
2022,wa,female,84,5174
2022,wa,female,85,4641
2022,wa,female,86,4181
2022,wa,female,87,3732
2022,wa,female,88,3209
2022,wa,female,89,2911
2022,wa,female,90,2600
2022,wa,female,91,2260
2022,wa,female,92,1920
2022,wa,female,93,1512
2022,wa,female,94,1309
2022,wa,female,95,938
2022,wa,female,96,727
2022,wa,female,97,510
2022,wa,female,98,377
2022,wa,female,99,264
2022,wa,female,100,427
2022,wa,male,0,17180
2022,wa,male,1,17293
2022,wa,male,2,17171
2022,wa,male,3,17784
2022,wa,male,4,17959
2022,wa,male,5,18529
2022,wa,male,6,18977
2022,wa,male,7,18634
2022,wa,male,8,18513
2022,wa,male,9,18676
2022,wa,male,10,18463
2022,wa,male,11,18701
2022,wa,male,12,18661
2022,wa,male,13,18505
2022,wa,male,14,18620
2022,wa,male,15,18412
2022,wa,male,16,17512
2022,wa,male,17,16823
2022,wa,male,18,16515
2022,wa,male,19,15991
2022,wa,male,20,16318
2022,wa,male,21,17143
2022,wa,male,22,17458
2022,wa,male,23,17838
2022,wa,male,24,17992
2022,wa,male,25,18386
2022,wa,male,26,19068
2022,wa,male,27,19540
2022,wa,male,28,19438
2022,wa,male,29,19177
2022,wa,male,30,19746
2022,wa,male,31,20446
2022,wa,male,32,20774
2022,wa,male,33,20881
2022,wa,male,34,21035
2022,wa,male,35,21306
2022,wa,male,36,21605
2022,wa,male,37,21505
2022,wa,male,38,21328
2022,wa,male,39,21222
2022,wa,male,40,20482
2022,wa,male,41,19845
2022,wa,male,42,18696
2022,wa,male,43,18161
2022,wa,male,44,17879
2022,wa,male,45,17574
2022,wa,male,46,17864
2022,wa,male,47,17659
2022,wa,male,48,17845
2022,wa,male,49,18418
2022,wa,male,50,19210
2022,wa,male,51,19394
2022,wa,male,52,18230
2022,wa,male,53,18021
2022,wa,male,54,17211
2022,wa,male,55,16762
2022,wa,male,56,16662
2022,wa,male,57,16534
2022,wa,male,58,16840
2022,wa,male,59,16914
2022,wa,male,60,16388
2022,wa,male,61,16216
2022,wa,male,62,15427
2022,wa,male,63,14920
2022,wa,male,64,14403
2022,wa,male,65,14063
2022,wa,male,66,13962
2022,wa,male,67,12971
2022,wa,male,68,12506
2022,wa,male,69,12253
2022,wa,male,70,11982
2022,wa,male,71,11836
2022,wa,male,72,11336
2022,wa,male,73,10955
2022,wa,male,74,10905
2022,wa,male,75,10973
2022,wa,male,76,8575
2022,wa,male,77,8055
2022,wa,male,78,7547
2022,wa,male,79,6514
2022,wa,male,80,6436
2022,wa,male,81,5521
2022,wa,male,82,5199
2022,wa,male,83,4691
2022,wa,male,84,4171
2022,wa,male,85,3679
2022,wa,male,86,3136
2022,wa,male,87,2799
2022,wa,male,88,2224
2022,wa,male,89,1920
2022,wa,male,90,1666
2022,wa,male,91,1405
2022,wa,male,92,1109
2022,wa,male,93,899
2022,wa,male,94,626
2022,wa,male,95,442
2022,wa,male,96,366
2022,wa,male,97,263
2022,wa,male,98,164
2022,wa,male,99,91
2022,wa,male,100,125
2023,act,female,0,2515
2023,act,female,1,2626
2023,act,female,2,2490
2023,act,female,3,2597
2023,act,female,4,2610
2023,act,female,5,2602
2023,act,female,6,2754
2023,act,female,7,2841
2023,act,female,8,2843
2023,act,female,9,2866
2023,act,female,10,2872
2023,act,female,11,2780
2023,act,female,12,2755
2023,act,female,13,2813
2023,act,female,14,2637
2023,act,female,15,2578
2023,act,female,16,2545
2023,act,female,17,2436
2023,act,female,18,2762
2023,act,female,19,3412
2023,act,female,20,3909
2023,act,female,21,3687
2023,act,female,22,3751
2023,act,female,23,4033
2023,act,female,24,4062
2023,act,female,25,4124
2023,act,female,26,4189
2023,act,female,27,4027
2023,act,female,28,4170
2023,act,female,29,4263
2023,act,female,30,4289
2023,act,female,31,4254
2023,act,female,32,4170
2023,act,female,33,4112
2023,act,female,34,3950
2023,act,female,35,3826
2023,act,female,36,3820
2023,act,female,37,3786
2023,act,female,38,3866
2023,act,female,39,3805
2023,act,female,40,3615
2023,act,female,41,3700
2023,act,female,42,3510
2023,act,female,43,3361
2023,act,female,44,3142
2023,act,female,45,2924
2023,act,female,46,2984
2023,act,female,47,2834
2023,act,female,48,2916
2023,act,female,49,2837
2023,act,female,50,2953
2023,act,female,51,2944
2023,act,female,52,2922
2023,act,female,53,2742
2023,act,female,54,2615
2023,act,female,55,2446
2023,act,female,56,2354
2023,act,female,57,2434
2023,act,female,58,2307
2023,act,female,59,2354
2023,act,female,60,2293
2023,act,female,61,2342
2023,act,female,62,2283
2023,act,female,63,2177
2023,act,female,64,2113
2023,act,female,65,2104
2023,act,female,66,2034
2023,act,female,67,1969
2023,act,female,68,1853
2023,act,female,69,1830
2023,act,female,70,1886
2023,act,female,71,1858
2023,act,female,72,1827
2023,act,female,73,1782
2023,act,female,74,1689
2023,act,female,75,1702
2023,act,female,76,1745
2023,act,female,77,1383
2023,act,female,78,1248
2023,act,female,79,1178
2023,act,female,80,1030
2023,act,female,81,1001
2023,act,female,82,898
2023,act,female,83,835
2023,act,female,84,755
2023,act,female,85,693
2023,act,female,86,637
2023,act,female,87,548
2023,act,female,88,470
2023,act,female,89,445
2023,act,female,90,368
2023,act,female,91,298
2023,act,female,92,261
2023,act,female,93,220
2023,act,female,94,152
2023,act,female,95,136
2023,act,female,96,98
2023,act,female,97,86
2023,act,female,98,56
2023,act,female,99,42
2023,act,female,100,53
2023,act,male,0,2614
2023,act,male,1,2831
2023,act,male,2,2712
2023,act,male,3,2644
2023,act,male,4,2774
2023,act,male,5,2719
2023,act,male,6,2965
2023,act,male,7,3001
2023,act,male,8,3041
2023,act,male,9,2998
2023,act,male,10,2936
2023,act,male,11,2882
2023,act,male,12,2918
2023,act,male,13,2967
2023,act,male,14,2793
2023,act,male,15,2709
2023,act,male,16,2715
2023,act,male,17,2658
2023,act,male,18,2954
2023,act,male,19,3413
2023,act,male,20,3890
2023,act,male,21,3690
2023,act,male,22,3758
2023,act,male,23,4009
2023,act,male,24,4100
2023,act,male,25,4036
2023,act,male,26,3856
2023,act,male,27,4094
2023,act,male,28,4345
2023,act,male,29,4244
2023,act,male,30,4331
2023,act,male,31,4106
2023,act,male,32,4138
2023,act,male,33,4146
2023,act,male,34,3942
2023,act,male,35,3754
2023,act,male,36,3794
2023,act,male,37,3847
2023,act,male,38,3671
2023,act,male,39,3743
2023,act,male,40,3737
2023,act,male,41,3576
2023,act,male,42,3455
2023,act,male,43,3125
2023,act,male,44,3134
2023,act,male,45,2976
2023,act,male,46,2928
2023,act,male,47,2828
2023,act,male,48,2918
2023,act,male,49,2791
2023,act,male,50,2811
2023,act,male,51,2871
2023,act,male,52,2916
2023,act,male,53,2664
2023,act,male,54,2519
2023,act,male,55,2458
2023,act,male,56,2316
2023,act,male,57,2223
2023,act,male,58,2306
2023,act,male,59,2191
2023,act,male,60,2190
2023,act,male,61,2152
2023,act,male,62,2072
2023,act,male,63,2029
2023,act,male,64,1871
2023,act,male,65,1799
2023,act,male,66,1758
2023,act,male,67,1696
2023,act,male,68,1570
2023,act,male,69,1624
2023,act,male,70,1601
2023,act,male,71,1516
2023,act,male,72,1509
2023,act,male,73,1524
2023,act,male,74,1459
2023,act,male,75,1465
2023,act,male,76,1465
2023,act,male,77,1235
2023,act,male,78,1068
2023,act,male,79,977
2023,act,male,80,838
2023,act,male,81,830
2023,act,male,82,682
2023,act,male,83,650
2023,act,male,84,597
2023,act,male,85,520
2023,act,male,86,427
2023,act,male,87,367
2023,act,male,88,353
2023,act,male,89,267
2023,act,male,90,227
2023,act,male,91,199
2023,act,male,92,170
2023,act,male,93,143
2023,act,male,94,94
2023,act,male,95,71
2023,act,male,96,43
2023,act,male,97,30
2023,act,male,98,30
2023,act,male,99,20
2023,act,male,100,22
2023,nsw,female,0,44676
2023,nsw,female,1,48737
2023,nsw,female,2,46297
2023,nsw,female,3,46125
2023,nsw,female,4,46581
2023,nsw,female,5,47064
2023,nsw,female,6,48268
2023,nsw,female,7,49323
2023,nsw,female,8,48747
2023,nsw,female,9,49572
2023,nsw,female,10,49951
2023,nsw,female,11,50447
2023,nsw,female,12,49922
2023,nsw,female,13,50549
2023,nsw,female,14,49911
2023,nsw,female,15,49875
2023,nsw,female,16,48939
2023,nsw,female,17,47208
2023,nsw,female,18,47000
2023,nsw,female,19,48275
2023,nsw,female,20,48584
2023,nsw,female,21,49073
2023,nsw,female,22,51802
2023,nsw,female,23,54912
2023,nsw,female,24,55635
2023,nsw,female,25,57264
2023,nsw,female,26,58125
2023,nsw,female,27,58998
2023,nsw,female,28,60286
2023,nsw,female,29,60539
2023,nsw,female,30,61302
2023,nsw,female,31,61941
2023,nsw,female,32,62896
2023,nsw,female,33,62586
2023,nsw,female,34,61733
2023,nsw,female,35,61204
2023,nsw,female,36,60677
2023,nsw,female,37,60113
2023,nsw,female,38,59875
2023,nsw,female,39,59676
2023,nsw,female,40,59327
2023,nsw,female,41,57481
2023,nsw,female,42,56225
2023,nsw,female,43,53650
2023,nsw,female,44,52809
2023,nsw,female,45,51365
2023,nsw,female,46,50659
2023,nsw,female,47,50399
2023,nsw,female,48,50549
2023,nsw,female,49,51754
2023,nsw,female,50,52999
2023,nsw,female,51,54916
2023,nsw,female,52,54943
2023,nsw,female,53,50619
2023,nsw,female,54,50179
2023,nsw,female,55,48164
2023,nsw,female,56,47088
2023,nsw,female,57,46927
2023,nsw,female,58,48115
2023,nsw,female,59,49836
2023,nsw,female,60,50896
2023,nsw,female,61,50338
2023,nsw,female,62,49930
2023,nsw,female,63,48204
2023,nsw,female,64,47073
2023,nsw,female,65,46666
2023,nsw,female,66,45094
2023,nsw,female,67,43607
2023,nsw,female,68,42791
2023,nsw,female,69,41106
2023,nsw,female,70,40466
2023,nsw,female,71,38881
2023,nsw,female,72,38189
2023,nsw,female,73,37178
2023,nsw,female,74,35747
2023,nsw,female,75,35482
2023,nsw,female,76,35481
2023,nsw,female,77,29671
2023,nsw,female,78,27989
2023,nsw,female,79,26085
2023,nsw,female,80,23068
2023,nsw,female,81,21729
2023,nsw,female,82,20342
2023,nsw,female,83,18922
2023,nsw,female,84,17623
2023,nsw,female,85,16162
2023,nsw,female,86,14863
2023,nsw,female,87,13343
2023,nsw,female,88,11796
2023,nsw,female,89,9840
2023,nsw,female,90,8892
2023,nsw,female,91,7734
2023,nsw,female,92,6943
2023,nsw,female,93,5829
2023,nsw,female,94,4632
2023,nsw,female,95,3631
2023,nsw,female,96,2830
2023,nsw,female,97,2081
2023,nsw,female,98,1481
2023,nsw,female,99,1033
2023,nsw,female,100,1548
2023,nsw,male,0,47789
2023,nsw,male,1,51281
2023,nsw,male,2,49121
2023,nsw,male,3,48655
2023,nsw,male,4,50044
2023,nsw,male,5,49779
2023,nsw,male,6,50968
2023,nsw,male,7,52264
2023,nsw,male,8,52125
2023,nsw,male,9,52607
2023,nsw,male,10,53580
2023,nsw,male,11,53712
2023,nsw,male,12,53141
2023,nsw,male,13,53475
2023,nsw,male,14,52820
2023,nsw,male,15,52612
2023,nsw,male,16,52282
2023,nsw,male,17,50283
2023,nsw,male,18,51048
2023,nsw,male,19,53730
2023,nsw,male,20,54876
2023,nsw,male,21,55081
2023,nsw,male,22,58029
2023,nsw,male,23,60409
2023,nsw,male,24,59502
2023,nsw,male,25,59908
2023,nsw,male,26,60808
2023,nsw,male,27,60738
2023,nsw,male,28,61714
2023,nsw,male,29,61121
2023,nsw,male,30,61104
2023,nsw,male,31,61320
2023,nsw,male,32,61982
2023,nsw,male,33,62176
2023,nsw,male,34,60951
2023,nsw,male,35,59647
2023,nsw,male,36,59482
2023,nsw,male,37,60179
2023,nsw,male,38,59651
2023,nsw,male,39,59209
2023,nsw,male,40,59085
2023,nsw,male,41,57360
2023,nsw,male,42,55639
2023,nsw,male,43,52859
2023,nsw,male,44,51063
2023,nsw,male,45,49435
2023,nsw,male,46,49261
2023,nsw,male,47,49666
2023,nsw,male,48,49986
2023,nsw,male,49,50775
2023,nsw,male,50,51763
2023,nsw,male,51,53385
2023,nsw,male,52,52926
2023,nsw,male,53,48905
2023,nsw,male,54,48074
2023,nsw,male,55,46015
2023,nsw,male,56,45736
2023,nsw,male,57,45968
2023,nsw,male,58,46536
2023,nsw,male,59,48165
2023,nsw,male,60,48751
2023,nsw,male,61,48539
2023,nsw,male,62,47275
2023,nsw,male,63,45210
2023,nsw,male,64,44258
2023,nsw,male,65,43237
2023,nsw,male,66,41882
2023,nsw,male,67,40573
2023,nsw,male,68,39119
2023,nsw,male,69,37950
2023,nsw,male,70,37261
2023,nsw,male,71,35536
2023,nsw,male,72,35369
2023,nsw,male,73,34428
2023,nsw,male,74,33109
2023,nsw,male,75,33250
2023,nsw,male,76,33098
2023,nsw,male,77,27410
2023,nsw,male,78,25513
2023,nsw,male,79,23629
2023,nsw,male,80,20408
2023,nsw,male,81,19203
2023,nsw,male,82,17203
2023,nsw,male,83,15967
2023,nsw,male,84,14224
2023,nsw,male,85,12624
2023,nsw,male,86,11409
2023,nsw,male,87,9712
2023,nsw,male,88,8099
2023,nsw,male,89,6831
2023,nsw,male,90,5766
2023,nsw,male,91,4898
2023,nsw,male,92,3979
2023,nsw,male,93,3232
2023,nsw,male,94,2502
2023,nsw,male,95,1685
2023,nsw,male,96,1238
2023,nsw,male,97,909
2023,nsw,male,98,608
2023,nsw,male,99,373
2023,nsw,male,100,427
2023,nt,female,0,1634
2023,nt,female,1,1782
2023,nt,female,2,1753
2023,nt,female,3,1647
2023,nt,female,4,1703
2023,nt,female,5,1669
2023,nt,female,6,1751
2023,nt,female,7,1794
2023,nt,female,8,1779
2023,nt,female,9,1734
2023,nt,female,10,1809
2023,nt,female,11,1762
2023,nt,female,12,1680
2023,nt,female,13,1647
2023,nt,female,14,1587
2023,nt,female,15,1619
2023,nt,female,16,1528
2023,nt,female,17,1525
2023,nt,female,18,1436
2023,nt,female,19,1401
2023,nt,female,20,1470
2023,nt,female,21,1486
2023,nt,female,22,1537
2023,nt,female,23,1684
2023,nt,female,24,1917
2023,nt,female,25,2061
2023,nt,female,26,2231
2023,nt,female,27,2454
2023,nt,female,28,2503
2023,nt,female,29,2568
2023,nt,female,30,2631
2023,nt,female,31,2505
2023,nt,female,32,2574
2023,nt,female,33,2478
2023,nt,female,34,2306
2023,nt,female,35,2303
2023,nt,female,36,2204
2023,nt,female,37,2181
2023,nt,female,38,2217
2023,nt,female,39,2052
2023,nt,female,40,1970
2023,nt,female,41,1902
2023,nt,female,42,1824
2023,nt,female,43,1782
2023,nt,female,44,1713
2023,nt,female,45,1671
2023,nt,female,46,1527
2023,nt,female,47,1576
2023,nt,female,48,1502
2023,nt,female,49,1541
2023,nt,female,50,1540
2023,nt,female,51,1560
2023,nt,female,52,1623
2023,nt,female,53,1581
2023,nt,female,54,1505
2023,nt,female,55,1475
2023,nt,female,56,1413
2023,nt,female,57,1375
2023,nt,female,58,1284
2023,nt,female,59,1260
2023,nt,female,60,1277
2023,nt,female,61,1224
2023,nt,female,62,1253
2023,nt,female,63,1126
2023,nt,female,64,1059
2023,nt,female,65,998
2023,nt,female,66,970
2023,nt,female,67,861
2023,nt,female,68,829
2023,nt,female,69,781
2023,nt,female,70,730
2023,nt,female,71,651
2023,nt,female,72,633
2023,nt,female,73,585
2023,nt,female,74,529
2023,nt,female,75,527
2023,nt,female,76,501
2023,nt,female,77,373
2023,nt,female,78,305
2023,nt,female,79,301
2023,nt,female,80,245
2023,nt,female,81,245
2023,nt,female,82,243
2023,nt,female,83,201
2023,nt,female,84,159
2023,nt,female,85,161
2023,nt,female,86,112
2023,nt,female,87,83
2023,nt,female,88,85
2023,nt,female,89,70
2023,nt,female,90,56
2023,nt,female,91,56
2023,nt,female,92,38
2023,nt,female,93,38
2023,nt,female,94,21
2023,nt,female,95,23
2023,nt,female,96,19
2023,nt,female,97,13
2023,nt,female,98,4
2023,nt,female,99,8
2023,nt,female,100,7
2023,nt,male,0,1838
2023,nt,male,1,1757
2023,nt,male,2,1833
2023,nt,male,3,1771
2023,nt,male,4,1841
2023,nt,male,5,1855
2023,nt,male,6,1866
2023,nt,male,7,1865
2023,nt,male,8,1897
2023,nt,male,9,1859
2023,nt,male,10,1830
2023,nt,male,11,1854
2023,nt,male,12,1798
2023,nt,male,13,1805
2023,nt,male,14,1715
2023,nt,male,15,1724
2023,nt,male,16,1618
2023,nt,male,17,1577
2023,nt,male,18,1617
2023,nt,male,19,1753
2023,nt,male,20,1859
2023,nt,male,21,1887
2023,nt,male,22,2032
2023,nt,male,23,2085
2023,nt,male,24,2213
2023,nt,male,25,2376
2023,nt,male,26,2360
2023,nt,male,27,2378
2023,nt,male,28,2500
2023,nt,male,29,2453
2023,nt,male,30,2497
2023,nt,male,31,2483
2023,nt,male,32,2555
2023,nt,male,33,2583
2023,nt,male,34,2432
2023,nt,male,35,2325
2023,nt,male,36,2282
2023,nt,male,37,2268
2023,nt,male,38,2031
2023,nt,male,39,2151
2023,nt,male,40,2032
2023,nt,male,41,1861
2023,nt,male,42,1856
2023,nt,male,43,1740
2023,nt,male,44,1756
2023,nt,male,45,1540
2023,nt,male,46,1644
2023,nt,male,47,1600
2023,nt,male,48,1590
2023,nt,male,49,1589
2023,nt,male,50,1630
2023,nt,male,51,1610
2023,nt,male,52,1713
2023,nt,male,53,1627
2023,nt,male,54,1541
2023,nt,male,55,1413
2023,nt,male,56,1439
2023,nt,male,57,1373
2023,nt,male,58,1388
2023,nt,male,59,1340
2023,nt,male,60,1344
2023,nt,male,61,1322
2023,nt,male,62,1229
2023,nt,male,63,1131
2023,nt,male,64,1142
2023,nt,male,65,1011
2023,nt,male,66,1004
2023,nt,male,67,955
2023,nt,male,68,866
2023,nt,male,69,848
2023,nt,male,70,765
2023,nt,male,71,708
2023,nt,male,72,680
2023,nt,male,73,696
2023,nt,male,74,590
2023,nt,male,75,537
2023,nt,male,76,514
2023,nt,male,77,418
2023,nt,male,78,372
2023,nt,male,79,314
2023,nt,male,80,286
2023,nt,male,81,267
2023,nt,male,82,238
2023,nt,male,83,218
2023,nt,male,84,125
2023,nt,male,85,128
2023,nt,male,86,85
2023,nt,male,87,86
2023,nt,male,88,57
2023,nt,male,89,42
2023,nt,male,90,48
2023,nt,male,91,33
2023,nt,male,92,29
2023,nt,male,93,23
2023,nt,male,94,16
2023,nt,male,95,18
2023,nt,male,96,8
2023,nt,male,97,2
2023,nt,male,98,10
2023,nt,male,99,4
2023,nt,male,100,8
2023,qld,female,0,29133
2023,qld,female,1,31044
2023,qld,female,2,29263
2023,qld,female,3,29653
2023,qld,female,4,30269
2023,qld,female,5,30889
2023,qld,female,6,31433
2023,qld,female,7,33111
2023,qld,female,8,32995
2023,qld,female,9,33828
2023,qld,female,10,34078
2023,qld,female,11,34592
2023,qld,female,12,34818
2023,qld,female,13,35308
2023,qld,female,14,35181
2023,qld,female,15,34772
2023,qld,female,16,34314
2023,qld,female,17,33409
2023,qld,female,18,32656
2023,qld,female,19,33209
2023,qld,female,20,33127
2023,qld,female,21,33690
2023,qld,female,22,34761
2023,qld,female,23,35604
2023,qld,female,24,36000
2023,qld,female,25,36777
2023,qld,female,26,37289
2023,qld,female,27,37953
2023,qld,female,28,38862
2023,qld,female,29,38519
2023,qld,female,30,38996
2023,qld,female,31,39591
2023,qld,female,32,39490
2023,qld,female,33,39181
2023,qld,female,34,38571
2023,qld,female,35,38266
2023,qld,female,36,38203
2023,qld,female,37,38731
2023,qld,female,38,38753
2023,qld,female,39,38525
2023,qld,female,40,38953
2023,qld,female,41,37228
2023,qld,female,42,36834
2023,qld,female,43,35507
2023,qld,female,44,34837
2023,qld,female,45,34070
2023,qld,female,46,34122
2023,qld,female,47,34074
2023,qld,female,48,34422
2023,qld,female,49,35068
2023,qld,female,50,36303
2023,qld,female,51,37307
2023,qld,female,52,37604
2023,qld,female,53,35006
2023,qld,female,54,34054
2023,qld,female,55,32686
2023,qld,female,56,32214
2023,qld,female,57,31743
2023,qld,female,58,32149
2023,qld,female,59,33233
2023,qld,female,60,33495
2023,qld,female,61,33154
2023,qld,female,62,32784
2023,qld,female,63,31286
2023,qld,female,64,30707
2023,qld,female,65,29998
2023,qld,female,66,28793
2023,qld,female,67,28232
2023,qld,female,68,27445
2023,qld,female,69,26628
2023,qld,female,70,26078
2023,qld,female,71,25335
2023,qld,female,72,24863
2023,qld,female,73,24463
2023,qld,female,74,23401
2023,qld,female,75,22739
2023,qld,female,76,23191
2023,qld,female,77,18977
2023,qld,female,78,18138
2023,qld,female,79,16366
2023,qld,female,80,14352
2023,qld,female,81,13630
2023,qld,female,82,12062
2023,qld,female,83,11273
2023,qld,female,84,10290
2023,qld,female,85,9116
2023,qld,female,86,8318
2023,qld,female,87,7265
2023,qld,female,88,6322
2023,qld,female,89,5446
2023,qld,female,90,4741
2023,qld,female,91,4099
2023,qld,female,92,3615
2023,qld,female,93,3170
2023,qld,female,94,2480
2023,qld,female,95,1952
2023,qld,female,96,1429
2023,qld,female,97,1094
2023,qld,female,98,794
2023,qld,female,99,495
2023,qld,female,100,826
2023,qld,male,0,30373
2023,qld,male,1,32809
2023,qld,male,2,31300
2023,qld,male,3,31409
2023,qld,male,4,32378
2023,qld,male,5,32648
2023,qld,male,6,33468
2023,qld,male,7,34659
2023,qld,male,8,35036
2023,qld,male,9,35771
2023,qld,male,10,36247
2023,qld,male,11,36165
2023,qld,male,12,36396
2023,qld,male,13,36988
2023,qld,male,14,37332
2023,qld,male,15,37428
2023,qld,male,16,37006
2023,qld,male,17,35387
2023,qld,male,18,34537
2023,qld,male,19,34143
2023,qld,male,20,33714
2023,qld,male,21,34588
2023,qld,male,22,36450
2023,qld,male,23,37282
2023,qld,male,24,37183
2023,qld,male,25,37620
2023,qld,male,26,37659
2023,qld,male,27,38364
2023,qld,male,28,38585
2023,qld,male,29,38490
2023,qld,male,30,38356
2023,qld,male,31,37852
2023,qld,male,32,38542
2023,qld,male,33,38363
2023,qld,male,34,37435
2023,qld,male,35,36977
2023,qld,male,36,37104
2023,qld,male,37,37540
2023,qld,male,38,37145
2023,qld,male,39,37183
2023,qld,male,40,37607
2023,qld,male,41,36432
2023,qld,male,42,35287
2023,qld,male,43,33556
2023,qld,male,44,32864
2023,qld,male,45,32052
2023,qld,male,46,32318
2023,qld,male,47,32830
2023,qld,male,48,33362
2023,qld,male,49,34425
2023,qld,male,50,35309
2023,qld,male,51,35944
2023,qld,male,52,36323
2023,qld,male,53,33761
2023,qld,male,54,32770
2023,qld,male,55,31535
2023,qld,male,56,31096
2023,qld,male,57,30519
2023,qld,male,58,30846
2023,qld,male,59,31843
2023,qld,male,60,31730
2023,qld,male,61,31477
2023,qld,male,62,31124
2023,qld,male,63,29807
2023,qld,male,64,28802
2023,qld,male,65,27827
2023,qld,male,66,27186
2023,qld,male,67,26535
2023,qld,male,68,25555
2023,qld,male,69,24656
2023,qld,male,70,24639
2023,qld,male,71,24035
2023,qld,male,72,23414
2023,qld,male,73,22709
2023,qld,male,74,22064
2023,qld,male,75,21686
2023,qld,male,76,21849
2023,qld,male,77,18072
2023,qld,male,78,16893
2023,qld,male,79,15153
2023,qld,male,80,12986
2023,qld,male,81,12296
2023,qld,male,82,10742
2023,qld,male,83,9719
2023,qld,male,84,8491
2023,qld,male,85,7487
2023,qld,male,86,6518
2023,qld,male,87,5518
2023,qld,male,88,4438
2023,qld,male,89,3741
2023,qld,male,90,3094
2023,qld,male,91,2556
2023,qld,male,92,2173
2023,qld,male,93,1646
2023,qld,male,94,1221
2023,qld,male,95,872
2023,qld,male,96,685
2023,qld,male,97,476
2023,qld,male,98,284
2023,qld,male,99,179
2023,qld,male,100,209
2023,sa,female,0,9109
2023,sa,female,1,9496
2023,sa,female,2,9741
2023,sa,female,3,9527
2023,sa,female,4,9756
2023,sa,female,5,9809
2023,sa,female,6,10039
2023,sa,female,7,10447
2023,sa,female,8,10348
2023,sa,female,9,10510
2023,sa,female,10,10618
2023,sa,female,11,10753
2023,sa,female,12,10589
2023,sa,female,13,10607
2023,sa,female,14,10732
2023,sa,female,15,10935
2023,sa,female,16,10813
2023,sa,female,17,10248
2023,sa,female,18,10223
2023,sa,female,19,10479
2023,sa,female,20,10456
2023,sa,female,21,10537
2023,sa,female,22,11008
2023,sa,female,23,11446
2023,sa,female,24,11656
2023,sa,female,25,11943
2023,sa,female,26,12344
2023,sa,female,27,12658
2023,sa,female,28,12867
2023,sa,female,29,12836
2023,sa,female,30,12828
2023,sa,female,31,12815
2023,sa,female,32,12850
2023,sa,female,33,12851
2023,sa,female,34,12642
2023,sa,female,35,12762
2023,sa,female,36,12719
2023,sa,female,37,12880
2023,sa,female,38,12699
2023,sa,female,39,12661
2023,sa,female,40,12429
2023,sa,female,41,12092
2023,sa,female,42,11762
2023,sa,female,43,11240
2023,sa,female,44,10977
2023,sa,female,45,10822
2023,sa,female,46,10895
2023,sa,female,47,10653
2023,sa,female,48,10803
2023,sa,female,49,11058
2023,sa,female,50,11469
2023,sa,female,51,12106
2023,sa,female,52,12319
2023,sa,female,53,11835
2023,sa,female,54,11669
2023,sa,female,55,11413
2023,sa,female,56,11212
2023,sa,female,57,11345
2023,sa,female,58,11562
2023,sa,female,59,11777
2023,sa,female,60,12017
2023,sa,female,61,12010
2023,sa,female,62,12127
2023,sa,female,63,11824
2023,sa,female,64,11689
2023,sa,female,65,11173
2023,sa,female,66,11184
2023,sa,female,67,10940
2023,sa,female,68,10473
2023,sa,female,69,10373
2023,sa,female,70,10255
2023,sa,female,71,9956
2023,sa,female,72,9958
2023,sa,female,73,9648
2023,sa,female,74,9370
2023,sa,female,75,9193
2023,sa,female,76,9489
2023,sa,female,77,7746
2023,sa,female,78,7261
2023,sa,female,79,6557
2023,sa,female,80,6030
2023,sa,female,81,5613
2023,sa,female,82,5169
2023,sa,female,83,4861
2023,sa,female,84,4659
2023,sa,female,85,4183
2023,sa,female,86,3812
2023,sa,female,87,3346
2023,sa,female,88,2924
2023,sa,female,89,2639
2023,sa,female,90,2236
2023,sa,female,91,2047
2023,sa,female,92,1826
2023,sa,female,93,1503
2023,sa,female,94,1294
2023,sa,female,95,1041
2023,sa,female,96,734
2023,sa,female,97,634
2023,sa,female,98,443
2023,sa,female,99,235
2023,sa,female,100,458
2023,sa,male,0,9482
2023,sa,male,1,10106
2023,sa,male,2,10131
2023,sa,male,3,9893
2023,sa,male,4,10091
2023,sa,male,5,10407
2023,sa,male,6,10518
2023,sa,male,7,10899
2023,sa,male,8,10889
2023,sa,male,9,11158
2023,sa,male,10,11253
2023,sa,male,11,11323
2023,sa,male,12,11096
2023,sa,male,13,11449
2023,sa,male,14,11240
2023,sa,male,15,11218
2023,sa,male,16,11203
2023,sa,male,17,10934
2023,sa,male,18,10791
2023,sa,male,19,11479
2023,sa,male,20,11362
2023,sa,male,21,11611
2023,sa,male,22,12087
2023,sa,male,23,12638
2023,sa,male,24,12573
2023,sa,male,25,12865
2023,sa,male,26,12991
2023,sa,male,27,13329
2023,sa,male,28,13418
2023,sa,male,29,12885
2023,sa,male,30,12985
2023,sa,male,31,12728
2023,sa,male,32,12978
2023,sa,male,33,12770
2023,sa,male,34,12696
2023,sa,male,35,12444
2023,sa,male,36,12463
2023,sa,male,37,12540
2023,sa,male,38,12579
2023,sa,male,39,12525
2023,sa,male,40,12370
2023,sa,male,41,11799
2023,sa,male,42,11455
2023,sa,male,43,10902
2023,sa,male,44,10682
2023,sa,male,45,10420
2023,sa,male,46,10587
2023,sa,male,47,10617
2023,sa,male,48,10821
2023,sa,male,49,10932
2023,sa,male,50,11209
2023,sa,male,51,11726
2023,sa,male,52,12101
2023,sa,male,53,11561
2023,sa,male,54,11460
2023,sa,male,55,11145
2023,sa,male,56,10817
2023,sa,male,57,10893
2023,sa,male,58,11171
2023,sa,male,59,11356
2023,sa,male,60,11458
2023,sa,male,61,11346
2023,sa,male,62,11494
2023,sa,male,63,11030
2023,sa,male,64,10792
2023,sa,male,65,10541
2023,sa,male,66,10185
2023,sa,male,67,9927
2023,sa,male,68,9788
2023,sa,male,69,9414
2023,sa,male,70,9366
2023,sa,male,71,9041
2023,sa,male,72,8845
2023,sa,male,73,8766
2023,sa,male,74,8404
2023,sa,male,75,8210
2023,sa,male,76,8529
2023,sa,male,77,6937
2023,sa,male,78,6346
2023,sa,male,79,5826
2023,sa,male,80,5133
2023,sa,male,81,4798
2023,sa,male,82,4185
2023,sa,male,83,3874
2023,sa,male,84,3607
2023,sa,male,85,3213
2023,sa,male,86,2837
2023,sa,male,87,2430
2023,sa,male,88,2054
2023,sa,male,89,1803
2023,sa,male,90,1535
2023,sa,male,91,1220
2023,sa,male,92,1024
2023,sa,male,93,893
2023,sa,male,94,602
2023,sa,male,95,513
2023,sa,male,96,337
2023,sa,male,97,277
2023,sa,male,98,165
2023,sa,male,99,98
2023,sa,male,100,147
2023,tas,female,0,2829
2023,tas,female,1,2841
2023,tas,female,2,2863
2023,tas,female,3,2834
2023,tas,female,4,2862
2023,tas,female,5,2868
2023,tas,female,6,2972
2023,tas,female,7,3069
2023,tas,female,8,3085
2023,tas,female,9,3173
2023,tas,female,10,3184
2023,tas,female,11,3189
2023,tas,female,12,3249
2023,tas,female,13,3209
2023,tas,female,14,3408
2023,tas,female,15,3330
2023,tas,female,16,3336
2023,tas,female,17,3190
2023,tas,female,18,3051
2023,tas,female,19,2812
2023,tas,female,20,2631
2023,tas,female,21,2659
2023,tas,female,22,2854
2023,tas,female,23,3057
2023,tas,female,24,3336
2023,tas,female,25,3278
2023,tas,female,26,3644
2023,tas,female,27,3842
2023,tas,female,28,4037
2023,tas,female,29,4127
2023,tas,female,30,4141
2023,tas,female,31,4124
2023,tas,female,32,4135
2023,tas,female,33,3997
2023,tas,female,34,3815
2023,tas,female,35,3780
2023,tas,female,36,3654
2023,tas,female,37,3695
2023,tas,female,38,3737
2023,tas,female,39,3658
2023,tas,female,40,3458
2023,tas,female,41,3529
2023,tas,female,42,3505
2023,tas,female,43,3305
2023,tas,female,44,3328
2023,tas,female,45,3272
2023,tas,female,46,3164
2023,tas,female,47,3268
2023,tas,female,48,3321
2023,tas,female,49,3383
2023,tas,female,50,3604
2023,tas,female,51,3783
2023,tas,female,52,3976
2023,tas,female,53,3754
2023,tas,female,54,3776
2023,tas,female,55,3650
2023,tas,female,56,3658
2023,tas,female,57,3558
2023,tas,female,58,3691
2023,tas,female,59,3975
2023,tas,female,60,3979
2023,tas,female,61,4132
2023,tas,female,62,4205
2023,tas,female,63,4039
2023,tas,female,64,3916
2023,tas,female,65,3811
2023,tas,female,66,3850
2023,tas,female,67,3639
2023,tas,female,68,3586
2023,tas,female,69,3588
2023,tas,female,70,3430
2023,tas,female,71,3362
2023,tas,female,72,3293
2023,tas,female,73,3218
2023,tas,female,74,3058
2023,tas,female,75,3026
2023,tas,female,76,3060
2023,tas,female,77,2485
2023,tas,female,78,2319
2023,tas,female,79,2174
2023,tas,female,80,1863
2023,tas,female,81,1783
2023,tas,female,82,1631
2023,tas,female,83,1522
2023,tas,female,84,1399
2023,tas,female,85,1284
2023,tas,female,86,1122
2023,tas,female,87,969
2023,tas,female,88,846
2023,tas,female,89,733
2023,tas,female,90,715
2023,tas,female,91,545
2023,tas,female,92,499
2023,tas,female,93,412
2023,tas,female,94,331
2023,tas,female,95,219
2023,tas,female,96,165
2023,tas,female,97,152
2023,tas,female,98,97
2023,tas,female,99,52
2023,tas,female,100,87
2023,tas,male,0,2889
2023,tas,male,1,2943
2023,tas,male,2,3024
2023,tas,male,3,3028
2023,tas,male,4,3105
2023,tas,male,5,3126
2023,tas,male,6,3205
2023,tas,male,7,3318
2023,tas,male,8,3268
2023,tas,male,9,3311
2023,tas,male,10,3334
2023,tas,male,11,3336
2023,tas,male,12,3517
2023,tas,male,13,3514
2023,tas,male,14,3648
2023,tas,male,15,3612
2023,tas,male,16,3613
2023,tas,male,17,3478
2023,tas,male,18,3325
2023,tas,male,19,3047
2023,tas,male,20,2816
2023,tas,male,21,2859
2023,tas,male,22,3163
2023,tas,male,23,3356
2023,tas,male,24,3402
2023,tas,male,25,3473
2023,tas,male,26,3691
2023,tas,male,27,3959
2023,tas,male,28,4238
2023,tas,male,29,4294
2023,tas,male,30,4261
2023,tas,male,31,4207
2023,tas,male,32,4166
2023,tas,male,33,4071
2023,tas,male,34,3964
2023,tas,male,35,3769
2023,tas,male,36,3779
2023,tas,male,37,3706
2023,tas,male,38,3613
2023,tas,male,39,3510
2023,tas,male,40,3488
2023,tas,male,41,3449
2023,tas,male,42,3220
2023,tas,male,43,3074
2023,tas,male,44,3145
2023,tas,male,45,3028
2023,tas,male,46,3013
2023,tas,male,47,3204
2023,tas,male,48,3229
2023,tas,male,49,3328
2023,tas,male,50,3375
2023,tas,male,51,3604
2023,tas,male,52,3705
2023,tas,male,53,3593
2023,tas,male,54,3621
2023,tas,male,55,3490
2023,tas,male,56,3348
2023,tas,male,57,3282
2023,tas,male,58,3521
2023,tas,male,59,3764
2023,tas,male,60,3796
2023,tas,male,61,3991
2023,tas,male,62,3909
2023,tas,male,63,3759
2023,tas,male,64,3741
2023,tas,male,65,3678
2023,tas,male,66,3511
2023,tas,male,67,3598
2023,tas,male,68,3374
2023,tas,male,69,3185
2023,tas,male,70,3345
2023,tas,male,71,3276
2023,tas,male,72,3103
2023,tas,male,73,3027
2023,tas,male,74,2820
2023,tas,male,75,2887
2023,tas,male,76,2985
2023,tas,male,77,2286
2023,tas,male,78,2099
2023,tas,male,79,2000
2023,tas,male,80,1742
2023,tas,male,81,1673
2023,tas,male,82,1437
2023,tas,male,83,1306
2023,tas,male,84,1173
2023,tas,male,85,1029
2023,tas,male,86,879
2023,tas,male,87,748
2023,tas,male,88,597
2023,tas,male,89,506
2023,tas,male,90,410
2023,tas,male,91,350
2023,tas,male,92,290
2023,tas,male,93,219
2023,tas,male,94,153
2023,tas,male,95,111
2023,tas,male,96,75
2023,tas,male,97,50
2023,tas,male,98,40
2023,tas,male,99,14
2023,tas,male,100,31
2023,vic,female,0,36035
2023,vic,female,1,38384
2023,vic,female,2,38177
2023,vic,female,3,37258
2023,vic,female,4,38495
2023,vic,female,5,38730
2023,vic,female,6,39464
2023,vic,female,7,40457
2023,vic,female,8,40171
2023,vic,female,9,40042
2023,vic,female,10,40606
2023,vic,female,11,40166
2023,vic,female,12,39398
2023,vic,female,13,40220
2023,vic,female,14,39176
2023,vic,female,15,39371
2023,vic,female,16,39064
2023,vic,female,17,37572
2023,vic,female,18,37970
2023,vic,female,19,40235
2023,vic,female,20,40613
2023,vic,female,21,41373
2023,vic,female,22,43668
2023,vic,female,23,45817
2023,vic,female,24,46358
2023,vic,female,25,47427
2023,vic,female,26,49280
2023,vic,female,27,50694
2023,vic,female,28,51856
2023,vic,female,29,52377
2023,vic,female,30,53016
2023,vic,female,31,53158
2023,vic,female,32,54293
2023,vic,female,33,54656
2023,vic,female,34,53636
2023,vic,female,35,53404
2023,vic,female,36,52537
2023,vic,female,37,52577
2023,vic,female,38,52158
2023,vic,female,39,50580
2023,vic,female,40,50258
2023,vic,female,41,48680
2023,vic,female,42,46940
2023,vic,female,43,44640
2023,vic,female,44,43474
2023,vic,female,45,42163
2023,vic,female,46,41559
2023,vic,female,47,41075
2023,vic,female,48,41908
2023,vic,female,49,42528
2023,vic,female,50,42770
2023,vic,female,51,44862
2023,vic,female,52,45571
2023,vic,female,53,42432
2023,vic,female,54,42078
2023,vic,female,55,39946
2023,vic,female,56,38739
2023,vic,female,57,38702
2023,vic,female,58,38770
2023,vic,female,59,39489
2023,vic,female,60,39705
2023,vic,female,61,39206
2023,vic,female,62,38838
2023,vic,female,63,37783
2023,vic,female,64,36995
2023,vic,female,65,36111
2023,vic,female,66,35136
2023,vic,female,67,34286
2023,vic,female,68,33360
2023,vic,female,69,32265
2023,vic,female,70,31524
2023,vic,female,71,30420
2023,vic,female,72,29964
2023,vic,female,73,29212
2023,vic,female,74,27929
2023,vic,female,75,27856
2023,vic,female,76,28039
2023,vic,female,77,22967
2023,vic,female,78,21470
2023,vic,female,79,20114
2023,vic,female,80,17899
2023,vic,female,81,17277
2023,vic,female,82,15578
2023,vic,female,83,14985
2023,vic,female,84,13996
2023,vic,female,85,12856
2023,vic,female,86,11453
2023,vic,female,87,10326
2023,vic,female,88,9111
2023,vic,female,89,8045
2023,vic,female,90,7136
2023,vic,female,91,6141
2023,vic,female,92,5394
2023,vic,female,93,4575
2023,vic,female,94,3595
2023,vic,female,95,2840
2023,vic,female,96,2157
2023,vic,female,97,1688
2023,vic,female,98,1183
2023,vic,female,99,764
2023,vic,female,100,1098
2023,vic,male,0,38548
2023,vic,male,1,39971
2023,vic,male,2,39583
2023,vic,male,3,39249
2023,vic,male,4,40080
2023,vic,male,5,40794
2023,vic,male,6,41560
2023,vic,male,7,42882
2023,vic,male,8,42305
2023,vic,male,9,42572
2023,vic,male,10,42961
2023,vic,male,11,42307
2023,vic,male,12,41550
2023,vic,male,13,41826
2023,vic,male,14,41616
2023,vic,male,15,41588
2023,vic,male,16,41433
2023,vic,male,17,39611
2023,vic,male,18,40348
2023,vic,male,19,42996
2023,vic,male,20,43562
2023,vic,male,21,44442
2023,vic,male,22,47365
2023,vic,male,23,48680
2023,vic,male,24,48645
2023,vic,male,25,49282
2023,vic,male,26,51106
2023,vic,male,27,52070
2023,vic,male,28,53083
2023,vic,male,29,52555
2023,vic,male,30,52159
2023,vic,male,31,51763
2023,vic,male,32,52523
2023,vic,male,33,52578
2023,vic,male,34,52029
2023,vic,male,35,51813
2023,vic,male,36,51795
2023,vic,male,37,51591
2023,vic,male,38,51177
2023,vic,male,39,50226
2023,vic,male,40,49870
2023,vic,male,41,48026
2023,vic,male,42,46160
2023,vic,male,43,43585
2023,vic,male,44,42311
2023,vic,male,45,41204
2023,vic,male,46,40354
2023,vic,male,47,40540
2023,vic,male,48,40591
2023,vic,male,49,40773
2023,vic,male,50,41202
2023,vic,male,51,42377
2023,vic,male,52,42662
2023,vic,male,53,40404
2023,vic,male,54,39874
2023,vic,male,55,38288
2023,vic,male,56,36940
2023,vic,male,57,36707
2023,vic,male,58,36696
2023,vic,male,59,37061
2023,vic,male,60,37584
2023,vic,male,61,36991
2023,vic,male,62,36313
2023,vic,male,63,34729
2023,vic,male,64,34410
2023,vic,male,65,32979
2023,vic,male,66,32037
2023,vic,male,67,31614
2023,vic,male,68,30115
2023,vic,male,69,28889
2023,vic,male,70,28294
2023,vic,male,71,27424
2023,vic,male,72,26737
2023,vic,male,73,25905
2023,vic,male,74,24890
2023,vic,male,75,24885
2023,vic,male,76,25142
2023,vic,male,77,20848
2023,vic,male,78,19035
2023,vic,male,79,17478
2023,vic,male,80,15416
2023,vic,male,81,14885
2023,vic,male,82,13463
2023,vic,male,83,12213
2023,vic,male,84,11030
2023,vic,male,85,9865
2023,vic,male,86,8764
2023,vic,male,87,7548
2023,vic,male,88,6300
2023,vic,male,89,5357
2023,vic,male,90,4570
2023,vic,male,91,3559
2023,vic,male,92,3097
2023,vic,male,93,2525
2023,vic,male,94,1885
2023,vic,male,95,1370
2023,vic,male,96,1004
2023,vic,male,97,725
2023,vic,male,98,489
2023,vic,male,99,279
2023,vic,male,100,347
2023,wa,female,0,15382
2023,wa,female,1,16554
2023,wa,female,2,16687
2023,wa,female,3,16584
2023,wa,female,4,16987
2023,wa,female,5,17385
2023,wa,female,6,17731
2023,wa,female,7,18072
2023,wa,female,8,17803
2023,wa,female,9,18049
2023,wa,female,10,17987
2023,wa,female,11,17921
2023,wa,female,12,17949
2023,wa,female,13,17948
2023,wa,female,14,17505
2023,wa,female,15,17885
2023,wa,female,16,17490
2023,wa,female,17,16810
2023,wa,female,18,16077
2023,wa,female,19,16277
2023,wa,female,20,16228
2023,wa,female,21,16236
2023,wa,female,22,16882
2023,wa,female,23,17780
2023,wa,female,24,18243
2023,wa,female,25,18866
2023,wa,female,26,19448
2023,wa,female,27,19867
2023,wa,female,28,20536
2023,wa,female,29,20899
2023,wa,female,30,21113
2023,wa,female,31,21143
2023,wa,female,32,21960
2023,wa,female,33,22130
2023,wa,female,34,22266
2023,wa,female,35,22055
2023,wa,female,36,22229
2023,wa,female,37,22169
2023,wa,female,38,21907
2023,wa,female,39,21607
2023,wa,female,40,21264
2023,wa,female,41,20518
2023,wa,female,42,20117
2023,wa,female,43,19122
2023,wa,female,44,18774
2023,wa,female,45,17905
2023,wa,female,46,17714
2023,wa,female,47,17688
2023,wa,female,48,17889
2023,wa,female,49,17713
2023,wa,female,50,18071
2023,wa,female,51,18924
2023,wa,female,52,19249
2023,wa,female,53,17875
2023,wa,female,54,17822
2023,wa,female,55,17071
2023,wa,female,56,16620
2023,wa,female,57,16597
2023,wa,female,58,16685
2023,wa,female,59,16887
2023,wa,female,60,16850
2023,wa,female,61,16653
2023,wa,female,62,16483
2023,wa,female,63,16012
2023,wa,female,64,15631
2023,wa,female,65,15082
2023,wa,female,66,14662
2023,wa,female,67,14583
2023,wa,female,68,14073
2023,wa,female,69,13434
2023,wa,female,70,13160
2023,wa,female,71,12689
2023,wa,female,72,12251
2023,wa,female,73,11861
2023,wa,female,74,11567
2023,wa,female,75,11174
2023,wa,female,76,11298
2023,wa,female,77,8827
2023,wa,female,78,8304
2023,wa,female,79,7852
2023,wa,female,80,6911
2023,wa,female,81,6753
2023,wa,female,82,6121
2023,wa,female,83,5715
2023,wa,female,84,5394
2023,wa,female,85,4901
2023,wa,female,86,4370
2023,wa,female,87,3923
2023,wa,female,88,3439
2023,wa,female,89,2889
2023,wa,female,90,2601
2023,wa,female,91,2295
2023,wa,female,92,1962
2023,wa,female,93,1599
2023,wa,female,94,1228
2023,wa,female,95,1043
2023,wa,female,96,723
2023,wa,female,97,543
2023,wa,female,98,390
2023,wa,female,99,254
2023,wa,female,100,446
2023,wa,male,0,16165
2023,wa,male,1,17503
2023,wa,male,2,17610
2023,wa,male,3,17523
2023,wa,male,4,18189
2023,wa,male,5,18422
2023,wa,male,6,18909
2023,wa,male,7,19313
2023,wa,male,8,18947
2023,wa,male,9,18830
2023,wa,male,10,18964
2023,wa,male,11,18767
2023,wa,male,12,19002
2023,wa,male,13,18895
2023,wa,male,14,18755
2023,wa,male,15,18853
2023,wa,male,16,18708
2023,wa,male,17,17795
2023,wa,male,18,17301
2023,wa,male,19,17619
2023,wa,male,20,17274
2023,wa,male,21,17595
2023,wa,male,22,18705
2023,wa,male,23,19423
2023,wa,male,24,20016
2023,wa,male,25,20446
2023,wa,male,26,20918
2023,wa,male,27,21357
2023,wa,male,28,21909
2023,wa,male,29,21602
2023,wa,male,30,21137
2023,wa,male,31,21399
2023,wa,male,32,21888
2023,wa,male,33,22087
2023,wa,male,34,22193
2023,wa,male,35,22140
2023,wa,male,36,22292
2023,wa,male,37,22476
2023,wa,male,38,22333
2023,wa,male,39,22091
2023,wa,male,40,21836
2023,wa,male,41,21084
2023,wa,male,42,20382
2023,wa,male,43,19166
2023,wa,male,44,18529
2023,wa,male,45,18130
2023,wa,male,46,17824
2023,wa,male,47,18051
2023,wa,male,48,17825
2023,wa,male,49,17969
2023,wa,male,50,18548
2023,wa,male,51,19273
2023,wa,male,52,19446
2023,wa,male,53,18248
2023,wa,male,54,18056
2023,wa,male,55,17234
2023,wa,male,56,16718
2023,wa,male,57,16682
2023,wa,male,58,16526
2023,wa,male,59,16792
2023,wa,male,60,16864
2023,wa,male,61,16332
2023,wa,male,62,16131
2023,wa,male,63,15363
2023,wa,male,64,14838
2023,wa,male,65,14295
2023,wa,male,66,13980
2023,wa,male,67,13841
2023,wa,male,68,12823
2023,wa,male,69,12387
2023,wa,male,70,12102
2023,wa,male,71,11835
2023,wa,male,72,11666
2023,wa,male,73,11147
2023,wa,male,74,10763
2023,wa,male,75,10694
2023,wa,male,76,10726
2023,wa,male,77,8372
2023,wa,male,78,7837
2023,wa,male,79,7257
2023,wa,male,80,6244
2023,wa,male,81,6164
2023,wa,male,82,5241
2023,wa,male,83,4911
2023,wa,male,84,4401
2023,wa,male,85,3887
2023,wa,male,86,3397
2023,wa,male,87,2883
2023,wa,male,88,2499
2023,wa,male,89,1942
2023,wa,male,90,1639
2023,wa,male,91,1404
2023,wa,male,92,1156
2023,wa,male,93,899
2023,wa,male,94,717
2023,wa,male,95,476
2023,wa,male,96,322
2023,wa,male,97,275
2023,wa,male,98,194
2023,wa,male,99,111
2023,wa,male,100,153
2024,act,female,0,2590
2024,act,female,1,2509
2024,act,female,2,2615
2024,act,female,3,2490
2024,act,female,4,2592
2024,act,female,5,2606
2024,act,female,6,2629
2024,act,female,7,2745
2024,act,female,8,2843
2024,act,female,9,2846
2024,act,female,10,2871
2024,act,female,11,2894
2024,act,female,12,2789
2024,act,female,13,2767
2024,act,female,14,2808
2024,act,female,15,2661
2024,act,female,16,2612
2024,act,female,17,2553
2024,act,female,18,2855
2024,act,female,19,3259
2024,act,female,20,3776
2024,act,female,21,4061
2024,act,female,22,4009
2024,act,female,23,4094
2024,act,female,24,4197
2024,act,female,25,4200
2024,act,female,26,4239
2024,act,female,27,4208
2024,act,female,28,4154
2024,act,female,29,4231
2024,act,female,30,4323
2024,act,female,31,4340
2024,act,female,32,4321
2024,act,female,33,4186
2024,act,female,34,4135
2024,act,female,35,3994
2024,act,female,36,3813
2024,act,female,37,3825
2024,act,female,38,3782
2024,act,female,39,3885
2024,act,female,40,3818
2024,act,female,41,3608
2024,act,female,42,3695
2024,act,female,43,3516
2024,act,female,44,3373
2024,act,female,45,3126
2024,act,female,46,2899
2024,act,female,47,2969
2024,act,female,48,2817
2024,act,female,49,2915
2024,act,female,50,2822
2024,act,female,51,2913
2024,act,female,52,2921
2024,act,female,53,2908
2024,act,female,54,2715
2024,act,female,55,2581
2024,act,female,56,2415
2024,act,female,57,2338
2024,act,female,58,2409
2024,act,female,59,2279
2024,act,female,60,2302
2024,act,female,61,2249
2024,act,female,62,2326
2024,act,female,63,2264
2024,act,female,64,2141
2024,act,female,65,2095
2024,act,female,66,2085
2024,act,female,67,2022
2024,act,female,68,1954
2024,act,female,69,1833
2024,act,female,70,1805
2024,act,female,71,1876
2024,act,female,72,1849
2024,act,female,73,1799
2024,act,female,74,1773
2024,act,female,75,1664
2024,act,female,76,1680
2024,act,female,77,1713
2024,act,female,78,1360
2024,act,female,79,1237
2024,act,female,80,1156
2024,act,female,81,999
2024,act,female,82,969
2024,act,female,83,873
2024,act,female,84,815
2024,act,female,85,728
2024,act,female,86,655
2024,act,female,87,585
2024,act,female,88,505
2024,act,female,89,436
2024,act,female,90,398
2024,act,female,91,324
2024,act,female,92,270
2024,act,female,93,220
2024,act,female,94,186
2024,act,female,95,114
2024,act,female,96,94
2024,act,female,97,77
2024,act,female,98,60
2024,act,female,99,41
2024,act,female,100,70
2024,act,male,0,2538
2024,act,male,1,2589
2024,act,male,2,2845
2024,act,male,3,2717
2024,act,male,4,2653
2024,act,male,5,2790
2024,act,male,6,2721
2024,act,male,7,2953
2024,act,male,8,3000
2024,act,male,9,3032
2024,act,male,10,2980
2024,act,male,11,2930
2024,act,male,12,2887
2024,act,male,13,2913
2024,act,male,14,2992
2024,act,male,15,2822
2024,act,male,16,2741
2024,act,male,17,2753
2024,act,male,18,3005
2024,act,male,19,3375
2024,act,male,20,3625
2024,act,male,21,4036
2024,act,male,22,3856
2024,act,male,23,4052
2024,act,male,24,4098
2024,act,male,25,4185
2024,act,male,26,4032
2024,act,male,27,3846
2024,act,male,28,4092
2024,act,male,29,4385
2024,act,male,30,4276
2024,act,male,31,4314
2024,act,male,32,4122
2024,act,male,33,4158
2024,act,male,34,4218
2024,act,male,35,3981
2024,act,male,36,3770
2024,act,male,37,3815
2024,act,male,38,3835
2024,act,male,39,3658
2024,act,male,40,3709
2024,act,male,41,3705
2024,act,male,42,3600
2024,act,male,43,3463
2024,act,male,44,3142
2024,act,male,45,3102
2024,act,male,46,2969
2024,act,male,47,2904
2024,act,male,48,2806
2024,act,male,49,2906
2024,act,male,50,2764
2024,act,male,51,2797
2024,act,male,52,2843
2024,act,male,53,2878
2024,act,male,54,2625
2024,act,male,55,2492
2024,act,male,56,2421
2024,act,male,57,2277
2024,act,male,58,2194
2024,act,male,59,2259
2024,act,male,60,2133
2024,act,male,61,2141
2024,act,male,62,2102
2024,act,male,63,2031
2024,act,male,64,2004
2024,act,male,65,1833
2024,act,male,66,1764
2024,act,male,67,1722
2024,act,male,68,1663
2024,act,male,69,1537
2024,act,male,70,1588
2024,act,male,71,1582
2024,act,male,72,1492
2024,act,male,73,1479
2024,act,male,74,1486
2024,act,male,75,1430
2024,act,male,76,1441
2024,act,male,77,1430
2024,act,male,78,1200
2024,act,male,79,1030
2024,act,male,80,951
2024,act,male,81,797
2024,act,male,82,806
2024,act,male,83,648
2024,act,male,84,615
2024,act,male,85,551
2024,act,male,86,477
2024,act,male,87,391
2024,act,male,88,339
2024,act,male,89,308
2024,act,male,90,226
2024,act,male,91,199
2024,act,male,92,175
2024,act,male,93,136
2024,act,male,94,111
2024,act,male,95,73
2024,act,male,96,48
2024,act,male,97,31
2024,act,male,98,23
2024,act,male,99,18
2024,act,male,100,27
2024,nsw,female,0,44543
2024,nsw,female,1,44880
2024,nsw,female,2,48960
2024,nsw,female,3,46518
2024,nsw,female,4,46384
2024,nsw,female,5,47002
2024,nsw,female,6,47490
2024,nsw,female,7,48663
2024,nsw,female,8,49660
2024,nsw,female,9,49055
2024,nsw,female,10,49907
2024,nsw,female,11,50278
2024,nsw,female,12,50816
2024,nsw,female,13,50183
2024,nsw,female,14,50838
2024,nsw,female,15,50276
2024,nsw,female,16,50309
2024,nsw,female,17,49453
2024,nsw,female,18,48878
2024,nsw,female,19,50052
2024,nsw,female,20,50298
2024,nsw,female,21,50273
2024,nsw,female,22,51668
2024,nsw,female,23,56009
2024,nsw,female,24,58377
2024,nsw,female,25,59070
2024,nsw,female,26,60742
2024,nsw,female,27,61319
2024,nsw,female,28,61681
2024,nsw,female,29,62570
2024,nsw,female,30,62445
2024,nsw,female,31,62787
2024,nsw,female,32,62922
2024,nsw,female,33,63825
2024,nsw,female,34,63512
2024,nsw,female,35,62445
2024,nsw,female,36,61935
2024,nsw,female,37,61277
2024,nsw,female,38,60663
2024,nsw,female,39,60409
2024,nsw,female,40,60117
2024,nsw,female,41,59655
2024,nsw,female,42,57761
2024,nsw,female,43,56477
2024,nsw,female,44,53762
2024,nsw,female,45,52974
2024,nsw,female,46,51503
2024,nsw,female,47,50765
2024,nsw,female,48,50467
2024,nsw,female,49,50570
2024,nsw,female,50,51772
2024,nsw,female,51,52976
2024,nsw,female,52,54876
2024,nsw,female,53,54867
2024,nsw,female,54,50633
2024,nsw,female,55,50130
2024,nsw,female,56,48102
2024,nsw,female,57,47005
2024,nsw,female,58,46794
2024,nsw,female,59,47972
2024,nsw,female,60,49672
2024,nsw,female,61,50765
2024,nsw,female,62,50146
2024,nsw,female,63,49711
2024,nsw,female,64,48031
2024,nsw,female,65,46779
2024,nsw,female,66,46445
2024,nsw,female,67,44880
2024,nsw,female,68,43323
2024,nsw,female,69,42504
2024,nsw,female,70,40767
2024,nsw,female,71,40059
2024,nsw,female,72,38430
2024,nsw,female,73,37709
2024,nsw,female,74,36668
2024,nsw,female,75,35211
2024,nsw,female,76,34914
2024,nsw,female,77,34818
2024,nsw,female,78,29038
2024,nsw,female,79,27295
2024,nsw,female,80,25264
2024,nsw,female,81,22332
2024,nsw,female,82,20900
2024,nsw,female,83,19485
2024,nsw,female,84,17985
2024,nsw,female,85,16678
2024,nsw,female,86,15167
2024,nsw,female,87,13828
2024,nsw,female,88,12246
2024,nsw,female,89,10655
2024,nsw,female,90,8794
2024,nsw,female,91,7828
2024,nsw,female,92,6641
2024,nsw,female,93,5864
2024,nsw,female,94,4784
2024,nsw,female,95,3706
2024,nsw,female,96,2784
2024,nsw,female,97,2150
2024,nsw,female,98,1587
2024,nsw,female,99,1028
2024,nsw,female,100,1663
2024,nsw,male,0,46976
2024,nsw,male,1,47975
2024,nsw,male,2,51369
2024,nsw,male,3,49353
2024,nsw,male,4,48961
2024,nsw,male,5,50395
2024,nsw,male,6,50251
2024,nsw,male,7,51330
2024,nsw,male,8,52668
2024,nsw,male,9,52476
2024,nsw,male,10,52922
2024,nsw,male,11,53947
2024,nsw,male,12,54067
2024,nsw,male,13,53446
2024,nsw,male,14,53810
2024,nsw,male,15,53136
2024,nsw,male,16,52997
2024,nsw,male,17,52811
2024,nsw,male,18,52157
2024,nsw,male,19,54988
2024,nsw,male,20,56727
2024,nsw,male,21,57011
2024,nsw,male,22,57887
2024,nsw,male,23,62419
2024,nsw,male,24,63900
2024,nsw,male,25,62549
2024,nsw,male,26,63053
2024,nsw,male,27,63558
2024,nsw,male,28,62909
2024,nsw,male,29,63522
2024,nsw,male,30,62670
2024,nsw,male,31,62336
2024,nsw,male,32,62376
2024,nsw,male,33,63015
2024,nsw,male,34,63068
2024,nsw,male,35,61871
2024,nsw,male,36,60396
2024,nsw,male,37,60127
2024,nsw,male,38,60727
2024,nsw,male,39,60145
2024,nsw,male,40,59637
2024,nsw,male,41,59359
2024,nsw,male,42,57617
2024,nsw,male,43,55837
2024,nsw,male,44,52987
2024,nsw,male,45,51116
2024,nsw,male,46,49402
2024,nsw,male,47,49239
2024,nsw,male,48,49646
2024,nsw,male,49,49965
2024,nsw,male,50,50629
2024,nsw,male,51,51657
2024,nsw,male,52,53149
2024,nsw,male,53,52710
2024,nsw,male,54,48750
2024,nsw,male,55,47898
2024,nsw,male,56,45824
2024,nsw,male,57,45436
2024,nsw,male,58,45752
2024,nsw,male,59,46264
2024,nsw,male,60,47892
2024,nsw,male,61,48482
2024,nsw,male,62,48124
2024,nsw,male,63,46880
2024,nsw,male,64,44784
2024,nsw,male,65,43761
2024,nsw,male,66,42813
2024,nsw,male,67,41378
2024,nsw,male,68,40071
2024,nsw,male,69,38569
2024,nsw,male,70,37416
2024,nsw,male,71,36628
2024,nsw,male,72,34950
2024,nsw,male,73,34688
2024,nsw,male,74,33692
2024,nsw,male,75,32351
2024,nsw,male,76,32456
2024,nsw,male,77,32084
2024,nsw,male,78,26502
2024,nsw,male,79,24586
2024,nsw,male,80,22627
2024,nsw,male,81,19473
2024,nsw,male,82,18210
2024,nsw,male,83,16174
2024,nsw,male,84,14909
2024,nsw,male,85,13192
2024,nsw,male,86,11512
2024,nsw,male,87,10374
2024,nsw,male,88,8674
2024,nsw,male,89,7094
2024,nsw,male,90,5893
2024,nsw,male,91,4893
2024,nsw,male,92,4036
2024,nsw,male,93,3269
2024,nsw,male,94,2615
2024,nsw,male,95,1948
2024,nsw,male,96,1256
2024,nsw,male,97,914
2024,nsw,male,98,674
2024,nsw,male,99,416
2024,nsw,male,100,531
2024,nt,female,0,1692
2024,nt,female,1,1618
2024,nt,female,2,1785
2024,nt,female,3,1750
2024,nt,female,4,1656
2024,nt,female,5,1705
2024,nt,female,6,1662
2024,nt,female,7,1767
2024,nt,female,8,1796
2024,nt,female,9,1775
2024,nt,female,10,1719
2024,nt,female,11,1802
2024,nt,female,12,1743
2024,nt,female,13,1649
2024,nt,female,14,1631
2024,nt,female,15,1575
2024,nt,female,16,1592
2024,nt,female,17,1513
2024,nt,female,18,1468
2024,nt,female,19,1422
2024,nt,female,20,1438
2024,nt,female,21,1535
2024,nt,female,22,1596
2024,nt,female,23,1639
2024,nt,female,24,1880
2024,nt,female,25,2068
2024,nt,female,26,2198
2024,nt,female,27,2389
2024,nt,female,28,2498
2024,nt,female,29,2550
2024,nt,female,30,2622
2024,nt,female,31,2660
2024,nt,female,32,2488
2024,nt,female,33,2549
2024,nt,female,34,2445
2024,nt,female,35,2273
2024,nt,female,36,2282
2024,nt,female,37,2201
2024,nt,female,38,2145
2024,nt,female,39,2182
2024,nt,female,40,2020
2024,nt,female,41,1948
2024,nt,female,42,1888
2024,nt,female,43,1815
2024,nt,female,44,1757
2024,nt,female,45,1706
2024,nt,female,46,1659
2024,nt,female,47,1524
2024,nt,female,48,1577
2024,nt,female,49,1482
2024,nt,female,50,1524
2024,nt,female,51,1508
2024,nt,female,52,1533
2024,nt,female,53,1578
2024,nt,female,54,1553
2024,nt,female,55,1481
2024,nt,female,56,1455
2024,nt,female,57,1392
2024,nt,female,58,1341
2024,nt,female,59,1242
2024,nt,female,60,1221
2024,nt,female,61,1236
2024,nt,female,62,1191
2024,nt,female,63,1218
2024,nt,female,64,1083
2024,nt,female,65,1025
2024,nt,female,66,966
2024,nt,female,67,939
2024,nt,female,68,826
2024,nt,female,69,817
2024,nt,female,70,769
2024,nt,female,71,714
2024,nt,female,72,628
2024,nt,female,73,613
2024,nt,female,74,569
2024,nt,female,75,505
2024,nt,female,76,523
2024,nt,female,77,472
2024,nt,female,78,371
2024,nt,female,79,297
2024,nt,female,80,295
2024,nt,female,81,230
2024,nt,female,82,229
2024,nt,female,83,227
2024,nt,female,84,189
2024,nt,female,85,145
2024,nt,female,86,151
2024,nt,female,87,99
2024,nt,female,88,77
2024,nt,female,89,74
2024,nt,female,90,58
2024,nt,female,91,47
2024,nt,female,92,53
2024,nt,female,93,25
2024,nt,female,94,34
2024,nt,female,95,17
2024,nt,female,96,21
2024,nt,female,97,16
2024,nt,female,98,11
2024,nt,female,99,2
2024,nt,female,100,13
2024,nt,male,0,1727
2024,nt,male,1,1834
2024,nt,male,2,1764
2024,nt,male,3,1822
2024,nt,male,4,1784
2024,nt,male,5,1849
2024,nt,male,6,1863
2024,nt,male,7,1883
2024,nt,male,8,1878
2024,nt,male,9,1910
2024,nt,male,10,1852
2024,nt,male,11,1842
2024,nt,male,12,1850
2024,nt,male,13,1798
2024,nt,male,14,1797
2024,nt,male,15,1693
2024,nt,male,16,1733
2024,nt,male,17,1623
2024,nt,male,18,1575
2024,nt,male,19,1724
2024,nt,male,20,1901
2024,nt,male,21,2065
2024,nt,male,22,2058
2024,nt,male,23,2159
2024,nt,male,24,2288
2024,nt,male,25,2399
2024,nt,male,26,2518
2024,nt,male,27,2417
2024,nt,male,28,2373
2024,nt,male,29,2512
2024,nt,male,30,2529
2024,nt,male,31,2588
2024,nt,male,32,2503
2024,nt,male,33,2560
2024,nt,male,34,2602
2024,nt,male,35,2429
2024,nt,male,36,2327
2024,nt,male,37,2291
2024,nt,male,38,2239
2024,nt,male,39,2029
2024,nt,male,40,2126
2024,nt,male,41,2021
2024,nt,male,42,1848
2024,nt,male,43,1847
2024,nt,male,44,1723
2024,nt,male,45,1753
2024,nt,male,46,1549
2024,nt,male,47,1626
2024,nt,male,48,1580
2024,nt,male,49,1558
2024,nt,male,50,1563
2024,nt,male,51,1622
2024,nt,male,52,1604
2024,nt,male,53,1672
2024,nt,male,54,1621
2024,nt,male,55,1515
2024,nt,male,56,1372
2024,nt,male,57,1402
2024,nt,male,58,1342
2024,nt,male,59,1356
2024,nt,male,60,1301
2024,nt,male,61,1301
2024,nt,male,62,1272
2024,nt,male,63,1191
2024,nt,male,64,1090
2024,nt,male,65,1087
2024,nt,male,66,976
2024,nt,male,67,944
2024,nt,male,68,914
2024,nt,male,69,839
2024,nt,male,70,816
2024,nt,male,71,732
2024,nt,male,72,678
2024,nt,male,73,649
2024,nt,male,74,673
2024,nt,male,75,566
2024,nt,male,76,507
2024,nt,male,77,483
2024,nt,male,78,401
2024,nt,male,79,353
2024,nt,male,80,294
2024,nt,male,81,276
2024,nt,male,82,251
2024,nt,male,83,224
2024,nt,male,84,200
2024,nt,male,85,114
2024,nt,male,86,109
2024,nt,male,87,76
2024,nt,male,88,81
2024,nt,male,89,50
2024,nt,male,90,35
2024,nt,male,91,41
2024,nt,male,92,32
2024,nt,male,93,27
2024,nt,male,94,20
2024,nt,male,95,13
2024,nt,male,96,16
2024,nt,male,97,5
2024,nt,male,98,1
2024,nt,male,99,10
2024,nt,male,100,11
2024,qld,female,0,28774
2024,qld,female,1,29623
2024,qld,female,2,31677
2024,qld,female,3,29905
2024,qld,female,4,30352
2024,qld,female,5,30955
2024,qld,female,6,31474
2024,qld,female,7,32076
2024,qld,female,8,33672
2024,qld,female,9,33619
2024,qld,female,10,34374
2024,qld,female,11,34650
2024,qld,female,12,35129
2024,qld,female,13,35282
2024,qld,female,14,35812
2024,qld,female,15,35671
2024,qld,female,16,35336
2024,qld,female,17,34832
2024,qld,female,18,34489
2024,qld,female,19,34553
2024,qld,female,20,34783
2024,qld,female,21,34269
2024,qld,female,22,35063
2024,qld,female,23,36754
2024,qld,female,24,37627
2024,qld,female,25,37917
2024,qld,female,26,38525
2024,qld,female,27,39126
2024,qld,female,28,39702
2024,qld,female,29,40467
2024,qld,female,30,39891
2024,qld,female,31,40172
2024,qld,female,32,40672
2024,qld,female,33,40398
2024,qld,female,34,40152
2024,qld,female,35,39470
2024,qld,female,36,39105
2024,qld,female,37,39030
2024,qld,female,38,39579
2024,qld,female,39,39589
2024,qld,female,40,39340
2024,qld,female,41,39665
2024,qld,female,42,37875
2024,qld,female,43,37377
2024,qld,female,44,36055
2024,qld,female,45,35280
2024,qld,female,46,34453
2024,qld,female,47,34459
2024,qld,female,48,34342
2024,qld,female,49,34784
2024,qld,female,50,35367
2024,qld,female,51,36577
2024,qld,female,52,37471
2024,qld,female,53,37764
2024,qld,female,54,35127
2024,qld,female,55,34216
2024,qld,female,56,32813
2024,qld,female,57,32273
2024,qld,female,58,31813
2024,qld,female,59,32235
2024,qld,female,60,33273
2024,qld,female,61,33572
2024,qld,female,62,33145
2024,qld,female,63,32809
2024,qld,female,64,31267
2024,qld,female,65,30602
2024,qld,female,66,29974
2024,qld,female,67,28746
2024,qld,female,68,28185
2024,qld,female,69,27320
2024,qld,female,70,26501
2024,qld,female,71,25908
2024,qld,female,72,25141
2024,qld,female,73,24607
2024,qld,female,74,24192
2024,qld,female,75,23133
2024,qld,female,76,22392
2024,qld,female,77,22744
2024,qld,female,78,18604
2024,qld,female,79,17742
2024,qld,female,80,15907
2024,qld,female,81,13943
2024,qld,female,82,13115
2024,qld,female,83,11583
2024,qld,female,84,10714
2024,qld,female,85,9679
2024,qld,female,86,8571
2024,qld,female,87,7679
2024,qld,female,88,6691
2024,qld,female,89,5710
2024,qld,female,90,4822
2024,qld,female,91,4169
2024,qld,female,92,3546
2024,qld,female,93,3014
2024,qld,female,94,2577
2024,qld,female,95,2004
2024,qld,female,96,1506
2024,qld,female,97,1091
2024,qld,female,98,809
2024,qld,female,99,582
2024,qld,female,100,836
2024,qld,male,0,30251
2024,qld,male,1,30872
2024,qld,male,2,33456
2024,qld,male,3,31959
2024,qld,male,4,32146
2024,qld,male,5,33148
2024,qld,male,6,33338
2024,qld,male,7,34137
2024,qld,male,8,35278
2024,qld,male,9,35744
2024,qld,male,10,36370
2024,qld,male,11,36864
2024,qld,male,12,36790
2024,qld,male,13,36908
2024,qld,male,14,37526
2024,qld,male,15,37874
2024,qld,male,16,38033
2024,qld,male,17,37504
2024,qld,male,18,36098
2024,qld,male,19,36114
2024,qld,male,20,35574
2024,qld,male,21,35216
2024,qld,male,22,36305
2024,qld,male,23,38616
2024,qld,male,24,39393
2024,qld,male,25,39109
2024,qld,male,26,39419
2024,qld,male,27,39455
2024,qld,male,28,39885
2024,qld,male,29,39966
2024,qld,male,30,39744
2024,qld,male,31,39487
2024,qld,male,32,38907
2024,qld,male,33,39463
2024,qld,male,34,39240
2024,qld,male,35,38354
2024,qld,male,36,37851
2024,qld,male,37,37993
2024,qld,male,38,38416
2024,qld,male,39,38029
2024,qld,male,40,37966
2024,qld,male,41,38258
2024,qld,male,42,37046
2024,qld,male,43,35847
2024,qld,male,44,34044
2024,qld,male,45,33279
2024,qld,male,46,32357
2024,qld,male,47,32625
2024,qld,male,48,33076
2024,qld,male,49,33602
2024,qld,male,50,34610
2024,qld,male,51,35480
2024,qld,male,52,36114
2024,qld,male,53,36472
2024,qld,male,54,33837
2024,qld,male,55,32826
2024,qld,male,56,31585
2024,qld,male,57,31139
2024,qld,male,58,30540
2024,qld,male,59,30793
2024,qld,male,60,31836
2024,qld,male,61,31692
2024,qld,male,62,31455
2024,qld,male,63,31012
2024,qld,male,64,29654
2024,qld,male,65,28683
2024,qld,male,66,27729
2024,qld,male,67,27005
2024,qld,male,68,26372
2024,qld,male,69,25324
2024,qld,male,70,24372
2024,qld,male,71,24326
2024,qld,male,72,23691
2024,qld,male,73,23065
2024,qld,male,74,22250
2024,qld,male,75,21622
2024,qld,male,76,21147
2024,qld,male,77,21237
2024,qld,male,78,17545
2024,qld,male,79,16281
2024,qld,male,80,14582
2024,qld,male,81,12381
2024,qld,male,82,11681
2024,qld,male,83,10120
2024,qld,male,84,9095
2024,qld,male,85,7852
2024,qld,male,86,6816
2024,qld,male,87,5881
2024,qld,male,88,4933
2024,qld,male,89,3848
2024,qld,male,90,3204
2024,qld,male,91,2598
2024,qld,male,92,2114
2024,qld,male,93,1735
2024,qld,male,94,1341
2024,qld,male,95,927
2024,qld,male,96,622
2024,qld,male,97,478
2024,qld,male,98,349
2024,qld,male,99,212
2024,qld,male,100,258
2024,sa,female,0,8910
2024,sa,female,1,9182
2024,sa,female,2,9612
2024,sa,female,3,9860
2024,sa,female,4,9646
2024,sa,female,5,9872
2024,sa,female,6,9953
2024,sa,female,7,10126
2024,sa,female,8,10556
2024,sa,female,9,10468
2024,sa,female,10,10592
2024,sa,female,11,10687
2024,sa,female,12,10860
2024,sa,female,13,10667
2024,sa,female,14,10705
2024,sa,female,15,10875
2024,sa,female,16,11137
2024,sa,female,17,11003
2024,sa,female,18,10633
2024,sa,female,19,10811
2024,sa,female,20,10800
2024,sa,female,21,10697
2024,sa,female,22,10830
2024,sa,female,23,11419
2024,sa,female,24,11891
2024,sa,female,25,12029
2024,sa,female,26,12378
2024,sa,female,27,12785
2024,sa,female,28,13094
2024,sa,female,29,13296
2024,sa,female,30,13189
2024,sa,female,31,13154
2024,sa,female,32,13137
2024,sa,female,33,13104
2024,sa,female,34,13113
2024,sa,female,35,12873
2024,sa,female,36,12954
2024,sa,female,37,12920
2024,sa,female,38,13068
2024,sa,female,39,12837
2024,sa,female,40,12823
2024,sa,female,41,12560
2024,sa,female,42,12201
2024,sa,female,43,11834
2024,sa,female,44,11316
2024,sa,female,45,11048
2024,sa,female,46,10855
2024,sa,female,47,10946
2024,sa,female,48,10698
2024,sa,female,49,10840
2024,sa,female,50,11089
2024,sa,female,51,11474
2024,sa,female,52,12156
2024,sa,female,53,12345
2024,sa,female,54,11852
2024,sa,female,55,11682
2024,sa,female,56,11397
2024,sa,female,57,11194
2024,sa,female,58,11342
2024,sa,female,59,11575
2024,sa,female,60,11760
2024,sa,female,61,11997
2024,sa,female,62,11989
2024,sa,female,63,12110
2024,sa,female,64,11799
2024,sa,female,65,11661
2024,sa,female,66,11132
2024,sa,female,67,11128
2024,sa,female,68,10881
2024,sa,female,69,10416
2024,sa,female,70,10300
2024,sa,female,71,10182
2024,sa,female,72,9884
2024,sa,female,73,9881
2024,sa,female,74,9553
2024,sa,female,75,9237
2024,sa,female,76,9066
2024,sa,female,77,9326
2024,sa,female,78,7566
2024,sa,female,79,7084
2024,sa,female,80,6391
2024,sa,female,81,5825
2024,sa,female,82,5398
2024,sa,female,83,4949
2024,sa,female,84,4635
2024,sa,female,85,4399
2024,sa,female,86,3950
2024,sa,female,87,3541
2024,sa,female,88,3099
2024,sa,female,89,2642
2024,sa,female,90,2359
2024,sa,female,91,1972
2024,sa,female,92,1758
2024,sa,female,93,1533
2024,sa,female,94,1240
2024,sa,female,95,1011
2024,sa,female,96,790
2024,sa,female,97,551
2024,sa,female,98,468
2024,sa,female,99,315
2024,sa,female,100,447
2024,sa,male,0,9543
2024,sa,male,1,9564
2024,sa,male,2,10256
2024,sa,male,3,10257
2024,sa,male,4,10000
2024,sa,male,5,10240
2024,sa,male,6,10560
2024,sa,male,7,10611
2024,sa,male,8,11054
2024,sa,male,9,11027
2024,sa,male,10,11248
2024,sa,male,11,11349
2024,sa,male,12,11422
2024,sa,male,13,11230
2024,sa,male,14,11565
2024,sa,male,15,11374
2024,sa,male,16,11424
2024,sa,male,17,11386
2024,sa,male,18,11269
2024,sa,male,19,11399
2024,sa,male,20,11861
2024,sa,male,21,11670
2024,sa,male,22,12075
2024,sa,male,23,12596
2024,sa,male,24,13078
2024,sa,male,25,13022
2024,sa,male,26,13249
2024,sa,male,27,13188
2024,sa,male,28,13636
2024,sa,male,29,13661
2024,sa,male,30,13131
2024,sa,male,31,13151
2024,sa,male,32,12915
2024,sa,male,33,13192
2024,sa,male,34,12956
2024,sa,male,35,12837
2024,sa,male,36,12617
2024,sa,male,37,12625
2024,sa,male,38,12680
2024,sa,male,39,12700
2024,sa,male,40,12682
2024,sa,male,41,12505
2024,sa,male,42,11931
2024,sa,male,43,11525
2024,sa,male,44,10986
2024,sa,male,45,10751
2024,sa,male,46,10495
2024,sa,male,47,10621
2024,sa,male,48,10626
2024,sa,male,49,10827
2024,sa,male,50,10906
2024,sa,male,51,11210
2024,sa,male,52,11702
2024,sa,male,53,12090
2024,sa,male,54,11553
2024,sa,male,55,11430
2024,sa,male,56,11124
2024,sa,male,57,10788
2024,sa,male,58,10876
2024,sa,male,59,11139
2024,sa,male,60,11325
2024,sa,male,61,11387
2024,sa,male,62,11301
2024,sa,male,63,11421
2024,sa,male,64,10975
2024,sa,male,65,10736
2024,sa,male,66,10477
2024,sa,male,67,10091
2024,sa,male,68,9814
2024,sa,male,69,9668
2024,sa,male,70,9267
2024,sa,male,71,9205
2024,sa,male,72,8889
2024,sa,male,73,8700
2024,sa,male,74,8605
2024,sa,male,75,8205
2024,sa,male,76,8017
2024,sa,male,77,8302
2024,sa,male,78,6708
2024,sa,male,79,6118
2024,sa,male,80,5629
2024,sa,male,81,4932
2024,sa,male,82,4565
2024,sa,male,83,3938
2024,sa,male,84,3623
2024,sa,male,85,3313
2024,sa,male,86,2926
2024,sa,male,87,2556
2024,sa,male,88,2159
2024,sa,male,89,1802
2024,sa,male,90,1571
2024,sa,male,91,1296
2024,sa,male,92,1012
2024,sa,male,93,816
2024,sa,male,94,702
2024,sa,male,95,458
2024,sa,male,96,390
2024,sa,male,97,222
2024,sa,male,98,195
2024,sa,male,99,125
2024,sa,male,100,163
2024,tas,female,0,2639
2024,tas,female,1,2804
2024,tas,female,2,2845
2024,tas,female,3,2869
2024,tas,female,4,2835
2024,tas,female,5,2847
2024,tas,female,6,2870
2024,tas,female,7,2985
2024,tas,female,8,3054
2024,tas,female,9,3089
2024,tas,female,10,3182
2024,tas,female,11,3186
2024,tas,female,12,3203
2024,tas,female,13,3256
2024,tas,female,14,3215
2024,tas,female,15,3427
2024,tas,female,16,3356
2024,tas,female,17,3348
2024,tas,female,18,3176
2024,tas,female,19,2927
2024,tas,female,20,2701
2024,tas,female,21,2618
2024,tas,female,22,2663
2024,tas,female,23,2931
2024,tas,female,24,3153
2024,tas,female,25,3384
2024,tas,female,26,3417
2024,tas,female,27,3712
2024,tas,female,28,3869
2024,tas,female,29,4059
2024,tas,female,30,4137
2024,tas,female,31,4056
2024,tas,female,32,4052
2024,tas,female,33,4055
2024,tas,female,34,3930
2024,tas,female,35,3764
2024,tas,female,36,3727
2024,tas,female,37,3634
2024,tas,female,38,3670
2024,tas,female,39,3739
2024,tas,female,40,3669
2024,tas,female,41,3464
2024,tas,female,42,3537
2024,tas,female,43,3511
2024,tas,female,44,3322
2024,tas,female,45,3346
2024,tas,female,46,3293
2024,tas,female,47,3175
2024,tas,female,48,3286
2024,tas,female,49,3332
2024,tas,female,50,3380
2024,tas,female,51,3620
2024,tas,female,52,3819
2024,tas,female,53,3999
2024,tas,female,54,3761
2024,tas,female,55,3792
2024,tas,female,56,3661
2024,tas,female,57,3681
2024,tas,female,58,3590
2024,tas,female,59,3702
2024,tas,female,60,3995
2024,tas,female,61,3974
2024,tas,female,62,4133
2024,tas,female,63,4205
2024,tas,female,64,4027
2024,tas,female,65,3908
2024,tas,female,66,3804
2024,tas,female,67,3821
2024,tas,female,68,3597
2024,tas,female,69,3536
2024,tas,female,70,3540
2024,tas,female,71,3371
2024,tas,female,72,3304
2024,tas,female,73,3261
2024,tas,female,74,3173
2024,tas,female,75,3010
2024,tas,female,76,2962
2024,tas,female,77,2993
2024,tas,female,78,2426
2024,tas,female,79,2249
2024,tas,female,80,2112
2024,tas,female,81,1792
2024,tas,female,82,1699
2024,tas,female,83,1539
2024,tas,female,84,1449
2024,tas,female,85,1318
2024,tas,female,86,1195
2024,tas,female,87,1024
2024,tas,female,88,874
2024,tas,female,89,747
2024,tas,female,90,654
2024,tas,female,91,614
2024,tas,female,92,454
2024,tas,female,93,407
2024,tas,female,94,308
2024,tas,female,95,259
2024,tas,female,96,154
2024,tas,female,97,119
2024,tas,female,98,121
2024,tas,female,99,64
2024,tas,female,100,80
2024,tas,male,0,2832
2024,tas,male,1,2863
2024,tas,male,2,2944
2024,tas,male,3,3012
2024,tas,male,4,3028
2024,tas,male,5,3113
2024,tas,male,6,3153
2024,tas,male,7,3214
2024,tas,male,8,3321
2024,tas,male,9,3287
2024,tas,male,10,3332
2024,tas,male,11,3356
2024,tas,male,12,3350
2024,tas,male,13,3530
2024,tas,male,14,3530
2024,tas,male,15,3676
2024,tas,male,16,3643
2024,tas,male,17,3618
2024,tas,male,18,3473
2024,tas,male,19,3289
2024,tas,male,20,3038
2024,tas,male,21,2872
2024,tas,male,22,2854
2024,tas,male,23,3171
2024,tas,male,24,3351
2024,tas,male,25,3471
2024,tas,male,26,3454
2024,tas,male,27,3701
2024,tas,male,28,3960
2024,tas,male,29,4154
2024,tas,male,30,4229
2024,tas,male,31,4176
2024,tas,male,32,4136
2024,tas,male,33,4098
2024,tas,male,34,4012
2024,tas,male,35,3935
2024,tas,male,36,3720
2024,tas,male,37,3747
2024,tas,male,38,3695
2024,tas,male,39,3600
2024,tas,male,40,3526
2024,tas,male,41,3474
2024,tas,male,42,3455
2024,tas,male,43,3212
2024,tas,male,44,3077
2024,tas,male,45,3137
2024,tas,male,46,3041
2024,tas,male,47,3028
2024,tas,male,48,3203
2024,tas,male,49,3233
2024,tas,male,50,3334
2024,tas,male,51,3394
2024,tas,male,52,3618
2024,tas,male,53,3718
2024,tas,male,54,3607
2024,tas,male,55,3636
2024,tas,male,56,3487
2024,tas,male,57,3364
2024,tas,male,58,3302
2024,tas,male,59,3542
2024,tas,male,60,3787
2024,tas,male,61,3798
2024,tas,male,62,3981
2024,tas,male,63,3904
2024,tas,male,64,3726
2024,tas,male,65,3728
2024,tas,male,66,3659
2024,tas,male,67,3472
2024,tas,male,68,3544
2024,tas,male,69,3341
2024,tas,male,70,3142
2024,tas,male,71,3296
2024,tas,male,72,3217
2024,tas,male,73,3043
2024,tas,male,74,2933
2024,tas,male,75,2777
2024,tas,male,76,2804
2024,tas,male,77,2891
2024,tas,male,78,2217
2024,tas,male,79,2013
2024,tas,male,80,1908
2024,tas,male,81,1671
2024,tas,male,82,1592
2024,tas,male,83,1353
2024,tas,male,84,1216
2024,tas,male,85,1088
2024,tas,male,86,942
2024,tas,male,87,789
2024,tas,male,88,654
2024,tas,male,89,523
2024,tas,male,90,446
2024,tas,male,91,353
2024,tas,male,92,294
2024,tas,male,93,228
2024,tas,male,94,176
2024,tas,male,95,118
2024,tas,male,96,74
2024,tas,male,97,47
2024,tas,male,98,38
2024,tas,male,99,25
2024,tas,male,100,35
2024,vic,female,0,36813
2024,vic,female,1,36562
2024,vic,female,2,38913
2024,vic,female,3,38704
2024,vic,female,4,37893
2024,vic,female,5,39170
2024,vic,female,6,39293
2024,vic,female,7,39975
2024,vic,female,8,40989
2024,vic,female,9,40675
2024,vic,female,10,40592
2024,vic,female,11,41110
2024,vic,female,12,40647
2024,vic,female,13,39899
2024,vic,female,14,40667
2024,vic,female,15,39750
2024,vic,female,16,40042
2024,vic,female,17,39812
2024,vic,female,18,39998
2024,vic,female,19,42028
2024,vic,female,20,42738
2024,vic,female,21,42602
2024,vic,female,22,44134
2024,vic,female,23,47660
2024,vic,female,24,49361
2024,vic,female,25,49482
2024,vic,female,26,50664
2024,vic,female,27,52367
2024,vic,female,28,53305
2024,vic,female,29,54290
2024,vic,female,30,54511
2024,vic,female,31,54613
2024,vic,female,32,54653
2024,vic,female,33,55643
2024,vic,female,34,55943
2024,vic,female,35,54752
2024,vic,female,36,54444
2024,vic,female,37,53502
2024,vic,female,38,53415
2024,vic,female,39,52824
2024,vic,female,40,51234
2024,vic,female,41,50815
2024,vic,female,42,49249
2024,vic,female,43,47373
2024,vic,female,44,45045
2024,vic,female,45,43828
2024,vic,female,46,42455
2024,vic,female,47,41766
2024,vic,female,48,41294
2024,vic,female,49,42003
2024,vic,female,50,42580
2024,vic,female,51,42850
2024,vic,female,52,44902
2024,vic,female,53,45609
2024,vic,female,54,42490
2024,vic,female,55,42100
2024,vic,female,56,39948
2024,vic,female,57,38685
2024,vic,female,58,38707
2024,vic,female,59,38777
2024,vic,female,60,39479
2024,vic,female,61,39680
2024,vic,female,62,39115
2024,vic,female,63,38734
2024,vic,female,64,37690
2024,vic,female,65,36883
2024,vic,female,66,36057
2024,vic,female,67,35057
2024,vic,female,68,34219
2024,vic,female,69,33232
2024,vic,female,70,32107
2024,vic,female,71,31306
2024,vic,female,72,30150
2024,vic,female,73,29694
2024,vic,female,74,28926
2024,vic,female,75,27602
2024,vic,female,76,27420
2024,vic,female,77,27561
2024,vic,female,78,22576
2024,vic,female,79,21029
2024,vic,female,80,19625
2024,vic,female,81,17393
2024,vic,female,82,16689
2024,vic,female,83,14913
2024,vic,female,84,14336
2024,vic,female,85,13239
2024,vic,female,86,12099
2024,vic,female,87,10674
2024,vic,female,88,9542
2024,vic,female,89,8288
2024,vic,female,90,7148
2024,vic,female,91,6330
2024,vic,female,92,5293
2024,vic,female,93,4594
2024,vic,female,94,3729
2024,vic,female,95,2852
2024,vic,female,96,2210
2024,vic,female,97,1652
2024,vic,female,98,1282
2024,vic,female,99,878
2024,vic,female,100,1166
2024,vic,male,0,38840
2024,vic,male,1,39052
2024,vic,male,2,40508
2024,vic,male,3,40182
2024,vic,male,4,39827
2024,vic,male,5,40737
2024,vic,male,6,41389
2024,vic,male,7,42129
2024,vic,male,8,43372
2024,vic,male,9,42748
2024,vic,male,10,43097
2024,vic,male,11,43420
2024,vic,male,12,42833
2024,vic,male,13,42088
2024,vic,male,14,42260
2024,vic,male,15,42165
2024,vic,male,16,42148
2024,vic,male,17,42115
2024,vic,male,18,41947
2024,vic,male,19,44454
2024,vic,male,20,45867
2024,vic,male,21,45789
2024,vic,male,22,47418
2024,vic,male,23,50942
2024,vic,male,24,51767
2024,vic,male,25,51150
2024,vic,male,26,51799
2024,vic,male,27,53522
2024,vic,male,28,54102
2024,vic,male,29,54954
2024,vic,male,30,54159
2024,vic,male,31,53728
2024,vic,male,32,53050
2024,vic,male,33,53698
2024,vic,male,34,53628
2024,vic,male,35,53032
2024,vic,male,36,52772
2024,vic,male,37,52759
2024,vic,male,38,52446
2024,vic,male,39,51881
2024,vic,male,40,50792
2024,vic,male,41,50397
2024,vic,male,42,48412
2024,vic,male,43,46528
2024,vic,male,44,43936
2024,vic,male,45,42563
2024,vic,male,46,41333
2024,vic,male,47,40416
2024,vic,male,48,40658
2024,vic,male,49,40675
2024,vic,male,50,40798
2024,vic,male,51,41115
2024,vic,male,52,42357
2024,vic,male,53,42564
2024,vic,male,54,40290
2024,vic,male,55,39735
2024,vic,male,56,38156
2024,vic,male,57,36815
2024,vic,male,58,36495
2024,vic,male,59,36482
2024,vic,male,60,36897
2024,vic,male,61,37349
2024,vic,male,62,36772
2024,vic,male,63,36081
2024,vic,male,64,34428
2024,vic,male,65,34078
2024,vic,male,66,32714
2024,vic,male,67,31778
2024,vic,male,68,31305
2024,vic,male,69,29828
2024,vic,male,70,28582
2024,vic,male,71,27957
2024,vic,male,72,26983
2024,vic,male,73,26267
2024,vic,male,74,25398
2024,vic,male,75,24346
2024,vic,male,76,24316
2024,vic,male,77,24408
2024,vic,male,78,20230
2024,vic,male,79,18395
2024,vic,male,80,16777
2024,vic,male,81,14760
2024,vic,male,82,14179
2024,vic,male,83,12704
2024,vic,male,84,11458
2024,vic,male,85,10244
2024,vic,male,86,9089
2024,vic,male,87,7954
2024,vic,male,88,6714
2024,vic,male,89,5544
2024,vic,male,90,4647
2024,vic,male,91,3883
2024,vic,male,92,2923
2024,vic,male,93,2527
2024,vic,male,94,1989
2024,vic,male,95,1478
2024,vic,male,96,1060
2024,vic,male,97,730
2024,vic,male,98,551
2024,vic,male,99,343
2024,vic,male,100,410
2024,wa,female,0,15376
2024,wa,female,1,15699
2024,wa,female,2,16909
2024,wa,female,3,17061
2024,wa,female,4,17013
2024,wa,female,5,17416
2024,wa,female,6,17769
2024,wa,female,7,18123
2024,wa,female,8,18468
2024,wa,female,9,18141
2024,wa,female,10,18412
2024,wa,female,11,18312
2024,wa,female,12,18280
2024,wa,female,13,18265
2024,wa,female,14,18193
2024,wa,female,15,17756
2024,wa,female,16,18156
2024,wa,female,17,17706
2024,wa,female,18,17267
2024,wa,female,19,16997
2024,wa,female,20,17085
2024,wa,female,21,17008
2024,wa,female,22,17325
2024,wa,female,23,18299
2024,wa,female,24,19435
2024,wa,female,25,20102
2024,wa,female,26,20763
2024,wa,female,27,21298
2024,wa,female,28,21582
2024,wa,female,29,22068
2024,wa,female,30,22243
2024,wa,female,31,22329
2024,wa,female,32,22045
2024,wa,female,33,22826
2024,wa,female,34,22987
2024,wa,female,35,23004
2024,wa,female,36,22726
2024,wa,female,37,22803
2024,wa,female,38,22759
2024,wa,female,39,22420
2024,wa,female,40,22099
2024,wa,female,41,21704
2024,wa,female,42,20882
2024,wa,female,43,20412
2024,wa,female,44,19371
2024,wa,female,45,18958
2024,wa,female,46,18070
2024,wa,female,47,17839
2024,wa,female,48,17820
2024,wa,female,49,17940
2024,wa,female,50,17799
2024,wa,female,51,18137
2024,wa,female,52,19005
2024,wa,female,53,19285
2024,wa,female,54,17943
2024,wa,female,55,17840
2024,wa,female,56,17109
2024,wa,female,57,16608
2024,wa,female,58,16604
2024,wa,female,59,16727
2024,wa,female,60,16899
2024,wa,female,61,16836
2024,wa,female,62,16634
2024,wa,female,63,16487
2024,wa,female,64,15992
2024,wa,female,65,15559
2024,wa,female,66,15036
2024,wa,female,67,14570
2024,wa,female,68,14544
2024,wa,female,69,14023
2024,wa,female,70,13345
2024,wa,female,71,13082
2024,wa,female,72,12616
2024,wa,female,73,12153
2024,wa,female,74,11728
2024,wa,female,75,11432
2024,wa,female,76,11040
2024,wa,female,77,11155
2024,wa,female,78,8686
2024,wa,female,79,8133
2024,wa,female,80,7666
2024,wa,female,81,6730
2024,wa,female,82,6510
2024,wa,female,83,5890
2024,wa,female,84,5472
2024,wa,female,85,5145
2024,wa,female,86,4584
2024,wa,female,87,4102
2024,wa,female,88,3595
2024,wa,female,89,3108
2024,wa,female,90,2572
2024,wa,female,91,2292
2024,wa,female,92,1982
2024,wa,female,93,1678
2024,wa,female,94,1331
2024,wa,female,95,994
2024,wa,female,96,821
2024,wa,female,97,539
2024,wa,female,98,418
2024,wa,female,99,280
2024,wa,female,100,456
2024,wa,male,0,16203
2024,wa,male,1,16481
2024,wa,male,2,17900
2024,wa,male,3,17974
2024,wa,male,4,18020
2024,wa,male,5,18633
2024,wa,male,6,18815
2024,wa,male,7,19322
2024,wa,male,8,19716
2024,wa,male,9,19321
2024,wa,male,10,19181
2024,wa,male,11,19284
2024,wa,male,12,19113
2024,wa,male,13,19270
2024,wa,male,14,19166
2024,wa,male,15,19040
2024,wa,male,16,19107
2024,wa,male,17,18999
2024,wa,male,18,18355
2024,wa,male,19,18417
2024,wa,male,20,18544
2024,wa,male,21,18233
2024,wa,male,22,18938
2024,wa,male,23,20561
2024,wa,male,24,21456
2024,wa,male,25,22125
2024,wa,male,26,22712
2024,wa,male,27,22828
2024,wa,male,28,23184
2024,wa,male,29,23603
2024,wa,male,30,23012
2024,wa,male,31,22454
2024,wa,male,32,22402
2024,wa,male,33,22890
2024,wa,male,34,23116
2024,wa,male,35,23110
2024,wa,male,36,22964
2024,wa,male,37,23012
2024,wa,male,38,23132
2024,wa,male,39,22911
2024,wa,male,40,22647
2024,wa,male,41,22378
2024,wa,male,42,21532
2024,wa,male,43,20721
2024,wa,male,44,19510
2024,wa,male,45,18766
2024,wa,male,46,18341
2024,wa,male,47,17977
2024,wa,male,48,18188
2024,wa,male,49,17925
2024,wa,male,50,18057
2024,wa,male,51,18617
2024,wa,male,52,19303
2024,wa,male,53,19454
2024,wa,male,54,18262
2024,wa,male,55,18062
2024,wa,male,56,17239
2024,wa,male,57,16682
2024,wa,male,58,16663
2024,wa,male,59,16462
2024,wa,male,60,16703
2024,wa,male,61,16758
2024,wa,male,62,16223
2024,wa,male,63,16051
2024,wa,male,64,15235
2024,wa,male,65,14692
2024,wa,male,66,14172
2024,wa,male,67,13898
2024,wa,male,68,13677
2024,wa,male,69,12699
2024,wa,male,70,12208
2024,wa,male,71,11944
2024,wa,male,72,11668
2024,wa,male,73,11485
2024,wa,male,74,10922
2024,wa,male,75,10558
2024,wa,male,76,10471
2024,wa,male,77,10461
2024,wa,male,78,8150
2024,wa,male,79,7616
2024,wa,male,80,6975
2024,wa,male,81,5966
2024,wa,male,82,5893
2024,wa,male,83,4953
2024,wa,male,84,4617
2024,wa,male,85,4108
2024,wa,male,86,3560
2024,wa,male,87,3066
2024,wa,male,88,2609
2024,wa,male,89,2191
2024,wa,male,90,1688
2024,wa,male,91,1377
2024,wa,male,92,1191
2024,wa,male,93,952
2024,wa,male,94,717
2024,wa,male,95,575
2024,wa,male,96,351
2024,wa,male,97,227
2024,wa,male,98,206
2024,wa,male,99,154
2024,wa,male,100,197
2025,act,female,0,2600
2025,act,female,1,2577
2025,act,female,2,2524
2025,act,female,3,2610
2025,act,female,4,2497
2025,act,female,5,2605
2025,act,female,6,2601
2025,act,female,7,2663
2025,act,female,8,2791
2025,act,female,9,2874
2025,act,female,10,2854
2025,act,female,11,2880
2025,act,female,12,2920
2025,act,female,13,2824
2025,act,female,14,2792
2025,act,female,15,2870
2025,act,female,16,2678
2025,act,female,17,2612
2025,act,female,18,2947
2025,act,female,19,3504
2025,act,female,20,3570
2025,act,female,21,3888
2025,act,female,22,4301
2025,act,female,23,4334
2025,act,female,24,4108
2025,act,female,25,4241
2025,act,female,26,4282
2025,act,female,27,4249
2025,act,female,28,4238
2025,act,female,29,4186
2025,act,female,30,4284
2025,act,female,31,4383
2025,act,female,32,4349
2025,act,female,33,4334
2025,act,female,34,4172
2025,act,female,35,4137
2025,act,female,36,3969
2025,act,female,37,3798
2025,act,female,38,3871
2025,act,female,39,3805
2025,act,female,40,3907
2025,act,female,41,3848
2025,act,female,42,3622
2025,act,female,43,3714
2025,act,female,44,3495
2025,act,female,45,3368
2025,act,female,46,3122
2025,act,female,47,2901
2025,act,female,48,2944
2025,act,female,49,2805
2025,act,female,50,2891
2025,act,female,51,2801
2025,act,female,52,2908
2025,act,female,53,2904
2025,act,female,54,2895
2025,act,female,55,2679
2025,act,female,56,2564
2025,act,female,57,2381
2025,act,female,58,2319
2025,act,female,59,2377
2025,act,female,60,2255
2025,act,female,61,2270
2025,act,female,62,2222
2025,act,female,63,2305
2025,act,female,64,2238
2025,act,female,65,2113
2025,act,female,66,2085
2025,act,female,67,2076
2025,act,female,68,2015
2025,act,female,69,1933
2025,act,female,70,1832
2025,act,female,71,1804
2025,act,female,72,1865
2025,act,female,73,1836
2025,act,female,74,1788
2025,act,female,75,1739
2025,act,female,76,1635
2025,act,female,77,1653
2025,act,female,78,1685
2025,act,female,79,1320
2025,act,female,80,1203
2025,act,female,81,1131
2025,act,female,82,962
2025,act,female,83,945
2025,act,female,84,843
2025,act,female,85,772
2025,act,female,86,685
2025,act,female,87,608
2025,act,female,88,534
2025,act,female,89,464
2025,act,female,90,399
2025,act,female,91,356
2025,act,female,92,288
2025,act,female,93,233
2025,act,female,94,183
2025,act,female,95,145
2025,act,female,96,76
2025,act,female,97,64
2025,act,female,98,56
2025,act,female,99,42
2025,act,female,100,83
2025,act,male,0,2719
2025,act,male,1,2515
2025,act,male,2,2575
2025,act,male,3,2829
2025,act,male,4,2750
2025,act,male,5,2710
2025,act,male,6,2790
2025,act,male,7,2722
2025,act,male,8,2963
2025,act,male,9,3023
2025,act,male,10,3047
2025,act,male,11,3001
2025,act,male,12,2980
2025,act,male,13,2900
2025,act,male,14,2938
2025,act,male,15,3017
2025,act,male,16,2866
2025,act,male,17,2771
2025,act,male,18,3082
2025,act,male,19,3541
2025,act,male,20,3570
2025,act,male,21,3642
2025,act,male,22,4071
2025,act,male,23,3965
2025,act,male,24,3986
2025,act,male,25,4022
2025,act,male,26,4066
2025,act,male,27,4027
2025,act,male,28,3825
2025,act,male,29,4053
2025,act,male,30,4329
2025,act,male,31,4243
2025,act,male,32,4264
2025,act,male,33,4120
2025,act,male,34,4190
2025,act,male,35,4217
2025,act,male,36,3982
2025,act,male,37,3788
2025,act,male,38,3802
2025,act,male,39,3839
2025,act,male,40,3639
2025,act,male,41,3708
2025,act,male,42,3703
2025,act,male,43,3606
2025,act,male,44,3451
2025,act,male,45,3144
2025,act,male,46,3119
2025,act,male,47,2972
2025,act,male,48,2889
2025,act,male,49,2821
2025,act,male,50,2896
2025,act,male,51,2716
2025,act,male,52,2778
2025,act,male,53,2810
2025,act,male,54,2851
2025,act,male,55,2603
2025,act,male,56,2440
2025,act,male,57,2390
2025,act,male,58,2253
2025,act,male,59,2164
2025,act,male,60,2209
2025,act,male,61,2095
2025,act,male,62,2092
2025,act,male,63,2053
2025,act,male,64,2004
2025,act,male,65,1958
2025,act,male,66,1807
2025,act,male,67,1730
2025,act,male,68,1698
2025,act,male,69,1631
2025,act,male,70,1505
2025,act,male,71,1559
2025,act,male,72,1552
2025,act,male,73,1454
2025,act,male,74,1457
2025,act,male,75,1456
2025,act,male,76,1400
2025,act,male,77,1413
2025,act,male,78,1403
2025,act,male,79,1164
2025,act,male,80,998
2025,act,male,81,921
2025,act,male,82,761
2025,act,male,83,776
2025,act,male,84,615
2025,act,male,85,581
2025,act,male,86,521
2025,act,male,87,433
2025,act,male,88,350
2025,act,male,89,298
2025,act,male,90,274
2025,act,male,91,200
2025,act,male,92,158
2025,act,male,93,156
2025,act,male,94,104
2025,act,male,95,84
2025,act,male,96,55
2025,act,male,97,35
2025,act,male,98,26
2025,act,male,99,16
2025,act,male,100,32
2025,nsw,female,0,45253
2025,nsw,female,1,44644
2025,nsw,female,2,45124
2025,nsw,female,3,49174
2025,nsw,female,4,46741
2025,nsw,female,5,46780
2025,nsw,female,6,47367
2025,nsw,female,7,47737
2025,nsw,female,8,48907
2025,nsw,female,9,49911
2025,nsw,female,10,49304
2025,nsw,female,11,50250
2025,nsw,female,12,50563
2025,nsw,female,13,51099
2025,nsw,female,14,50422
2025,nsw,female,15,51075
2025,nsw,female,16,50526
2025,nsw,female,17,50753
2025,nsw,female,18,50933
2025,nsw,female,19,51548
2025,nsw,female,20,51960
2025,nsw,female,21,51556
2025,nsw,female,22,52425
2025,nsw,female,23,54770
2025,nsw,female,24,57902
2025,nsw,female,25,60046
2025,nsw,female,26,60837
2025,nsw,female,27,62382
2025,nsw,female,28,62574
2025,nsw,female,29,62705
2025,nsw,female,30,63467
2025,nsw,female,31,63060
2025,nsw,female,32,63165
2025,nsw,female,33,63197
2025,nsw,female,34,64268
2025,nsw,female,35,63886
2025,nsw,female,36,62688
2025,nsw,female,37,62237
2025,nsw,female,38,61492
2025,nsw,female,39,60952
2025,nsw,female,40,60592
2025,nsw,female,41,60346
2025,nsw,female,42,59859
2025,nsw,female,43,57876
2025,nsw,female,44,56544
2025,nsw,female,45,53880
2025,nsw,female,46,53019
2025,nsw,female,47,51436
2025,nsw,female,48,50763
2025,nsw,female,49,50478
2025,nsw,female,50,50513
2025,nsw,female,51,51744
2025,nsw,female,52,52935
2025,nsw,female,53,54782
2025,nsw,female,54,54782
2025,nsw,female,55,50598
2025,nsw,female,56,50063
2025,nsw,female,57,47989
2025,nsw,female,58,46888
2025,nsw,female,59,46696
2025,nsw,female,60,47881
2025,nsw,female,61,49574
2025,nsw,female,62,50677
2025,nsw,female,63,49979
2025,nsw,female,64,49539
2025,nsw,female,65,47841
2025,nsw,female,66,46550
2025,nsw,female,67,46216
2025,nsw,female,68,44596
2025,nsw,female,69,43025
2025,nsw,female,70,42200
2025,nsw,female,71,40452
2025,nsw,female,72,39743
2025,nsw,female,73,37993
2025,nsw,female,74,37253
2025,nsw,female,75,36149
2025,nsw,female,76,34622
2025,nsw,female,77,34318
2025,nsw,female,78,34196
2025,nsw,female,79,28380
2025,nsw,female,80,26592
2025,nsw,female,81,24504
2025,nsw,female,82,21576
2025,nsw,female,83,20066
2025,nsw,female,84,18568
2025,nsw,female,85,17024
2025,nsw,female,86,15670
2025,nsw,female,87,14152
2025,nsw,female,88,12776
2025,nsw,female,89,11139
2025,nsw,female,90,9572
2025,nsw,female,91,7682
2025,nsw,female,92,6672
2025,nsw,female,93,5504
2025,nsw,female,94,4812
2025,nsw,female,95,3859
2025,nsw,female,96,2883
2025,nsw,female,97,2100
2025,nsw,female,98,1589
2025,nsw,female,99,1159
2025,nsw,female,100,1738
2025,nsw,male,0,48010
2025,nsw,male,1,47143
2025,nsw,male,2,48183
2025,nsw,male,3,51618
2025,nsw,male,4,49641
2025,nsw,male,5,49330
2025,nsw,male,6,50762
2025,nsw,male,7,50591
2025,nsw,male,8,51663
2025,nsw,male,9,52995
2025,nsw,male,10,52848
2025,nsw,male,11,53250
2025,nsw,male,12,54223
2025,nsw,male,13,54342
2025,nsw,male,14,53699
2025,nsw,male,15,54061
2025,nsw,male,16,53452
2025,nsw,male,17,53424
2025,nsw,male,18,54619
2025,nsw,male,19,55935
2025,nsw,male,20,57431
2025,nsw,male,21,58295
2025,nsw,male,22,59082
2025,nsw,male,23,61187
2025,nsw,male,24,64265
2025,nsw,male,25,65159
2025,nsw,male,26,63775
2025,nsw,male,27,64175
2025,nsw,male,28,64574
2025,nsw,male,29,63477
2025,nsw,male,30,64003
2025,nsw,male,31,62799
2025,nsw,male,32,62591
2025,nsw,male,33,62585
2025,nsw,male,34,63268
2025,nsw,male,35,63369
2025,nsw,male,36,62009
2025,nsw,male,37,60568
2025,nsw,male,38,60337
2025,nsw,male,39,60845
2025,nsw,male,40,60341
2025,nsw,male,41,59685
2025,nsw,male,42,59399
2025,nsw,male,43,57601
2025,nsw,male,44,55783
2025,nsw,male,45,52919
2025,nsw,male,46,51140
2025,nsw,male,47,49375
2025,nsw,male,48,49165
2025,nsw,male,49,49485
2025,nsw,male,50,49810
2025,nsw,male,51,50480
2025,nsw,male,52,51409
2025,nsw,male,53,53003
2025,nsw,male,54,52486
2025,nsw,male,55,48554
2025,nsw,male,56,47743
2025,nsw,male,57,45570
2025,nsw,male,58,45082
2025,nsw,male,59,45431
2025,nsw,male,60,45901
2025,nsw,male,61,47568
2025,nsw,male,62,48188
2025,nsw,male,63,47769
2025,nsw,male,64,46431
2025,nsw,male,65,44395
2025,nsw,male,66,43353
2025,nsw,male,67,42464
2025,nsw,male,68,40897
2025,nsw,male,69,39557
2025,nsw,male,70,38025
2025,nsw,male,71,36889
2025,nsw,male,72,36045
2025,nsw,male,73,34339
2025,nsw,male,74,34027
2025,nsw,male,75,32875
2025,nsw,male,76,31490
2025,nsw,male,77,31566
2025,nsw,male,78,31219
2025,nsw,male,79,25634
2025,nsw,male,80,23663
2025,nsw,male,81,21689
2025,nsw,male,82,18506
2025,nsw,male,83,17191
2025,nsw,male,84,15185
2025,nsw,male,85,13843
2025,nsw,male,86,12125
2025,nsw,male,87,10438
2025,nsw,male,88,9370
2025,nsw,male,89,7692
2025,nsw,male,90,6185
2025,nsw,male,91,4953
2025,nsw,male,92,4030
2025,nsw,male,93,3289
2025,nsw,male,94,2644
2025,nsw,male,95,2058
2025,nsw,male,96,1510
2025,nsw,male,97,912
2025,nsw,male,98,676
2025,nsw,male,99,519
2025,nsw,male,100,675
2025,nt,female,0,1639
2025,nt,female,1,1687
2025,nt,female,2,1653
2025,nt,female,3,1803
2025,nt,female,4,1795
2025,nt,female,5,1668
2025,nt,female,6,1701
2025,nt,female,7,1686
2025,nt,female,8,1785
2025,nt,female,9,1801
2025,nt,female,10,1795
2025,nt,female,11,1721
2025,nt,female,12,1799
2025,nt,female,13,1725
2025,nt,female,14,1645
2025,nt,female,15,1627
2025,nt,female,16,1563
2025,nt,female,17,1589
2025,nt,female,18,1492
2025,nt,female,19,1480
2025,nt,female,20,1427
2025,nt,female,21,1508
2025,nt,female,22,1611
2025,nt,female,23,1729
2025,nt,female,24,1828
2025,nt,female,25,2049
2025,nt,female,26,2224
2025,nt,female,27,2349
2025,nt,female,28,2538
2025,nt,female,29,2602
2025,nt,female,30,2608
2025,nt,female,31,2646
2025,nt,female,32,2666
2025,nt,female,33,2504
2025,nt,female,34,2534
2025,nt,female,35,2453
2025,nt,female,36,2262
2025,nt,female,37,2292
2025,nt,female,38,2178
2025,nt,female,39,2141
2025,nt,female,40,2162
2025,nt,female,41,2018
2025,nt,female,42,1913
2025,nt,female,43,1869
2025,nt,female,44,1802
2025,nt,female,45,1733
2025,nt,female,46,1698
2025,nt,female,47,1638
2025,nt,female,48,1510
2025,nt,female,49,1576
2025,nt,female,50,1458
2025,nt,female,51,1503
2025,nt,female,52,1471
2025,nt,female,53,1518
2025,nt,female,54,1569
2025,nt,female,55,1534
2025,nt,female,56,1458
2025,nt,female,57,1425
2025,nt,female,58,1375
2025,nt,female,59,1317
2025,nt,female,60,1204
2025,nt,female,61,1205
2025,nt,female,62,1194
2025,nt,female,63,1151
2025,nt,female,64,1164
2025,nt,female,65,1025
2025,nt,female,66,988
2025,nt,female,67,924
2025,nt,female,68,898
2025,nt,female,69,797
2025,nt,female,70,793
2025,nt,female,71,735
2025,nt,female,72,688
2025,nt,female,73,606
2025,nt,female,74,598
2025,nt,female,75,560
2025,nt,female,76,484
2025,nt,female,77,494
2025,nt,female,78,462
2025,nt,female,79,367
2025,nt,female,80,285
2025,nt,female,81,281
2025,nt,female,82,214
2025,nt,female,83,219
2025,nt,female,84,209
2025,nt,female,85,185
2025,nt,female,86,138
2025,nt,female,87,141
2025,nt,female,88,89
2025,nt,female,89,65
2025,nt,female,90,68
2025,nt,female,91,53
2025,nt,female,92,39
2025,nt,female,93,44
2025,nt,female,94,17
2025,nt,female,95,30
2025,nt,female,96,12
2025,nt,female,97,17
2025,nt,female,98,14
2025,nt,female,99,10
2025,nt,female,100,11
2025,nt,male,0,1755
2025,nt,male,1,1733
2025,nt,male,2,1832
2025,nt,male,3,1759
2025,nt,male,4,1819
2025,nt,male,5,1810
2025,nt,male,6,1868
2025,nt,male,7,1882
2025,nt,male,8,1901
2025,nt,male,9,1894
2025,nt,male,10,1932
2025,nt,male,11,1852
2025,nt,male,12,1843
2025,nt,male,13,1858
2025,nt,male,14,1780
2025,nt,male,15,1777
2025,nt,male,16,1704
2025,nt,male,17,1723
2025,nt,male,18,1631
2025,nt,male,19,1763
2025,nt,male,20,1927
2025,nt,male,21,2048
2025,nt,male,22,2270
2025,nt,male,23,2307
2025,nt,male,24,2385
2025,nt,male,25,2475
2025,nt,male,26,2582
2025,nt,male,27,2690
2025,nt,male,28,2544
2025,nt,male,29,2490
2025,nt,male,30,2599
2025,nt,male,31,2571
2025,nt,male,32,2646
2025,nt,male,33,2560
2025,nt,male,34,2568
2025,nt,male,35,2643
2025,nt,male,36,2459
2025,nt,male,37,2313
2025,nt,male,38,2293
2025,nt,male,39,2243
2025,nt,male,40,2043
2025,nt,male,41,2126
2025,nt,male,42,2009
2025,nt,male,43,1846
2025,nt,male,44,1829
2025,nt,male,45,1711
2025,nt,male,46,1748
2025,nt,male,47,1523
2025,nt,male,48,1604
2025,nt,male,49,1583
2025,nt,male,50,1542
2025,nt,male,51,1561
2025,nt,male,52,1608
2025,nt,male,53,1596
2025,nt,male,54,1666
2025,nt,male,55,1613
2025,nt,male,56,1490
2025,nt,male,57,1331
2025,nt,male,58,1373
2025,nt,male,59,1324
2025,nt,male,60,1319
2025,nt,male,61,1275
2025,nt,male,62,1264
2025,nt,male,63,1233
2025,nt,male,64,1157
2025,nt,male,65,1055
2025,nt,male,66,1059
2025,nt,male,67,943
2025,nt,male,68,899
2025,nt,male,69,878
2025,nt,male,70,803
2025,nt,male,71,778
2025,nt,male,72,706
2025,nt,male,73,646
2025,nt,male,74,620
2025,nt,male,75,640
2025,nt,male,76,543
2025,nt,male,77,482
2025,nt,male,78,470
2025,nt,male,79,389
2025,nt,male,80,339
2025,nt,male,81,279
2025,nt,male,82,259
2025,nt,male,83,229
2025,nt,male,84,211
2025,nt,male,85,183
2025,nt,male,86,98
2025,nt,male,87,94
2025,nt,male,88,68
2025,nt,male,89,74
2025,nt,male,90,41
2025,nt,male,91,30
2025,nt,male,92,36
2025,nt,male,93,28
2025,nt,male,94,23
2025,nt,male,95,15
2025,nt,male,96,10
2025,nt,male,97,12
2025,nt,male,98,4
2025,nt,male,99,1
2025,nt,male,100,19
2025,qld,female,0,28846
2025,qld,female,1,29113
2025,qld,female,2,29978
2025,qld,female,3,32131
2025,qld,female,4,30421
2025,qld,female,5,30958
2025,qld,female,6,31536
2025,qld,female,7,31961
2025,qld,female,8,32610
2025,qld,female,9,34204
2025,qld,female,10,34123
2025,qld,female,11,34915
2025,qld,female,12,35113
2025,qld,female,13,35574
2025,qld,female,14,35723
2025,qld,female,15,36269
2025,qld,female,16,36142
2025,qld,female,17,35779
2025,qld,female,18,35793
2025,qld,female,19,36172
2025,qld,female,20,35974
2025,qld,female,21,35920
2025,qld,female,22,35616
2025,qld,female,23,36612
2025,qld,female,24,38445
2025,qld,female,25,39147
2025,qld,female,26,39209
2025,qld,female,27,39875
2025,qld,female,28,40331
2025,qld,female,29,40697
2025,qld,female,30,41631
2025,qld,female,31,40666
2025,qld,female,32,40892
2025,qld,female,33,41203
2025,qld,female,34,40889
2025,qld,female,35,40814
2025,qld,female,36,40005
2025,qld,female,37,39687
2025,qld,female,38,39640
2025,qld,female,39,40197
2025,qld,female,40,40186
2025,qld,female,41,39876
2025,qld,female,42,40137
2025,qld,female,43,38329
2025,qld,female,44,37764
2025,qld,female,45,36381
2025,qld,female,46,35500
2025,qld,female,47,34689
2025,qld,female,48,34671
2025,qld,female,49,34515
2025,qld,female,50,34954
2025,qld,female,51,35530
2025,qld,female,52,36767
2025,qld,female,53,37595
2025,qld,female,54,37859
2025,qld,female,55,35186
2025,qld,female,56,34328
2025,qld,female,57,32849
2025,qld,female,58,32346
2025,qld,female,59,31855
2025,qld,female,60,32258
2025,qld,female,61,33264
2025,qld,female,62,33519
2025,qld,female,63,33105
2025,qld,female,64,32758
2025,qld,female,65,31124
2025,qld,female,66,30484
2025,qld,female,67,29896
2025,qld,female,68,28599
2025,qld,female,69,28003
2025,qld,female,70,27145
2025,qld,female,71,26291
2025,qld,female,72,25699
2025,qld,female,73,24869
2025,qld,female,74,24329
2025,qld,female,75,23878
2025,qld,female,76,22741
2025,qld,female,77,21978
2025,qld,female,78,22344
2025,qld,female,79,18197
2025,qld,female,80,17293
2025,qld,female,81,15480
2025,qld,female,82,13432
2025,qld,female,83,12606
2025,qld,female,84,11040
2025,qld,female,85,10135
2025,qld,female,86,9091
2025,qld,female,87,7968
2025,qld,female,88,7030
2025,qld,female,89,6051
2025,qld,female,90,5056
2025,qld,female,91,4188
2025,qld,female,92,3560
2025,qld,female,93,2952
2025,qld,female,94,2438
2025,qld,female,95,2072
2025,qld,female,96,1563
2025,qld,female,97,1143
2025,qld,female,98,801
2025,qld,female,99,585
2025,qld,female,100,962
2025,qld,male,0,30097
2025,qld,male,1,30711
2025,qld,male,2,31401
2025,qld,male,3,34014
2025,qld,male,4,32559
2025,qld,male,5,32754
2025,qld,male,6,33739
2025,qld,male,7,33886
2025,qld,male,8,34685
2025,qld,male,9,35842
2025,qld,male,10,36321
2025,qld,male,11,36830
2025,qld,male,12,37379
2025,qld,male,13,37271
2025,qld,male,14,37349
2025,qld,male,15,38039
2025,qld,male,16,38278
2025,qld,male,17,38438
2025,qld,male,18,38271
2025,qld,male,19,37604
2025,qld,male,20,37657
2025,qld,male,21,36823
2025,qld,male,22,36774
2025,qld,male,23,38256
2025,qld,male,24,40315
2025,qld,male,25,40742
2025,qld,male,26,40316
2025,qld,male,27,40676
2025,qld,male,28,40366
2025,qld,male,29,40896
2025,qld,male,30,40884
2025,qld,male,31,40429
2025,qld,male,32,40029
2025,qld,male,33,39374
2025,qld,male,34,39998
2025,qld,male,35,39853
2025,qld,male,36,38913
2025,qld,male,37,38411
2025,qld,male,38,38555
2025,qld,male,39,38977
2025,qld,male,40,38540
2025,qld,male,41,38429
2025,qld,male,42,38771
2025,qld,male,43,37437
2025,qld,male,44,36203
2025,qld,male,45,34309
2025,qld,male,46,33456
2025,qld,male,47,32558
2025,qld,male,48,32783
2025,qld,male,49,33232
2025,qld,male,50,33707
2025,qld,male,51,34739
2025,qld,male,52,35590
2025,qld,male,53,36185
2025,qld,male,54,36494
2025,qld,male,55,33798
2025,qld,male,56,32791
2025,qld,male,57,31583
2025,qld,male,58,31106
2025,qld,male,59,30504
2025,qld,male,60,30688
2025,qld,male,61,31726
2025,qld,male,62,31597
2025,qld,male,63,31291
2025,qld,male,64,30812
2025,qld,male,65,29485
2025,qld,male,66,28522
2025,qld,male,67,27498
2025,qld,male,68,26715
2025,qld,male,69,26052
2025,qld,male,70,25043
2025,qld,male,71,24015
2025,qld,male,72,23980
2025,qld,male,73,23256
2025,qld,male,74,22679
2025,qld,male,75,21731
2025,qld,male,76,21040
2025,qld,male,77,20608
2025,qld,male,78,20660
2025,qld,male,79,16932
2025,qld,male,80,15677
2025,qld,male,81,13906
2025,qld,male,82,11761
2025,qld,male,83,11044
2025,qld,male,84,9473
2025,qld,male,85,8435
2025,qld,male,86,7200
2025,qld,male,87,6180
2025,qld,male,88,5285
2025,qld,male,89,4372
2025,qld,male,90,3284
2025,qld,male,91,2685
2025,qld,male,92,2123
2025,qld,male,93,1680
2025,qld,male,94,1369
2025,qld,male,95,1051
2025,qld,male,96,687
2025,qld,male,97,449
2025,qld,male,98,351
2025,qld,male,99,262
2025,qld,male,100,329
2025,sa,female,0,8858
2025,sa,female,1,8963
2025,sa,female,2,9294
2025,sa,female,3,9713
2025,sa,female,4,9986
2025,sa,female,5,9778
2025,sa,female,6,9981
2025,sa,female,7,10044
2025,sa,female,8,10238
2025,sa,female,9,10662
2025,sa,female,10,10556
2025,sa,female,11,10670
2025,sa,female,12,10794
2025,sa,female,13,10941
2025,sa,female,14,10786
2025,sa,female,15,10805
2025,sa,female,16,11037
2025,sa,female,17,11269
2025,sa,female,18,11271
2025,sa,female,19,11061
2025,sa,female,20,11044
2025,sa,female,21,11026
2025,sa,female,22,10912
2025,sa,female,23,11137
2025,sa,female,24,11778
2025,sa,female,25,12159
2025,sa,female,26,12401
2025,sa,female,27,12742
2025,sa,female,28,13136
2025,sa,female,29,13408
2025,sa,female,30,13602
2025,sa,female,31,13378
2025,sa,female,32,13350
2025,sa,female,33,13303
2025,sa,female,34,13257
2025,sa,female,35,13198
2025,sa,female,36,12983
2025,sa,female,37,13107
2025,sa,female,38,13058
2025,sa,female,39,13157
2025,sa,female,40,12979
2025,sa,female,41,12954
2025,sa,female,42,12636
2025,sa,female,43,12320
2025,sa,female,44,11920
2025,sa,female,45,11396
2025,sa,female,46,11103
2025,sa,female,47,10891
2025,sa,female,48,10945
2025,sa,female,49,10710
2025,sa,female,50,10858
2025,sa,female,51,11105
2025,sa,female,52,11511
2025,sa,female,53,12146
2025,sa,female,54,12373
2025,sa,female,55,11869
2025,sa,female,56,11678
2025,sa,female,57,11396
2025,sa,female,58,11194
2025,sa,female,59,11318
2025,sa,female,60,11553
2025,sa,female,61,11754
2025,sa,female,62,11992
2025,sa,female,63,11985
2025,sa,female,64,12083
2025,sa,female,65,11763
2025,sa,female,66,11631
2025,sa,female,67,11101
2025,sa,female,68,11076
2025,sa,female,69,10809
2025,sa,female,70,10329
2025,sa,female,71,10231
2025,sa,female,72,10092
2025,sa,female,73,9797
2025,sa,female,74,9765
2025,sa,female,75,9405
2025,sa,female,76,9108
2025,sa,female,77,8914
2025,sa,female,78,9165
2025,sa,female,79,7406
2025,sa,female,80,6912
2025,sa,female,81,6198
2025,sa,female,82,5626
2025,sa,female,83,5176
2025,sa,female,84,4731
2025,sa,female,85,4391
2025,sa,female,86,4149
2025,sa,female,87,3667
2025,sa,female,88,3261
2025,sa,female,89,2796
2025,sa,female,90,2338
2025,sa,female,91,2073
2025,sa,female,92,1657
2025,sa,female,93,1472
2025,sa,female,94,1262
2025,sa,female,95,986
2025,sa,female,96,766
2025,sa,female,97,599
2025,sa,female,98,396
2025,sa,female,99,333
2025,sa,female,100,498
2025,sa,male,0,9379
2025,sa,male,1,9605
2025,sa,male,2,9642
2025,sa,male,3,10377
2025,sa,male,4,10372
2025,sa,male,5,10116
2025,sa,male,6,10350
2025,sa,male,7,10664
2025,sa,male,8,10684
2025,sa,male,9,11151
2025,sa,male,10,11127
2025,sa,male,11,11353
2025,sa,male,12,11454
2025,sa,male,13,11546
2025,sa,male,14,11316
2025,sa,male,15,11692
2025,sa,male,16,11506
2025,sa,male,17,11557
2025,sa,male,18,11722
2025,sa,male,19,11796
2025,sa,male,20,11752
2025,sa,male,21,12057
2025,sa,male,22,12100
2025,sa,male,23,12568
2025,sa,male,24,12959
2025,sa,male,25,13319
2025,sa,male,26,13233
2025,sa,male,27,13425
2025,sa,male,28,13300
2025,sa,male,29,13785
2025,sa,male,30,13822
2025,sa,male,31,13263
2025,sa,male,32,13188
2025,sa,male,33,12955
2025,sa,male,34,13273
2025,sa,male,35,13035
2025,sa,male,36,12927
2025,sa,male,37,12703
2025,sa,male,38,12684
2025,sa,male,39,12718
2025,sa,male,40,12819
2025,sa,male,41,12827
2025,sa,male,42,12615
2025,sa,male,43,12000
2025,sa,male,44,11597
2025,sa,male,45,11038
2025,sa,male,46,10783
2025,sa,male,47,10509
2025,sa,male,48,10599
2025,sa,male,49,10609
2025,sa,male,50,10805
2025,sa,male,51,10915
2025,sa,male,52,11204
2025,sa,male,53,11674
2025,sa,male,54,12054
2025,sa,male,55,11532
2025,sa,male,56,11409
2025,sa,male,57,11077
2025,sa,male,58,10756
2025,sa,male,59,10848
2025,sa,male,60,11099
2025,sa,male,61,11237
2025,sa,male,62,11351
2025,sa,male,63,11233
2025,sa,male,64,11374
2025,sa,male,65,10903
2025,sa,male,66,10657
2025,sa,male,67,10360
2025,sa,male,68,9984
2025,sa,male,69,9689
2025,sa,male,70,9539
2025,sa,male,71,9137
2025,sa,male,72,9058
2025,sa,male,73,8750
2025,sa,male,74,8526
2025,sa,male,75,8405
2025,sa,male,76,8003
2025,sa,male,77,7831
2025,sa,male,78,8076
2025,sa,male,79,6514
2025,sa,male,80,5895
2025,sa,male,81,5407
2025,sa,male,82,4705
2025,sa,male,83,4327
2025,sa,male,84,3670
2025,sa,male,85,3367
2025,sa,male,86,3028
2025,sa,male,87,2669
2025,sa,male,88,2316
2025,sa,male,89,1903
2025,sa,male,90,1539
2025,sa,male,91,1335
2025,sa,male,92,1070
2025,sa,male,93,805
2025,sa,male,94,637
2025,sa,male,95,556
2025,sa,male,96,335
2025,sa,male,97,288
2025,sa,male,98,143
2025,sa,male,99,156
2025,sa,male,100,202
2025,tas,female,0,2707
2025,tas,female,1,2614
2025,tas,female,2,2809
2025,tas,female,3,2873
2025,tas,female,4,2883
2025,tas,female,5,2829
2025,tas,female,6,2847
2025,tas,female,7,2876
2025,tas,female,8,2985
2025,tas,female,9,3083
2025,tas,female,10,3116
2025,tas,female,11,3212
2025,tas,female,12,3205
2025,tas,female,13,3219
2025,tas,female,14,3247
2025,tas,female,15,3233
2025,tas,female,16,3459
2025,tas,female,17,3369
2025,tas,female,18,3318
2025,tas,female,19,3045
2025,tas,female,20,2849
2025,tas,female,21,2649
2025,tas,female,22,2642
2025,tas,female,23,2726
2025,tas,female,24,3015
2025,tas,female,25,3293
2025,tas,female,26,3514
2025,tas,female,27,3564
2025,tas,female,28,3763
2025,tas,female,29,3938
2025,tas,female,30,4059
2025,tas,female,31,4142
2025,tas,female,32,4016
2025,tas,female,33,4043
2025,tas,female,34,4045
2025,tas,female,35,3894
2025,tas,female,36,3742
2025,tas,female,37,3727
2025,tas,female,38,3636
2025,tas,female,39,3689
2025,tas,female,40,3759
2025,tas,female,41,3667
2025,tas,female,42,3475
2025,tas,female,43,3581
2025,tas,female,44,3525
2025,tas,female,45,3347
2025,tas,female,46,3356
2025,tas,female,47,3313
2025,tas,female,48,3210
2025,tas,female,49,3299
2025,tas,female,50,3348
2025,tas,female,51,3410
2025,tas,female,52,3654
2025,tas,female,53,3863
2025,tas,female,54,4016
2025,tas,female,55,3774
2025,tas,female,56,3823
2025,tas,female,57,3678
2025,tas,female,58,3691
2025,tas,female,59,3599
2025,tas,female,60,3703
2025,tas,female,61,4004
2025,tas,female,62,3978
2025,tas,female,63,4121
2025,tas,female,64,4202
2025,tas,female,65,4039
2025,tas,female,66,3911
2025,tas,female,67,3795
2025,tas,female,68,3785
2025,tas,female,69,3592
2025,tas,female,70,3519
2025,tas,female,71,3502
2025,tas,female,72,3334
2025,tas,female,73,3270
2025,tas,female,74,3207
2025,tas,female,75,3130
2025,tas,female,76,2936
2025,tas,female,77,2891
2025,tas,female,78,2923
2025,tas,female,79,2364
2025,tas,female,80,2194
2025,tas,female,81,2040
2025,tas,female,82,1721
2025,tas,female,83,1628
2025,tas,female,84,1446
2025,tas,female,85,1362
2025,tas,female,86,1225
2025,tas,female,87,1117
2025,tas,female,88,931
2025,tas,female,89,771
2025,tas,female,90,655
2025,tas,female,91,559
2025,tas,female,92,531
2025,tas,female,93,366
2025,tas,female,94,325
2025,tas,female,95,239
2025,tas,female,96,198
2025,tas,female,97,117
2025,tas,female,98,78
2025,tas,female,99,89
2025,tas,female,100,90
2025,tas,male,0,2802
2025,tas,male,1,2823
2025,tas,male,2,2865
2025,tas,male,3,2967
2025,tas,male,4,3018
2025,tas,male,5,3035
2025,tas,male,6,3118
2025,tas,male,7,3168
2025,tas,male,8,3228
2025,tas,male,9,3342
2025,tas,male,10,3309
2025,tas,male,11,3346
2025,tas,male,12,3364
2025,tas,male,13,3387
2025,tas,male,14,3542
2025,tas,male,15,3556
2025,tas,male,16,3707
2025,tas,male,17,3653
2025,tas,male,18,3607
2025,tas,male,19,3350
2025,tas,male,20,3219
2025,tas,male,21,3039
2025,tas,male,22,2910
2025,tas,male,23,2899
2025,tas,male,24,3228
2025,tas,male,25,3487
2025,tas,male,26,3572
2025,tas,male,27,3541
2025,tas,male,28,3753
2025,tas,male,29,4047
2025,tas,male,30,4191
2025,tas,male,31,4238
2025,tas,male,32,4142
2025,tas,male,33,4123
2025,tas,male,34,4060
2025,tas,male,35,4018
2025,tas,male,36,3912
2025,tas,male,37,3705
2025,tas,male,38,3759
2025,tas,male,39,3712
2025,tas,male,40,3640
2025,tas,male,41,3531
2025,tas,male,42,3461
2025,tas,male,43,3476
2025,tas,male,44,3229
2025,tas,male,45,3080
2025,tas,male,46,3163
2025,tas,male,47,3058
2025,tas,male,48,3044
2025,tas,male,49,3222
2025,tas,male,50,3225
2025,tas,male,51,3348
2025,tas,male,52,3410
2025,tas,male,53,3637
2025,tas,male,54,3725
2025,tas,male,55,3610
2025,tas,male,56,3650
2025,tas,male,57,3491
2025,tas,male,58,3368
2025,tas,male,59,3294
2025,tas,male,60,3524
2025,tas,male,61,3793
2025,tas,male,62,3785
2025,tas,male,63,3967
2025,tas,male,64,3888
2025,tas,male,65,3705
2025,tas,male,66,3704
2025,tas,male,67,3636
2025,tas,male,68,3439
2025,tas,male,69,3506
2025,tas,male,70,3300
2025,tas,male,71,3105
2025,tas,male,72,3257
2025,tas,male,73,3153
2025,tas,male,74,2979
2025,tas,male,75,2851
2025,tas,male,76,2683
2025,tas,male,77,2730
2025,tas,male,78,2817
2025,tas,male,79,2141
2025,tas,male,80,1939
2025,tas,male,81,1824
2025,tas,male,82,1592
2025,tas,male,83,1501
2025,tas,male,84,1258
2025,tas,male,85,1131
2025,tas,male,86,1000
2025,tas,male,87,860
2025,tas,male,88,694
2025,tas,male,89,579
2025,tas,male,90,432
2025,tas,male,91,373
2025,tas,male,92,287
2025,tas,male,93,230
2025,tas,male,94,176
2025,tas,male,95,134
2025,tas,male,96,90
2025,tas,male,97,44
2025,tas,male,98,35
2025,tas,male,99,26
2025,tas,male,100,47
2025,vic,female,0,39946
2025,vic,female,1,37166
2025,vic,female,2,37071
2025,vic,female,3,39359
2025,vic,female,4,39106
2025,vic,female,5,38399
2025,vic,female,6,39666
2025,vic,female,7,39732
2025,vic,female,8,40417
2025,vic,female,9,41397
2025,vic,female,10,41096
2025,vic,female,11,40998
2025,vic,female,12,41579
2025,vic,female,13,41103
2025,vic,female,14,40351
2025,vic,female,15,41181
2025,vic,female,16,40332
2025,vic,female,17,40646
2025,vic,female,18,41792
2025,vic,female,19,43445
2025,vic,female,20,44196
2025,vic,female,21,44264
2025,vic,female,22,44857
2025,vic,female,23,47064
2025,vic,female,24,49766
2025,vic,female,25,51194
2025,vic,female,26,51204
2025,vic,female,27,52250
2025,vic,female,28,53941
2025,vic,female,29,54587
2025,vic,female,30,55309
2025,vic,female,31,55459
2025,vic,female,32,55196
2025,vic,female,33,55239
2025,vic,female,34,56392
2025,vic,female,35,56577
2025,vic,female,36,55280
2025,vic,female,37,55021
2025,vic,female,38,54013
2025,vic,female,39,53936
2025,vic,female,40,53200
2025,vic,female,41,51570
2025,vic,female,42,51182
2025,vic,female,43,49595
2025,vic,female,44,47659
2025,vic,female,45,45239
2025,vic,female,46,44057
2025,vic,female,47,42670
2025,vic,female,48,41879
2025,vic,female,49,41387
2025,vic,female,50,42101
2025,vic,female,51,42645
2025,vic,female,52,42862
2025,vic,female,53,44915
2025,vic,female,54,45661
2025,vic,female,55,42472
2025,vic,female,56,42133
2025,vic,female,57,39942
2025,vic,female,58,38646
2025,vic,female,59,38667
2025,vic,female,60,38751
2025,vic,female,61,39498
2025,vic,female,62,39613
2025,vic,female,63,39071
2025,vic,female,64,38638
2025,vic,female,65,37579
2025,vic,female,66,36851
2025,vic,female,67,36025
2025,vic,female,68,34933
2025,vic,female,69,34126
2025,vic,female,70,33101
2025,vic,female,71,31839
2025,vic,female,72,31077
2025,vic,female,73,29852
2025,vic,female,74,29392
2025,vic,female,75,28533
2025,vic,female,76,27230
2025,vic,female,77,27019
2025,vic,female,78,27163
2025,vic,female,79,22137
2025,vic,female,80,20532
2025,vic,female,81,19085
2025,vic,female,82,16828
2025,vic,female,83,16064
2025,vic,female,84,14278
2025,vic,female,85,13631
2025,vic,female,86,12433
2025,vic,female,87,11272
2025,vic,female,88,9876
2025,vic,female,89,8691
2025,vic,female,90,7383
2025,vic,female,91,6269
2025,vic,female,92,5465
2025,vic,female,93,4453
2025,vic,female,94,3745
2025,vic,female,95,2989
2025,vic,female,96,2217
2025,vic,female,97,1719
2025,vic,female,98,1226
2025,vic,female,99,962
2025,vic,female,100,1380
2025,vic,male,0,42248
2025,vic,male,1,39254
2025,vic,male,2,39496
2025,vic,male,3,40987
2025,vic,male,4,40635
2025,vic,male,5,40294
2025,vic,male,6,41223
2025,vic,male,7,41865
2025,vic,male,8,42574
2025,vic,male,9,43851
2025,vic,male,10,43180
2025,vic,male,11,43528
2025,vic,male,12,43894
2025,vic,male,13,43325
2025,vic,male,14,42559
2025,vic,male,15,42747
2025,vic,male,16,42627
2025,vic,male,17,42704
2025,vic,male,18,44254
2025,vic,male,19,45531
2025,vic,male,20,46852
2025,vic,male,21,47775
2025,vic,male,22,48118
2025,vic,male,23,49941
2025,vic,male,24,52896
2025,vic,male,25,52869
2025,vic,male,26,52134
2025,vic,male,27,52501
2025,vic,male,28,54152
2025,vic,male,29,54684
2025,vic,male,30,55429
2025,vic,male,31,54630
2025,vic,male,32,54141
2025,vic,male,33,53424
2025,vic,male,34,54033
2025,vic,male,35,54008
2025,vic,male,36,53443
2025,vic,male,37,53184
2025,vic,male,38,53132
2025,vic,male,39,52789
2025,vic,male,40,52164
2025,vic,male,41,51080
2025,vic,male,42,50632
2025,vic,male,43,48634
2025,vic,male,44,46659
2025,vic,male,45,44069
2025,vic,male,46,42636
2025,vic,male,47,41383
2025,vic,male,48,40456
2025,vic,male,49,40581
2025,vic,male,50,40656
2025,vic,male,51,40701
2025,vic,male,52,41011
2025,vic,male,53,42216
2025,vic,male,54,42408
2025,vic,male,55,40124
2025,vic,male,56,39598
2025,vic,male,57,37977
2025,vic,male,58,36640
2025,vic,male,59,36329
2025,vic,male,60,36294
2025,vic,male,61,36728
2025,vic,male,62,37163
2025,vic,male,63,36521
2025,vic,male,64,35809
2025,vic,male,65,34162
2025,vic,male,66,33828
2025,vic,male,67,32471
2025,vic,male,68,31476
2025,vic,male,69,31017
2025,vic,male,70,29515
2025,vic,male,71,28229
2025,vic,male,72,27588
2025,vic,male,73,26544
2025,vic,male,74,25787
2025,vic,male,75,24838
2025,vic,male,76,23699
2025,vic,male,77,23695
2025,vic,male,78,23833
2025,vic,male,79,19654
2025,vic,male,80,17732
2025,vic,male,81,16107
2025,vic,male,82,14077
2025,vic,male,83,13424
2025,vic,male,84,11935
2025,vic,male,85,10690
2025,vic,male,86,9435
2025,vic,male,87,8314
2025,vic,male,88,7176
2025,vic,male,89,5952
2025,vic,male,90,4840
2025,vic,male,91,3969
2025,vic,male,92,3223
2025,vic,male,93,2291
2025,vic,male,94,2011
2025,vic,male,95,1570
2025,vic,male,96,1163
2025,vic,male,97,797
2025,vic,male,98,554
2025,vic,male,99,420
2025,vic,male,100,525
2025,wa,female,0,16040
2025,wa,female,1,15614
2025,wa,female,2,15972
2025,wa,female,3,17169
2025,wa,female,4,17404
2025,wa,female,5,17357
2025,wa,female,6,17724
2025,wa,female,7,18065
2025,wa,female,8,18385
2025,wa,female,9,18693
2025,wa,female,10,18335
2025,wa,female,11,18606
2025,wa,female,12,18514
2025,wa,female,13,18460
2025,wa,female,14,18441
2025,wa,female,15,18358
2025,wa,female,16,17957
2025,wa,female,17,18386
2025,wa,female,18,18056
2025,wa,female,19,17896
2025,wa,female,20,17575
2025,wa,female,21,17708
2025,wa,female,22,17867
2025,wa,female,23,18502
2025,wa,female,24,19745
2025,wa,female,25,21006
2025,wa,female,26,21626
2025,wa,female,27,22301
2025,wa,female,28,22655
2025,wa,female,29,22774
2025,wa,female,30,23231
2025,wa,female,31,23137
2025,wa,female,32,22966
2025,wa,female,33,22668
2025,wa,female,34,23295
2025,wa,female,35,23346
2025,wa,female,36,23414
2025,wa,female,37,23125
2025,wa,female,38,23174
2025,wa,female,39,23008
2025,wa,female,40,22659
2025,wa,female,41,22363
2025,wa,female,42,21958
2025,wa,female,43,21089
2025,wa,female,44,20548
2025,wa,female,45,19497
2025,wa,female,46,19070
2025,wa,female,47,18179
2025,wa,female,48,17891
2025,wa,female,49,17863
2025,wa,female,50,17958
2025,wa,female,51,17821
2025,wa,female,52,18164
2025,wa,female,53,19026
2025,wa,female,54,19301
2025,wa,female,55,17936
2025,wa,female,56,17810
2025,wa,female,57,17091
2025,wa,female,58,16584
2025,wa,female,59,16584
2025,wa,female,60,16683
2025,wa,female,61,16860
2025,wa,female,62,16766
2025,wa,female,63,16563
2025,wa,female,64,16407
2025,wa,female,65,15926
2025,wa,female,66,15492
2025,wa,female,67,14966
2025,wa,female,68,14482
2025,wa,female,69,14450
2025,wa,female,70,13914
2025,wa,female,71,13276
2025,wa,female,72,12980
2025,wa,female,73,12495
2025,wa,female,74,12042
2025,wa,female,75,11581
2025,wa,female,76,11281
2025,wa,female,77,10884
2025,wa,female,78,10989
2025,wa,female,79,8508
2025,wa,female,80,7932
2025,wa,female,81,7465
2025,wa,female,82,6524
2025,wa,female,83,6274
2025,wa,female,84,5640
2025,wa,female,85,5210
2025,wa,female,86,4835
2025,wa,female,87,4322
2025,wa,female,88,3790
2025,wa,female,89,3276
2025,wa,female,90,2790
2025,wa,female,91,2253
2025,wa,female,92,1953
2025,wa,female,93,1671
2025,wa,female,94,1404
2025,wa,female,95,1063
2025,wa,female,96,761
2025,wa,female,97,643
2025,wa,female,98,410
2025,wa,female,99,300
2025,wa,female,100,475
2025,wa,male,0,16945
2025,wa,male,1,16378
2025,wa,male,2,16788
2025,wa,male,3,18228
2025,wa,male,4,18288
2025,wa,male,5,18291
2025,wa,male,6,18969
2025,wa,male,7,19097
2025,wa,male,8,19551
2025,wa,male,9,19910
2025,wa,male,10,19525
2025,wa,male,11,19399
2025,wa,male,12,19496
2025,wa,male,13,19292
2025,wa,male,14,19469
2025,wa,male,15,19389
2025,wa,male,16,19235
2025,wa,male,17,19346
2025,wa,male,18,19460
2025,wa,male,19,19290
2025,wa,male,20,19251
2025,wa,male,21,19315
2025,wa,male,22,19328
2025,wa,male,23,20347
2025,wa,male,24,22187
2025,wa,male,25,23226
2025,wa,male,26,23760
2025,wa,male,27,24295
2025,wa,male,28,24296
2025,wa,male,29,24411
2025,wa,male,30,24761
2025,wa,male,31,24003
2025,wa,male,32,23143
2025,wa,male,33,23094
2025,wa,male,34,23544
2025,wa,male,35,23715
2025,wa,male,36,23620
2025,wa,male,37,23403
2025,wa,male,38,23398
2025,wa,male,39,23467
2025,wa,male,40,23233
2025,wa,male,41,22840
2025,wa,male,42,22620
2025,wa,male,43,21760
2025,wa,male,44,20879
2025,wa,male,45,19585
2025,wa,male,46,18866
2025,wa,male,47,18420
2025,wa,male,48,18045
2025,wa,male,49,18236
2025,wa,male,50,17965
2025,wa,male,51,18046
2025,wa,male,52,18594
2025,wa,male,53,19288
2025,wa,male,54,19409
2025,wa,male,55,18222
2025,wa,male,56,18004
2025,wa,male,57,17214
2025,wa,male,58,16640
2025,wa,male,59,16541
2025,wa,male,60,16349
2025,wa,male,61,16567
2025,wa,male,62,16671
2025,wa,male,63,16117
2025,wa,male,64,15920
2025,wa,male,65,15105
2025,wa,male,66,14552
2025,wa,male,67,14018
2025,wa,male,68,13729
2025,wa,male,69,13525
2025,wa,male,70,12528
2025,wa,male,71,12040
2025,wa,male,72,11751
2025,wa,male,73,11465
2025,wa,male,74,11235
2025,wa,male,75,10690
2025,wa,male,76,10334
2025,wa,male,77,10240
2025,wa,male,78,10214
2025,wa,male,79,7863
2025,wa,male,80,7346
2025,wa,male,81,6707
2025,wa,male,82,5665
2025,wa,male,83,5586
2025,wa,male,84,4672
2025,wa,male,85,4307
2025,wa,male,86,3801
2025,wa,male,87,3275
2025,wa,male,88,2775
2025,wa,male,89,2313
2025,wa,male,90,1901
2025,wa,male,91,1408
2025,wa,male,92,1140
2025,wa,male,93,975
2025,wa,male,94,771
2025,wa,male,95,556
2025,wa,male,96,456
2025,wa,male,97,253
2025,wa,male,98,152
2025,wa,male,99,159
2025,wa,male,100,278
