year,state,sex,age_band,arrivals,departures
2010,act,female,0-4,750,660
2010,act,female,10-14,420,400
2010,act,female,15-19,940,490
2010,act,female,20-24,1540,1290
2010,act,female,25-29,1490,1460
2010,act,female,30-34,1100,1070
2010,act,female,35-39,770,800
2010,act,female,40-44,560,530
2010,act,female,45-49,410,370
2010,act,female,5-9,480,480
2010,act,female,50-54,330,370
2010,act,female,55-59,250,380
2010,act,female,60-64,160,290
2010,act,female,65-69,100,160
2010,act,female,70-74,60,70
2010,act,female,75+,190,140
2010,act,male,0-4,780,720
2010,act,male,10-14,400,380
2010,act,male,15-19,870,480
2010,act,male,20-24,1490,1260
2010,act,male,25-29,1670,1420
2010,act,male,30-34,1140,1050
2010,act,male,35-39,880,820
2010,act,male,40-44,630,620
2010,act,male,45-49,480,450
2010,act,male,5-9,510,550
2010,act,male,50-54,350,360
2010,act,male,55-59,260,330
2010,act,male,60-64,160,330
2010,act,male,65-69,90,180
2010,act,male,70-74,60,80
2010,act,male,75+,120,100
2010,nsw,female,0-4,3300,4150
2010,nsw,female,10-14,1970,2420
2010,nsw,female,15-19,2780,3730
2010,nsw,female,20-24,5100,6020
2010,nsw,female,25-29,5800,6320
2010,nsw,female,30-34,4590,5120
2010,nsw,female,35-39,3510,4070
2010,nsw,female,40-44,2360,2750
2010,nsw,female,45-49,1830,2170
2010,nsw,female,5-9,2440,2880
2010,nsw,female,50-54,1750,1860
2010,nsw,female,55-59,1550,1570
2010,nsw,female,60-64,1310,1290
2010,nsw,female,65-69,810,770
2010,nsw,female,70-74,420,440
2010,nsw,female,75+,780,910
2010,nsw,male,0-4,3620,4290
2010,nsw,male,10-14,1990,2360
2010,nsw,male,15-19,2570,3470
2010,nsw,male,20-24,5300,6470
2010,nsw,male,25-29,6140,6970
2010,nsw,male,30-34,4560,5310
2010,nsw,male,35-39,3710,4430
2010,nsw,male,40-44,2830,3300
2010,nsw,male,45-49,2030,2550
2010,nsw,male,5-9,2510,3050
2010,nsw,male,50-54,1730,2000
2010,nsw,male,55-59,1580,1700
2010,nsw,male,60-64,1400,1420
2010,nsw,male,65-69,910,820
2010,nsw,male,70-74,490,480
2010,nsw,male,75+,610,670
2010,nt,female,0-4,590,780
2010,nt,female,10-14,330,510
2010,nt,female,15-19,500,620
2010,nt,female,20-24,1270,1030
2010,nt,female,25-29,1050,1110
2010,nt,female,30-34,730,840
2010,nt,female,35-39,530,730
2010,nt,female,40-44,420,530
2010,nt,female,45-49,340,410
2010,nt,female,5-9,420,550
2010,nt,female,50-54,320,390
2010,nt,female,55-59,220,350
2010,nt,female,60-64,140,230
2010,nt,female,65-69,50,90
2010,nt,female,70-74,10,40
2010,nt,female,75+,30,30
2010,nt,male,0-4,630,810
2010,nt,male,10-14,340,500
2010,nt,male,15-19,540,520
2010,nt,male,20-24,1410,1360
2010,nt,male,25-29,1440,1590
2010,nt,male,30-34,820,910
2010,nt,male,35-39,650,820
2010,nt,male,40-44,520,620
2010,nt,male,45-49,410,490
2010,nt,male,5-9,450,570
2010,nt,male,50-54,370,380
2010,nt,male,55-59,280,350
2010,nt,male,60-64,180,280
2010,nt,male,65-69,80,150
2010,nt,male,70-74,30,60
2010,nt,male,75+,40,40
2010,qld,female,0-4,3660,3230
2010,qld,female,10-14,2370,1950
2010,qld,female,15-19,3140,2730
2010,qld,female,20-24,5040,5070
2010,qld,female,25-29,5050,5310
2010,qld,female,30-34,4130,3990
2010,qld,female,35-39,3650,3110
2010,qld,female,40-44,2680,2360
2010,qld,female,45-49,2060,1890
2010,qld,female,5-9,2860,2410
2010,qld,female,50-54,1910,1760
2010,qld,female,55-59,1570,1440
2010,qld,female,60-64,1330,1170
2010,qld,female,65-69,740,680
2010,qld,female,70-74,430,400
2010,qld,female,75+,790,730
2010,qld,male,0-4,3790,3550
2010,qld,male,10-14,2450,2090
2010,qld,male,15-19,2950,2700
2010,qld,male,20-24,5210,4730
2010,qld,male,25-29,5630,5960
2010,qld,male,30-34,4330,4150
2010,qld,male,35-39,3970,3450
2010,qld,male,40-44,3170,2710
2010,qld,male,45-49,2420,2090
2010,qld,male,5-9,3060,2520
2010,qld,male,50-54,1950,1810
2010,qld,male,55-59,1630,1550
2010,qld,male,60-64,1410,1260
2010,qld,male,65-69,930,770
2010,qld,male,70-74,450,420
2010,qld,male,75+,580,560
2010,sa,female,0-4,940,970
2010,sa,female,10-14,590,620
2010,sa,female,15-19,880,880
2010,sa,female,20-24,1260,1550
2010,sa,female,25-29,1410,1780
2010,sa,female,30-34,1070,1390
2010,sa,female,35-39,920,1080
2010,sa,female,40-44,670,760
2010,sa,female,45-49,520,590
2010,sa,female,5-9,650,780
2010,sa,female,50-54,530,530
2010,sa,female,55-59,410,420
2010,sa,female,60-64,310,350
2010,sa,female,65-69,180,190
2010,sa,female,70-74,100,90
2010,sa,female,75+,170,220
2010,sa,male,0-4,1000,1030
2010,sa,male,10-14,590,670
2010,sa,male,15-19,760,790
2010,sa,male,20-24,1410,1410
2010,sa,male,25-29,1520,1780
2010,sa,male,30-34,1180,1340
2010,sa,male,35-39,990,1160
2010,sa,male,40-44,790,860
2010,sa,male,45-49,640,720
2010,sa,male,5-9,690,820
2010,sa,male,50-54,540,580
2010,sa,male,55-59,470,480
2010,sa,male,60-64,370,340
2010,sa,male,65-69,220,210
2010,sa,male,70-74,120,100
2010,sa,male,75+,110,150
2010,tas,female,0-4,480,430
2010,tas,female,10-14,320,300
2010,tas,female,15-19,340,540
2010,tas,female,20-24,560,880
2010,tas,female,25-29,660,750
2010,tas,female,30-34,540,510
2010,tas,female,35-39,510,440
2010,tas,female,40-44,390,330
2010,tas,female,45-49,350,290
2010,tas,female,5-9,340,320
2010,tas,female,50-54,380,310
2010,tas,female,55-59,340,200
2010,tas,female,60-64,270,200
2010,tas,female,65-69,160,110
2010,tas,female,70-74,80,80
2010,tas,female,75+,130,90
2010,tas,male,0-4,480,430
2010,tas,male,10-14,310,290
2010,tas,male,15-19,300,460
2010,tas,male,20-24,450,810
2010,tas,male,25-29,680,830
2010,tas,male,30-34,530,520
2010,tas,male,35-39,480,420
2010,tas,male,40-44,410,380
2010,tas,male,45-49,370,290
2010,tas,male,5-9,390,350
2010,tas,male,50-54,320,270
2010,tas,male,55-59,310,250
2010,tas,male,60-64,320,180
2010,tas,male,65-69,190,130
2010,tas,male,70-74,90,80
2010,tas,male,75+,90,80
2010,vic,female,0-4,2620,2370
2010,vic,female,10-14,1460,1450
2010,vic,female,15-19,2230,1960
2010,vic,female,20-24,4420,3750
2010,vic,female,25-29,5140,4290
2010,vic,female,30-34,3820,3450
2010,vic,female,35-39,2840,2780
2010,vic,female,40-44,1810,1850
2010,vic,female,45-49,1400,1350
2010,vic,female,5-9,1810,1810
2010,vic,female,50-54,1190,1260
2010,vic,female,55-59,1090,1020
2010,vic,female,60-64,870,800
2010,vic,female,65-69,530,490
2010,vic,female,70-74,300,280
2010,vic,female,75+,540,520
2010,vic,male,0-4,2820,2650
2010,vic,male,10-14,1500,1460
2010,vic,male,15-19,2340,2050
2010,vic,male,20-24,4130,4370
2010,vic,male,25-29,5140,4750
2010,vic,male,30-34,3780,3630
2010,vic,male,35-39,2990,2960
2010,vic,male,40-44,2130,2200
2010,vic,male,45-49,1610,1600
2010,vic,male,5-9,1910,1890
2010,vic,male,50-54,1280,1310
2010,vic,male,55-59,1150,1050
2010,vic,male,60-64,910,860
2010,vic,male,65-69,500,560
2010,vic,male,70-74,340,310
2010,vic,male,75+,380,360
2010,wa,female,0-4,1520,1260
2010,wa,female,10-14,890,690
2010,wa,female,15-19,1120,960
2010,wa,female,20-24,2380,1990
2010,wa,female,25-29,2630,2200
2010,wa,female,30-34,1970,1600
2010,wa,female,35-39,1600,1310
2010,wa,female,40-44,1100,890
2010,wa,female,45-49,890,710
2010,wa,female,5-9,1140,890
2010,wa,female,50-54,740,690
2010,wa,female,55-59,530,560
2010,wa,female,60-64,320,390
2010,wa,female,65-69,160,240
2010,wa,female,70-74,90,110
2010,wa,female,75+,160,150
2010,wa,male,0-4,1640,1280
2010,wa,male,10-14,940,740
2010,wa,male,15-19,1030,870
2010,wa,male,20-24,2800,1790
2010,wa,male,25-29,3600,2550
2010,wa,male,30-34,2340,1770
2010,wa,male,35-39,1810,1400
2010,wa,male,40-44,1340,1120
2010,wa,male,45-49,1060,830
2010,wa,male,5-9,1200,980
2010,wa,male,50-54,880,710
2010,wa,male,55-59,620,590
2010,wa,male,60-64,400,470
2010,wa,male,65-69,200,290
2010,wa,male,70-74,90,130
2010,wa,male,75+,110,100
2011,act,female,0-4,730,660
2011,act,female,10-14,360,360
2011,act,female,15-19,1030,690
2011,act,female,20-24,1930,1570
2011,act,female,25-29,1720,1450
2011,act,female,30-34,1030,990
2011,act,female,35-39,760,750
2011,act,female,40-44,540,560
2011,act,female,45-49,320,390
2011,act,female,5-9,480,480
2011,act,female,50-54,320,390
2011,act,female,55-59,200,370
2011,act,female,60-64,160,300
2011,act,female,65-69,110,150
2011,act,female,70-74,80,80
2011,act,female,75+,190,130
2011,act,male,0-4,720,670
2011,act,male,10-14,370,350
2011,act,male,15-19,910,520
2011,act,male,20-24,1520,1390
2011,act,male,25-29,1720,1610
2011,act,male,30-34,1170,960
2011,act,male,35-39,850,830
2011,act,male,40-44,650,660
2011,act,male,45-49,400,450
2011,act,male,5-9,500,550
2011,act,male,50-54,350,370
2011,act,male,55-59,200,350
2011,act,male,60-64,160,320
2011,act,male,65-69,110,170
2011,act,male,70-74,70,90
2011,act,male,75+,120,80
2011,nsw,female,0-4,3290,4250
2011,nsw,female,10-14,1880,2370
2011,nsw,female,15-19,2950,4260
2011,nsw,female,20-24,6570,7730
2011,nsw,female,25-29,6890,7620
2011,nsw,female,30-34,4460,5410
2011,nsw,female,35-39,3240,4030
2011,nsw,female,40-44,2390,2980
2011,nsw,female,45-49,1770,2140
2011,nsw,female,5-9,2470,3030
2011,nsw,female,50-54,1640,1910
2011,nsw,female,55-59,1510,1660
2011,nsw,female,60-64,1340,1240
2011,nsw,female,65-69,810,840
2011,nsw,female,70-74,440,520
2011,nsw,female,75+,820,1060
2011,nsw,male,0-4,3550,4310
2011,nsw,male,10-14,1920,2380
2011,nsw,male,15-19,2640,3850
2011,nsw,male,20-24,5760,7350
2011,nsw,male,25-29,7050,8250
2011,nsw,male,30-34,4780,5880
2011,nsw,male,35-39,3690,4560
2011,nsw,male,40-44,2860,3510
2011,nsw,male,45-49,2020,2440
2011,nsw,male,5-9,2580,3170
2011,nsw,male,50-54,1730,2030
2011,nsw,male,55-59,1430,1600
2011,nsw,male,60-64,1380,1360
2011,nsw,male,65-69,900,960
2011,nsw,male,70-74,510,550
2011,nsw,male,75+,560,680
2011,nt,female,0-4,560,680
2011,nt,female,10-14,310,410
2011,nt,female,15-19,560,610
2011,nt,female,20-24,1350,1020
2011,nt,female,25-29,1460,1260
2011,nt,female,30-34,760,880
2011,nt,female,35-39,560,680
2011,nt,female,40-44,410,470
2011,nt,female,45-49,330,400
2011,nt,female,5-9,410,550
2011,nt,female,50-54,310,370
2011,nt,female,55-59,260,310
2011,nt,female,60-64,110,240
2011,nt,female,65-69,60,110
2011,nt,female,70-74,20,40
2011,nt,female,75+,40,50
2011,nt,male,0-4,550,720
2011,nt,male,10-14,320,440
2011,nt,male,15-19,540,610
2011,nt,male,20-24,1540,1060
2011,nt,male,25-29,1760,1440
2011,nt,male,30-34,1180,1120
2011,nt,male,35-39,670,800
2011,nt,male,40-44,550,620
2011,nt,male,45-49,430,470
2011,nt,male,5-9,400,530
2011,nt,male,50-54,390,410
2011,nt,male,55-59,270,340
2011,nt,male,60-64,180,250
2011,nt,male,65-69,70,150
2011,nt,male,70-74,30,60
2011,nt,male,75+,20,30
2011,qld,female,0-4,3750,3100
2011,qld,female,10-14,2410,1960
2011,qld,female,15-19,3430,3000
2011,qld,female,20-24,6190,5740
2011,qld,female,25-29,5970,5990
2011,qld,female,30-34,4390,3960
2011,qld,female,35-39,3670,2970
2011,qld,female,40-44,2790,2330
2011,qld,female,45-49,2110,1790
2011,qld,female,5-9,3120,2390
2011,qld,female,50-54,1990,1710
2011,qld,female,55-59,1680,1460
2011,qld,female,60-64,1280,1140
2011,qld,female,65-69,860,760
2011,qld,female,70-74,470,370
2011,qld,female,75+,920,710
2011,qld,male,0-4,3890,3310
2011,qld,male,10-14,2470,1930
2011,qld,male,15-19,3180,2740
2011,qld,male,20-24,5870,5230
2011,qld,male,25-29,6710,6420
2011,qld,male,30-34,4750,4390
2011,qld,male,35-39,4000,3280
2011,qld,male,40-44,3290,2750
2011,qld,male,45-49,2410,2050
2011,qld,male,5-9,3220,2540
2011,qld,male,50-54,2030,1720
2011,qld,male,55-59,1670,1410
2011,qld,male,60-64,1400,1220
2011,qld,male,65-69,920,810
2011,qld,male,70-74,520,470
2011,qld,male,75+,590,560
2011,sa,female,0-4,890,950
2011,sa,female,10-14,530,580
2011,sa,female,15-19,890,860
2011,sa,female,20-24,1470,1910
2011,sa,female,25-29,1600,2090
2011,sa,female,30-34,1150,1330
2011,sa,female,35-39,900,1000
2011,sa,female,40-44,670,740
2011,sa,female,45-49,520,520
2011,sa,female,5-9,720,800
2011,sa,female,50-54,560,540
2011,sa,female,55-59,470,440
2011,sa,female,60-64,330,280
2011,sa,female,65-69,200,190
2011,sa,female,70-74,90,90
2011,sa,female,75+,210,230
2011,sa,male,0-4,960,1050
2011,sa,male,10-14,520,620
2011,sa,male,15-19,780,840
2011,sa,male,20-24,1390,1680
2011,sa,male,25-29,1560,2280
2011,sa,male,30-34,1310,1530
2011,sa,male,35-39,1000,1190
2011,sa,male,40-44,810,910
2011,sa,male,45-49,600,680
2011,sa,male,5-9,690,800
2011,sa,male,50-54,490,560
2011,sa,male,55-59,450,460
2011,sa,male,60-64,390,290
2011,sa,male,65-69,230,200
2011,sa,male,70-74,120,110
2011,sa,male,75+,170,140
2011,tas,female,0-4,400,470
2011,tas,female,10-14,260,340
2011,tas,female,15-19,330,680
2011,tas,female,20-24,720,1160
2011,tas,female,25-29,840,900
2011,tas,female,30-34,500,570
2011,tas,female,35-39,410,500
2011,tas,female,40-44,350,380
2011,tas,female,45-49,280,290
2011,tas,female,5-9,280,400
2011,tas,female,50-54,300,290
2011,tas,female,55-59,320,270
2011,tas,female,60-64,280,200
2011,tas,female,65-69,160,150
2011,tas,female,70-74,70,70
2011,tas,female,75+,110,100
2011,tas,male,0-4,390,480
2011,tas,male,10-14,260,310
2011,tas,male,15-19,340,590
2011,tas,male,20-24,620,1100
2011,tas,male,25-29,830,870
2011,tas,male,30-34,590,510
2011,tas,male,35-39,470,450
2011,tas,male,40-44,400,400
2011,tas,male,45-49,300,350
2011,tas,male,5-9,290,400
2011,tas,male,50-54,260,290
2011,tas,male,55-59,290,260
2011,tas,male,60-64,310,210
2011,tas,male,65-69,190,150
2011,tas,male,70-74,100,70
2011,tas,male,75+,90,90
2011,vic,female,0-4,2460,2500
2011,vic,female,10-14,1460,1430
2011,vic,female,15-19,2840,2090
2011,vic,female,20-24,5580,5120
2011,vic,female,25-29,5930,5490
2011,vic,female,30-34,3880,3720
2011,vic,female,35-39,2690,2780
2011,vic,female,40-44,1830,1860
2011,vic,female,45-49,1340,1380
2011,vic,female,5-9,1810,1970
2011,vic,female,50-54,1150,1240
2011,vic,female,55-59,1100,1080
2011,vic,female,60-64,820,880
2011,vic,female,65-69,570,540
2011,vic,female,70-74,310,290
2011,vic,female,75+,580,580
2011,vic,male,0-4,2540,2630
2011,vic,male,10-14,1430,1470
2011,vic,male,15-19,2720,2110
2011,vic,male,20-24,5430,4930
2011,vic,male,25-29,6130,5670
2011,vic,male,30-34,4120,4100
2011,vic,male,35-39,2930,3110
2011,vic,male,40-44,2170,2280
2011,vic,male,45-49,1560,1610
2011,vic,male,5-9,1890,1930
2011,vic,male,50-54,1250,1350
2011,vic,male,55-59,1070,1060
2011,vic,male,60-64,860,930
2011,vic,male,65-69,630,570
2011,vic,male,70-74,310,320
2011,vic,male,75+,400,360
2011,wa,female,0-4,1690,1150
2011,wa,female,10-14,970,750
2011,wa,female,15-19,1170,1020
2011,wa,female,20-24,2600,2170
2011,wa,female,25-29,2910,2520
2011,wa,female,30-34,2340,1670
2011,wa,female,35-39,1730,1240
2011,wa,female,40-44,1260,940
2011,wa,female,45-49,960,720
2011,wa,female,5-9,1270,950
2011,wa,female,50-54,800,640
2011,wa,female,55-59,610,560
2011,wa,female,60-64,370,400
2011,wa,female,65-69,200,230
2011,wa,female,70-74,110,130
2011,wa,female,75+,150,160
2011,wa,male,0-4,1750,1180
2011,wa,male,10-14,950,740
2011,wa,male,15-19,1120,990
2011,wa,male,20-24,2590,1980
2011,wa,male,25-29,3390,2610
2011,wa,male,30-34,2630,2040
2011,wa,male,35-39,2020,1400
2011,wa,male,40-44,1530,1150
2011,wa,male,45-49,1190,870
2011,wa,male,5-9,1300,970
2011,wa,male,50-54,910,680
2011,wa,male,55-59,680,590
2011,wa,male,60-64,440,520
2011,wa,male,65-69,240,280
2011,wa,male,70-74,130,130
2011,wa,male,75+,120,140
2012,act,female,0-4,600,640
2012,act,female,10-14,280,290
2012,act,female,15-19,850,560
2012,act,female,20-24,1830,1530
2012,act,female,25-29,1560,1460
2012,act,female,30-34,1020,990
2012,act,female,35-39,650,710
2012,act,female,40-44,460,490
2012,act,female,45-49,290,370
2012,act,female,5-9,390,420
2012,act,female,50-54,280,400
2012,act,female,55-59,210,350
2012,act,female,60-64,160,280
2012,act,female,65-69,100,150
2012,act,female,70-74,70,70
2012,act,female,75+,180,110
2012,act,male,0-4,660,650
2012,act,male,10-14,260,320
2012,act,male,15-19,840,540
2012,act,male,20-24,1530,1440
2012,act,male,25-29,1640,1550
2012,act,male,30-34,1110,1040
2012,act,male,35-39,780,750
2012,act,male,40-44,580,620
2012,act,male,45-49,400,410
2012,act,male,5-9,430,430
2012,act,male,50-54,350,370
2012,act,male,55-59,230,340
2012,act,male,60-64,150,310
2012,act,male,65-69,100,200
2012,act,male,70-74,40,100
2012,act,male,75+,120,80
2012,nsw,female,0-4,3180,3610
2012,nsw,female,10-14,1640,2060
2012,nsw,female,15-19,2640,3980
2012,nsw,female,20-24,6140,7160
2012,nsw,female,25-29,6740,7160
2012,nsw,female,30-34,4470,5050
2012,nsw,female,35-39,3050,3580
2012,nsw,female,40-44,2380,2770
2012,nsw,female,45-49,1710,1950
2012,nsw,female,5-9,2210,2710
2012,nsw,female,50-54,1700,1960
2012,nsw,female,55-59,1530,1640
2012,nsw,female,60-64,1300,1400
2012,nsw,female,65-69,930,980
2012,nsw,female,70-74,550,570
2012,nsw,female,75+,840,1070
2012,nsw,male,0-4,3250,3950
2012,nsw,male,10-14,1700,2160
2012,nsw,male,15-19,2270,3570
2012,nsw,male,20-24,5400,6830
2012,nsw,male,25-29,6960,7520
2012,nsw,male,30-34,4930,5760
2012,nsw,male,35-39,3440,4240
2012,nsw,male,40-44,2820,3290
2012,nsw,male,45-49,1920,2380
2012,nsw,male,5-9,2320,2880
2012,nsw,male,50-54,1840,2020
2012,nsw,male,55-59,1530,1610
2012,nsw,male,60-64,1360,1420
2012,nsw,male,65-69,1070,1050
2012,nsw,male,70-74,570,550
2012,nsw,male,75+,630,780
2012,nt,female,0-4,520,680
2012,nt,female,10-14,310,380
2012,nt,female,15-19,470,510
2012,nt,female,20-24,1230,850
2012,nt,female,25-29,1410,1200
2012,nt,female,30-34,740,870
2012,nt,female,35-39,490,550
2012,nt,female,40-44,360,510
2012,nt,female,45-49,320,380
2012,nt,female,5-9,350,490
2012,nt,female,50-54,340,410
2012,nt,female,55-59,250,370
2012,nt,female,60-64,130,250
2012,nt,female,65-69,70,120
2012,nt,female,70-74,20,50
2012,nt,female,75+,20,60
2012,nt,male,0-4,570,680
2012,nt,male,10-14,290,390
2012,nt,male,15-19,460,530
2012,nt,male,20-24,1360,880
2012,nt,male,25-29,1660,1300
2012,nt,male,30-34,1310,1080
2012,nt,male,35-39,670,700
2012,nt,male,40-44,500,560
2012,nt,male,45-49,410,490
2012,nt,male,5-9,380,530
2012,nt,male,50-54,380,400
2012,nt,male,55-59,280,370
2012,nt,male,60-64,180,290
2012,nt,male,65-69,110,160
2012,nt,male,70-74,30,80
2012,nt,male,75+,30,40
2012,qld,female,0-4,3290,2950
2012,qld,female,10-14,2190,1800
2012,qld,female,15-19,3240,2610
2012,qld,female,20-24,5800,5580
2012,qld,female,25-29,5580,5860
2012,qld,female,30-34,4160,3940
2012,qld,female,35-39,3370,2700
2012,qld,female,40-44,2710,2210
2012,qld,female,45-49,2020,1770
2012,qld,female,5-9,2840,2270
2012,qld,female,50-54,2060,1770
2012,qld,female,55-59,1760,1510
2012,qld,female,60-64,1450,1190
2012,qld,female,65-69,970,920
2012,qld,female,70-74,540,500
2012,qld,female,75+,930,830
2012,qld,male,0-4,3630,3220
2012,qld,male,10-14,2370,1720
2012,qld,male,15-19,2800,2420
2012,qld,male,20-24,5470,5100
2012,qld,male,25-29,6080,6470
2012,qld,male,30-34,4580,4560
2012,qld,male,35-39,3760,3190
2012,qld,male,40-44,3230,2730
2012,qld,male,45-49,2370,1950
2012,qld,male,5-9,2910,2330
2012,qld,male,50-54,1920,1750
2012,qld,male,55-59,1700,1530
2012,qld,male,60-64,1510,1230
2012,qld,male,65-69,1080,1000
2012,qld,male,70-74,620,530
2012,qld,male,75+,720,640
2012,sa,female,0-4,790,1020
2012,sa,female,10-14,480,580
2012,sa,female,15-19,820,830
2012,sa,female,20-24,1370,1900
2012,sa,female,25-29,1490,2050
2012,sa,female,30-34,1080,1390
2012,sa,female,35-39,720,920
2012,sa,female,40-44,640,730
2012,sa,female,45-49,540,570
2012,sa,female,5-9,600,760
2012,sa,female,50-54,570,550
2012,sa,female,55-59,450,410
2012,sa,female,60-64,330,310
2012,sa,female,65-69,220,200
2012,sa,female,70-74,130,110
2012,sa,female,75+,220,250
2012,sa,male,0-4,950,1050
2012,sa,male,10-14,480,600
2012,sa,male,15-19,730,770
2012,sa,male,20-24,1270,1730
2012,sa,male,25-29,1510,2340
2012,sa,male,30-34,1260,1690
2012,sa,male,35-39,860,1130
2012,sa,male,40-44,740,980
2012,sa,male,45-49,600,680
2012,sa,male,5-9,660,770
2012,sa,male,50-54,500,570
2012,sa,male,55-59,480,460
2012,sa,male,60-64,360,330
2012,sa,male,65-69,260,230
2012,sa,male,70-74,160,120
2012,sa,male,75+,150,180
2012,tas,female,0-4,390,410
2012,tas,female,10-14,250,280
2012,tas,female,15-19,340,560
2012,tas,female,20-24,720,1070
2012,tas,female,25-29,780,870
2012,tas,female,30-34,480,500
2012,tas,female,35-39,330,400
2012,tas,female,40-44,310,330
2012,tas,female,45-49,300,320
2012,tas,female,5-9,320,330
2012,tas,female,50-54,320,320
2012,tas,female,55-59,310,250
2012,tas,female,60-64,300,200
2012,tas,female,65-69,190,160
2012,tas,female,70-74,100,110
2012,tas,female,75+,130,90
2012,tas,male,0-4,420,410
2012,tas,male,10-14,230,320
2012,tas,male,15-19,310,450
2012,tas,male,20-24,580,1040
2012,tas,male,25-29,690,820
2012,tas,male,30-34,580,520
2012,tas,male,35-39,380,380
2012,tas,male,40-44,370,390
2012,tas,male,45-49,290,300
2012,tas,male,5-9,340,320
2012,tas,male,50-54,280,300
2012,tas,male,55-59,290,240
2012,tas,male,60-64,300,250
2012,tas,male,65-69,180,160
2012,tas,male,70-74,100,100
2012,tas,male,75+,90,90
2012,vic,female,0-4,2420,2260
2012,vic,female,10-14,1370,1290
2012,vic,female,15-19,2630,1920
2012,vic,female,20-24,5460,4640
2012,vic,female,25-29,6210,5430
2012,vic,female,30-34,3900,3660
2012,vic,female,35-39,2460,2520
2012,vic,female,40-44,1850,1850
2012,vic,female,45-49,1370,1410
2012,vic,female,5-9,1800,1780
2012,vic,female,50-54,1350,1340
2012,vic,female,55-59,1130,1080
2012,vic,female,60-64,990,900
2012,vic,female,65-69,650,590
2012,vic,female,70-74,360,350
2012,vic,female,75+,640,550
2012,vic,male,0-4,2640,2500
2012,vic,male,10-14,1330,1270
2012,vic,male,15-19,2560,1720
2012,vic,male,20-24,5570,4580
2012,vic,male,25-29,6290,5450
2012,vic,male,30-34,4550,4130
2012,vic,male,35-39,2960,2870
2012,vic,male,40-44,2290,2340
2012,vic,male,45-49,1530,1520
2012,vic,male,5-9,1790,1860
2012,vic,male,50-54,1310,1320
2012,vic,male,55-59,1160,1180
2012,vic,male,60-64,950,910
2012,vic,male,65-69,720,670
2012,vic,male,70-74,370,360
2012,vic,male,75+,480,400
2012,wa,female,0-4,1610,1210
2012,wa,female,10-14,840,700
2012,wa,female,15-19,960,980
2012,wa,female,20-24,2400,2210
2012,wa,female,25-29,2880,2610
2012,wa,female,30-34,2250,1710
2012,wa,female,35-39,1450,1130
2012,wa,female,40-44,1120,960
2012,wa,female,45-49,870,650
2012,wa,female,5-9,1150,900
2012,wa,female,50-54,830,700
2012,wa,female,55-59,600,630
2012,wa,female,60-64,380,500
2012,wa,female,65-69,250,260
2012,wa,female,70-74,130,140
2012,wa,female,75+,190,190
2012,wa,male,0-4,1630,1290
2012,wa,male,10-14,860,750
2012,wa,male,15-19,950,920
2012,wa,male,20-24,2240,1830
2012,wa,male,25-29,3190,2570
2012,wa,male,30-34,2560,2110
2012,wa,male,35-39,1810,1410
2012,wa,male,40-44,1510,1140
2012,wa,male,45-49,1040,840
2012,wa,male,5-9,1200,910
2012,wa,male,50-54,870,710
2012,wa,male,55-59,690,640
2012,wa,male,60-64,470,540
2012,wa,male,65-69,280,330
2012,wa,male,70-74,130,200
2012,wa,male,75+,150,160
2013,act,female,0-4,570,600
2013,act,female,10-14,330,320
2013,act,female,15-19,960,600
2013,act,female,20-24,1800,1560
2013,act,female,25-29,1550,1660
2013,act,female,30-34,1000,1120
2013,act,female,35-39,650,740
2013,act,female,40-44,510,530
2013,act,female,45-49,320,380
2013,act,female,5-9,450,480
2013,act,female,50-54,300,350
2013,act,female,55-59,240,360
2013,act,female,60-64,150,290
2013,act,female,65-69,110,150
2013,act,female,70-74,80,80
2013,act,female,75+,210,160
2013,act,male,0-4,640,690
2013,act,male,10-14,340,350
2013,act,male,15-19,810,520
2013,act,male,20-24,1620,1530
2013,act,male,25-29,1570,1730
2013,act,male,30-34,1110,1200
2013,act,male,35-39,740,850
2013,act,male,40-44,580,660
2013,act,male,45-49,410,490
2013,act,male,5-9,430,490
2013,act,male,50-54,340,430
2013,act,male,55-59,230,360
2013,act,male,60-64,160,310
2013,act,male,65-69,120,190
2013,act,male,70-74,60,90
2013,act,male,75+,130,80
2013,nsw,female,0-4,3430,3470
2013,nsw,female,10-14,1880,2210
2013,nsw,female,15-19,2700,3890
2013,nsw,female,20-24,6530,6980
2013,nsw,female,25-29,7250,7080
2013,nsw,female,30-34,4960,5170
2013,nsw,female,35-39,3450,3640
2013,nsw,female,40-44,2510,2910
2013,nsw,female,45-49,1760,2050
2013,nsw,female,5-9,2660,2950
2013,nsw,female,50-54,1710,1830
2013,nsw,female,55-59,1640,1590
2013,nsw,female,60-64,1400,1450
2013,nsw,female,65-69,1010,1030
2013,nsw,female,70-74,550,580
2013,nsw,female,75+,910,1190
2013,nsw,male,0-4,3770,3840
2013,nsw,male,10-14,1960,2250
2013,nsw,male,15-19,2570,3410
2013,nsw,male,20-24,6190,6820
2013,nsw,male,25-29,7580,7360
2013,nsw,male,30-34,5710,5840
2013,nsw,male,35-39,3970,4170
2013,nsw,male,40-44,3090,3400
2013,nsw,male,45-49,2190,2440
2013,nsw,male,5-9,2660,3010
2013,nsw,male,50-54,1800,2020
2013,nsw,male,55-59,1590,1580
2013,nsw,male,60-64,1420,1380
2013,nsw,male,65-69,1140,1090
2013,nsw,male,70-74,630,600
2013,nsw,male,75+,680,840
2013,nt,female,0-4,440,690
2013,nt,female,10-14,260,460
2013,nt,female,15-19,430,540
2013,nt,female,20-24,1190,1010
2013,nt,female,25-29,1260,1290
2013,nt,female,30-34,770,960
2013,nt,female,35-39,480,670
2013,nt,female,40-44,360,510
2013,nt,female,45-49,310,390
2013,nt,female,5-9,370,540
2013,nt,female,50-54,290,380
2013,nt,female,55-59,230,370
2013,nt,female,60-64,130,260
2013,nt,female,65-69,60,140
2013,nt,female,70-74,20,60
2013,nt,female,75+,30,30
2013,nt,male,0-4,510,770
2013,nt,male,10-14,280,440
2013,nt,male,15-19,460,580
2013,nt,male,20-24,1380,1130
2013,nt,male,25-29,1700,1350
2013,nt,male,30-34,1250,1180
2013,nt,male,35-39,650,730
2013,nt,male,40-44,540,650
2013,nt,male,45-49,380,470
2013,nt,male,5-9,420,590
2013,nt,male,50-54,340,410
2013,nt,male,55-59,280,360
2013,nt,male,60-64,170,290
2013,nt,male,65-69,90,200
2013,nt,male,70-74,30,70
2013,nt,male,75+,30,50
2013,qld,female,0-4,3340,2980
2013,qld,female,10-14,2340,1900
2013,qld,female,15-19,3030,2760
2013,qld,female,20-24,5610,5720
2013,qld,female,25-29,5750,6080
2013,qld,female,30-34,4300,4180
2013,qld,female,35-39,3340,2980
2013,qld,female,40-44,2850,2330
2013,qld,female,45-49,2150,1730
2013,qld,female,5-9,2940,2410
2013,qld,female,50-54,1880,1750
2013,qld,female,55-59,1710,1520
2013,qld,female,60-64,1550,1300
2013,qld,female,65-69,1030,920
2013,qld,female,70-74,580,500
2013,qld,female,75+,990,890
2013,qld,male,0-4,3560,3210
2013,qld,male,10-14,2410,1980
2013,qld,male,15-19,2900,2700
2013,qld,male,20-24,5900,5750
2013,qld,male,25-29,6230,6880
2013,qld,male,30-34,4760,4880
2013,qld,male,35-39,3730,3410
2013,qld,male,40-44,3270,2800
2013,qld,male,45-49,2400,2160
2013,qld,male,5-9,3070,2500
2013,qld,male,50-54,2040,1760
2013,qld,male,55-59,1700,1540
2013,qld,male,60-64,1540,1320
2013,qld,male,65-69,1120,1050
2013,qld,male,70-74,630,570
2013,qld,male,75+,770,670
2013,sa,female,0-4,830,1000
2013,sa,female,10-14,540,610
2013,sa,female,15-19,840,780
2013,sa,female,20-24,1360,1800
2013,sa,female,25-29,1610,1990
2013,sa,female,30-34,1180,1450
2013,sa,female,35-39,850,960
2013,sa,female,40-44,670,710
2013,sa,female,45-49,580,590
2013,sa,female,5-9,670,840
2013,sa,female,50-54,520,510
2013,sa,female,55-59,440,450
2013,sa,female,60-64,370,310
2013,sa,female,65-69,240,200
2013,sa,female,70-74,120,110
2013,sa,female,75+,180,250
2013,sa,male,0-4,970,1020
2013,sa,male,10-14,570,640
2013,sa,male,15-19,760,810
2013,sa,male,20-24,1300,1940
2013,sa,male,25-29,1640,2430
2013,sa,male,30-34,1390,1680
2013,sa,male,35-39,950,1170
2013,sa,male,40-44,820,970
2013,sa,male,45-49,610,660
2013,sa,male,5-9,770,820
2013,sa,male,50-54,480,540
2013,sa,male,55-59,450,440
2013,sa,male,60-64,380,340
2013,sa,male,65-69,310,230
2013,sa,male,70-74,130,120
2013,sa,male,75+,140,180
2013,tas,female,0-4,340,380
2013,tas,female,10-14,260,320
2013,tas,female,15-19,350,550
2013,tas,female,20-24,700,990
2013,tas,female,25-29,800,810
2013,tas,female,30-34,520,510
2013,tas,female,35-39,390,400
2013,tas,female,40-44,340,330
2013,tas,female,45-49,320,260
2013,tas,female,5-9,310,360
2013,tas,female,50-54,340,270
2013,tas,female,55-59,330,250
2013,tas,female,60-64,300,220
2013,tas,female,65-69,180,150
2013,tas,female,70-74,100,70
2013,tas,female,75+,160,100
2013,tas,male,0-4,390,400
2013,tas,male,10-14,260,310
2013,tas,male,15-19,350,480
2013,tas,male,20-24,610,990
2013,tas,male,25-29,830,830
2013,tas,male,30-34,560,550
2013,tas,male,35-39,430,430
2013,tas,male,40-44,380,370
2013,tas,male,45-49,290,300
2013,tas,male,5-9,320,370
2013,tas,male,50-54,300,260
2013,tas,male,55-59,340,210
2013,tas,male,60-64,320,190
2013,tas,male,65-69,230,140
2013,tas,male,70-74,100,70
2013,tas,male,75+,110,90
2013,vic,female,0-4,2510,2330
2013,vic,female,10-14,1480,1330
2013,vic,female,15-19,2810,1900
2013,vic,female,20-24,5740,4650
2013,vic,female,25-29,6320,5150
2013,vic,female,30-34,4240,3710
2013,vic,female,35-39,2710,2600
2013,vic,female,40-44,1940,1920
2013,vic,female,45-49,1350,1370
2013,vic,female,5-9,2020,1880
2013,vic,female,50-54,1290,1220
2013,vic,female,55-59,1160,1080
2013,vic,female,60-64,960,910
2013,vic,female,65-69,660,620
2013,vic,female,70-74,330,350
2013,vic,female,75+,690,580
2013,vic,male,0-4,2730,2550
2013,vic,male,10-14,1560,1420
2013,vic,male,15-19,2770,1870
2013,vic,male,20-24,6290,4910
2013,vic,male,25-29,6890,5710
2013,vic,male,30-34,4830,4150
2013,vic,male,35-39,3080,2980
2013,vic,male,40-44,2370,2280
2013,vic,male,45-49,1710,1590
2013,vic,male,5-9,2040,1920
2013,vic,male,50-54,1410,1280
2013,vic,male,55-59,1130,1130
2013,vic,male,60-64,910,920
2013,vic,male,65-69,720,660
2013,vic,male,70-74,380,390
2013,vic,male,75+,480,430
2013,wa,female,0-4,1290,1290
2013,wa,female,10-14,820,760
2013,wa,female,15-19,980,1060
2013,wa,female,20-24,2030,2260
2013,wa,female,25-29,2380,2860
2013,wa,female,30-34,2040,1920
2013,wa,female,35-39,1400,1300
2013,wa,female,40-44,1090,1050
2013,wa,female,45-49,760,780
2013,wa,female,5-9,1040,1000
2013,wa,female,50-54,700,720
2013,wa,female,55-59,510,620
2013,wa,female,60-64,390,500
2013,wa,female,65-69,210,300
2013,wa,female,70-74,120,150
2013,wa,female,75+,210,180
2013,wa,male,0-4,1360,1470
2013,wa,male,10-14,850,840
2013,wa,male,15-19,880,1110
2013,wa,male,20-24,2050,2270
2013,wa,male,25-29,2890,3050
2013,wa,male,30-34,2280,2420
2013,wa,male,35-39,1700,1530
2013,wa,male,40-44,1320,1250
2013,wa,male,45-49,1050,930
2013,wa,male,5-9,1070,1080
2013,wa,male,50-54,790,800
2013,wa,male,55-59,570,670
2013,wa,male,60-64,430,580
2013,wa,male,65-69,240,410
2013,wa,male,70-74,130,170
2013,wa,male,75+,140,140
2014,act,female,0-4,690,650
2014,act,female,10-14,330,350
2014,act,female,15-19,990,600
2014,act,female,20-24,1650,1490
2014,act,female,25-29,1500,1540
2014,act,female,30-34,1040,1110
2014,act,female,35-39,680,780
2014,act,female,40-44,550,490
2014,act,female,45-49,330,360
2014,act,female,5-9,500,480
2014,act,female,50-54,300,360
2014,act,female,55-59,210,360
2014,act,female,60-64,160,290
2014,act,female,65-69,180,190
2014,act,female,70-74,80,80
2014,act,female,75+,190,150
2014,act,male,0-4,670,720
2014,act,male,10-14,390,350
2014,act,male,15-19,810,480
2014,act,male,20-24,1320,1460
2014,act,male,25-29,1510,1600
2014,act,male,30-34,1180,1060
2014,act,male,35-39,810,810
2014,act,male,40-44,610,630
2014,act,male,45-49,430,450
2014,act,male,5-9,480,560
2014,act,male,50-54,320,380
2014,act,male,55-59,230,350
2014,act,male,60-64,180,270
2014,act,male,65-69,150,190
2014,act,male,70-74,80,90
2014,act,male,75+,110,80
2014,nsw,female,0-4,3560,3760
2014,nsw,female,10-14,1760,2020
2014,nsw,female,15-19,2620,3530
2014,nsw,female,20-24,6060,6440
2014,nsw,female,25-29,7040,6780
2014,nsw,female,30-34,5140,5300
2014,nsw,female,35-39,3370,3670
2014,nsw,female,40-44,2360,2720
2014,nsw,female,45-49,1760,1930
2014,nsw,female,5-9,2500,2860
2014,nsw,female,50-54,1630,1750
2014,nsw,female,55-59,1560,1610
2014,nsw,female,60-64,1320,1370
2014,nsw,female,65-69,990,1120
2014,nsw,female,70-74,530,630
2014,nsw,female,75+,880,1140
2014,nsw,male,0-4,3660,3930
2014,nsw,male,10-14,1810,2130
2014,nsw,male,15-19,2390,3290
2014,nsw,male,20-24,5630,6270
2014,nsw,male,25-29,7260,7120
2014,nsw,male,30-34,5650,5610
2014,nsw,male,35-39,3950,3950
2014,nsw,male,40-44,3000,3220
2014,nsw,male,45-49,2080,2310
2014,nsw,male,5-9,2660,2970
2014,nsw,male,50-54,1770,1850
2014,nsw,male,55-59,1510,1560
2014,nsw,male,60-64,1380,1430
2014,nsw,male,65-69,1100,1110
2014,nsw,male,70-74,590,690
2014,nsw,male,75+,640,820
2014,nt,female,0-4,480,720
2014,nt,female,10-14,270,400
2014,nt,female,15-19,400,520
2014,nt,female,20-24,1080,930
2014,nt,female,25-29,1340,1150
2014,nt,female,30-34,810,980
2014,nt,female,35-39,480,650
2014,nt,female,40-44,360,500
2014,nt,female,45-49,300,360
2014,nt,female,5-9,420,550
2014,nt,female,50-54,260,380
2014,nt,female,55-59,210,310
2014,nt,female,60-64,120,250
2014,nt,female,65-69,50,150
2014,nt,female,70-74,20,50
2014,nt,female,75+,30,40
2014,nt,male,0-4,550,770
2014,nt,male,10-14,280,400
2014,nt,male,15-19,410,500
2014,nt,male,20-24,1150,910
2014,nt,male,25-29,1600,1470
2014,nt,male,30-34,1180,1230
2014,nt,male,35-39,640,760
2014,nt,male,40-44,470,580
2014,nt,male,45-49,400,470
2014,nt,male,5-9,390,570
2014,nt,male,50-54,310,380
2014,nt,male,55-59,250,330
2014,nt,male,60-64,190,290
2014,nt,male,65-69,70,200
2014,nt,male,70-74,30,80
2014,nt,male,75+,20,50
2014,qld,female,0-4,3470,3130
2014,qld,female,10-14,2200,1760
2014,qld,female,15-19,2820,2630
2014,qld,female,20-24,5120,5210
2014,qld,female,25-29,5400,6010
2014,qld,female,30-34,4490,4230
2014,qld,female,35-39,3350,2820
2014,qld,female,40-44,2670,2250
2014,qld,female,45-49,1930,1700
2014,qld,female,5-9,2920,2360
2014,qld,female,50-54,1800,1570
2014,qld,female,55-59,1640,1450
2014,qld,female,60-64,1430,1220
2014,qld,female,65-69,1140,910
2014,qld,female,70-74,600,510
2014,qld,female,75+,940,730
2014,qld,male,0-4,3630,3330
2014,qld,male,10-14,2250,1790
2014,qld,male,15-19,2660,2490
2014,qld,male,20-24,5190,4850
2014,qld,male,25-29,5870,6170
2014,qld,male,30-34,4530,4620
2014,qld,male,35-39,3530,3310
2014,qld,male,40-44,3110,2660
2014,qld,male,45-49,2200,1990
2014,qld,male,5-9,3030,2470
2014,qld,male,50-54,1850,1710
2014,qld,male,55-59,1670,1410
2014,qld,male,60-64,1480,1260
2014,qld,male,65-69,1230,970
2014,qld,male,70-74,690,530
2014,qld,male,75+,680,600
2014,sa,female,0-4,840,960
2014,sa,female,10-14,470,570
2014,sa,female,15-19,750,790
2014,sa,female,20-24,1290,1700
2014,sa,female,25-29,1500,2000
2014,sa,female,30-34,1210,1480
2014,sa,female,35-39,800,990
2014,sa,female,40-44,610,730
2014,sa,female,45-49,480,540
2014,sa,female,5-9,660,740
2014,sa,female,50-54,490,480
2014,sa,female,55-59,430,440
2014,sa,female,60-64,340,320
2014,sa,female,65-69,230,230
2014,sa,female,70-74,130,130
2014,sa,female,75+,160,240
2014,sa,male,0-4,890,1050
2014,sa,male,10-14,440,610
2014,sa,male,15-19,630,740
2014,sa,male,20-24,1230,1590
2014,sa,male,25-29,1480,2230
2014,sa,male,30-34,1320,1740
2014,sa,male,35-39,930,1230
2014,sa,male,40-44,760,940
2014,sa,male,45-49,610,650
2014,sa,male,5-9,670,840
2014,sa,male,50-54,520,520
2014,sa,male,55-59,450,390
2014,sa,male,60-64,370,330
2014,sa,male,65-69,260,270
2014,sa,male,70-74,150,140
2014,sa,male,75+,130,170
2014,tas,female,0-4,380,330
2014,tas,female,10-14,270,270
2014,tas,female,15-19,310,570
2014,tas,female,20-24,630,900
2014,tas,female,25-29,790,720
2014,tas,female,30-34,490,510
2014,tas,female,35-39,360,350
2014,tas,female,40-44,340,300
2014,tas,female,45-49,300,270
2014,tas,female,5-9,310,340
2014,tas,female,50-54,310,230
2014,tas,female,55-59,330,230
2014,tas,female,60-64,300,200
2014,tas,female,65-69,230,160
2014,tas,female,70-74,130,100
2014,tas,female,75+,140,110
2014,tas,male,0-4,360,360
2014,tas,male,10-14,270,290
2014,tas,male,15-19,310,420
2014,tas,male,20-24,570,870
2014,tas,male,25-29,750,710
2014,tas,male,30-34,570,520
2014,tas,male,35-39,390,410
2014,tas,male,40-44,360,360
2014,tas,male,45-49,320,260
2014,tas,male,5-9,340,290
2014,tas,male,50-54,300,260
2014,tas,male,55-59,300,220
2014,tas,male,60-64,280,190
2014,tas,male,65-69,240,160
2014,tas,male,70-74,120,100
2014,tas,male,75+,120,90
2014,vic,female,0-4,2720,2430
2014,vic,female,10-14,1420,1290
2014,vic,female,15-19,2790,1840
2014,vic,female,20-24,5550,4260
2014,vic,female,25-29,6170,5030
2014,vic,female,30-34,4490,3810
2014,vic,female,35-39,2840,2520
2014,vic,female,40-44,2000,1830
2014,vic,female,45-49,1430,1240
2014,vic,female,5-9,1980,1880
2014,vic,female,50-54,1240,1100
2014,vic,female,55-59,1150,1030
2014,vic,female,60-64,940,880
2014,vic,female,65-69,690,650
2014,vic,female,70-74,370,350
2014,vic,female,75+,610,550
2014,vic,male,0-4,2930,2500
2014,vic,male,10-14,1480,1320
2014,vic,male,15-19,2580,1710
2014,vic,male,20-24,5470,4340
2014,vic,male,25-29,6550,5310
2014,vic,male,30-34,4790,4100
2014,vic,male,35-39,3200,2810
2014,vic,male,40-44,2290,2240
2014,vic,male,45-49,1610,1550
2014,vic,male,5-9,2080,1910
2014,vic,male,50-54,1350,1230
2014,vic,male,55-59,1040,1100
2014,vic,male,60-64,930,930
2014,vic,male,65-69,710,750
2014,vic,male,70-74,420,380
2014,vic,male,75+,490,400
2014,wa,female,0-4,1240,1410
2014,wa,female,10-14,750,790
2014,wa,female,15-19,820,1020
2014,wa,female,20-24,1670,2110
2014,wa,female,25-29,2170,2680
2014,wa,female,30-34,1870,2130
2014,wa,female,35-39,1300,1390
2014,wa,female,40-44,970,1020
2014,wa,female,45-49,690,830
2014,wa,female,5-9,1050,1110
2014,wa,female,50-54,530,690
2014,wa,female,55-59,470,570
2014,wa,female,60-64,370,460
2014,wa,female,65-69,210,310
2014,wa,female,70-74,140,160
2014,wa,female,75+,140,160
2014,wa,male,0-4,1390,1400
2014,wa,male,10-14,770,800
2014,wa,male,15-19,770,930
2014,wa,male,20-24,1680,1960
2014,wa,male,25-29,2410,2820
2014,wa,male,30-34,2080,2430
2014,wa,male,35-39,1490,1670
2014,wa,male,40-44,1290,1240
2014,wa,male,45-49,890,840
2014,wa,male,5-9,1060,1100
2014,wa,male,50-54,700,800
2014,wa,male,55-59,510,610
2014,wa,male,60-64,400,500
2014,wa,male,65-69,260,370
2014,wa,male,70-74,130,200
2014,wa,male,75+,150,140
2015,act,female,0-4,780,740
2015,act,female,10-14,360,390
2015,act,female,15-19,970,590
2015,act,female,20-24,1740,1540
2015,act,female,25-29,1690,1710
2015,act,female,30-34,1250,1210
2015,act,female,35-39,820,810
2015,act,female,40-44,540,560
2015,act,female,45-49,410,420
2015,act,female,5-9,540,580
2015,act,female,50-54,340,410
2015,act,female,55-59,290,410
2015,act,female,60-64,250,320
2015,act,female,65-69,140,240
2015,act,female,70-74,120,90
2015,act,female,75+,220,140
2015,act,male,0-4,810,740
2015,act,male,10-14,390,420
2015,act,male,15-19,870,530
2015,act,male,20-24,1500,1400
2015,act,male,25-29,1550,1590
2015,act,male,30-34,1280,1270
2015,act,male,35-39,900,880
2015,act,male,40-44,660,670
2015,act,male,45-49,480,490
2015,act,male,5-9,580,570
2015,act,male,50-54,350,410
2015,act,male,55-59,310,380
2015,act,male,60-64,190,350
2015,act,male,65-69,140,270
2015,act,male,70-74,100,120
2015,act,male,75+,140,90
2015,nsw,female,0-4,3760,4340
2015,nsw,female,10-14,1980,2460
2015,nsw,female,15-19,2680,3750
2015,nsw,female,20-24,6190,6700
2015,nsw,female,25-29,7410,7440
2015,nsw,female,30-34,5640,6000
2015,nsw,female,35-39,3720,4270
2015,nsw,female,40-44,2500,3110
2015,nsw,female,45-49,1910,2270
2015,nsw,female,5-9,2720,3460
2015,nsw,female,50-54,1800,2000
2015,nsw,female,55-59,1770,1940
2015,nsw,female,60-64,1550,1700
2015,nsw,female,65-69,1090,1320
2015,nsw,female,70-74,610,860
2015,nsw,female,75+,820,1200
2015,nsw,male,0-4,3880,4550
2015,nsw,male,10-14,2050,2610
2015,nsw,male,15-19,2600,3490
2015,nsw,male,20-24,5830,6280
2015,nsw,male,25-29,7460,7040
2015,nsw,male,30-34,6040,6080
2015,nsw,male,35-39,4160,4470
2015,nsw,male,40-44,3040,3510
2015,nsw,male,45-49,2270,2630
2015,nsw,male,5-9,2880,3540
2015,nsw,male,50-54,1880,2000
2015,nsw,male,55-59,1610,1840
2015,nsw,male,60-64,1610,1580
2015,nsw,male,65-69,1310,1330
2015,nsw,male,70-74,690,870
2015,nsw,male,75+,670,1020
2015,nt,female,0-4,580,710
2015,nt,female,10-14,350,480
2015,nt,female,15-19,430,550
2015,nt,female,20-24,1100,880
2015,nt,female,25-29,1390,1240
2015,nt,female,30-34,920,1000
2015,nt,female,35-39,520,720
2015,nt,female,40-44,410,550
2015,nt,female,45-49,310,400
2015,nt,female,5-9,440,600
2015,nt,female,50-54,290,350
2015,nt,female,55-59,230,340
2015,nt,female,60-64,130,300
2015,nt,female,65-69,50,150
2015,nt,female,70-74,20,70
2015,nt,female,75+,30,50
2015,nt,male,0-4,580,800
2015,nt,male,10-14,380,500
2015,nt,male,15-19,420,500
2015,nt,male,20-24,1150,900
2015,nt,male,25-29,1430,1370
2015,nt,male,30-34,1320,1210
2015,nt,male,35-39,650,690
2015,nt,male,40-44,480,560
2015,nt,male,45-49,410,490
2015,nt,male,5-9,500,600
2015,nt,male,50-54,310,400
2015,nt,male,55-59,240,350
2015,nt,male,60-64,180,290
2015,nt,male,65-69,80,220
2015,nt,male,70-74,40,90
2015,nt,male,75+,30,60
2015,qld,female,0-4,3880,3250
2015,qld,female,10-14,2560,1940
2015,qld,female,15-19,3050,2600
2015,qld,female,20-24,5240,5180
2015,qld,female,25-29,5800,6070
2015,qld,female,30-34,4970,4580
2015,qld,female,35-39,3920,3050
2015,qld,female,40-44,3120,2310
2015,qld,female,45-49,2330,1810
2015,qld,female,5-9,3360,2540
2015,qld,female,50-54,2010,1740
2015,qld,female,55-59,1930,1670
2015,qld,female,60-64,1660,1380
2015,qld,female,65-69,1330,980
2015,qld,female,70-74,800,560
2015,qld,female,75+,1020,750
2015,qld,male,0-4,4150,3390
2015,qld,male,10-14,2710,1990
2015,qld,male,15-19,2810,2500
2015,qld,male,20-24,4940,4780
2015,qld,male,25-29,5620,6080
2015,qld,male,30-34,4920,4870
2015,qld,male,35-39,3870,3430
2015,qld,male,40-44,3280,2660
2015,qld,male,45-49,2580,2110
2015,qld,male,5-9,3530,2740
2015,qld,male,50-54,2020,1790
2015,qld,male,55-59,1820,1520
2015,qld,male,60-64,1640,1360
2015,qld,male,65-69,1430,1160
2015,qld,male,70-74,850,600
2015,qld,male,75+,910,650
2015,sa,female,0-4,880,1120
2015,sa,female,10-14,560,720
2015,sa,female,15-19,680,860
2015,sa,female,20-24,1260,1840
2015,sa,female,25-29,1540,2160
2015,sa,female,30-34,1200,1760
2015,sa,female,35-39,880,1190
2015,sa,female,40-44,650,820
2015,sa,female,45-49,530,660
2015,sa,female,5-9,730,920
2015,sa,female,50-54,510,570
2015,sa,female,55-59,480,500
2015,sa,female,60-64,350,400
2015,sa,female,65-69,250,270
2015,sa,female,70-74,180,160
2015,sa,female,75+,190,240
2015,sa,male,0-4,900,1220
2015,sa,male,10-14,580,740
2015,sa,male,15-19,650,800
2015,sa,male,20-24,1160,1710
2015,sa,male,25-29,1420,2300
2015,sa,male,30-34,1320,1920
2015,sa,male,35-39,910,1370
2015,sa,male,40-44,680,990
2015,sa,male,45-49,600,760
2015,sa,male,5-9,750,990
2015,sa,male,50-54,530,600
2015,sa,male,55-59,440,450
2015,sa,male,60-64,390,380
2015,sa,male,65-69,290,310
2015,sa,male,70-74,190,150
2015,sa,male,75+,160,170
2015,tas,female,0-4,450,370
2015,tas,female,10-14,280,280
2015,tas,female,15-19,310,520
2015,tas,female,20-24,650,870
2015,tas,female,25-29,840,730
2015,tas,female,30-34,560,510
2015,tas,female,35-39,450,390
2015,tas,female,40-44,380,310
2015,tas,female,45-49,310,290
2015,tas,female,5-9,370,350
2015,tas,female,50-54,350,280
2015,tas,female,55-59,370,270
2015,tas,female,60-64,330,240
2015,tas,female,65-69,260,170
2015,tas,female,70-74,130,120
2015,tas,female,75+,140,130
2015,tas,male,0-4,440,350
2015,tas,male,10-14,300,300
2015,tas,male,15-19,330,450
2015,tas,male,20-24,580,830
2015,tas,male,25-29,780,760
2015,tas,male,30-34,640,560
2015,tas,male,35-39,440,410
2015,tas,male,40-44,420,330
2015,tas,male,45-49,350,270
2015,tas,male,5-9,350,380
2015,tas,male,50-54,350,260
2015,tas,male,55-59,360,250
2015,tas,male,60-64,320,220
2015,tas,male,65-69,280,180
2015,tas,male,70-74,140,120
2015,tas,male,75+,120,110
2015,vic,female,0-4,3260,2560
2015,vic,female,10-14,1800,1400
2015,vic,female,15-19,2980,1880
2015,vic,female,20-24,5940,4420
2015,vic,female,25-29,6880,5220
2015,vic,female,30-34,5290,4080
2015,vic,female,35-39,3310,2790
2015,vic,female,40-44,2250,1930
2015,vic,female,45-49,1610,1430
2015,vic,female,5-9,2520,1960
2015,vic,female,50-54,1490,1310
2015,vic,female,55-59,1380,1170
2015,vic,female,60-64,1140,980
2015,vic,female,65-69,820,730
2015,vic,female,70-74,460,440
2015,vic,female,75+,650,590
2015,vic,male,0-4,3530,2680
2015,vic,male,10-14,1810,1510
2015,vic,male,15-19,2690,1800
2015,vic,male,20-24,5600,4260
2015,vic,male,25-29,6850,5130
2015,vic,male,30-34,5550,4210
2015,vic,male,35-39,3650,2960
2015,vic,male,40-44,2620,2230
2015,vic,male,45-49,1890,1660
2015,vic,male,5-9,2600,2020
2015,vic,male,50-54,1490,1330
2015,vic,male,55-59,1270,1100
2015,vic,male,60-64,1070,1050
2015,vic,male,65-69,860,810
2015,vic,male,70-74,460,500
2015,vic,male,75+,530,490
2015,wa,female,0-4,1140,1620
2015,wa,female,10-14,710,930
2015,wa,female,15-19,760,1110
2015,wa,female,20-24,1510,2200
2015,wa,female,25-29,2030,3010
2015,wa,female,30-34,1750,2440
2015,wa,female,35-39,1230,1650
2015,wa,female,40-44,910,1160
2015,wa,female,45-49,730,850
2015,wa,female,5-9,990,1270
2015,wa,female,50-54,620,760
2015,wa,female,55-59,560,710
2015,wa,female,60-64,400,490
2015,wa,female,65-69,250,320
2015,wa,female,70-74,170,180
2015,wa,female,75+,200,180
2015,wa,male,0-4,1200,1730
2015,wa,male,10-14,780,910
2015,wa,male,15-19,740,1050
2015,wa,male,20-24,1520,2120
2015,wa,male,25-29,2160,3000
2015,wa,male,30-34,1930,2900
2015,wa,male,35-39,1430,1800
2015,wa,male,40-44,1100,1360
2015,wa,male,45-49,860,1040
2015,wa,male,5-9,1030,1350
2015,wa,male,50-54,650,800
2015,wa,male,55-59,560,730
2015,wa,male,60-64,420,590
2015,wa,male,65-69,310,400
2015,wa,male,70-74,170,190
2015,wa,male,75+,180,150
2016,act,female,0-4,790,680
2016,act,female,10-14,470,480
2016,act,female,15-19,1280,780
2016,act,female,20-24,2230,1860
2016,act,female,25-29,2100,1730
2016,act,female,30-34,1410,1280
2016,act,female,35-39,920,760
2016,act,female,40-44,580,520
2016,act,female,45-49,430,440
2016,act,female,5-9,640,540
2016,act,female,50-54,400,410
2016,act,female,55-59,340,430
2016,act,female,60-64,230,340
2016,act,female,65-69,140,200
2016,act,female,70-74,120,100
2016,act,female,75+,260,150
2016,act,male,0-4,840,750
2016,act,male,10-14,510,490
2016,act,male,15-19,1060,640
2016,act,male,20-24,1910,1650
2016,act,male,25-29,2090,1920
2016,act,male,30-34,1550,1320
2016,act,male,35-39,1010,880
2016,act,male,40-44,670,630
2016,act,male,45-49,560,500
2016,act,male,5-9,650,620
2016,act,male,50-54,410,400
2016,act,male,55-59,330,420
2016,act,male,60-64,230,360
2016,act,male,65-69,170,200
2016,act,male,70-74,110,120
2016,act,male,75+,170,110
2016,nsw,female,0-4,3700,4520
2016,nsw,female,10-14,2710,3200
2016,nsw,female,15-19,4170,5800
2016,nsw,female,20-24,8780,9240
2016,nsw,female,25-29,9030,8990
2016,nsw,female,30-34,6150,6730
2016,nsw,female,35-39,3860,4580
2016,nsw,female,40-44,2490,3210
2016,nsw,female,45-49,2040,2510
2016,nsw,female,5-9,3230,3890
2016,nsw,female,50-54,1870,2270
2016,nsw,female,55-59,1890,2120
2016,nsw,female,60-64,1570,1850
2016,nsw,female,65-69,1050,1500
2016,nsw,female,70-74,650,900
2016,nsw,female,75+,920,1390
2016,nsw,male,0-4,4090,4960
2016,nsw,male,10-14,2770,3400
2016,nsw,male,15-19,3820,5080
2016,nsw,male,20-24,7820,8950
2016,nsw,male,25-29,9820,9200
2016,nsw,male,30-34,7170,7450
2016,nsw,male,35-39,4310,4850
2016,nsw,male,40-44,3130,3520
2016,nsw,male,45-49,2420,2750
2016,nsw,male,5-9,3380,4190
2016,nsw,male,50-54,1940,2140
2016,nsw,male,55-59,1790,2060
2016,nsw,male,60-64,1490,1770
2016,nsw,male,65-69,1170,1560
2016,nsw,male,70-74,740,1080
2016,nsw,male,75+,750,1040
2016,nt,female,0-4,530,760
2016,nt,female,10-14,360,510
2016,nt,female,15-19,570,690
2016,nt,female,20-24,1400,1120
2016,nt,female,25-29,1640,1370
2016,nt,female,30-34,1200,1150
2016,nt,female,35-39,630,750
2016,nt,female,40-44,340,490
2016,nt,female,45-49,280,390
2016,nt,female,5-9,480,600
2016,nt,female,50-54,250,360
2016,nt,female,55-59,220,360
2016,nt,female,60-64,150,270
2016,nt,female,65-69,50,130
2016,nt,female,70-74,30,90
2016,nt,female,75+,50,50
2016,nt,male,0-4,590,830
2016,nt,male,10-14,400,520
2016,nt,male,15-19,610,610
2016,nt,male,20-24,1280,1160
2016,nt,male,25-29,1580,1560
2016,nt,male,30-34,1470,1280
2016,nt,male,35-39,680,790
2016,nt,male,40-44,410,590
2016,nt,male,45-49,390,500
2016,nt,male,5-9,490,660
2016,nt,male,50-54,340,390
2016,nt,male,55-59,250,340
2016,nt,male,60-64,170,280
2016,nt,male,65-69,100,190
2016,nt,male,70-74,60,110
2016,nt,male,75+,40,60
2016,qld,female,0-4,4100,3190
2016,qld,female,10-14,3500,2600
2016,qld,female,15-19,4710,4080
2016,qld,female,20-24,7440,7450
2016,qld,female,25-29,7280,7370
2016,qld,female,30-34,5730,5100
2016,qld,female,35-39,4210,3170
2016,qld,female,40-44,3170,2140
2016,qld,female,45-49,2630,1870
2016,qld,female,5-9,3890,2870
2016,qld,female,50-54,2300,1740
2016,qld,female,55-59,2230,1720
2016,qld,female,60-64,1820,1420
2016,qld,female,65-69,1510,970
2016,qld,female,70-74,900,570
2016,qld,female,75+,1130,870
2016,qld,male,0-4,4500,3510
2016,qld,male,10-14,3550,2610
2016,qld,male,15-19,4210,3710
2016,qld,male,20-24,7270,6780
2016,qld,male,25-29,7560,8150
2016,qld,male,30-34,5930,5690
2016,qld,male,35-39,4210,3600
2016,qld,male,40-44,3480,2610
2016,qld,male,45-49,2720,2140
2016,qld,male,5-9,4080,3090
2016,qld,male,50-54,2210,1800
2016,qld,male,55-59,1990,1600
2016,qld,male,60-64,1900,1360
2016,qld,male,65-69,1570,1090
2016,qld,male,70-74,1020,640
2016,qld,male,75+,930,690
2016,sa,female,0-4,940,1130
2016,sa,female,10-14,720,820
2016,sa,female,15-19,1110,1230
2016,sa,female,20-24,1730,2470
2016,sa,female,25-29,1880,2460
2016,sa,female,30-34,1440,1720
2016,sa,female,35-39,930,1160
2016,sa,female,40-44,660,790
2016,sa,female,45-49,550,640
2016,sa,female,5-9,760,1020
2016,sa,female,50-54,540,600
2016,sa,female,55-59,510,520
2016,sa,female,60-64,430,420
2016,sa,female,65-69,260,290
2016,sa,female,70-74,160,160
2016,sa,female,75+,230,260
2016,sa,male,0-4,950,1160
2016,sa,male,10-14,700,870
2016,sa,male,15-19,940,1120
2016,sa,male,20-24,1810,2400
2016,sa,male,25-29,1980,2840
2016,sa,male,30-34,1630,2070
2016,sa,male,35-39,1000,1400
2016,sa,male,40-44,750,1030
2016,sa,male,45-49,640,790
2016,sa,male,5-9,880,1050
2016,sa,male,50-54,470,610
2016,sa,male,55-59,510,500
2016,sa,male,60-64,430,400
2016,sa,male,65-69,330,300
2016,sa,male,70-74,210,170
2016,sa,male,75+,180,210
2016,tas,female,0-4,430,360
2016,tas,female,10-14,390,400
2016,tas,female,15-19,520,760
2016,tas,female,20-24,1000,1150
2016,tas,female,25-29,1230,920
2016,tas,female,30-34,780,570
2016,tas,female,35-39,530,350
2016,tas,female,40-44,360,300
2016,tas,female,45-49,350,290
2016,tas,female,5-9,430,380
2016,tas,female,50-54,390,290
2016,tas,female,55-59,420,310
2016,tas,female,60-64,380,250
2016,tas,female,65-69,300,180
2016,tas,female,70-74,150,140
2016,tas,female,75+,170,140
2016,tas,male,0-4,450,410
2016,tas,male,10-14,400,380
2016,tas,male,15-19,490,630
2016,tas,male,20-24,920,1110
2016,tas,male,25-29,1110,960
2016,tas,male,30-34,850,580
2016,tas,male,35-39,520,410
2016,tas,male,40-44,380,320
2016,tas,male,45-49,370,300
2016,tas,male,5-9,430,390
2016,tas,male,50-54,320,260
2016,tas,male,55-59,390,250
2016,tas,male,60-64,350,250
2016,tas,male,65-69,320,210
2016,tas,male,70-74,170,130
2016,tas,male,75+,150,110
2016,vic,female,0-4,3430,2670
2016,vic,female,10-14,2110,2010
2016,vic,female,15-19,4420,2940
2016,vic,female,20-24,7620,6190
2016,vic,female,25-29,7350,6680
2016,vic,female,30-34,5550,4920
2016,vic,female,35-39,3340,3060
2016,vic,female,40-44,2230,1960
2016,vic,female,45-49,1760,1620
2016,vic,female,5-9,2660,2340
2016,vic,female,50-54,1590,1470
2016,vic,female,55-59,1440,1350
2016,vic,female,60-64,1170,1130
2016,vic,female,65-69,830,840
2016,vic,female,70-74,450,510
2016,vic,female,75+,700,640
2016,vic,male,0-4,3680,2830
2016,vic,male,10-14,2210,2010
2016,vic,male,15-19,3820,2550
2016,vic,male,20-24,7200,5660
2016,vic,male,25-29,7870,6790
2016,vic,male,30-34,5990,5490
2016,vic,male,35-39,3940,3130
2016,vic,male,40-44,2630,2320
2016,vic,male,45-49,1960,1760
2016,vic,male,5-9,2850,2390
2016,vic,male,50-54,1600,1460
2016,vic,male,55-59,1350,1280
2016,vic,male,60-64,1150,1120
2016,vic,male,65-69,860,860
2016,vic,male,70-74,540,580
2016,vic,male,75+,560,550
2016,wa,female,0-4,1050,1650
2016,wa,female,10-14,870,1120
2016,wa,female,15-19,1120,1610
2016,wa,female,20-24,2260,3000
2016,wa,female,25-29,2480,3480
2016,wa,female,30-34,1910,2700
2016,wa,female,35-39,1170,1780
2016,wa,female,40-44,800,1240
2016,wa,female,45-49,670,970
2016,wa,female,5-9,1020,1450
2016,wa,female,50-54,610,810
2016,wa,female,55-59,560,790
2016,wa,female,60-64,440,520
2016,wa,female,65-69,270,300
2016,wa,female,70-74,150,160
2016,wa,female,75+,230,190
2016,wa,male,0-4,1160,1810
2016,wa,male,10-14,930,1190
2016,wa,male,15-19,950,1540
2016,wa,male,20-24,2210,2720
2016,wa,male,25-29,2960,3540
2016,wa,male,30-34,2350,3040
2016,wa,male,35-39,1440,2060
2016,wa,male,40-44,940,1380
2016,wa,male,45-49,810,1150
2016,wa,male,5-9,1150,1510
2016,wa,male,50-54,630,860
2016,wa,male,55-59,600,760
2016,wa,male,60-64,460,650
2016,wa,male,65-69,300,390
2016,wa,male,70-74,210,210
2016,wa,male,75+,180,180
2017,act,female,0-4,740,800
2017,act,female,10-14,520,500
2017,act,female,15-19,1240,910
2017,act,female,20-24,2370,1910
2017,act,female,25-29,2170,1940
2017,act,female,30-34,1500,1280
2017,act,female,35-39,940,890
2017,act,female,40-44,570,550
2017,act,female,45-49,480,460
2017,act,female,5-9,620,660
2017,act,female,50-54,420,480
2017,act,female,55-59,380,510
2017,act,female,60-64,240,370
2017,act,female,65-69,180,230
2017,act,female,70-74,130,100
2017,act,female,75+,240,160
2017,act,male,0-4,770,820
2017,act,male,10-14,510,560
2017,act,male,15-19,1260,740
2017,act,male,20-24,1990,1790
2017,act,male,25-29,2250,1920
2017,act,male,30-34,1600,1400
2017,act,male,35-39,1000,970
2017,act,male,40-44,710,700
2017,act,male,45-49,560,540
2017,act,male,5-9,700,630
2017,act,male,50-54,440,450
2017,act,male,55-59,330,490
2017,act,male,60-64,270,370
2017,act,male,65-69,170,280
2017,act,male,70-74,130,130
2017,act,male,75+,150,120
2017,nsw,female,0-4,3770,4990
2017,nsw,female,10-14,2910,3580
2017,nsw,female,15-19,4340,5990
2017,nsw,female,20-24,9160,9580
2017,nsw,female,25-29,9010,9680
2017,nsw,female,30-34,6150,7270
2017,nsw,female,35-39,3990,5100
2017,nsw,female,40-44,2590,3470
2017,nsw,female,45-49,2140,2860
2017,nsw,female,5-9,3400,4310
2017,nsw,female,50-54,1990,2540
2017,nsw,female,55-59,2050,2450
2017,nsw,female,60-64,1580,2100
2017,nsw,female,65-69,1100,1700
2017,nsw,female,70-74,670,1090
2017,nsw,female,75+,950,1530
2017,nsw,male,0-4,3990,5180
2017,nsw,male,10-14,3050,3670
2017,nsw,male,15-19,3840,5020
2017,nsw,male,20-24,7780,9060
2017,nsw,male,25-29,9960,9740
2017,nsw,male,30-34,7200,7930
2017,nsw,male,35-39,4550,5280
2017,nsw,male,40-44,3220,3830
2017,nsw,male,45-49,2590,3020
2017,nsw,male,5-9,3420,4590
2017,nsw,male,50-54,1980,2420
2017,nsw,male,55-59,2000,2290
2017,nsw,male,60-64,1610,2010
2017,nsw,male,65-69,1250,1640
2017,nsw,male,70-74,730,1210
2017,nsw,male,75+,780,1170
2017,nt,female,0-4,470,840
2017,nt,female,10-14,410,540
2017,nt,female,15-19,610,700
2017,nt,female,20-24,1350,1100
2017,nt,female,25-29,1590,1410
2017,nt,female,30-34,1150,1180
2017,nt,female,35-39,630,800
2017,nt,female,40-44,340,500
2017,nt,female,45-49,280,420
2017,nt,female,5-9,480,660
2017,nt,female,50-54,310,350
2017,nt,female,55-59,270,350
2017,nt,female,60-64,130,300
2017,nt,female,65-69,50,160
2017,nt,female,70-74,40,80
2017,nt,female,75+,50,60
2017,nt,male,0-4,540,890
2017,nt,male,10-14,430,520
2017,nt,male,15-19,590,610
2017,nt,male,20-24,1430,1240
2017,nt,male,25-29,1610,1730
2017,nt,male,30-34,1420,1320
2017,nt,male,35-39,660,890
2017,nt,male,40-44,440,580
2017,nt,male,45-49,390,480
2017,nt,male,5-9,530,700
2017,nt,male,50-54,300,410
2017,nt,male,55-59,260,340
2017,nt,male,60-64,180,320
2017,nt,male,65-69,100,230
2017,nt,male,70-74,50,90
2017,nt,male,75+,50,60
2017,qld,female,0-4,4590,3020
2017,qld,female,10-14,3730,2750
2017,qld,female,15-19,4940,4110
2017,qld,female,20-24,7810,7650
2017,qld,female,25-29,7650,7460
2017,qld,female,30-34,6190,5070
2017,qld,female,35-39,4670,3140
2017,qld,female,40-44,3370,2220
2017,qld,female,45-49,2810,2040
2017,qld,female,5-9,4180,2970
2017,qld,female,50-54,2520,1850
2017,qld,female,55-59,2490,1880
2017,qld,female,60-64,2150,1400
2017,qld,female,65-69,1690,1030
2017,qld,female,70-74,1040,610
2017,qld,female,75+,1290,860
2017,qld,male,0-4,4740,3340
2017,qld,male,10-14,3860,2810
2017,qld,male,15-19,4070,3660
2017,qld,male,20-24,7630,7100
2017,qld,male,25-29,8170,8420
2017,qld,male,30-34,6500,5780
2017,qld,male,35-39,4650,3600
2017,qld,male,40-44,3650,2680
2017,qld,male,45-49,2940,2270
2017,qld,male,5-9,4420,2960
2017,qld,male,50-54,2520,1800
2017,qld,male,55-59,2330,1780
2017,qld,male,60-64,2110,1390
2017,qld,male,65-69,1740,1070
2017,qld,male,70-74,1200,710
2017,qld,male,75+,1040,690
2017,sa,female,0-4,910,1120
2017,sa,female,10-14,750,900
2017,sa,female,15-19,1090,1300
2017,sa,female,20-24,1890,2400
2017,sa,female,25-29,2100,2350
2017,sa,female,30-34,1460,1850
2017,sa,female,35-39,1000,1250
2017,sa,female,40-44,730,840
2017,sa,female,45-49,630,690
2017,sa,female,5-9,890,1050
2017,sa,female,50-54,560,590
2017,sa,female,55-59,530,560
2017,sa,female,60-64,510,400
2017,sa,female,65-69,330,260
2017,sa,female,70-74,190,200
2017,sa,female,75+,260,250
2017,sa,male,0-4,980,1140
2017,sa,male,10-14,790,910
2017,sa,male,15-19,960,1090
2017,sa,male,20-24,1880,2270
2017,sa,male,25-29,2230,2770
2017,sa,male,30-34,1790,2120
2017,sa,male,35-39,1070,1410
2017,sa,male,40-44,830,970
2017,sa,male,45-49,690,810
2017,sa,male,5-9,870,1130
2017,sa,male,50-54,560,660
2017,sa,male,55-59,520,540
2017,sa,male,60-64,490,410
2017,sa,male,65-69,350,300
2017,sa,male,70-74,200,160
2017,sa,male,75+,180,200
2017,tas,female,0-4,460,390
2017,tas,female,10-14,430,420
2017,tas,female,15-19,570,790
2017,tas,female,20-24,1110,1180
2017,tas,female,25-29,1320,940
2017,tas,female,30-34,890,630
2017,tas,female,35-39,580,430
2017,tas,female,40-44,410,290
2017,tas,female,45-49,420,270
2017,tas,female,5-9,470,380
2017,tas,female,50-54,420,290
2017,tas,female,55-59,490,320
2017,tas,female,60-64,370,270
2017,tas,female,65-69,280,200
2017,tas,female,70-74,160,130
2017,tas,female,75+,180,170
2017,tas,male,0-4,530,350
2017,tas,male,10-14,430,420
2017,tas,male,15-19,550,650
2017,tas,male,20-24,1020,1210
2017,tas,male,25-29,1150,950
2017,tas,male,30-34,1080,630
2017,tas,male,35-39,610,400
2017,tas,male,40-44,420,330
2017,tas,male,45-49,430,320
2017,tas,male,5-9,440,420
2017,tas,male,50-54,390,240
2017,tas,male,55-59,410,270
2017,tas,male,60-64,400,240
2017,tas,male,65-69,290,210
2017,tas,male,70-74,170,160
2017,tas,male,75+,140,120
2017,vic,female,0-4,3370,2860
2017,vic,female,10-14,2250,2160
2017,vic,female,15-19,4420,3050
2017,vic,female,20-24,7530,6690
2017,vic,female,25-29,7570,6990
2017,vic,female,30-34,5740,5240
2017,vic,female,35-39,3550,3320
2017,vic,female,40-44,2220,2140
2017,vic,female,45-49,1880,1690
2017,vic,female,5-9,2730,2540
2017,vic,female,50-54,1740,1640
2017,vic,female,55-59,1640,1580
2017,vic,female,60-64,1260,1360
2017,vic,female,65-69,870,950
2017,vic,female,70-74,530,590
2017,vic,female,75+,770,750
2017,vic,male,0-4,3590,3110
2017,vic,male,10-14,2280,2270
2017,vic,male,15-19,3570,2660
2017,vic,male,20-24,7320,5950
2017,vic,male,25-29,8160,7410
2017,vic,male,30-34,6160,5750
2017,vic,male,35-39,4110,3580
2017,vic,male,40-44,2730,2540
2017,vic,male,45-49,2010,1930
2017,vic,male,5-9,2910,2670
2017,vic,male,50-54,1610,1630
2017,vic,male,55-59,1500,1440
2017,vic,male,60-64,1150,1340
2017,vic,male,65-69,920,1040
2017,vic,male,70-74,570,650
2017,vic,male,75+,570,590
2017,wa,female,0-4,1190,1480
2017,wa,female,10-14,980,1120
2017,wa,female,15-19,1150,1500
2017,wa,female,20-24,2260,2960
2017,wa,female,25-29,2630,3280
2017,wa,female,30-34,1930,2500
2017,wa,female,35-39,1290,1740
2017,wa,female,40-44,890,1110
2017,wa,female,45-49,670,900
2017,wa,female,5-9,1120,1340
2017,wa,female,50-54,670,880
2017,wa,female,55-59,620,840
2017,wa,female,60-64,500,550
2017,wa,female,65-69,350,320
2017,wa,female,70-74,200,170
2017,wa,female,75+,240,180
2017,wa,male,0-4,1330,1650
2017,wa,male,10-14,970,1160
2017,wa,male,15-19,970,1380
2017,wa,male,20-24,2260,2700
2017,wa,male,25-29,3050,3640
2017,wa,male,30-34,2320,3130
2017,wa,male,35-39,1510,2020
2017,wa,male,40-44,1010,1380
2017,wa,male,45-49,900,1160
2017,wa,male,5-9,1180,1370
2017,wa,male,50-54,700,900
2017,wa,male,55-59,620,820
2017,wa,male,60-64,490,620
2017,wa,male,65-69,350,410
2017,wa,male,70-74,250,190
2017,wa,male,75+,180,160
2018,act,female,0-4,790,760
2018,act,female,10-14,500,520
2018,act,female,15-19,1270,1030
2018,act,female,20-24,2500,1940
2018,act,female,25-29,2340,1860
2018,act,female,30-34,1550,1420
2018,act,female,35-39,1010,920
2018,act,female,40-44,620,580
2018,act,female,45-49,530,550
2018,act,female,5-9,590,610
2018,act,female,50-54,450,500
2018,act,female,55-59,420,520
2018,act,female,60-64,280,420
2018,act,female,65-69,190,250
2018,act,female,70-74,120,130
2018,act,female,75+,210,150
2018,act,male,0-4,740,780
2018,act,male,10-14,510,500
2018,act,male,15-19,1200,780
2018,act,male,20-24,2220,1850
2018,act,male,25-29,2470,2100
2018,act,male,30-34,1600,1510
2018,act,male,35-39,1130,970
2018,act,male,40-44,680,700
2018,act,male,45-49,600,590
2018,act,male,5-9,640,690
2018,act,male,50-54,510,480
2018,act,male,55-59,380,520
2018,act,male,60-64,270,400
2018,act,male,65-69,190,260
2018,act,male,70-74,100,140
2018,act,male,75+,160,130
2018,nsw,female,0-4,3380,4520
2018,nsw,female,10-14,2910,3580
2018,nsw,female,15-19,4480,6000
2018,nsw,female,20-24,9510,10170
2018,nsw,female,25-29,9170,10010
2018,nsw,female,30-34,6360,7330
2018,nsw,female,35-39,4070,5180
2018,nsw,female,40-44,2580,3420
2018,nsw,female,45-49,2310,3000
2018,nsw,female,5-9,3080,4110
2018,nsw,female,50-54,2210,2710
2018,nsw,female,55-59,2120,2670
2018,nsw,female,60-64,1830,2340
2018,nsw,female,65-69,1190,1710
2018,nsw,female,70-74,710,1120
2018,nsw,female,75+,950,1510
2018,nsw,male,0-4,3590,4710
2018,nsw,male,10-14,2980,3710
2018,nsw,male,15-19,3850,5100
2018,nsw,male,20-24,8660,9920
2018,nsw,male,25-29,10790,11070
2018,nsw,male,30-34,7570,8240
2018,nsw,male,35-39,4610,5710
2018,nsw,male,40-44,3080,3890
2018,nsw,male,45-49,2690,3280
2018,nsw,male,5-9,3350,4270
2018,nsw,male,50-54,2210,2760
2018,nsw,male,55-59,2130,2490
2018,nsw,male,60-64,1770,2170
2018,nsw,male,65-69,1340,1770
2018,nsw,male,70-74,830,1210
2018,nsw,male,75+,760,1250
2018,nt,female,0-4,480,810
2018,nt,female,10-14,440,600
2018,nt,female,15-19,680,830
2018,nt,female,20-24,1460,1230
2018,nt,female,25-29,1720,1530
2018,nt,female,30-34,1130,1250
2018,nt,female,35-39,660,870
2018,nt,female,40-44,370,570
2018,nt,female,45-49,360,450
2018,nt,female,5-9,490,700
2018,nt,female,50-54,320,440
2018,nt,female,55-59,240,420
2018,nt,female,60-64,190,310
2018,nt,female,65-69,80,190
2018,nt,female,70-74,40,90
2018,nt,female,75+,50,60
2018,nt,male,0-4,530,830
2018,nt,male,10-14,450,650
2018,nt,male,15-19,660,660
2018,nt,male,20-24,1580,1270
2018,nt,male,25-29,1840,1780
2018,nt,male,30-34,1560,1450
2018,nt,male,35-39,760,890
2018,nt,male,40-44,420,610
2018,nt,male,45-49,380,580
2018,nt,male,5-9,470,710
2018,nt,male,50-54,370,460
2018,nt,male,55-59,290,440
2018,nt,male,60-64,220,380
2018,nt,male,65-69,110,260
2018,nt,male,70-74,70,110
2018,nt,male,75+,50,50
2018,qld,female,0-4,4090,2990
2018,qld,female,10-14,3670,2750
2018,qld,female,15-19,5140,4320
2018,qld,female,20-24,8400,8100
2018,qld,female,25-29,8140,8040
2018,qld,female,30-34,6180,5340
2018,qld,female,35-39,4530,3410
2018,qld,female,40-44,3360,2220
2018,qld,female,45-49,3130,2240
2018,qld,female,5-9,4030,2850
2018,qld,female,50-54,2660,2120
2018,qld,female,55-59,2700,2040
2018,qld,female,60-64,2360,1650
2018,qld,female,65-69,1830,1120
2018,qld,female,70-74,1150,710
2018,qld,female,75+,1290,880
2018,qld,male,0-4,4200,3140
2018,qld,male,10-14,3870,2920
2018,qld,male,15-19,4370,3910
2018,qld,male,20-24,8300,7930
2018,qld,male,25-29,9220,9330
2018,qld,male,30-34,6630,6210
2018,qld,male,35-39,4740,3880
2018,qld,male,40-44,3660,2500
2018,qld,male,45-49,3300,2510
2018,qld,male,5-9,4220,2920
2018,qld,male,50-54,2770,2150
2018,qld,male,55-59,2590,1930
2018,qld,male,60-64,2270,1630
2018,qld,male,65-69,1850,1190
2018,qld,male,70-74,1300,800
2018,qld,male,75+,1140,710
2018,sa,female,0-4,940,990
2018,sa,female,10-14,780,830
2018,sa,female,15-19,1160,1320
2018,sa,female,20-24,1940,2610
2018,sa,female,25-29,2170,2460
2018,sa,female,30-34,1700,1770
2018,sa,female,35-39,1140,1170
2018,sa,female,40-44,680,770
2018,sa,female,45-49,620,690
2018,sa,female,5-9,870,910
2018,sa,female,50-54,620,700
2018,sa,female,55-59,650,640
2018,sa,female,60-64,520,470
2018,sa,female,65-69,370,300
2018,sa,female,70-74,210,190
2018,sa,female,75+,250,270
2018,sa,male,0-4,1040,1040
2018,sa,male,10-14,820,900
2018,sa,male,15-19,1020,1100
2018,sa,male,20-24,2010,2530
2018,sa,male,25-29,2470,2910
2018,sa,male,30-34,1970,2120
2018,sa,male,35-39,1180,1430
2018,sa,male,40-44,770,1030
2018,sa,male,45-49,770,810
2018,sa,male,5-9,860,980
2018,sa,male,50-54,650,690
2018,sa,male,55-59,590,620
2018,sa,male,60-64,540,500
2018,sa,male,65-69,430,330
2018,sa,male,70-74,250,210
2018,sa,male,75+,210,210
2018,tas,female,0-4,440,380
2018,tas,female,10-14,400,410
2018,tas,female,15-19,620,790
2018,tas,female,20-24,1180,1240
2018,tas,female,25-29,1380,1010
2018,tas,female,30-34,920,740
2018,tas,female,35-39,580,370
2018,tas,female,40-44,410,290
2018,tas,female,45-49,430,360
2018,tas,female,5-9,430,360
2018,tas,female,50-54,420,360
2018,tas,female,55-59,520,340
2018,tas,female,60-64,410,290
2018,tas,female,65-69,280,210
2018,tas,female,70-74,150,150
2018,tas,female,75+,190,140
2018,tas,male,0-4,460,370
2018,tas,male,10-14,410,420
2018,tas,male,15-19,490,660
2018,tas,male,20-24,1060,1320
2018,tas,male,25-29,1290,1250
2018,tas,male,30-34,1020,770
2018,tas,male,35-39,580,440
2018,tas,male,40-44,400,340
2018,tas,male,45-49,460,340
2018,tas,male,5-9,470,420
2018,tas,male,50-54,410,300
2018,tas,male,55-59,460,290
2018,tas,male,60-64,450,280
2018,tas,male,65-69,310,220
2018,tas,male,70-74,190,150
2018,tas,male,75+,140,140
2018,vic,female,0-4,3010,2760
2018,vic,female,10-14,2280,2190
2018,vic,female,15-19,4520,3280
2018,vic,female,20-24,7950,7320
2018,vic,female,25-29,7900,7640
2018,vic,female,30-34,5660,5470
2018,vic,female,35-39,3620,3530
2018,vic,female,40-44,2200,2200
2018,vic,female,45-49,1980,1910
2018,vic,female,5-9,2560,2450
2018,vic,female,50-54,1950,1730
2018,vic,female,55-59,1820,1800
2018,vic,female,60-64,1410,1540
2018,vic,female,65-69,870,1040
2018,vic,female,70-74,520,620
2018,vic,female,75+,740,760
2018,vic,male,0-4,3130,2910
2018,vic,male,10-14,2390,2240
2018,vic,male,15-19,3660,2850
2018,vic,male,20-24,7760,6450
2018,vic,male,25-29,8890,8340
2018,vic,male,30-34,6410,6040
2018,vic,male,35-39,4300,3820
2018,vic,male,40-44,2700,2450
2018,vic,male,45-49,2110,2080
2018,vic,male,5-9,2690,2660
2018,vic,male,50-54,1830,1770
2018,vic,male,55-59,1720,1730
2018,vic,male,60-64,1410,1510
2018,vic,male,65-69,970,1130
2018,vic,male,70-74,560,740
2018,vic,male,75+,580,640
2018,wa,female,0-4,1340,1280
2018,wa,female,10-14,1030,1120
2018,wa,female,15-19,1260,1550
2018,wa,female,20-24,2480,2820
2018,wa,female,25-29,2860,3140
2018,wa,female,30-34,2260,2440
2018,wa,female,35-39,1480,1650
2018,wa,female,40-44,940,1120
2018,wa,female,45-49,820,970
2018,wa,female,5-9,1200,1260
2018,wa,female,50-54,790,880
2018,wa,female,55-59,750,790
2018,wa,female,60-64,620,600
2018,wa,female,65-69,360,360
2018,wa,female,70-74,250,160
2018,wa,female,75+,280,200
2018,wa,male,0-4,1440,1340
2018,wa,male,10-14,1070,1160
2018,wa,male,15-19,1190,1370
2018,wa,male,20-24,2560,2870
2018,wa,male,25-29,3400,3580
2018,wa,male,30-34,2570,3000
2018,wa,male,35-39,1740,1890
2018,wa,male,40-44,1080,1280
2018,wa,male,45-49,1050,1160
2018,wa,male,5-9,1310,1350
2018,wa,male,50-54,840,980
2018,wa,male,55-59,750,890
2018,wa,male,60-64,570,630
2018,wa,male,65-69,400,440
2018,wa,male,70-74,290,230
2018,wa,male,75+,260,170
2019,act,female,0-4,570,560
2019,act,female,10-14,420,450
2019,act,female,15-19,1090,780
2019,act,female,20-24,2410,1770
2019,act,female,25-29,1970,1710
2019,act,female,30-34,1430,1200
2019,act,female,35-39,890,840
2019,act,female,40-44,520,500
2019,act,female,45-49,440,480
2019,act,female,5-9,540,540
2019,act,female,50-54,380,470
2019,act,female,55-59,330,480
2019,act,female,60-64,220,320
2019,act,female,65-69,160,220
2019,act,female,70-74,100,90
2019,act,female,75+,220,140
2019,act,male,0-4,610,620
2019,act,male,10-14,440,490
2019,act,male,15-19,1190,700
2019,act,male,20-24,2200,1740
2019,act,male,25-29,2310,1900
2019,act,male,30-34,1650,1320
2019,act,male,35-39,1000,990
2019,act,male,40-44,690,610
2019,act,male,45-49,550,570
2019,act,male,5-9,550,600
2019,act,male,50-54,440,470
2019,act,male,55-59,350,470
2019,act,male,60-64,200,350
2019,act,male,65-69,140,240
2019,act,male,70-74,100,150
2019,act,male,75+,130,110
2019,nsw,female,0-4,2630,3640
2019,nsw,female,10-14,2520,3160
2019,nsw,female,15-19,3860,5180
2019,nsw,female,20-24,8470,9310
2019,nsw,female,25-29,8350,9070
2019,nsw,female,30-34,5520,6540
2019,nsw,female,35-39,3740,4570
2019,nsw,female,40-44,2380,3110
2019,nsw,female,45-49,2110,2690
2019,nsw,female,5-9,2620,3510
2019,nsw,female,50-54,1940,2420
2019,nsw,female,55-59,1920,2340
2019,nsw,female,60-64,1500,1970
2019,nsw,female,65-69,1030,1400
2019,nsw,female,70-74,560,900
2019,nsw,female,75+,770,1360
2019,nsw,male,0-4,2960,3780
2019,nsw,male,10-14,2550,3170
2019,nsw,male,15-19,3440,4590
2019,nsw,male,20-24,7810,9360
2019,nsw,male,25-29,10000,10770
2019,nsw,male,30-34,6870,7940
2019,nsw,male,35-39,4350,5150
2019,nsw,male,40-44,2960,3680
2019,nsw,male,45-49,2490,3070
2019,nsw,male,5-9,2710,3530
2019,nsw,male,50-54,1980,2450
2019,nsw,male,55-59,1910,2300
2019,nsw,male,60-64,1530,1870
2019,nsw,male,65-69,1100,1460
2019,nsw,male,70-74,640,970
2019,nsw,male,75+,650,1050
2019,nt,female,0-4,390,570
2019,nt,female,10-14,360,470
2019,nt,female,15-19,650,700
2019,nt,female,20-24,1440,990
2019,nt,female,25-29,1650,1320
2019,nt,female,30-34,1010,1080
2019,nt,female,35-39,570,730
2019,nt,female,40-44,360,490
2019,nt,female,45-49,310,480
2019,nt,female,5-9,400,570
2019,nt,female,50-54,250,330
2019,nt,female,55-59,240,310
2019,nt,female,60-64,150,290
2019,nt,female,65-69,70,150
2019,nt,female,70-74,40,50
2019,nt,female,75+,40,50
2019,nt,male,0-4,390,600
2019,nt,male,10-14,370,480
2019,nt,male,15-19,630,620
2019,nt,male,20-24,1710,1140
2019,nt,male,25-29,1830,1500
2019,nt,male,30-34,1430,1290
2019,nt,male,35-39,700,820
2019,nt,male,40-44,410,580
2019,nt,male,45-49,380,550
2019,nt,male,5-9,450,580
2019,nt,male,50-54,320,400
2019,nt,male,55-59,240,330
2019,nt,male,60-64,190,260
2019,nt,male,65-69,70,190
2019,nt,male,70-74,40,80
2019,nt,male,75+,40,50
2019,qld,female,0-4,3310,2390
2019,qld,female,10-14,3320,2260
2019,qld,female,15-19,4550,3760
2019,qld,female,20-24,7570,7120
2019,qld,female,25-29,7390,7260
2019,qld,female,30-34,5580,4640
2019,qld,female,35-39,4160,3040
2019,qld,female,40-44,3160,2120
2019,qld,female,45-49,2780,1920
2019,qld,female,5-9,3460,2310
2019,qld,female,50-54,2500,1720
2019,qld,female,55-59,2410,1720
2019,qld,female,60-64,2010,1320
2019,qld,female,65-69,1470,880
2019,qld,female,70-74,920,550
2019,qld,female,75+,1200,680
2019,qld,male,0-4,3480,2570
2019,qld,male,10-14,3390,2380
2019,qld,male,15-19,3920,3360
2019,qld,male,20-24,7780,7170
2019,qld,male,25-29,8860,8530
2019,qld,male,30-34,6470,5620
2019,qld,male,35-39,4490,3600
2019,qld,male,40-44,3470,2500
2019,qld,male,45-49,3090,2140
2019,qld,male,5-9,3630,2400
2019,qld,male,50-54,2450,1850
2019,qld,male,55-59,2310,1620
2019,qld,male,60-64,1980,1350
2019,qld,male,65-69,1490,960
2019,qld,male,70-74,1040,550
2019,qld,male,75+,990,580
2019,sa,female,0-4,860,740
2019,sa,female,10-14,650,690
2019,sa,female,15-19,1040,1140
2019,sa,female,20-24,1840,2340
2019,sa,female,25-29,2140,2160
2019,sa,female,30-34,1550,1560
2019,sa,female,35-39,940,1050
2019,sa,female,40-44,640,690
2019,sa,female,45-49,660,630
2019,sa,female,5-9,780,780
2019,sa,female,50-54,540,550
2019,sa,female,55-59,570,510
2019,sa,female,60-64,480,360
2019,sa,female,65-69,300,260
2019,sa,female,70-74,190,140
2019,sa,female,75+,230,240
2019,sa,male,0-4,860,810
2019,sa,male,10-14,720,770
2019,sa,male,15-19,930,940
2019,sa,male,20-24,2110,2230
2019,sa,male,25-29,2480,2810
2019,sa,male,30-34,1750,1870
2019,sa,male,35-39,1100,1330
2019,sa,male,40-44,760,920
2019,sa,male,45-49,700,750
2019,sa,male,5-9,770,840
2019,sa,male,50-54,570,600
2019,sa,male,55-59,560,520
2019,sa,male,60-64,460,380
2019,sa,male,65-69,340,250
2019,sa,male,70-74,210,170
2019,sa,male,75+,200,170
2019,tas,female,0-4,380,320
2019,tas,female,10-14,340,350
2019,tas,female,15-19,470,750
2019,tas,female,20-24,1010,1240
2019,tas,female,25-29,1250,1020
2019,tas,female,30-34,830,690
2019,tas,female,35-39,550,420
2019,tas,female,40-44,340,280
2019,tas,female,45-49,350,280
2019,tas,female,5-9,340,320
2019,tas,female,50-54,390,260
2019,tas,female,55-59,410,290
2019,tas,female,60-64,330,250
2019,tas,female,65-69,210,180
2019,tas,female,70-74,130,100
2019,tas,female,75+,130,140
2019,tas,male,0-4,370,320
2019,tas,male,10-14,360,350
2019,tas,male,15-19,430,610
2019,tas,male,20-24,870,1230
2019,tas,male,25-29,1080,1160
2019,tas,male,30-34,980,670
2019,tas,male,35-39,590,450
2019,tas,male,40-44,380,340
2019,tas,male,45-49,360,280
2019,tas,male,5-9,340,380
2019,tas,male,50-54,340,260
2019,tas,male,55-59,370,240
2019,tas,male,60-64,330,220
2019,tas,male,65-69,240,190
2019,tas,male,70-74,160,120
2019,tas,male,75+,90,120
2019,vic,female,0-4,2150,2280
2019,vic,female,10-14,1790,1990
2019,vic,female,15-19,3670,2890
2019,vic,female,20-24,6950,6770
2019,vic,female,25-29,7000,7130
2019,vic,female,30-34,4820,5050
2019,vic,female,35-39,3110,3340
2019,vic,female,40-44,1900,2140
2019,vic,female,45-49,1680,1810
2019,vic,female,5-9,1930,2180
2019,vic,female,50-54,1440,1680
2019,vic,female,55-59,1470,1660
2019,vic,female,60-64,1120,1310
2019,vic,female,65-69,690,890
2019,vic,female,70-74,410,540
2019,vic,female,75+,580,630
2019,vic,male,0-4,2330,2470
2019,vic,male,10-14,1840,1980
2019,vic,male,15-19,3120,2620
2019,vic,male,20-24,6730,6120
2019,vic,male,25-29,7920,8090
2019,vic,male,30-34,5370,5900
2019,vic,male,35-39,3740,3730
2019,vic,male,40-44,2400,2390
2019,vic,male,45-49,1940,1990
2019,vic,male,5-9,2060,2270
2019,vic,male,50-54,1530,1570
2019,vic,male,55-59,1290,1540
2019,vic,male,60-64,1100,1360
2019,vic,male,65-69,800,930
2019,vic,male,70-74,420,630
2019,vic,male,75+,450,540
2019,wa,female,0-4,1070,850
2019,wa,female,10-14,870,900
2019,wa,female,15-19,1050,1180
2019,wa,female,20-24,2220,2380
2019,wa,female,25-29,2580,2660
2019,wa,female,30-34,2010,1990
2019,wa,female,35-39,1350,1330
2019,wa,female,40-44,910,890
2019,wa,female,45-49,740,770
2019,wa,female,5-9,980,860
2019,wa,female,50-54,660,680
2019,wa,female,55-59,640,680
2019,wa,female,60-64,470,460
2019,wa,female,65-69,310,260
2019,wa,female,70-74,160,130
2019,wa,female,75+,210,130
2019,wa,male,0-4,1130,970
2019,wa,male,10-14,890,950
2019,wa,male,15-19,960,1180
2019,wa,male,20-24,2210,2410
2019,wa,male,25-29,3290,3020
2019,wa,male,30-34,2540,2430
2019,wa,male,35-39,1690,1600
2019,wa,male,40-44,1080,1120
2019,wa,male,45-49,820,960
2019,wa,male,5-9,1040,950
2019,wa,male,50-54,710,740
2019,wa,male,55-59,700,700
2019,wa,male,60-64,490,480
2019,wa,male,65-69,340,290
2019,wa,male,70-74,210,160
2019,wa,male,75+,180,120
2020,act,female,0-4,600,580
2020,act,female,10-14,320,330
2020,act,female,15-19,1640,620
2020,act,female,20-24,2470,1560
2020,act,female,25-29,2590,1560
2020,act,female,30-34,1540,1190
2020,act,female,35-39,900,820
2020,act,female,40-44,520,510
2020,act,female,45-49,390,410
2020,act,female,5-9,440,430
2020,act,female,50-54,310,400
2020,act,female,55-59,260,460
2020,act,female,60-64,230,350
2020,act,female,65-69,160,230
2020,act,female,70-74,160,110
2020,act,female,75+,260,160
2020,act,male,0-4,610,620
2020,act,male,10-14,340,310
2020,act,male,15-19,1320,530
2020,act,male,20-24,2310,1420
2020,act,male,25-29,2830,1510
2020,act,male,30-34,1700,1230
2020,act,male,35-39,1020,900
2020,act,male,40-44,620,580
2020,act,male,45-49,480,490
2020,act,male,5-9,450,500
2020,act,male,50-54,380,420
2020,act,male,55-59,270,430
2020,act,male,60-64,220,360
2020,act,male,65-69,130,230
2020,act,male,70-74,120,140
2020,act,male,75+,200,110
2020,nsw,female,0-4,2250,3290
2020,nsw,female,10-14,1320,2070
2020,nsw,female,15-19,2290,4250
2020,nsw,female,20-24,5880,7700
2020,nsw,female,25-29,6900,9030
2020,nsw,female,30-34,4940,6650
2020,nsw,female,35-39,3090,4450
2020,nsw,female,40-44,1980,2850
2020,nsw,female,45-49,1520,2340
2020,nsw,female,5-9,1700,2610
2020,nsw,female,50-54,1490,2130
2020,nsw,female,55-59,1620,2300
2020,nsw,female,60-64,1530,2230
2020,nsw,female,65-69,1150,1740
2020,nsw,female,70-74,750,1310
2020,nsw,female,75+,980,1720
2020,nsw,male,0-4,2400,3510
2020,nsw,male,10-14,1330,2060
2020,nsw,male,15-19,2110,3530
2020,nsw,male,20-24,5300,6980
2020,nsw,male,25-29,7150,9000
2020,nsw,male,30-34,5220,7300
2020,nsw,male,35-39,3460,4980
2020,nsw,male,40-44,2260,3330
2020,nsw,male,45-49,1810,2670
2020,nsw,male,5-9,1820,2620
2020,nsw,male,50-54,1520,2210
2020,nsw,male,55-59,1500,2100
2020,nsw,male,60-64,1350,2020
2020,nsw,male,65-69,1080,1660
2020,nsw,male,70-74,780,1250
2020,nsw,male,75+,810,1410
2020,nt,female,0-4,440,560
2020,nt,female,10-14,240,410
2020,nt,female,15-19,330,570
2020,nt,female,20-24,1220,720
2020,nt,female,25-29,1550,1090
2020,nt,female,30-34,1020,990
2020,nt,female,35-39,610,720
2020,nt,female,40-44,390,490
2020,nt,female,45-49,320,390
2020,nt,female,5-9,390,470
2020,nt,female,50-54,330,370
2020,nt,female,55-59,310,370
2020,nt,female,60-64,230,380
2020,nt,female,65-69,160,220
2020,nt,female,70-74,80,110
2020,nt,female,75+,70,40
2020,nt,male,0-4,410,540
2020,nt,male,10-14,280,430
2020,nt,male,15-19,370,460
2020,nt,male,20-24,1130,760
2020,nt,male,25-29,1420,1020
2020,nt,male,30-34,1040,970
2020,nt,male,35-39,710,770
2020,nt,male,40-44,430,520
2020,nt,male,45-49,350,420
2020,nt,male,5-9,370,460
2020,nt,male,50-54,350,410
2020,nt,male,55-59,320,380
2020,nt,male,60-64,260,350
2020,nt,male,65-69,190,270
2020,nt,male,70-74,120,130
2020,nt,male,75+,60,40
2020,qld,female,0-4,3360,1820
2020,qld,female,10-14,2510,1220
2020,qld,female,15-19,3320,2050
2020,qld,female,20-24,5830,4740
2020,qld,female,25-29,6880,5690
2020,qld,female,30-34,5870,3910
2020,qld,female,35-39,4650,2340
2020,qld,female,40-44,3220,1590
2020,qld,female,45-49,2710,1410
2020,qld,female,5-9,3020,1470
2020,qld,female,50-54,2460,1440
2020,qld,female,55-59,2620,1590
2020,qld,female,60-64,2590,1420
2020,qld,female,65-69,2020,1110
2020,qld,female,70-74,1440,750
2020,qld,female,75+,1610,960
2020,qld,male,0-4,3590,1860
2020,qld,male,10-14,2360,1150
2020,qld,male,15-19,2660,1980
2020,qld,male,20-24,5120,4120
2020,qld,male,25-29,6400,5440
2020,qld,male,30-34,5850,3960
2020,qld,male,35-39,4870,2650
2020,qld,male,40-44,3490,1780
2020,qld,male,45-49,2950,1610
2020,qld,male,5-9,3060,1490
2020,qld,male,50-54,2480,1440
2020,qld,male,55-59,2430,1390
2020,qld,male,60-64,2350,1280
2020,qld,male,65-69,2020,1050
2020,qld,male,70-74,1440,790
2020,qld,male,75+,1410,820
2020,sa,female,0-4,850,670
2020,sa,female,10-14,440,420
2020,sa,female,15-19,700,770
2020,sa,female,20-24,1550,1700
2020,sa,female,25-29,2240,1810
2020,sa,female,30-34,1750,1290
2020,sa,female,35-39,1090,960
2020,sa,female,40-44,690,610
2020,sa,female,45-49,580,440
2020,sa,female,5-9,620,560
2020,sa,female,50-54,540,390
2020,sa,female,55-59,600,420
2020,sa,female,60-64,540,430
2020,sa,female,65-69,420,280
2020,sa,female,70-74,280,200
2020,sa,female,75+,310,240
2020,sa,male,0-4,890,700
2020,sa,male,10-14,470,420
2020,sa,male,15-19,650,680
2020,sa,male,20-24,1700,1520
2020,sa,male,25-29,2450,1810
2020,sa,male,30-34,1930,1400
2020,sa,male,35-39,1290,1050
2020,sa,male,40-44,780,650
2020,sa,male,45-49,650,530
2020,sa,male,5-9,610,600
2020,sa,male,50-54,590,460
2020,sa,male,55-59,530,400
2020,sa,male,60-64,510,360
2020,sa,male,65-69,450,270
2020,sa,male,70-74,290,180
2020,sa,male,75+,270,180
2020,tas,female,0-4,440,360
2020,tas,female,10-14,220,230
2020,tas,female,15-19,320,590
2020,tas,female,20-24,930,910
2020,tas,female,25-29,1830,910
2020,tas,female,30-34,1120,800
2020,tas,female,35-39,630,460
2020,tas,female,40-44,440,280
2020,tas,female,45-49,340,240
2020,tas,female,5-9,300,270
2020,tas,female,50-54,400,250
2020,tas,female,55-59,460,280
2020,tas,female,60-64,370,280
2020,tas,female,65-69,270,220
2020,tas,female,70-74,150,200
2020,tas,female,75+,160,180
2020,tas,male,0-4,470,360
2020,tas,male,10-14,230,200
2020,tas,male,15-19,270,480
2020,tas,male,20-24,990,820
2020,tas,male,25-29,2140,880
2020,tas,male,30-34,1320,770
2020,tas,male,35-39,710,550
2020,tas,male,40-44,410,330
2020,tas,male,45-49,380,270
2020,tas,male,5-9,320,310
2020,tas,male,50-54,370,240
2020,tas,male,55-59,430,220
2020,tas,male,60-64,350,230
2020,tas,male,65-69,270,220
2020,tas,male,70-74,160,200
2020,tas,male,75+,140,200
2020,vic,female,0-4,1560,2750
2020,vic,female,10-14,920,1580
2020,vic,female,15-19,2500,2180
2020,vic,female,20-24,4970,5860
2020,vic,female,25-29,5000,8220
2020,vic,female,30-34,3580,6150
2020,vic,female,35-39,2170,4110
2020,vic,female,40-44,1250,2570
2020,vic,female,45-49,1050,1960
2020,vic,female,5-9,1120,2250
2020,vic,female,50-54,960,1730
2020,vic,female,55-59,1060,1730
2020,vic,female,60-64,1000,1580
2020,vic,female,65-69,740,1250
2020,vic,female,70-74,570,850
2020,vic,female,75+,690,940
2020,vic,male,0-4,1580,2900
2020,vic,male,10-14,920,1630
2020,vic,male,15-19,2150,1880
2020,vic,male,20-24,4340,5770
2020,vic,male,25-29,4790,9000
2020,vic,male,30-34,3840,6550
2020,vic,male,35-39,2450,4450
2020,vic,male,40-44,1480,2880
2020,vic,male,45-49,1110,2130
2020,vic,male,5-9,1160,2350
2020,vic,male,50-54,930,1760
2020,vic,male,55-59,870,1640
2020,vic,male,60-64,850,1440
2020,vic,male,65-69,690,1250
2020,vic,male,70-74,530,830
2020,vic,male,75+,540,810
2020,wa,female,0-4,1230,710
2020,wa,female,10-14,680,400
2020,wa,female,15-19,680,750
2020,wa,female,20-24,1920,1580
2020,wa,female,25-29,3040,1720
2020,wa,female,30-34,2540,1400
2020,wa,female,35-39,1640,920
2020,wa,female,40-44,1030,610
2020,wa,female,45-49,780,510
2020,wa,female,5-9,1050,570
2020,wa,female,50-54,720,500
2020,wa,female,55-59,710,510
2020,wa,female,60-64,630,440
2020,wa,female,65-69,450,320
2020,wa,female,70-74,310,190
2020,wa,female,75+,320,170
2020,wa,male,0-4,1260,700
2020,wa,male,10-14,720,430
2020,wa,male,15-19,620,620
2020,wa,male,20-24,1970,1480
2020,wa,male,25-29,3050,1580
2020,wa,male,30-34,2630,1340
2020,wa,male,35-39,1940,1090
2020,wa,male,40-44,1280,670
2020,wa,male,45-49,970,570
2020,wa,male,5-9,1110,560
2020,wa,male,50-54,860,520
2020,wa,male,55-59,740,510
2020,wa,male,60-64,610,480
2020,wa,male,65-69,470,340
2020,wa,male,70-74,300,210
2020,wa,male,75+,250,100
2021,act,female,0-4,450,580
2021,act,female,10-14,340,410
2021,act,female,15-19,1870,800
2021,act,female,20-24,2620,1960
2021,act,female,25-29,2180,1810
2021,act,female,30-34,1270,1280
2021,act,female,35-39,780,950
2021,act,female,40-44,460,590
2021,act,female,45-49,330,430
2021,act,female,5-9,390,540
2021,act,female,50-54,320,440
2021,act,female,55-59,240,400
2021,act,female,60-64,220,390
2021,act,female,65-69,150,250
2021,act,female,70-74,100,100
2021,act,female,75+,270,170
2021,act,male,0-4,460,610
2021,act,male,10-14,310,410
2021,act,male,15-19,1730,810
2021,act,male,20-24,2770,2080
2021,act,male,25-29,2510,1890
2021,act,male,30-34,1510,1440
2021,act,male,35-39,990,1020
2021,act,male,40-44,660,650
2021,act,male,45-49,470,550
2021,act,male,5-9,350,530
2021,act,male,50-54,420,510
2021,act,male,55-59,250,420
2021,act,male,60-64,220,390
2021,act,male,65-69,160,240
2021,act,male,70-74,130,150
2021,act,male,75+,170,120
2021,nsw,female,0-4,2290,3240
2021,nsw,female,10-14,2030,2590
2021,nsw,female,15-19,3520,5160
2021,nsw,female,20-24,8120,9470
2021,nsw,female,25-29,7830,9110
2021,nsw,female,30-34,5510,6760
2021,nsw,female,35-39,3530,4800
2021,nsw,female,40-44,2290,3040
2021,nsw,female,45-49,1800,2400
2021,nsw,female,5-9,2110,2900
2021,nsw,female,50-54,1860,2370
2021,nsw,female,55-59,1700,2250
2021,nsw,female,60-64,1600,2210
2021,nsw,female,65-69,1130,1680
2021,nsw,female,70-74,740,1160
2021,nsw,female,75+,980,1790
2021,nsw,male,0-4,2390,3410
2021,nsw,male,10-14,1910,2280
2021,nsw,male,15-19,3690,4650
2021,nsw,male,20-24,8770,9820
2021,nsw,male,25-29,9450,10290
2021,nsw,male,30-34,6370,7440
2021,nsw,male,35-39,4230,5510
2021,nsw,male,40-44,2970,3910
2021,nsw,male,45-49,2280,2940
2021,nsw,male,5-9,2300,2780
2021,nsw,male,50-54,2080,2540
2021,nsw,male,55-59,1760,2250
2021,nsw,male,60-64,1530,2150
2021,nsw,male,65-69,1200,1650
2021,nsw,male,70-74,780,1150
2021,nsw,male,75+,800,1370
2021,nt,female,0-4,440,500
2021,nt,female,10-14,260,390
2021,nt,female,15-19,460,660
2021,nt,female,20-24,1490,1110
2021,nt,female,25-29,1640,1260
2021,nt,female,30-34,920,1070
2021,nt,female,35-39,540,720
2021,nt,female,40-44,370,500
2021,nt,female,45-49,290,360
2021,nt,female,5-9,390,430
2021,nt,female,50-54,320,430
2021,nt,female,55-59,280,390
2021,nt,female,60-64,180,280
2021,nt,female,65-69,90,190
2021,nt,female,70-74,50,90
2021,nt,female,75+,50,60
2021,nt,male,0-4,430,450
2021,nt,male,10-14,290,410
2021,nt,male,15-19,610,640
2021,nt,male,20-24,1980,1220
2021,nt,male,25-29,1900,1580
2021,nt,male,30-34,1310,1180
2021,nt,male,35-39,780,810
2021,nt,male,40-44,540,570
2021,nt,male,45-49,420,490
2021,nt,male,5-9,380,410
2021,nt,male,50-54,400,460
2021,nt,male,55-59,320,400
2021,nt,male,60-64,210,300
2021,nt,male,65-69,120,220
2021,nt,male,70-74,50,110
2021,nt,male,75+,70,60
2021,qld,female,0-4,3370,1900
2021,qld,female,10-14,2850,1790
2021,qld,female,15-19,4740,2860
2021,qld,female,20-24,8020,6680
2021,qld,female,25-29,7550,6640
2021,qld,female,30-34,6190,4480
2021,qld,female,35-39,5020,2750
2021,qld,female,40-44,3560,1780
2021,qld,female,45-49,2740,1530
2021,qld,female,5-9,3340,1780
2021,qld,female,50-54,2780,1670
2021,qld,female,55-59,2560,1610
2021,qld,female,60-64,2420,1440
2021,qld,female,65-69,1900,1020
2021,qld,female,70-74,1250,730
2021,qld,female,75+,1640,890
2021,qld,male,0-4,3650,1940
2021,qld,male,10-14,2750,1710
2021,qld,male,15-19,4100,3270
2021,qld,male,20-24,7990,7150
2021,qld,male,25-29,8450,7570
2021,qld,male,30-34,6520,5260
2021,qld,male,35-39,5350,3450
2021,qld,male,40-44,4020,2620
2021,qld,male,45-49,3250,2040
2021,qld,male,5-9,3330,1930
2021,qld,male,50-54,2890,1950
2021,qld,male,55-59,2610,1630
2021,qld,male,60-64,2340,1310
2021,qld,male,65-69,1850,1020
2021,qld,male,70-74,1310,720
2021,qld,male,75+,1370,810
2021,sa,female,0-4,700,650
2021,sa,female,10-14,530,560
2021,sa,female,15-19,950,1040
2021,sa,female,20-24,2110,2170
2021,sa,female,25-29,2560,2040
2021,sa,female,30-34,1880,1410
2021,sa,female,35-39,1150,990
2021,sa,female,40-44,670,700
2021,sa,female,45-49,500,510
2021,sa,female,5-9,610,630
2021,sa,female,50-54,580,440
2021,sa,female,55-59,610,390
2021,sa,female,60-64,600,370
2021,sa,female,65-69,390,250
2021,sa,female,70-74,270,170
2021,sa,female,75+,300,260
2021,sa,male,0-4,720,650
2021,sa,male,10-14,510,540
2021,sa,male,15-19,940,940
2021,sa,male,20-24,2320,2190
2021,sa,male,25-29,3100,2540
2021,sa,male,30-34,2070,1680
2021,sa,male,35-39,1330,1210
2021,sa,male,40-44,870,910
2021,sa,male,45-49,690,670
2021,sa,male,5-9,600,630
2021,sa,male,50-54,630,560
2021,sa,male,55-59,620,480
2021,sa,male,60-64,520,320
2021,sa,male,65-69,480,270
2021,sa,male,70-74,260,160
2021,sa,male,75+,230,200
2021,tas,female,0-4,350,360
2021,tas,female,10-14,250,310
2021,tas,female,15-19,410,640
2021,tas,female,20-24,1150,1270
2021,tas,female,25-29,1320,1130
2021,tas,female,30-34,870,890
2021,tas,female,35-39,500,580
2021,tas,female,40-44,360,310
2021,tas,female,45-49,350,220
2021,tas,female,5-9,290,340
2021,tas,female,50-54,400,260
2021,tas,female,55-59,380,230
2021,tas,female,60-64,380,240
2021,tas,female,65-69,250,190
2021,tas,female,70-74,140,140
2021,tas,female,75+,160,190
2021,tas,male,0-4,340,350
2021,tas,male,10-14,270,240
2021,tas,male,15-19,340,660
2021,tas,male,20-24,1060,1240
2021,tas,male,25-29,1630,1340
2021,tas,male,30-34,990,960
2021,tas,male,35-39,640,620
2021,tas,male,40-44,440,360
2021,tas,male,45-49,370,270
2021,tas,male,5-9,310,300
2021,tas,male,50-54,400,260
2021,tas,male,55-59,390,260
2021,tas,male,60-64,330,210
2021,tas,male,65-69,270,190
2021,tas,male,70-74,170,150
2021,tas,male,75+,130,150
2021,vic,female,0-4,1700,2350
2021,vic,female,10-14,1310,1650
2021,vic,female,15-19,2610,3380
2021,vic,female,20-24,6010,7360
2021,vic,female,25-29,5650,7940
2021,vic,female,30-34,4190,5950
2021,vic,female,35-39,2730,3960
2021,vic,female,40-44,1550,2560
2021,vic,female,45-49,1150,1890
2021,vic,female,5-9,1450,2170
2021,vic,female,50-54,1130,1870
2021,vic,female,55-59,1090,1710
2021,vic,female,60-64,1070,1630
2021,vic,female,65-69,770,1210
2021,vic,female,70-74,530,760
2021,vic,female,75+,710,890
2021,vic,male,0-4,1610,2500
2021,vic,male,10-14,1230,1830
2021,vic,male,15-19,2610,3250
2021,vic,male,20-24,5950,8140
2021,vic,male,25-29,6400,10340
2021,vic,male,30-34,4480,6680
2021,vic,male,35-39,3140,4530
2021,vic,male,40-44,2160,3000
2021,vic,male,45-49,1490,2210
2021,vic,male,5-9,1440,2330
2021,vic,male,50-54,1260,2020
2021,vic,male,55-59,1110,1780
2021,vic,male,60-64,960,1540
2021,vic,male,65-69,760,1260
2021,vic,male,70-74,500,800
2021,vic,male,75+,590,740
2021,wa,female,0-4,980,690
2021,wa,female,10-14,730,600
2021,wa,female,15-19,920,940
2021,wa,female,20-24,2540,2050
2021,wa,female,25-29,3220,2010
2021,wa,female,30-34,2530,1520
2021,wa,female,35-39,1560,1060
2021,wa,female,40-44,950,740
2021,wa,female,45-49,740,580
2021,wa,female,5-9,860,660
2021,wa,female,50-54,740,650
2021,wa,female,55-59,640,510
2021,wa,female,60-64,570,460
2021,wa,female,65-69,400,300
2021,wa,female,70-74,260,190
2021,wa,female,75+,320,180
2021,wa,male,0-4,1030,710
2021,wa,male,10-14,740,580
2021,wa,male,15-19,950,760
2021,wa,male,20-24,2970,1980
2021,wa,male,25-29,4330,2220
2021,wa,male,30-34,3140,1770
2021,wa,male,35-39,2080,1380
2021,wa,male,40-44,1430,1060
2021,wa,male,45-49,1000,800
2021,wa,male,5-9,870,680
2021,wa,male,50-54,960,740
2021,wa,male,55-59,780,620
2021,wa,male,60-64,580,460
2021,wa,male,65-69,370,350
2021,wa,male,70-74,250,190
2021,wa,male,75+,260,150
2022,act,female,0-4,400,640
2022,act,female,10-14,320,380
2022,act,female,15-19,1590,660
2022,act,female,20-24,2170,1860
2022,act,female,25-29,1790,1930
2022,act,female,30-34,1200,1360
2022,act,female,35-39,730,940
2022,act,female,40-44,460,550
2022,act,female,45-49,340,410
2022,act,female,5-9,390,550
2022,act,female,50-54,300,410
2022,act,female,55-59,210,420
2022,act,female,60-64,190,350
2022,act,female,65-69,160,240
2022,act,female,70-74,130,130
2022,act,female,75+,270,170
2022,act,male,0-4,490,660
2022,act,male,10-14,310,390
2022,act,male,15-19,1490,700
2022,act,male,20-24,2190,1890
2022,act,male,25-29,1820,1950
2022,act,male,30-34,1260,1390
2022,act,male,35-39,800,1010
2022,act,male,40-44,520,670
2022,act,male,45-49,380,510
2022,act,male,5-9,360,580
2022,act,male,50-54,320,420
2022,act,male,55-59,230,370
2022,act,male,60-64,170,360
2022,act,male,65-69,140,240
2022,act,male,70-74,130,140
2022,act,male,75+,180,130
2022,nsw,female,0-4,2180,3420
2022,nsw,female,10-14,1700,2560
2022,nsw,female,15-19,2740,4690
2022,nsw,female,20-24,7280,8720
2022,nsw,female,25-29,6950,8690
2022,nsw,female,30-34,5060,6630
2022,nsw,female,35-39,3270,4820
2022,nsw,female,40-44,1990,3090
2022,nsw,female,45-49,1410,2250
2022,nsw,female,5-9,1970,2930
2022,nsw,female,50-54,1470,2310
2022,nsw,female,55-59,1380,2060
2022,nsw,female,60-64,1380,2000
2022,nsw,female,65-69,990,1580
2022,nsw,female,70-74,650,1090
2022,nsw,female,75+,950,1680
2022,nsw,male,0-4,2320,3580
2022,nsw,male,10-14,1630,2490
2022,nsw,male,15-19,2760,4370
2022,nsw,male,20-24,6950,9120
2022,nsw,male,25-29,7430,9580
2022,nsw,male,30-34,5250,7270
2022,nsw,male,35-39,3540,5120
2022,nsw,male,40-44,2280,3500
2022,nsw,male,45-49,1700,2540
2022,nsw,male,5-9,2150,2950
2022,nsw,male,50-54,1590,2400
2022,nsw,male,55-59,1280,1970
2022,nsw,male,60-64,1220,1830
2022,nsw,male,65-69,1000,1500
2022,nsw,male,70-74,720,1140
2022,nsw,male,75+,710,1320
2022,nt,female,0-4,470,560
2022,nt,female,10-14,270,420
2022,nt,female,15-19,430,660
2022,nt,female,20-24,1270,1090
2022,nt,female,25-29,1390,1280
2022,nt,female,30-34,790,1100
2022,nt,female,35-39,500,740
2022,nt,female,40-44,320,560
2022,nt,female,45-49,270,350
2022,nt,female,5-9,400,520
2022,nt,female,50-54,330,390
2022,nt,female,55-59,250,340
2022,nt,female,60-64,130,270
2022,nt,female,65-69,70,180
2022,nt,female,70-74,40,90
2022,nt,female,75+,60,60
2022,nt,male,0-4,410,550
2022,nt,male,10-14,290,460
2022,nt,male,15-19,580,570
2022,nt,male,20-24,1700,1170
2022,nt,male,25-29,1580,1420
2022,nt,male,30-34,1070,1120
2022,nt,male,35-39,560,750
2022,nt,male,40-44,410,590
2022,nt,male,45-49,330,410
2022,nt,male,5-9,430,490
2022,nt,male,50-54,340,430
2022,nt,male,55-59,290,350
2022,nt,male,60-64,160,300
2022,nt,male,65-69,100,200
2022,nt,male,70-74,60,130
2022,nt,male,75+,50,80
2022,qld,female,0-4,3440,2110
2022,qld,female,10-14,2740,1700
2022,qld,female,15-19,4170,2630
2022,qld,female,20-24,7270,6620
2022,qld,female,25-29,6860,6520
2022,qld,female,30-34,5760,4470
2022,qld,female,35-39,4610,2790
2022,qld,female,40-44,3230,1800
2022,qld,female,45-49,2420,1410
2022,qld,female,5-9,3150,1960
2022,qld,female,50-54,2500,1600
2022,qld,female,55-59,2330,1430
2022,qld,female,60-64,2210,1340
2022,qld,female,65-69,1700,1000
2022,qld,female,70-74,1170,720
2022,qld,female,75+,1570,960
2022,qld,male,0-4,3680,2230
2022,qld,male,10-14,2680,1650
2022,qld,male,15-19,3580,2720
2022,qld,male,20-24,7430,6350
2022,qld,male,25-29,7160,6730
2022,qld,male,30-34,5740,4780
2022,qld,male,35-39,4640,3060
2022,qld,male,40-44,3340,2110
2022,qld,male,45-49,2700,1550
2022,qld,male,5-9,3210,2070
2022,qld,male,50-54,2590,1610
2022,qld,male,55-59,2210,1370
2022,qld,male,60-64,2070,1130
2022,qld,male,65-69,1680,910
2022,qld,male,70-74,1220,730
2022,qld,male,75+,1300,850
2022,sa,female,0-4,750,680
2022,sa,female,10-14,510,530
2022,sa,female,15-19,820,880
2022,sa,female,20-24,1740,2070
2022,sa,female,25-29,2170,2130
2022,sa,female,30-34,1590,1480
2022,sa,female,35-39,1030,1050
2022,sa,female,40-44,680,660
2022,sa,female,45-49,510,470
2022,sa,female,5-9,600,630
2022,sa,female,50-54,560,420
2022,sa,female,55-59,470,370
2022,sa,female,60-64,470,320
2022,sa,female,65-69,350,270
2022,sa,female,70-74,250,190
2022,sa,female,75+,310,280
2022,sa,male,0-4,750,780
2022,sa,male,10-14,560,560
2022,sa,male,15-19,810,780
2022,sa,male,20-24,1910,2130
2022,sa,male,25-29,2430,2480
2022,sa,male,30-34,1710,1740
2022,sa,male,35-39,1140,1230
2022,sa,male,40-44,750,780
2022,sa,male,45-49,540,510
2022,sa,male,5-9,660,640
2022,sa,male,50-54,550,500
2022,sa,male,55-59,530,410
2022,sa,male,60-64,440,350
2022,sa,male,65-69,380,250
2022,sa,male,70-74,260,210
2022,sa,male,75+,270,200
2022,tas,female,0-4,350,440
2022,tas,female,10-14,240,310
2022,tas,female,15-19,380,670
2022,tas,female,20-24,860,1220
2022,tas,female,25-29,1030,1370
2022,tas,female,30-34,680,1260
2022,tas,female,35-39,470,690
2022,tas,female,40-44,350,370
2022,tas,female,45-49,250,240
2022,tas,female,5-9,290,410
2022,tas,female,50-54,310,290
2022,tas,female,55-59,340,260
2022,tas,female,60-64,320,250
2022,tas,female,65-69,220,170
2022,tas,female,70-74,140,160
2022,tas,female,75+,150,220
2022,tas,male,0-4,410,510
2022,tas,male,10-14,250,290
2022,tas,male,15-19,310,560
2022,tas,male,20-24,790,1230
2022,tas,male,25-29,1000,1540
2022,tas,male,30-34,720,1250
2022,tas,male,35-39,470,760
2022,tas,male,40-44,350,370
2022,tas,male,45-49,300,220
2022,tas,male,5-9,320,370
2022,tas,male,50-54,340,260
2022,tas,male,55-59,320,220
2022,tas,male,60-64,280,210
2022,tas,male,65-69,220,190
2022,tas,male,70-74,140,140
2022,tas,male,75+,150,170
2022,vic,female,0-4,2010,2210
2022,vic,female,10-14,1360,1560
2022,vic,female,15-19,2580,2700
2022,vic,female,20-24,6220,5900
2022,vic,female,25-29,6420,6240
2022,vic,female,30-34,4780,4880
2022,vic,female,35-39,3190,3330
2022,vic,female,40-44,1750,2110
2022,vic,female,45-49,1170,1490
2022,vic,female,5-9,1690,1880
2022,vic,female,50-54,1190,1490
2022,vic,female,55-59,1030,1340
2022,vic,female,60-64,1020,1340
2022,vic,female,65-69,790,950
2022,vic,female,70-74,550,670
2022,vic,female,75+,790,850
2022,vic,male,0-4,2060,2300
2022,vic,male,10-14,1470,1610
2022,vic,male,15-19,2390,2440
2022,vic,male,20-24,6070,6250
2022,vic,male,25-29,6830,7170
2022,vic,male,30-34,5110,5050
2022,vic,male,35-39,3390,3510
2022,vic,male,40-44,2090,2290
2022,vic,male,45-49,1280,1760
2022,vic,male,5-9,1750,2030
2022,vic,male,50-54,1160,1570
2022,vic,male,55-59,990,1370
2022,vic,male,60-64,960,1260
2022,vic,male,65-69,700,1020
2022,vic,male,70-74,560,710
2022,vic,male,75+,620,670
2022,wa,female,0-4,1190,750
2022,wa,female,10-14,830,490
2022,wa,female,15-19,950,760
2022,wa,female,20-24,2600,1930
2022,wa,female,25-29,3550,1980
2022,wa,female,30-34,2780,1450
2022,wa,female,35-39,1670,1100
2022,wa,female,40-44,1060,680
2022,wa,female,45-49,760,500
2022,wa,female,5-9,1030,640
2022,wa,female,50-54,740,490
2022,wa,female,55-59,630,430
2022,wa,female,60-64,580,400
2022,wa,female,65-69,420,310
2022,wa,female,70-74,280,170
2022,wa,female,75+,310,190
2022,wa,male,0-4,1260,760
2022,wa,male,10-14,780,510
2022,wa,male,15-19,830,600
2022,wa,male,20-24,2940,1820
2022,wa,male,25-29,4660,2040
2022,wa,male,30-34,3320,1590
2022,wa,male,35-39,2090,1200
2022,wa,male,40-44,1370,800
2022,wa,male,45-49,880,610
2022,wa,male,5-9,1040,770
2022,wa,male,50-54,840,550
2022,wa,male,55-59,670,480
2022,wa,male,60-64,540,410
2022,wa,male,65-69,430,340
2022,wa,male,70-74,300,190
2022,wa,male,75+,320,180
2023,act,female,0-4,430,570
2023,act,female,10-14,340,390
2023,act,female,15-19,1480,690
2023,act,female,20-24,2060,1770
2023,act,female,25-29,1780,1900
2023,act,female,30-34,1200,1350
2023,act,female,35-39,700,950
2023,act,female,40-44,470,620
2023,act,female,45-49,310,410
2023,act,female,5-9,380,530
2023,act,female,50-54,270,430
2023,act,female,55-59,210,330
2023,act,female,60-64,190,350
2023,act,female,65-69,170,220
2023,act,female,70-74,120,140
2023,act,female,75+,250,180
2023,act,male,0-4,490,640
2023,act,male,10-14,360,450
2023,act,male,15-19,1220,670
2023,act,male,20-24,2040,1880
2023,act,male,25-29,1750,1950
2023,act,male,30-34,1230,1440
2023,act,male,35-39,830,990
2023,act,male,40-44,580,710
2023,act,male,45-49,370,470
2023,act,male,5-9,380,530
2023,act,male,50-54,330,460
2023,act,male,55-59,220,380
2023,act,male,60-64,150,340
2023,act,male,65-69,110,240
2023,act,male,70-74,100,140
2023,act,male,75+,170,150
2023,nsw,female,0-4,2000,3140
2023,nsw,female,10-14,1660,2430
2023,nsw,female,15-19,2680,4530
2023,nsw,female,20-24,7280,8430
2023,nsw,female,25-29,7680,8800
2023,nsw,female,30-34,5340,6590
2023,nsw,female,35-39,3300,4530
2023,nsw,female,40-44,1950,3120
2023,nsw,female,45-49,1410,2190
2023,nsw,female,5-9,1880,2780
2023,nsw,female,50-54,1560,2120
2023,nsw,female,55-59,1320,1800
2023,nsw,female,60-64,1420,1870
2023,nsw,female,65-69,1030,1420
2023,nsw,female,70-74,730,1070
2023,nsw,female,75+,1000,1580
2023,nsw,male,0-4,2120,3430
2023,nsw,male,10-14,1520,2410
2023,nsw,male,15-19,2670,4130
2023,nsw,male,20-24,7030,8710
2023,nsw,male,25-29,7810,9260
2023,nsw,male,30-34,5650,7140
2023,nsw,male,35-39,3570,4930
2023,nsw,male,40-44,2370,3720
2023,nsw,male,45-49,1620,2470
2023,nsw,male,5-9,1820,2900
2023,nsw,male,50-54,1660,2340
2023,nsw,male,55-59,1350,1810
2023,nsw,male,60-64,1340,1700
2023,nsw,male,65-69,1050,1500
2023,nsw,male,70-74,710,1010
2023,nsw,male,75+,830,1260
2023,nt,female,0-4,410,530
2023,nt,female,10-14,250,420
2023,nt,female,15-19,420,670
2023,nt,female,20-24,1210,1010
2023,nt,female,25-29,1320,1360
2023,nt,female,30-34,850,1090
2023,nt,female,35-39,480,740
2023,nt,female,40-44,320,470
2023,nt,female,45-49,290,370
2023,nt,female,5-9,370,480
2023,nt,female,50-54,260,390
2023,nt,female,55-59,190,330
2023,nt,female,60-64,140,270
2023,nt,female,65-69,100,170
2023,nt,female,70-74,40,80
2023,nt,female,75+,60,70
2023,nt,male,0-4,400,500
2023,nt,male,10-14,310,400
2023,nt,male,15-19,540,550
2023,nt,male,20-24,1670,1190
2023,nt,male,25-29,1410,1540
2023,nt,male,30-34,1070,1090
2023,nt,male,35-39,570,770
2023,nt,male,40-44,440,600
2023,nt,male,45-49,340,430
2023,nt,male,5-9,390,460
2023,nt,male,50-54,360,400
2023,nt,male,55-59,250,380
2023,nt,male,60-64,170,290
2023,nt,male,65-69,120,210
2023,nt,male,70-74,50,90
2023,nt,male,75+,60,80
2023,qld,female,0-4,3250,1980
2023,qld,female,10-14,2700,1740
2023,qld,female,15-19,4100,2630
2023,qld,female,20-24,7260,6650
2023,qld,female,25-29,7400,7180
2023,qld,female,30-34,5990,4850
2023,qld,female,35-39,4470,2890
2023,qld,female,40-44,3310,1830
2023,qld,female,45-49,2390,1380
2023,qld,female,5-9,3040,1860
2023,qld,female,50-54,2440,1690
2023,qld,female,55-59,2060,1440
2023,qld,female,60-64,2000,1400
2023,qld,female,65-69,1570,1060
2023,qld,female,70-74,1060,760
2023,qld,female,75+,1400,1020
2023,qld,male,0-4,3450,2070
2023,qld,male,10-14,2690,1700
2023,qld,male,15-19,3510,2630
2023,qld,male,20-24,7610,6460
2023,qld,male,25-29,7980,7060
2023,qld,male,30-34,6080,5060
2023,qld,male,35-39,4600,3150
2023,qld,male,40-44,3560,2230
2023,qld,male,45-49,2620,1670
2023,qld,male,5-9,3130,1830
2023,qld,male,50-54,2510,1690
2023,qld,male,55-59,2100,1410
2023,qld,male,60-64,1960,1300
2023,qld,male,65-69,1650,1020
2023,qld,male,70-74,1100,720
2023,qld,male,75+,1180,840
2023,sa,female,0-4,670,690
2023,sa,female,10-14,470,580
2023,sa,female,15-19,800,830
2023,sa,female,20-24,1590,2000
2023,sa,female,25-29,2050,2230
2023,sa,female,30-34,1520,1630
2023,sa,female,35-39,980,1090
2023,sa,female,40-44,610,670
2023,sa,female,45-49,450,420
2023,sa,female,5-9,550,640
2023,sa,female,50-54,510,420
2023,sa,female,55-59,420,350
2023,sa,female,60-64,430,330
2023,sa,female,65-69,320,270
2023,sa,female,70-74,240,160
2023,sa,female,75+,250,270
2023,sa,male,0-4,680,740
2023,sa,male,10-14,490,540
2023,sa,male,15-19,730,750
2023,sa,male,20-24,1700,2120
2023,sa,male,25-29,2120,2550
2023,sa,male,30-34,1580,1870
2023,sa,male,35-39,1100,1280
2023,sa,male,40-44,740,740
2023,sa,male,45-49,560,550
2023,sa,male,5-9,590,640
2023,sa,male,50-54,560,470
2023,sa,male,55-59,510,400
2023,sa,male,60-64,460,330
2023,sa,male,65-69,350,260
2023,sa,male,70-74,220,190
2023,sa,male,75+,240,200
2023,tas,female,0-4,320,470
2023,tas,female,10-14,240,300
2023,tas,female,15-19,360,670
2023,tas,female,20-24,950,1120
2023,tas,female,25-29,1030,1360
2023,tas,female,30-34,690,1340
2023,tas,female,35-39,470,740
2023,tas,female,40-44,340,360
2023,tas,female,45-49,260,220
2023,tas,female,5-9,270,380
2023,tas,female,50-54,370,240
2023,tas,female,55-59,360,210
2023,tas,female,60-64,320,210
2023,tas,female,65-69,210,200
2023,tas,female,70-74,120,150
2023,tas,female,75+,180,170
2023,tas,male,0-4,310,470
2023,tas,male,10-14,260,270
2023,tas,male,15-19,310,500
2023,tas,male,20-24,800,1160
2023,tas,male,25-29,1090,1530
2023,tas,male,30-34,770,1390
2023,tas,male,35-39,510,830
2023,tas,male,40-44,350,410
2023,tas,male,45-49,280,240
2023,tas,male,5-9,300,370
2023,tas,male,50-54,360,240
2023,tas,male,55-59,350,180
2023,tas,male,60-64,310,210
2023,tas,male,65-69,230,170
2023,tas,male,70-74,130,120
2023,tas,male,75+,170,150
2023,vic,female,0-4,2010,2080
2023,vic,female,10-14,1350,1390
2023,vic,female,15-19,2660,2560
2023,vic,female,20-24,6060,6080
2023,vic,female,25-29,6830,6740
2023,vic,female,30-34,5030,4980
2023,vic,female,35-39,3250,3270
2023,vic,female,40-44,1760,1980
2023,vic,female,45-49,1140,1430
2023,vic,female,5-9,1670,1830
2023,vic,female,50-54,1150,1480
2023,vic,female,55-59,990,1200
2023,vic,female,60-64,1080,1230
2023,vic,female,65-69,830,940
2023,vic,female,70-74,560,600
2023,vic,female,75+,800,770
2023,vic,male,0-4,2010,2030
2023,vic,male,10-14,1370,1480
2023,vic,male,15-19,2360,2330
2023,vic,male,20-24,5860,6310
2023,vic,male,25-29,6970,7320
2023,vic,male,30-34,5270,5270
2023,vic,male,35-39,3470,3500
2023,vic,male,40-44,2190,2360
2023,vic,male,45-49,1410,1660
2023,vic,male,5-9,1700,1910
2023,vic,male,50-54,1240,1640
2023,vic,male,55-59,980,1280
2023,vic,male,60-64,940,1230
2023,vic,male,65-69,760,920
2023,vic,male,70-74,510,610
2023,vic,male,75+,610,680
2023,wa,female,0-4,1150,780
2023,wa,female,10-14,820,590
2023,wa,female,15-19,890,830
2023,wa,female,20-24,2710,2050
2023,wa,female,25-29,3720,2230
2023,wa,female,30-34,2840,1620
2023,wa,female,35-39,1680,1100
2023,wa,female,40-44,1060,760
2023,wa,female,45-49,680,520
2023,wa,female,5-9,1000,660
2023,wa,female,50-54,710,500
2023,wa,female,55-59,580,460
2023,wa,female,60-64,540,460
2023,wa,female,65-69,370,310
2023,wa,female,70-74,250,180
2023,wa,female,75+,330,210
2023,wa,male,0-4,1160,740
2023,wa,male,10-14,810,560
2023,wa,male,15-19,850,650
2023,wa,male,20-24,3090,1970
2023,wa,male,25-29,4430,2350
2023,wa,male,30-34,3360,1730
2023,wa,male,35-39,2070,1270
2023,wa,male,40-44,1390,860
2023,wa,male,45-49,910,630
2023,wa,male,5-9,1070,740
2023,wa,male,50-54,860,650
2023,wa,male,55-59,650,560
2023,wa,male,60-64,550,480
2023,wa,male,65-69,390,360
2023,wa,male,70-74,240,200
2023,wa,male,75+,300,190
2024,act,female,0-4,420,590
2024,act,female,10-14,350,390
2024,act,female,15-19,1500,590
2024,act,female,20-24,1860,1590
2024,act,female,25-29,1710,1860
2024,act,female,30-34,1210,1330
2024,act,female,35-39,750,910
2024,act,female,40-44,450,600
2024,act,female,45-49,310,380
2024,act,female,5-9,380,450
2024,act,female,50-54,270,360
2024,act,female,55-59,190,320
2024,act,female,60-64,210,320
2024,act,female,65-69,160,200
2024,act,female,70-74,130,100
2024,act,female,75+,200,170
2024,act,male,0-4,400,560
2024,act,male,10-14,320,390
2024,act,male,15-19,1350,650
2024,act,male,20-24,1720,1870
2024,act,male,25-29,1660,1860
2024,act,male,30-34,1270,1460
2024,act,male,35-39,790,950
2024,act,male,40-44,520,710
2024,act,male,45-49,370,390
2024,act,male,5-9,320,470
2024,act,male,50-54,310,420
2024,act,male,55-59,200,310
2024,act,male,60-64,160,320
2024,act,male,65-69,150,220
2024,act,male,70-74,100,140
2024,act,male,75+,200,140
2024,nsw,female,0-4,2040,2780
2024,nsw,female,10-14,1600,2320
2024,nsw,female,15-19,2630,4290
2024,nsw,female,20-24,7040,8240
2024,nsw,female,25-29,7700,9120
2024,nsw,female,30-34,5350,6620
2024,nsw,female,35-39,3390,4340
2024,nsw,female,40-44,2030,2820
2024,nsw,female,45-49,1350,1960
2024,nsw,female,5-9,1750,2560
2024,nsw,female,50-54,1400,1900
2024,nsw,female,55-59,1320,1660
2024,nsw,female,60-64,1370,1600
2024,nsw,female,65-69,1050,1360
2024,nsw,female,70-74,680,890
2024,nsw,female,75+,970,1370
2024,nsw,male,0-4,2110,2960
2024,nsw,male,10-14,1580,2230
2024,nsw,male,15-19,2580,3980
2024,nsw,male,20-24,6950,8580
2024,nsw,male,25-29,7950,9500
2024,nsw,male,30-34,5700,7060
2024,nsw,male,35-39,3640,4780
2024,nsw,male,40-44,2390,3390
2024,nsw,male,45-49,1590,2230
2024,nsw,male,5-9,1870,2460
2024,nsw,male,50-54,1580,2110
2024,nsw,male,55-59,1280,1620
2024,nsw,male,60-64,1340,1580
2024,nsw,male,65-69,1060,1270
2024,nsw,male,70-74,680,840
2024,nsw,male,75+,840,1210
2024,nt,female,0-4,430,440
2024,nt,female,10-14,250,380
2024,nt,female,15-19,420,600
2024,nt,female,20-24,1170,960
2024,nt,female,25-29,1390,1170
2024,nt,female,30-34,880,1060
2024,nt,female,35-39,480,660
2024,nt,female,40-44,340,480
2024,nt,female,45-49,230,350
2024,nt,female,5-9,370,450
2024,nt,female,50-54,270,350
2024,nt,female,55-59,210,310
2024,nt,female,60-64,120,270
2024,nt,female,65-69,70,180
2024,nt,female,70-74,50,90
2024,nt,female,75+,60,80
2024,nt,male,0-4,390,460
2024,nt,male,10-14,260,370
2024,nt,male,15-19,540,480
2024,nt,male,20-24,1770,1070
2024,nt,male,25-29,1740,1420
2024,nt,male,30-34,1120,1080
2024,nt,male,35-39,580,690
2024,nt,male,40-44,390,540
2024,nt,male,45-49,310,390
2024,nt,male,5-9,370,410
2024,nt,male,50-54,290,320
2024,nt,male,55-59,260,330
2024,nt,male,60-64,170,260
2024,nt,male,65-69,100,170
2024,nt,male,70-74,50,110
2024,nt,male,75+,50,70
2024,qld,female,0-4,2720,2010
2024,qld,female,10-14,2500,1700
2024,qld,female,15-19,3650,2550
2024,qld,female,20-24,7180,6370
2024,qld,female,25-29,7730,7410
2024,qld,female,30-34,5800,4960
2024,qld,female,35-39,4180,2980
2024,qld,female,40-44,2930,1920
2024,qld,female,45-49,2060,1390
2024,qld,female,5-9,2710,1810
2024,qld,female,50-54,2120,1540
2024,qld,female,55-59,1930,1440
2024,qld,female,60-64,1770,1430
2024,qld,female,65-69,1320,1140
2024,qld,female,70-74,870,760
2024,qld,female,75+,1190,1070
2024,qld,male,0-4,3050,1980
2024,qld,male,10-14,2320,1660
2024,qld,male,15-19,3300,2520
2024,qld,male,20-24,7650,6150
2024,qld,male,25-29,8120,7250
2024,qld,male,30-34,5990,5100
2024,qld,male,35-39,4390,3240
2024,qld,male,40-44,3310,2250
2024,qld,male,45-49,2290,1590
2024,qld,male,5-9,2710,1840
2024,qld,male,50-54,2240,1570
2024,qld,male,55-59,1900,1390
2024,qld,male,60-64,1730,1300
2024,qld,male,65-69,1400,1120
2024,qld,male,70-74,860,690
2024,qld,male,75+,1100,930
2024,sa,female,0-4,600,630
2024,sa,female,10-14,460,580
2024,sa,female,15-19,710,780
2024,sa,female,20-24,1510,1930
2024,sa,female,25-29,2040,2250
2024,sa,female,30-34,1570,1670
2024,sa,female,35-39,1000,1190
2024,sa,female,40-44,650,670
2024,sa,female,45-49,420,430
2024,sa,female,5-9,500,600
2024,sa,female,50-54,460,390
2024,sa,female,55-59,370,350
2024,sa,female,60-64,450,330
2024,sa,female,65-69,340,260
2024,sa,female,70-74,200,170
2024,sa,female,75+,250,250
2024,sa,male,0-4,630,710
2024,sa,male,10-14,520,550
2024,sa,male,15-19,700,670
2024,sa,male,20-24,1630,2200
2024,sa,male,25-29,2140,2740
2024,sa,male,30-34,1640,1900
2024,sa,male,35-39,1070,1280
2024,sa,male,40-44,780,800
2024,sa,male,45-49,480,520
2024,sa,male,5-9,560,630
2024,sa,male,50-54,470,440
2024,sa,male,55-59,450,350
2024,sa,male,60-64,410,310
2024,sa,male,65-69,330,290
2024,sa,male,70-74,220,180
2024,sa,male,75+,230,190
2024,tas,female,0-4,310,400
2024,tas,female,10-14,250,270
2024,tas,female,15-19,360,570
2024,tas,female,20-24,960,1040
2024,tas,female,25-29,1300,1250
2024,tas,female,30-34,860,1160
2024,tas,female,35-39,540,710
2024,tas,female,40-44,370,350
2024,tas,female,45-49,290,220
2024,tas,female,5-9,250,340
2024,tas,female,50-54,340,180
2024,tas,female,55-59,310,190
2024,tas,female,60-64,340,240
2024,tas,female,65-69,240,150
2024,tas,female,70-74,130,110
2024,tas,female,75+,170,180
2024,tas,male,0-4,340,440
2024,tas,male,10-14,250,260
2024,tas,male,15-19,290,530
2024,tas,male,20-24,1000,1040
2024,tas,male,25-29,1340,1190
2024,tas,male,30-34,930,1160
2024,tas,male,35-39,550,720
2024,tas,male,40-44,390,400
2024,tas,male,45-49,270,230
2024,tas,male,5-9,280,320
2024,tas,male,50-54,340,220
2024,tas,male,55-59,290,200
2024,tas,male,60-64,300,200
2024,tas,male,65-69,250,180
2024,tas,male,70-74,150,120
2024,tas,male,75+,130,150
2024,vic,female,0-4,1870,1790
2024,vic,female,10-14,1450,1370
2024,vic,female,15-19,2440,2350
2024,vic,female,20-24,5870,6100
2024,vic,female,25-29,6770,7140
2024,vic,female,30-34,5070,5050
2024,vic,female,35-39,3290,3230
2024,vic,female,40-44,1880,2030
2024,vic,female,45-49,1230,1300
2024,vic,female,5-9,1670,1600
2024,vic,female,50-54,1140,1320
2024,vic,female,55-59,1070,1130
2024,vic,female,60-64,1060,1100
2024,vic,female,65-69,860,770
2024,vic,female,70-74,540,500
2024,vic,female,75+,850,640
2024,vic,male,0-4,1970,1970
2024,vic,male,10-14,1510,1410
2024,vic,male,15-19,2300,2350
2024,vic,male,20-24,5600,6500
2024,vic,male,25-29,6620,7860
2024,vic,male,30-34,5240,5570
2024,vic,male,35-39,3530,3570
2024,vic,male,40-44,2260,2260
2024,vic,male,45-49,1390,1610
2024,vic,male,5-9,1700,1740
2024,vic,male,50-54,1120,1380
2024,vic,male,55-59,1010,1190
2024,vic,male,60-64,960,1120
2024,vic,male,65-69,800,840
2024,vic,male,70-74,550,530
2024,vic,male,75+,710,600
2024,wa,female,0-4,930,680
2024,wa,female,10-14,720,590
2024,wa,female,15-19,790,760
2024,wa,female,20-24,2750,2100
2024,wa,female,25-29,4050,2500
2024,wa,female,30-34,2790,1700
2024,wa,female,35-39,1550,1170
2024,wa,female,40-44,940,730
2024,wa,female,45-49,590,470
2024,wa,female,5-9,850,660
2024,wa,female,50-54,530,490
2024,wa,female,55-59,460,470
2024,wa,female,60-64,420,460
2024,wa,female,65-69,350,330
2024,wa,female,70-74,210,180
2024,wa,female,75+,280,210
2024,wa,male,0-4,930,740
2024,wa,male,10-14,690,580
2024,wa,male,15-19,760,620
2024,wa,male,20-24,3070,1990
2024,wa,male,25-29,4900,2640
2024,wa,male,30-34,3380,1940
2024,wa,male,35-39,2000,1310
2024,wa,male,40-44,1270,970
2024,wa,male,45-49,840,600
2024,wa,male,5-9,830,760
2024,wa,male,50-54,690,570
2024,wa,male,55-59,570,560
2024,wa,male,60-64,450,440
2024,wa,male,65-69,370,380
2024,wa,male,70-74,210,220
2024,wa,male,75+,230,210
