period_start,period_end,state,sex,age,qx
2018,2020,act,female,0,0.00234
2018,2020,act,female,1,0.00021
2018,2020,act,female,2,0.0001
2018,2020,act,female,3,0.0001
2018,2020,act,female,4,0.00008
2018,2020,act,female,5,0.00007
2018,2020,act,female,6,0.00006
2018,2020,act,female,7,0.00005
2018,2020,act,female,8,0.00005
2018,2020,act,female,9,0.00005
2018,2020,act,female,10,0.00006
2018,2020,act,female,11,0.00007
2018,2020,act,female,12,0.00009
2018,2020,act,female,13,0.00011
2018,2020,act,female,14,0.00015
2018,2020,act,female,15,0.00017
2018,2020,act,female,16,0.0002
2018,2020,act,female,17,0.00022
2018,2020,act,female,18,0.00023
2018,2020,act,female,19,0.00024
2018,2020,act,female,20,0.00025
2018,2020,act,female,21,0.00025
2018,2020,act,female,22,0.00025
2018,2020,act,female,23,0.00026
2018,2020,act,female,24,0.00026
2018,2020,act,female,25,0.00028
2018,2020,act,female,26,0.00029
2018,2020,act,female,27,0.00032
2018,2020,act,female,28,0.00034
2018,2020,act,female,29,0.00036
2018,2020,act,female,30,0.00039
2018,2020,act,female,31,0.00041
2018,2020,act,female,32,0.00045
2018,2020,act,female,33,0.00049
2018,2020,act,female,34,0.00054
2018,2020,act,female,35,0.00059
2018,2020,act,female,36,0.00063
2018,2020,act,female,37,0.00068
2018,2020,act,female,38,0.00072
2018,2020,act,female,39,0.00077
2018,2020,act,female,40,0.00081
2018,2020,act,female,41,0.00086
2018,2020,act,female,42,0.00093
2018,2020,act,female,43,0.001
2018,2020,act,female,44,0.00106
2018,2020,act,female,45,0.00112
2018,2020,act,female,46,0.00118
2018,2020,act,female,47,0.00125
2018,2020,act,female,48,0.00131
2018,2020,act,female,49,0.00137
2018,2020,act,female,50,0.00143
2018,2020,act,female,51,0.00151
2018,2020,act,female,52,0.00159
2018,2020,act,female,53,0.00169
2018,2020,act,female,54,0.00178
2018,2020,act,female,55,0.00186
2018,2020,act,female,56,0.00192
2018,2020,act,female,57,0.002
2018,2020,act,female,58,0.00208
2018,2020,act,female,59,0.0022
2018,2020,act,female,60,0.00237
2018,2020,act,female,61,0.00255
2018,2020,act,female,62,0.00269
2018,2020,act,female,63,0.0028
2018,2020,act,female,64,0.0029
2018,2020,act,female,65,0.00306
2018,2020,act,female,66,0.00332
2018,2020,act,female,67,0.0037
2018,2020,act,female,68,0.00421
2018,2020,act,female,69,0.00486
2018,2020,act,female,70,0.00566
2018,2020,act,female,71,0.00662
2018,2020,act,female,72,0.00778
2018,2020,act,female,73,0.00914
2018,2020,act,female,74,0.01074
2018,2020,act,female,75,0.01263
2018,2020,act,female,76,0.01481
2018,2020,act,female,77,0.01735
2018,2020,act,female,78,0.02047
2018,2020,act,female,79,0.02427
2018,2020,act,female,80,0.02884
2018,2020,act,female,81,0.03423
2018,2020,act,female,82,0.04041
2018,2020,act,female,83,0.04754
2018,2020,act,female,84,0.05585
2018,2020,act,female,85,0.06525
2018,2020,act,female,86,0.07583
2018,2020,act,female,87,0.08786
2018,2020,act,female,88,0.10131
2018,2020,act,female,89,0.11668
2018,2020,act,female,90,0.13398
2018,2020,act,female,91,0.15299
2018,2020,act,female,92,0.16882
2018,2020,act,female,93,0.18679
2018,2020,act,female,94,0.20593
2018,2020,act,female,95,0.21839
2018,2020,act,female,96,0.24432
2018,2020,act,female,97,0.26234
2018,2020,act,female,98,0.28539
2018,2020,act,female,99,0.30676
2018,2020,act,female,100,0.32511
2018,2020,act,male,0,0.00246
2018,2020,act,male,1,0.00022
2018,2020,act,male,2,0.00014
2018,2020,act,male,3,0.00012
2018,2020,act,male,4,0.0001
2018,2020,act,male,5,0.00009
2018,2020,act,male,6,0.00008
2018,2020,act,male,7,0.00007
2018,2020,act,male,8,0.00007
2018,2020,act,male,9,0.00007
2018,2020,act,male,10,0.00007
2018,2020,act,male,11,0.00008
2018,2020,act,male,12,0.0001
2018,2020,act,male,13,0.00014
2018,2020,act,male,14,0.00017
2018,2020,act,male,15,0.00023
2018,2020,act,male,16,0.00031
2018,2020,act,male,17,0.00039
2018,2020,act,male,18,0.00046
2018,2020,act,male,19,0.00051
2018,2020,act,male,20,0.00054
2018,2020,act,male,21,0.00055
2018,2020,act,male,22,0.00056
2018,2020,act,male,23,0.00056
2018,2020,act,male,24,0.00056
2018,2020,act,male,25,0.00056
2018,2020,act,male,26,0.00056
2018,2020,act,male,27,0.00057
2018,2020,act,male,28,0.00058
2018,2020,act,male,29,0.0006
2018,2020,act,male,30,0.00062
2018,2020,act,male,31,0.00064
2018,2020,act,male,32,0.00067
2018,2020,act,male,33,0.00071
2018,2020,act,male,34,0.00076
2018,2020,act,male,35,0.00081
2018,2020,act,male,36,0.00087
2018,2020,act,male,37,0.00093
2018,2020,act,male,38,0.001
2018,2020,act,male,39,0.00106
2018,2020,act,male,40,0.00112
2018,2020,act,male,41,0.00118
2018,2020,act,male,42,0.00124
2018,2020,act,male,43,0.00133
2018,2020,act,male,44,0.00143
2018,2020,act,male,45,0.00155
2018,2020,act,male,46,0.00167
2018,2020,act,male,47,0.00181
2018,2020,act,male,48,0.00194
2018,2020,act,male,49,0.00207
2018,2020,act,male,50,0.00222
2018,2020,act,male,51,0.00238
2018,2020,act,male,52,0.00257
2018,2020,act,male,53,0.0028
2018,2020,act,male,54,0.00306
2018,2020,act,male,55,0.00336
2018,2020,act,male,56,0.00371
2018,2020,act,male,57,0.00409
2018,2020,act,male,58,0.00452
2018,2020,act,male,59,0.00499
2018,2020,act,male,60,0.0055
2018,2020,act,male,61,0.00605
2018,2020,act,male,62,0.00665
2018,2020,act,male,63,0.00731
2018,2020,act,male,64,0.008
2018,2020,act,male,65,0.00875
2018,2020,act,male,66,0.00959
2018,2020,act,male,67,0.01054
2018,2020,act,male,68,0.01164
2018,2020,act,male,69,0.01292
2018,2020,act,male,70,0.01437
2018,2020,act,male,71,0.01597
2018,2020,act,male,72,0.01773
2018,2020,act,male,73,0.01969
2018,2020,act,male,74,0.02186
2018,2020,act,male,75,0.02431
2018,2020,act,male,76,0.02709
2018,2020,act,male,77,0.03022
2018,2020,act,male,78,0.03382
2018,2020,act,male,79,0.03788
2018,2020,act,male,80,0.04241
2018,2020,act,male,81,0.04745
2018,2020,act,male,82,0.0531
2018,2020,act,male,83,0.05947
2018,2020,act,male,84,0.06672
2018,2020,act,male,85,0.07498
2018,2020,act,male,86,0.08421
2018,2020,act,male,87,0.09457
2018,2020,act,male,88,0.10626
2018,2020,act,male,89,0.11946
2018,2020,act,male,90,0.14387
2018,2020,act,male,91,0.15906
2018,2020,act,male,92,0.16952
2018,2020,act,male,93,0.18846
2018,2020,act,male,94,0.20698
2018,2020,act,male,95,0.22732
2018,2020,act,male,96,0.24582
2018,2020,act,male,97,0.2693
2018,2020,act,male,98,0.28914
2018,2020,act,male,99,0.31858
2018,2020,act,male,100,0.34771
2018,2020,nsw,female,0,0.00287
2018,2020,nsw,female,1,0.00021
2018,2020,nsw,female,2,0.0001
2018,2020,nsw,female,3,0.00009
2018,2020,nsw,female,4,0.00008
2018,2020,nsw,female,5,0.00007
2018,2020,nsw,female,6,0.00006
2018,2020,nsw,female,7,0.00005
2018,2020,nsw,female,8,0.00005
2018,2020,nsw,female,9,0.00005
2018,2020,nsw,female,10,0.00006
2018,2020,nsw,female,11,0.00006
2018,2020,nsw,female,12,0.00008
2018,2020,nsw,female,13,0.0001
2018,2020,nsw,female,14,0.00012
2018,2020,nsw,female,15,0.00014
2018,2020,nsw,female,16,0.00017
2018,2020,nsw,female,17,0.00019
2018,2020,nsw,female,18,0.00021
2018,2020,nsw,female,19,0.00022
2018,2020,nsw,female,20,0.00022
2018,2020,nsw,female,21,0.00023
2018,2020,nsw,female,22,0.00023
2018,2020,nsw,female,23,0.00023
2018,2020,nsw,female,24,0.00024
2018,2020,nsw,female,25,0.00024
2018,2020,nsw,female,26,0.00024
2018,2020,nsw,female,27,0.00025
2018,2020,nsw,female,28,0.00026
2018,2020,nsw,female,29,0.00027
2018,2020,nsw,female,30,0.00029
2018,2020,nsw,female,31,0.0003
2018,2020,nsw,female,32,0.00033
2018,2020,nsw,female,33,0.00036
2018,2020,nsw,female,34,0.0004
2018,2020,nsw,female,35,0.00044
2018,2020,nsw,female,36,0.00048
2018,2020,nsw,female,37,0.00052
2018,2020,nsw,female,38,0.00057
2018,2020,nsw,female,39,0.00062
2018,2020,nsw,female,40,0.00066
2018,2020,nsw,female,41,0.00073
2018,2020,nsw,female,42,0.00081
2018,2020,nsw,female,43,0.0009
2018,2020,nsw,female,44,0.00098
2018,2020,nsw,female,45,0.00107
2018,2020,nsw,female,46,0.00116
2018,2020,nsw,female,47,0.00127
2018,2020,nsw,female,48,0.00139
2018,2020,nsw,female,49,0.0015
2018,2020,nsw,female,50,0.00163
2018,2020,nsw,female,51,0.00177
2018,2020,nsw,female,52,0.00194
2018,2020,nsw,female,53,0.00213
2018,2020,nsw,female,54,0.00233
2018,2020,nsw,female,55,0.00252
2018,2020,nsw,female,56,0.00272
2018,2020,nsw,female,57,0.00294
2018,2020,nsw,female,58,0.00319
2018,2020,nsw,female,59,0.00349
2018,2020,nsw,female,60,0.00384
2018,2020,nsw,female,61,0.00424
2018,2020,nsw,female,62,0.0046
2018,2020,nsw,female,63,0.00493
2018,2020,nsw,female,64,0.00527
2018,2020,nsw,female,65,0.00569
2018,2020,nsw,female,66,0.0062
2018,2020,nsw,female,67,0.00684
2018,2020,nsw,female,68,0.0076
2018,2020,nsw,female,69,0.00847
2018,2020,nsw,female,70,0.00946
2018,2020,nsw,female,71,0.01057
2018,2020,nsw,female,72,0.01182
2018,2020,nsw,female,73,0.01317
2018,2020,nsw,female,74,0.01468
2018,2020,nsw,female,75,0.01638
2018,2020,nsw,female,76,0.01824
2018,2020,nsw,female,77,0.02033
2018,2020,nsw,female,78,0.02287
2018,2020,nsw,female,79,0.02594
2018,2020,nsw,female,80,0.02961
2018,2020,nsw,female,81,0.03395
2018,2020,nsw,female,82,0.03886
2018,2020,nsw,female,83,0.04451
2018,2020,nsw,female,84,0.0511
2018,2020,nsw,female,85,0.05851
2018,2020,nsw,female,86,0.0668
2018,2020,nsw,female,87,0.07619
2018,2020,nsw,female,88,0.08662
2018,2020,nsw,female,89,0.09851
2018,2020,nsw,female,90,0.11181
2018,2020,nsw,female,91,0.12624
2018,2020,nsw,female,92,0.14083
2018,2020,nsw,female,93,0.15592
2018,2020,nsw,female,94,0.17157
2018,2020,nsw,female,95,0.18698
2018,2020,nsw,female,96,0.2057
2018,2020,nsw,female,97,0.22655
2018,2020,nsw,female,98,0.24204
2018,2020,nsw,female,99,0.27594
2018,2020,nsw,female,100,0.29244
2018,2020,nsw,male,0,0.00339
2018,2020,nsw,male,1,0.00026
2018,2020,nsw,male,2,0.00013
2018,2020,nsw,male,3,0.00011
2018,2020,nsw,male,4,0.00009
2018,2020,nsw,male,5,0.00007
2018,2020,nsw,male,6,0.00007
2018,2020,nsw,male,7,0.00006
2018,2020,nsw,male,8,0.00006
2018,2020,nsw,male,9,0.00006
2018,2020,nsw,male,10,0.00006
2018,2020,nsw,male,11,0.00008
2018,2020,nsw,male,12,0.0001
2018,2020,nsw,male,13,0.00013
2018,2020,nsw,male,14,0.00018
2018,2020,nsw,male,15,0.00025
2018,2020,nsw,male,16,0.00033
2018,2020,nsw,male,17,0.00041
2018,2020,nsw,male,18,0.00048
2018,2020,nsw,male,19,0.00053
2018,2020,nsw,male,20,0.00056
2018,2020,nsw,male,21,0.00058
2018,2020,nsw,male,22,0.00058
2018,2020,nsw,male,23,0.00059
2018,2020,nsw,male,24,0.00059
2018,2020,nsw,male,25,0.00059
2018,2020,nsw,male,26,0.00059
2018,2020,nsw,male,27,0.0006
2018,2020,nsw,male,28,0.00062
2018,2020,nsw,male,29,0.00064
2018,2020,nsw,male,30,0.00065
2018,2020,nsw,male,31,0.00068
2018,2020,nsw,male,32,0.00071
2018,2020,nsw,male,33,0.00075
2018,2020,nsw,male,34,0.0008
2018,2020,nsw,male,35,0.00085
2018,2020,nsw,male,36,0.00092
2018,2020,nsw,male,37,0.00099
2018,2020,nsw,male,38,0.00106
2018,2020,nsw,male,39,0.00113
2018,2020,nsw,male,40,0.00121
2018,2020,nsw,male,41,0.0013
2018,2020,nsw,male,42,0.00139
2018,2020,nsw,male,43,0.00151
2018,2020,nsw,male,44,0.00165
2018,2020,nsw,male,45,0.00181
2018,2020,nsw,male,46,0.00198
2018,2020,nsw,male,47,0.00217
2018,2020,nsw,male,48,0.00236
2018,2020,nsw,male,49,0.00257
2018,2020,nsw,male,50,0.00279
2018,2020,nsw,male,51,0.00304
2018,2020,nsw,male,52,0.00332
2018,2020,nsw,male,53,0.00364
2018,2020,nsw,male,54,0.004
2018,2020,nsw,male,55,0.00439
2018,2020,nsw,male,56,0.00482
2018,2020,nsw,male,57,0.00528
2018,2020,nsw,male,58,0.00577
2018,2020,nsw,male,59,0.00629
2018,2020,nsw,male,60,0.00683
2018,2020,nsw,male,61,0.00739
2018,2020,nsw,male,62,0.008
2018,2020,nsw,male,63,0.00865
2018,2020,nsw,male,64,0.00931
2018,2020,nsw,male,65,0.01
2018,2020,nsw,male,66,0.01076
2018,2020,nsw,male,67,0.01161
2018,2020,nsw,male,68,0.0126
2018,2020,nsw,male,69,0.01376
2018,2020,nsw,male,70,0.01508
2018,2020,nsw,male,71,0.01655
2018,2020,nsw,male,72,0.0182
2018,2020,nsw,male,73,0.02006
2018,2020,nsw,male,74,0.02217
2018,2020,nsw,male,75,0.02461
2018,2020,nsw,male,76,0.02744
2018,2020,nsw,male,77,0.03067
2018,2020,nsw,male,78,0.03445
2018,2020,nsw,male,79,0.03878
2018,2020,nsw,male,80,0.04367
2018,2020,nsw,male,81,0.04915
2018,2020,nsw,male,82,0.05532
2018,2020,nsw,male,83,0.06235
2018,2020,nsw,male,84,0.0704
2018,2020,nsw,male,85,0.0796
2018,2020,nsw,male,86,0.08989
2018,2020,nsw,male,87,0.10141
2018,2020,nsw,male,88,0.11429
2018,2020,nsw,male,89,0.12862
2018,2020,nsw,male,90,0.14393
2018,2020,nsw,male,91,0.15969
2018,2020,nsw,male,92,0.1753
2018,2020,nsw,male,93,0.18991
2018,2020,nsw,male,94,0.20256
2018,2020,nsw,male,95,0.21532
2018,2020,nsw,male,96,0.22876
2018,2020,nsw,male,97,0.24288
2018,2020,nsw,male,98,0.26301
2018,2020,nsw,male,99,0.29365
2018,2020,nsw,male,100,0.3205
2018,2020,nt,female,0,0.00636
2018,2020,nt,female,1,0.00023
2018,2020,nt,female,2,0.00017
2018,2020,nt,female,3,0.00016
2018,2020,nt,female,4,0.00015
2018,2020,nt,female,5,0.00015
2018,2020,nt,female,6,0.00016
2018,2020,nt,female,7,0.00018
2018,2020,nt,female,8,0.0002
2018,2020,nt,female,9,0.00023
2018,2020,nt,female,10,0.00027
2018,2020,nt,female,11,0.00031
2018,2020,nt,female,12,0.00035
2018,2020,nt,female,13,0.00041
2018,2020,nt,female,14,0.00046
2018,2020,nt,female,15,0.00052
2018,2020,nt,female,16,0.00057
2018,2020,nt,female,17,0.00063
2018,2020,nt,female,18,0.00067
2018,2020,nt,female,19,0.0007
2018,2020,nt,female,20,0.00072
2018,2020,nt,female,21,0.00073
2018,2020,nt,female,22,0.00073
2018,2020,nt,female,23,0.00074
2018,2020,nt,female,24,0.00074
2018,2020,nt,female,25,0.00074
2018,2020,nt,female,26,0.00075
2018,2020,nt,female,27,0.00077
2018,2020,nt,female,28,0.00079
2018,2020,nt,female,29,0.00081
2018,2020,nt,female,30,0.00083
2018,2020,nt,female,31,0.00086
2018,2020,nt,female,32,0.0009
2018,2020,nt,female,33,0.00095
2018,2020,nt,female,34,0.00101
2018,2020,nt,female,35,0.00108
2018,2020,nt,female,36,0.00115
2018,2020,nt,female,37,0.00123
2018,2020,nt,female,38,0.00133
2018,2020,nt,female,39,0.00142
2018,2020,nt,female,40,0.00153
2018,2020,nt,female,41,0.00166
2018,2020,nt,female,42,0.00182
2018,2020,nt,female,43,0.00198
2018,2020,nt,female,44,0.00216
2018,2020,nt,female,45,0.00235
2018,2020,nt,female,46,0.00255
2018,2020,nt,female,47,0.00277
2018,2020,nt,female,48,0.003
2018,2020,nt,female,49,0.00324
2018,2020,nt,female,50,0.0035
2018,2020,nt,female,51,0.00378
2018,2020,nt,female,52,0.0041
2018,2020,nt,female,53,0.00444
2018,2020,nt,female,54,0.00479
2018,2020,nt,female,55,0.00515
2018,2020,nt,female,56,0.00552
2018,2020,nt,female,57,0.00593
2018,2020,nt,female,58,0.00637
2018,2020,nt,female,59,0.00687
2018,2020,nt,female,60,0.00744
2018,2020,nt,female,61,0.00806
2018,2020,nt,female,62,0.00864
2018,2020,nt,female,63,0.00921
2018,2020,nt,female,64,0.00978
2018,2020,nt,female,65,0.01041
2018,2020,nt,female,66,0.01114
2018,2020,nt,female,67,0.01196
2018,2020,nt,female,68,0.01289
2018,2020,nt,female,69,0.01393
2018,2020,nt,female,70,0.01507
2018,2020,nt,female,71,0.0163
2018,2020,nt,female,72,0.01767
2018,2020,nt,female,73,0.01913
2018,2020,nt,female,74,0.02073
2018,2020,nt,female,75,0.02248
2018,2020,nt,female,76,0.02437
2018,2020,nt,female,77,0.02645
2018,2020,nt,female,78,0.02894
2018,2020,nt,female,79,0.0319
2018,2020,nt,female,80,0.03541
2018,2020,nt,female,81,0.0395
2018,2020,nt,female,82,0.04413
2018,2020,nt,female,83,0.04947
2018,2020,nt,female,84,0.05575
2018,2020,nt,female,85,0.06293
2018,2020,nt,female,86,0.07114
2018,2020,nt,female,87,0.08071
2018,2020,nt,female,88,0.09168
2018,2020,nt,female,89,0.10459
2018,2020,nt,female,90,0.1195
2018,2020,nt,female,91,0.13625
2018,2020,nt,female,92,0.15399
2018,2020,nt,female,93,0.17311
2018,2020,nt,female,94,0.19368
2018,2020,nt,female,95,0.21486
2018,2020,nt,female,96,0.23989
2018,2020,nt,female,97,0.26733
2018,2020,nt,female,98,0.28983
2018,2020,nt,female,99,0.31071
2018,2020,nt,female,100,0.3293
2018,2020,nt,male,0,0.00905
2018,2020,nt,male,1,0.00025
2018,2020,nt,male,2,0.00023
2018,2020,nt,male,3,0.00018
2018,2020,nt,male,4,0.00018
2018,2020,nt,male,5,0.00018
2018,2020,nt,male,6,0.0002
2018,2020,nt,male,7,0.00021
2018,2020,nt,male,8,0.00022
2018,2020,nt,male,9,0.00025
2018,2020,nt,male,10,0.00027
2018,2020,nt,male,11,0.00032
2018,2020,nt,male,12,0.00036
2018,2020,nt,male,13,0.00042
2018,2020,nt,male,14,0.0005
2018,2020,nt,male,15,0.0006
2018,2020,nt,male,16,0.00071
2018,2020,nt,male,17,0.00084
2018,2020,nt,male,18,0.00094
2018,2020,nt,male,19,0.00103
2018,2020,nt,male,20,0.0011
2018,2020,nt,male,21,0.00115
2018,2020,nt,male,22,0.00119
2018,2020,nt,male,23,0.00122
2018,2020,nt,male,24,0.00124
2018,2020,nt,male,25,0.00126
2018,2020,nt,male,26,0.00129
2018,2020,nt,male,27,0.00132
2018,2020,nt,male,28,0.00137
2018,2020,nt,male,29,0.00141
2018,2020,nt,male,30,0.00147
2018,2020,nt,male,31,0.00153
2018,2020,nt,male,32,0.00159
2018,2020,nt,male,33,0.00167
2018,2020,nt,male,34,0.00175
2018,2020,nt,male,35,0.00184
2018,2020,nt,male,36,0.00193
2018,2020,nt,male,37,0.00202
2018,2020,nt,male,38,0.00211
2018,2020,nt,male,39,0.00221
2018,2020,nt,male,40,0.00231
2018,2020,nt,male,41,0.00242
2018,2020,nt,male,42,0.00254
2018,2020,nt,male,43,0.00269
2018,2020,nt,male,44,0.00286
2018,2020,nt,male,45,0.00305
2018,2020,nt,male,46,0.00325
2018,2020,nt,male,47,0.00346
2018,2020,nt,male,48,0.00367
2018,2020,nt,male,49,0.00388
2018,2020,nt,male,50,0.00409
2018,2020,nt,male,51,0.00433
2018,2020,nt,male,52,0.0046
2018,2020,nt,male,53,0.00491
2018,2020,nt,male,54,0.00527
2018,2020,nt,male,55,0.00569
2018,2020,nt,male,56,0.00618
2018,2020,nt,male,57,0.00674
2018,2020,nt,male,58,0.00739
2018,2020,nt,male,59,0.00813
2018,2020,nt,male,60,0.00895
2018,2020,nt,male,61,0.00988
2018,2020,nt,male,62,0.01092
2018,2020,nt,male,63,0.0121
2018,2020,nt,male,64,0.0134
2018,2020,nt,male,65,0.01485
2018,2020,nt,male,66,0.01647
2018,2020,nt,male,67,0.01828
2018,2020,nt,male,68,0.02034
2018,2020,nt,male,69,0.02267
2018,2020,nt,male,70,0.02525
2018,2020,nt,male,71,0.02809
2018,2020,nt,male,72,0.03119
2018,2020,nt,male,73,0.03455
2018,2020,nt,male,74,0.0382
2018,2020,nt,male,75,0.04222
2018,2020,nt,male,76,0.04659
2018,2020,nt,male,77,0.05135
2018,2020,nt,male,78,0.05655
2018,2020,nt,male,79,0.06212
2018,2020,nt,male,80,0.068
2018,2020,nt,male,81,0.07415
2018,2020,nt,male,82,0.08056
2018,2020,nt,male,83,0.08723
2018,2020,nt,male,84,0.09422
2018,2020,nt,male,85,0.10153
2018,2020,nt,male,86,0.10902
2018,2020,nt,male,87,0.11676
2018,2020,nt,male,88,0.12479
2018,2020,nt,male,89,0.13318
2018,2020,nt,male,90,0.14151
2018,2020,nt,male,91,0.16043
2018,2020,nt,male,92,0.18142
2018,2020,nt,male,93,0.20171
2018,2020,nt,male,94,0.22453
2018,2020,nt,male,95,0.24221
2018,2020,nt,male,96,0.26071
2018,2020,nt,male,97,0.28418
2018,2020,nt,male,98,0.30678
2018,2020,nt,male,99,0.33565
2018,2020,nt,male,100,0.36634
2018,2020,qld,female,0,0.00352
2018,2020,qld,female,1,0.00024
2018,2020,qld,female,2,0.00013
2018,2020,qld,female,3,0.00011
2018,2020,qld,female,4,0.00009
2018,2020,qld,female,5,0.00008
2018,2020,qld,female,6,0.00007
2018,2020,qld,female,7,0.00006
2018,2020,qld,female,8,0.00006
2018,2020,qld,female,9,0.00006
2018,2020,qld,female,10,0.00006
2018,2020,qld,female,11,0.00008
2018,2020,qld,female,12,0.00009
2018,2020,qld,female,13,0.00011
2018,2020,qld,female,14,0.00014
2018,2020,qld,female,15,0.00016
2018,2020,qld,female,16,0.00019
2018,2020,qld,female,17,0.00022
2018,2020,qld,female,18,0.00023
2018,2020,qld,female,19,0.00024
2018,2020,qld,female,20,0.00025
2018,2020,qld,female,21,0.00025
2018,2020,qld,female,22,0.00025
2018,2020,qld,female,23,0.00025
2018,2020,qld,female,24,0.00026
2018,2020,qld,female,25,0.00027
2018,2020,qld,female,26,0.00028
2018,2020,qld,female,27,0.0003
2018,2020,qld,female,28,0.00032
2018,2020,qld,female,29,0.00033
2018,2020,qld,female,30,0.00035
2018,2020,qld,female,31,0.00038
2018,2020,qld,female,32,0.00041
2018,2020,qld,female,33,0.00044
2018,2020,qld,female,34,0.00048
2018,2020,qld,female,35,0.00053
2018,2020,qld,female,36,0.00057
2018,2020,qld,female,37,0.00062
2018,2020,qld,female,38,0.00067
2018,2020,qld,female,39,0.00072
2018,2020,qld,female,40,0.00077
2018,2020,qld,female,41,0.00084
2018,2020,qld,female,42,0.00092
2018,2020,qld,female,43,0.00101
2018,2020,qld,female,44,0.0011
2018,2020,qld,female,45,0.00118
2018,2020,qld,female,46,0.00128
2018,2020,qld,female,47,0.00139
2018,2020,qld,female,48,0.0015
2018,2020,qld,female,49,0.00162
2018,2020,qld,female,50,0.00174
2018,2020,qld,female,51,0.00189
2018,2020,qld,female,52,0.00205
2018,2020,qld,female,53,0.00224
2018,2020,qld,female,54,0.00243
2018,2020,qld,female,55,0.00262
2018,2020,qld,female,56,0.00281
2018,2020,qld,female,57,0.00302
2018,2020,qld,female,58,0.00326
2018,2020,qld,female,59,0.00354
2018,2020,qld,female,60,0.00388
2018,2020,qld,female,61,0.00426
2018,2020,qld,female,62,0.00461
2018,2020,qld,female,63,0.00493
2018,2020,qld,female,64,0.00526
2018,2020,qld,female,65,0.00566
2018,2020,qld,female,66,0.00616
2018,2020,qld,female,67,0.00678
2018,2020,qld,female,68,0.00752
2018,2020,qld,female,69,0.00839
2018,2020,qld,female,70,0.0094
2018,2020,qld,female,71,0.01054
2018,2020,qld,female,72,0.01184
2018,2020,qld,female,73,0.01328
2018,2020,qld,female,74,0.01491
2018,2020,qld,female,75,0.01675
2018,2020,qld,female,76,0.01877
2018,2020,qld,female,77,0.02103
2018,2020,qld,female,78,0.02374
2018,2020,qld,female,79,0.02696
2018,2020,qld,female,80,0.03073
2018,2020,qld,female,81,0.0351
2018,2020,qld,female,82,0.03997
2018,2020,qld,female,83,0.0455
2018,2020,qld,female,84,0.05185
2018,2020,qld,female,85,0.05892
2018,2020,qld,female,86,0.06679
2018,2020,qld,female,87,0.07567
2018,2020,qld,female,88,0.08555
2018,2020,qld,female,89,0.09693
2018,2020,qld,female,90,0.10984
2018,2020,qld,female,91,0.12406
2018,2020,qld,female,92,0.13873
2018,2020,qld,female,93,0.15425
2018,2020,qld,female,94,0.17073
2018,2020,qld,female,95,0.18737
2018,2020,qld,female,96,0.20769
2018,2020,qld,female,97,0.23039
2018,2020,qld,female,98,0.24797
2018,2020,qld,female,99,0.26402
2018,2020,qld,female,100,0.27981
2018,2020,qld,male,0,0.00427
2018,2020,qld,male,1,0.00027
2018,2020,qld,male,2,0.00019
2018,2020,qld,male,3,0.00015
2018,2020,qld,male,4,0.00012
2018,2020,qld,male,5,0.0001
2018,2020,qld,male,6,0.00008
2018,2020,qld,male,7,0.00007
2018,2020,qld,male,8,0.00006
2018,2020,qld,male,9,0.00006
2018,2020,qld,male,10,0.00007
2018,2020,qld,male,11,0.00008
2018,2020,qld,male,12,0.0001
2018,2020,qld,male,13,0.00014
2018,2020,qld,male,14,0.0002
2018,2020,qld,male,15,0.00028
2018,2020,qld,male,16,0.00038
2018,2020,qld,male,17,0.00048
2018,2020,qld,male,18,0.00057
2018,2020,qld,male,19,0.00064
2018,2020,qld,male,20,0.00069
2018,2020,qld,male,21,0.00073
2018,2020,qld,male,22,0.00075
2018,2020,qld,male,23,0.00077
2018,2020,qld,male,24,0.00078
2018,2020,qld,male,25,0.0008
2018,2020,qld,male,26,0.00081
2018,2020,qld,male,27,0.00083
2018,2020,qld,male,28,0.00086
2018,2020,qld,male,29,0.00088
2018,2020,qld,male,30,0.00091
2018,2020,qld,male,31,0.00095
2018,2020,qld,male,32,0.00099
2018,2020,qld,male,33,0.00103
2018,2020,qld,male,34,0.00108
2018,2020,qld,male,35,0.00115
2018,2020,qld,male,36,0.00121
2018,2020,qld,male,37,0.00127
2018,2020,qld,male,38,0.00134
2018,2020,qld,male,39,0.00141
2018,2020,qld,male,40,0.00147
2018,2020,qld,male,41,0.00154
2018,2020,qld,male,42,0.00162
2018,2020,qld,male,43,0.00171
2018,2020,qld,male,44,0.00184
2018,2020,qld,male,45,0.00198
2018,2020,qld,male,46,0.00214
2018,2020,qld,male,47,0.00231
2018,2020,qld,male,48,0.00249
2018,2020,qld,male,49,0.00268
2018,2020,qld,male,50,0.00288
2018,2020,qld,male,51,0.0031
2018,2020,qld,male,52,0.00336
2018,2020,qld,male,53,0.00365
2018,2020,qld,male,54,0.00398
2018,2020,qld,male,55,0.00435
2018,2020,qld,male,56,0.00475
2018,2020,qld,male,57,0.0052
2018,2020,qld,male,58,0.00568
2018,2020,qld,male,59,0.00619
2018,2020,qld,male,60,0.00674
2018,2020,qld,male,61,0.00731
2018,2020,qld,male,62,0.00793
2018,2020,qld,male,63,0.00859
2018,2020,qld,male,64,0.00927
2018,2020,qld,male,65,0.01001
2018,2020,qld,male,66,0.01082
2018,2020,qld,male,67,0.01174
2018,2020,qld,male,68,0.01281
2018,2020,qld,male,69,0.01406
2018,2020,qld,male,70,0.01548
2018,2020,qld,male,71,0.01706
2018,2020,qld,male,72,0.01884
2018,2020,qld,male,73,0.02084
2018,2020,qld,male,74,0.02312
2018,2020,qld,male,75,0.02577
2018,2020,qld,male,76,0.02883
2018,2020,qld,male,77,0.03234
2018,2020,qld,male,78,0.03643
2018,2020,qld,male,79,0.04108
2018,2020,qld,male,80,0.04629
2018,2020,qld,male,81,0.0521
2018,2020,qld,male,82,0.05856
2018,2020,qld,male,83,0.0658
2018,2020,qld,male,84,0.07395
2018,2020,qld,male,85,0.08308
2018,2020,qld,male,86,0.09309
2018,2020,qld,male,87,0.10411
2018,2020,qld,male,88,0.11627
2018,2020,qld,male,89,0.12968
2018,2020,qld,male,90,0.14399
2018,2020,qld,male,91,0.15872
2018,2020,qld,male,92,0.17332
2018,2020,qld,male,93,0.18692
2018,2020,qld,male,94,0.19862
2018,2020,qld,male,95,0.2106
2018,2020,qld,male,96,0.22806
2018,2020,qld,male,97,0.24504
2018,2020,qld,male,98,0.26246
2018,2020,qld,male,99,0.29763
2018,2020,qld,male,100,0.32484
2018,2020,sa,female,0,0.00204
2018,2020,sa,female,1,0.0002
2018,2020,sa,female,2,0.00014
2018,2020,sa,female,3,0.00011
2018,2020,sa,female,4,0.00009
2018,2020,sa,female,5,0.00007
2018,2020,sa,female,6,0.00006
2018,2020,sa,female,7,0.00006
2018,2020,sa,female,8,0.00006
2018,2020,sa,female,9,0.00007
2018,2020,sa,female,10,0.00008
2018,2020,sa,female,11,0.0001
2018,2020,sa,female,12,0.00012
2018,2020,sa,female,13,0.00014
2018,2020,sa,female,14,0.00016
2018,2020,sa,female,15,0.00018
2018,2020,sa,female,16,0.00021
2018,2020,sa,female,17,0.00024
2018,2020,sa,female,18,0.00025
2018,2020,sa,female,19,0.00026
2018,2020,sa,female,20,0.00026
2018,2020,sa,female,21,0.00026
2018,2020,sa,female,22,0.00026
2018,2020,sa,female,23,0.00027
2018,2020,sa,female,24,0.00027
2018,2020,sa,female,25,0.00027
2018,2020,sa,female,26,0.00027
2018,2020,sa,female,27,0.00027
2018,2020,sa,female,28,0.00028
2018,2020,sa,female,29,0.00029
2018,2020,sa,female,30,0.00031
2018,2020,sa,female,31,0.00035
2018,2020,sa,female,32,0.00039
2018,2020,sa,female,33,0.00044
2018,2020,sa,female,34,0.0005
2018,2020,sa,female,35,0.00057
2018,2020,sa,female,36,0.00063
2018,2020,sa,female,37,0.00068
2018,2020,sa,female,38,0.00074
2018,2020,sa,female,39,0.00079
2018,2020,sa,female,40,0.00083
2018,2020,sa,female,41,0.00088
2018,2020,sa,female,42,0.00095
2018,2020,sa,female,43,0.00103
2018,2020,sa,female,44,0.00111
2018,2020,sa,female,45,0.0012
2018,2020,sa,female,46,0.0013
2018,2020,sa,female,47,0.00142
2018,2020,sa,female,48,0.00155
2018,2020,sa,female,49,0.00168
2018,2020,sa,female,50,0.00182
2018,2020,sa,female,51,0.00198
2018,2020,sa,female,52,0.00216
2018,2020,sa,female,53,0.00235
2018,2020,sa,female,54,0.00255
2018,2020,sa,female,55,0.00274
2018,2020,sa,female,56,0.00294
2018,2020,sa,female,57,0.00316
2018,2020,sa,female,58,0.00343
2018,2020,sa,female,59,0.00375
2018,2020,sa,female,60,0.00413
2018,2020,sa,female,61,0.00455
2018,2020,sa,female,62,0.00492
2018,2020,sa,female,63,0.00527
2018,2020,sa,female,64,0.00561
2018,2020,sa,female,65,0.00601
2018,2020,sa,female,66,0.00648
2018,2020,sa,female,67,0.00703
2018,2020,sa,female,68,0.00768
2018,2020,sa,female,69,0.00843
2018,2020,sa,female,70,0.00927
2018,2020,sa,female,71,0.01023
2018,2020,sa,female,72,0.01133
2018,2020,sa,female,73,0.01259
2018,2020,sa,female,74,0.01404
2018,2020,sa,female,75,0.01574
2018,2020,sa,female,76,0.01765
2018,2020,sa,female,77,0.01982
2018,2020,sa,female,78,0.02247
2018,2020,sa,female,79,0.02568
2018,2020,sa,female,80,0.02951
2018,2020,sa,female,81,0.03401
2018,2020,sa,female,82,0.03909
2018,2020,sa,female,83,0.04492
2018,2020,sa,female,84,0.05172
2018,2020,sa,female,85,0.05943
2018,2020,sa,female,86,0.06813
2018,2020,sa,female,87,0.07803
2018,2020,sa,female,88,0.08896
2018,2020,sa,female,89,0.10135
2018,2020,sa,female,90,0.11507
2018,2020,sa,female,91,0.12992
2018,2020,sa,female,92,0.14498
2018,2020,sa,female,93,0.16054
2018,2020,sa,female,94,0.17672
2018,2020,sa,female,95,0.1926
2018,2020,sa,female,96,0.21141
2018,2020,sa,female,97,0.23176
2018,2020,sa,female,98,0.24629
2018,2020,sa,female,99,0.25898
2018,2020,sa,female,100,0.27447
2018,2020,sa,male,0,0.00309
2018,2020,sa,male,1,0.00028
2018,2020,sa,male,2,0.00016
2018,2020,sa,male,3,0.00011
2018,2020,sa,male,4,0.00009
2018,2020,sa,male,5,0.00007
2018,2020,sa,male,6,0.00006
2018,2020,sa,male,7,0.00006
2018,2020,sa,male,8,0.00006
2018,2020,sa,male,9,0.00008
2018,2020,sa,male,10,0.00008
2018,2020,sa,male,11,0.0001
2018,2020,sa,male,12,0.00012
2018,2020,sa,male,13,0.00015
2018,2020,sa,male,14,0.00018
2018,2020,sa,male,15,0.00022
2018,2020,sa,male,16,0.0003
2018,2020,sa,male,17,0.00039
2018,2020,sa,male,18,0.00047
2018,2020,sa,male,19,0.00052
2018,2020,sa,male,20,0.00056
2018,2020,sa,male,21,0.00058
2018,2020,sa,male,22,0.00059
2018,2020,sa,male,23,0.00061
2018,2020,sa,male,24,0.00062
2018,2020,sa,male,25,0.00064
2018,2020,sa,male,26,0.00066
2018,2020,sa,male,27,0.00068
2018,2020,sa,male,28,0.00071
2018,2020,sa,male,29,0.00074
2018,2020,sa,male,30,0.00077
2018,2020,sa,male,31,0.0008
2018,2020,sa,male,32,0.00084
2018,2020,sa,male,33,0.00088
2018,2020,sa,male,34,0.00093
2018,2020,sa,male,35,0.00099
2018,2020,sa,male,36,0.00106
2018,2020,sa,male,37,0.00113
2018,2020,sa,male,38,0.00122
2018,2020,sa,male,39,0.00131
2018,2020,sa,male,40,0.00141
2018,2020,sa,male,41,0.00152
2018,2020,sa,male,42,0.00165
2018,2020,sa,male,43,0.00181
2018,2020,sa,male,44,0.002
2018,2020,sa,male,45,0.00221
2018,2020,sa,male,46,0.00244
2018,2020,sa,male,47,0.00268
2018,2020,sa,male,48,0.00292
2018,2020,sa,male,49,0.00316
2018,2020,sa,male,50,0.0034
2018,2020,sa,male,51,0.00366
2018,2020,sa,male,52,0.00393
2018,2020,sa,male,53,0.00423
2018,2020,sa,male,54,0.00456
2018,2020,sa,male,55,0.00491
2018,2020,sa,male,56,0.00529
2018,2020,sa,male,57,0.0057
2018,2020,sa,male,58,0.00612
2018,2020,sa,male,59,0.00658
2018,2020,sa,male,60,0.00705
2018,2020,sa,male,61,0.00754
2018,2020,sa,male,62,0.00807
2018,2020,sa,male,63,0.00863
2018,2020,sa,male,64,0.00921
2018,2020,sa,male,65,0.00984
2018,2020,sa,male,66,0.01056
2018,2020,sa,male,67,0.01138
2018,2020,sa,male,68,0.01236
2018,2020,sa,male,69,0.01353
2018,2020,sa,male,70,0.01488
2018,2020,sa,male,71,0.01641
2018,2020,sa,male,72,0.01815
2018,2020,sa,male,73,0.02013
2018,2020,sa,male,74,0.02239
2018,2020,sa,male,75,0.02503
2018,2020,sa,male,76,0.02808
2018,2020,sa,male,77,0.03161
2018,2020,sa,male,78,0.03572
2018,2020,sa,male,79,0.04044
2018,2020,sa,male,80,0.04574
2018,2020,sa,male,81,0.05167
2018,2020,sa,male,82,0.0583
2018,2020,sa,male,83,0.06574
2018,2020,sa,male,84,0.07414
2018,2020,sa,male,85,0.08356
2018,2020,sa,male,86,0.09393
2018,2020,sa,male,87,0.10536
2018,2020,sa,male,88,0.11801
2018,2020,sa,male,89,0.13196
2018,2020,sa,male,90,0.14681
2018,2020,sa,male,91,0.16205
2018,2020,sa,male,92,0.17712
2018,2020,sa,male,93,0.19117
2018,2020,sa,male,94,0.20326
2018,2020,sa,male,95,0.21553
2018,2020,sa,male,96,0.22867
2018,2020,sa,male,97,0.24673
2018,2020,sa,male,98,0.2632
2018,2020,sa,male,99,0.29934
2018,2020,sa,male,100,0.32671
2018,2020,tas,female,0,0.00293
2018,2020,tas,female,1,0.00017
2018,2020,tas,female,2,0.00007
2018,2020,tas,female,3,0.00005
2018,2020,tas,female,4,0.00004
2018,2020,tas,female,5,0.00003
2018,2020,tas,female,6,0.00003
2018,2020,tas,female,7,0.00003
2018,2020,tas,female,8,0.00003
2018,2020,tas,female,9,0.00003
2018,2020,tas,female,10,0.00004
2018,2020,tas,female,11,0.00005
2018,2020,tas,female,12,0.00006
2018,2020,tas,female,13,0.00008
2018,2020,tas,female,14,0.00011
2018,2020,tas,female,15,0.00013
2018,2020,tas,female,16,0.00015
2018,2020,tas,female,17,0.00017
2018,2020,tas,female,18,0.00018
2018,2020,tas,female,19,0.00019
2018,2020,tas,female,20,0.00019
2018,2020,tas,female,21,0.0002
2018,2020,tas,female,22,0.00021
2018,2020,tas,female,23,0.00021
2018,2020,tas,female,24,0.00022
2018,2020,tas,female,25,0.00023
2018,2020,tas,female,26,0.00023
2018,2020,tas,female,27,0.00025
2018,2020,tas,female,28,0.00027
2018,2020,tas,female,29,0.0003
2018,2020,tas,female,30,0.00033
2018,2020,tas,female,31,0.00036
2018,2020,tas,female,32,0.00041
2018,2020,tas,female,33,0.00046
2018,2020,tas,female,34,0.00053
2018,2020,tas,female,35,0.00059
2018,2020,tas,female,36,0.00066
2018,2020,tas,female,37,0.00072
2018,2020,tas,female,38,0.00079
2018,2020,tas,female,39,0.00086
2018,2020,tas,female,40,0.00093
2018,2020,tas,female,41,0.00102
2018,2020,tas,female,42,0.00112
2018,2020,tas,female,43,0.00122
2018,2020,tas,female,44,0.00133
2018,2020,tas,female,45,0.00143
2018,2020,tas,female,46,0.00155
2018,2020,tas,female,47,0.00168
2018,2020,tas,female,48,0.00181
2018,2020,tas,female,49,0.00194
2018,2020,tas,female,50,0.00208
2018,2020,tas,female,51,0.00224
2018,2020,tas,female,52,0.00242
2018,2020,tas,female,53,0.00261
2018,2020,tas,female,54,0.00281
2018,2020,tas,female,55,0.003
2018,2020,tas,female,56,0.00319
2018,2020,tas,female,57,0.00341
2018,2020,tas,female,58,0.00365
2018,2020,tas,female,59,0.00395
2018,2020,tas,female,60,0.00431
2018,2020,tas,female,61,0.00471
2018,2020,tas,female,62,0.00509
2018,2020,tas,female,63,0.00545
2018,2020,tas,female,64,0.00583
2018,2020,tas,female,65,0.00629
2018,2020,tas,female,66,0.00687
2018,2020,tas,female,67,0.00759
2018,2020,tas,female,68,0.00844
2018,2020,tas,female,69,0.00945
2018,2020,tas,female,70,0.0106
2018,2020,tas,female,71,0.01191
2018,2020,tas,female,72,0.0134
2018,2020,tas,female,73,0.01505
2018,2020,tas,female,74,0.01691
2018,2020,tas,female,75,0.019
2018,2020,tas,female,76,0.02129
2018,2020,tas,female,77,0.02383
2018,2020,tas,female,78,0.02683
2018,2020,tas,female,79,0.03035
2018,2020,tas,female,80,0.03445
2018,2020,tas,female,81,0.03918
2018,2020,tas,female,82,0.04446
2018,2020,tas,female,83,0.05042
2018,2020,tas,female,84,0.05725
2018,2020,tas,female,85,0.06484
2018,2020,tas,female,86,0.07325
2018,2020,tas,female,87,0.08273
2018,2020,tas,female,88,0.09322
2018,2020,tas,female,89,0.10524
2018,2020,tas,female,90,0.11881
2018,2020,tas,female,91,0.13371
2018,2020,tas,female,92,0.14907
2018,2020,tas,female,93,0.16528
2018,2020,tas,female,94,0.18249
2018,2020,tas,female,95,0.1999
2018,2020,tas,female,96,0.22098
2018,2020,tas,female,97,0.24448
2018,2020,tas,female,98,0.263
2018,2020,tas,female,99,0.28005
2018,2020,tas,female,100,0.29681
2018,2020,tas,male,0,0.00412
2018,2020,tas,male,1,0.0002
2018,2020,tas,male,2,0.00007
2018,2020,tas,male,3,0.00006
2018,2020,tas,male,4,0.00005
2018,2020,tas,male,5,0.00005
2018,2020,tas,male,6,0.00005
2018,2020,tas,male,7,0.00005
2018,2020,tas,male,8,0.00006
2018,2020,tas,male,9,0.00007
2018,2020,tas,male,10,0.00008
2018,2020,tas,male,11,0.0001
2018,2020,tas,male,12,0.00014
2018,2020,tas,male,13,0.00018
2018,2020,tas,male,14,0.00025
2018,2020,tas,male,15,0.00033
2018,2020,tas,male,16,0.00042
2018,2020,tas,male,17,0.00053
2018,2020,tas,male,18,0.00062
2018,2020,tas,male,19,0.00069
2018,2020,tas,male,20,0.00074
2018,2020,tas,male,21,0.00077
2018,2020,tas,male,22,0.0008
2018,2020,tas,male,23,0.00082
2018,2020,tas,male,24,0.00084
2018,2020,tas,male,25,0.00086
2018,2020,tas,male,26,0.00088
2018,2020,tas,male,27,0.0009
2018,2020,tas,male,28,0.00093
2018,2020,tas,male,29,0.00096
2018,2020,tas,male,30,0.00099
2018,2020,tas,male,31,0.00103
2018,2020,tas,male,32,0.00107
2018,2020,tas,male,33,0.00112
2018,2020,tas,male,34,0.00118
2018,2020,tas,male,35,0.00124
2018,2020,tas,male,36,0.00132
2018,2020,tas,male,37,0.00139
2018,2020,tas,male,38,0.00148
2018,2020,tas,male,39,0.00157
2018,2020,tas,male,40,0.00166
2018,2020,tas,male,41,0.00176
2018,2020,tas,male,42,0.00188
2018,2020,tas,male,43,0.00201
2018,2020,tas,male,44,0.00217
2018,2020,tas,male,45,0.00235
2018,2020,tas,male,46,0.00255
2018,2020,tas,male,47,0.00274
2018,2020,tas,male,48,0.00294
2018,2020,tas,male,49,0.00314
2018,2020,tas,male,50,0.00335
2018,2020,tas,male,51,0.00357
2018,2020,tas,male,52,0.00382
2018,2020,tas,male,53,0.00409
2018,2020,tas,male,54,0.0044
2018,2020,tas,male,55,0.00475
2018,2020,tas,male,56,0.00513
2018,2020,tas,male,57,0.00556
2018,2020,tas,male,58,0.00602
2018,2020,tas,male,59,0.00654
2018,2020,tas,male,60,0.00709
2018,2020,tas,male,61,0.00768
2018,2020,tas,male,62,0.00834
2018,2020,tas,male,63,0.00905
2018,2020,tas,male,64,0.00981
2018,2020,tas,male,65,0.01063
2018,2020,tas,male,66,0.01154
2018,2020,tas,male,67,0.01257
2018,2020,tas,male,68,0.01377
2018,2020,tas,male,69,0.01517
2018,2020,tas,male,70,0.01675
2018,2020,tas,male,71,0.01851
2018,2020,tas,male,72,0.02048
2018,2020,tas,male,73,0.02267
2018,2020,tas,male,74,0.02512
2018,2020,tas,male,75,0.02794
2018,2020,tas,male,76,0.03113
2018,2020,tas,male,77,0.03477
2018,2020,tas,male,78,0.03895
2018,2020,tas,male,79,0.0437
2018,2020,tas,male,80,0.04901
2018,2020,tas,male,81,0.05491
2018,2020,tas,male,82,0.06148
2018,2020,tas,male,83,0.06882
2018,2020,tas,male,84,0.07707
2018,2020,tas,male,85,0.08628
2018,2020,tas,male,86,0.0964
2018,2020,tas,male,87,0.10755
2018,2020,tas,male,88,0.11991
2018,2020,tas,male,89,0.13365
2018,2020,tas,male,90,0.14845
2018,2020,tas,male,91,0.16392
2018,2020,tas,male,92,0.17952
2018,2020,tas,male,93,0.19448
2018,2020,tas,male,94,0.21292
2018,2020,tas,male,95,0.22705
2018,2020,tas,male,96,0.24756
2018,2020,tas,male,97,0.26844
2018,2020,tas,male,98,0.29291
2018,2020,tas,male,99,0.32685
2018,2020,tas,male,100,0.35673
2018,2020,vic,female,0,0.00238
2018,2020,vic,female,1,0.00018
2018,2020,vic,female,2,0.00008
2018,2020,vic,female,3,0.00007
2018,2020,vic,female,4,0.00006
2018,2020,vic,female,5,0.00005
2018,2020,vic,female,6,0.00004
2018,2020,vic,female,7,0.00004
2018,2020,vic,female,8,0.00004
2018,2020,vic,female,9,0.00004
2018,2020,vic,female,10,0.00005
2018,2020,vic,female,11,0.00006
2018,2020,vic,female,12,0.00007
2018,2020,vic,female,13,0.00008
2018,2020,vic,female,14,0.0001
2018,2020,vic,female,15,0.00012
2018,2020,vic,female,16,0.00015
2018,2020,vic,female,17,0.00017
2018,2020,vic,female,18,0.00019
2018,2020,vic,female,19,0.00019
2018,2020,vic,female,20,0.0002
2018,2020,vic,female,21,0.0002
2018,2020,vic,female,22,0.0002
2018,2020,vic,female,23,0.00021
2018,2020,vic,female,24,0.00021
2018,2020,vic,female,25,0.00021
2018,2020,vic,female,26,0.00022
2018,2020,vic,female,27,0.00022
2018,2020,vic,female,28,0.00024
2018,2020,vic,female,29,0.00025
2018,2020,vic,female,30,0.00026
2018,2020,vic,female,31,0.00028
2018,2020,vic,female,32,0.0003
2018,2020,vic,female,33,0.00033
2018,2020,vic,female,34,0.00036
2018,2020,vic,female,35,0.00041
2018,2020,vic,female,36,0.00045
2018,2020,vic,female,37,0.00048
2018,2020,vic,female,38,0.00053
2018,2020,vic,female,39,0.00057
2018,2020,vic,female,40,0.00062
2018,2020,vic,female,41,0.00069
2018,2020,vic,female,42,0.00077
2018,2020,vic,female,43,0.00085
2018,2020,vic,female,44,0.00094
2018,2020,vic,female,45,0.00102
2018,2020,vic,female,46,0.00111
2018,2020,vic,female,47,0.00122
2018,2020,vic,female,48,0.00133
2018,2020,vic,female,49,0.00145
2018,2020,vic,female,50,0.00157
2018,2020,vic,female,51,0.00171
2018,2020,vic,female,52,0.00188
2018,2020,vic,female,53,0.00206
2018,2020,vic,female,54,0.00224
2018,2020,vic,female,55,0.00242
2018,2020,vic,female,56,0.0026
2018,2020,vic,female,57,0.00279
2018,2020,vic,female,58,0.00301
2018,2020,vic,female,59,0.00328
2018,2020,vic,female,60,0.0036
2018,2020,vic,female,61,0.00395
2018,2020,vic,female,62,0.00427
2018,2020,vic,female,63,0.00456
2018,2020,vic,female,64,0.00485
2018,2020,vic,female,65,0.0052
2018,2020,vic,female,66,0.00565
2018,2020,vic,female,67,0.00621
2018,2020,vic,female,68,0.00689
2018,2020,vic,female,69,0.00769
2018,2020,vic,female,70,0.00861
2018,2020,vic,female,71,0.00967
2018,2020,vic,female,72,0.01089
2018,2020,vic,female,73,0.01225
2018,2020,vic,female,74,0.01379
2018,2020,vic,female,75,0.01555
2018,2020,vic,female,76,0.01751
2018,2020,vic,female,77,0.01972
2018,2020,vic,female,78,0.02239
2018,2020,vic,female,79,0.02559
2018,2020,vic,female,80,0.02938
2018,2020,vic,female,81,0.0338
2018,2020,vic,female,82,0.03877
2018,2020,vic,female,83,0.04442
2018,2020,vic,female,84,0.05094
2018,2020,vic,female,85,0.05822
2018,2020,vic,female,86,0.06633
2018,2020,vic,female,87,0.07548
2018,2020,vic,female,88,0.08564
2018,2020,vic,female,89,0.09732
2018,2020,vic,female,90,0.11051
2018,2020,vic,female,91,0.12502
2018,2020,vic,female,92,0.13995
2018,2020,vic,female,93,0.15568
2018,2020,vic,female,94,0.17234
2018,2020,vic,female,95,0.18912
2018,2020,vic,female,96,0.20953
2018,2020,vic,female,97,0.2323
2018,2020,vic,female,98,0.24993
2018,2020,vic,female,99,0.26602
2018,2020,vic,female,100,0.28193
2018,2020,vic,male,0,0.00318
2018,2020,vic,male,1,0.0002
2018,2020,vic,male,2,0.00013
2018,2020,vic,male,3,0.0001
2018,2020,vic,male,4,0.00009
2018,2020,vic,male,5,0.00007
2018,2020,vic,male,6,0.00007
2018,2020,vic,male,7,0.00006
2018,2020,vic,male,8,0.00006
2018,2020,vic,male,9,0.00005
2018,2020,vic,male,10,0.00005
2018,2020,vic,male,11,0.00006
2018,2020,vic,male,12,0.00007
2018,2020,vic,male,13,0.00009
2018,2020,vic,male,14,0.00013
2018,2020,vic,male,15,0.00018
2018,2020,vic,male,16,0.00025
2018,2020,vic,male,17,0.00033
2018,2020,vic,male,18,0.00039
2018,2020,vic,male,19,0.00044
2018,2020,vic,male,20,0.00047
2018,2020,vic,male,21,0.00048
2018,2020,vic,male,22,0.00049
2018,2020,vic,male,23,0.0005
2018,2020,vic,male,24,0.00052
2018,2020,vic,male,25,0.00053
2018,2020,vic,male,26,0.00054
2018,2020,vic,male,27,0.00056
2018,2020,vic,male,28,0.00058
2018,2020,vic,male,29,0.00061
2018,2020,vic,male,30,0.00063
2018,2020,vic,male,31,0.00066
2018,2020,vic,male,32,0.0007
2018,2020,vic,male,33,0.00074
2018,2020,vic,male,34,0.00079
2018,2020,vic,male,35,0.00085
2018,2020,vic,male,36,0.00092
2018,2020,vic,male,37,0.00099
2018,2020,vic,male,38,0.00106
2018,2020,vic,male,39,0.00113
2018,2020,vic,male,40,0.0012
2018,2020,vic,male,41,0.00126
2018,2020,vic,male,42,0.00134
2018,2020,vic,male,43,0.00144
2018,2020,vic,male,44,0.00156
2018,2020,vic,male,45,0.00171
2018,2020,vic,male,46,0.00186
2018,2020,vic,male,47,0.00203
2018,2020,vic,male,48,0.00219
2018,2020,vic,male,49,0.00236
2018,2020,vic,male,50,0.00252
2018,2020,vic,male,51,0.00271
2018,2020,vic,male,52,0.00291
2018,2020,vic,male,53,0.00315
2018,2020,vic,male,54,0.00343
2018,2020,vic,male,55,0.00375
2018,2020,vic,male,56,0.00411
2018,2020,vic,male,57,0.00451
2018,2020,vic,male,58,0.00495
2018,2020,vic,male,59,0.00542
2018,2020,vic,male,60,0.00592
2018,2020,vic,male,61,0.00645
2018,2020,vic,male,62,0.00702
2018,2020,vic,male,63,0.00763
2018,2020,vic,male,64,0.00827
2018,2020,vic,male,65,0.00895
2018,2020,vic,male,66,0.00969
2018,2020,vic,male,67,0.01053
2018,2020,vic,male,68,0.0115
2018,2020,vic,male,69,0.01265
2018,2020,vic,male,70,0.01394
2018,2020,vic,male,71,0.01539
2018,2020,vic,male,72,0.01699
2018,2020,vic,male,73,0.01878
2018,2020,vic,male,74,0.0208
2018,2020,vic,male,75,0.02315
2018,2020,vic,male,76,0.0259
2018,2020,vic,male,77,0.02909
2018,2020,vic,male,78,0.03286
2018,2020,vic,male,79,0.03724
2018,2020,vic,male,80,0.04226
2018,2020,vic,male,81,0.04797
2018,2020,vic,male,82,0.05447
2018,2020,vic,male,83,0.06186
2018,2020,vic,male,84,0.07026
2018,2020,vic,male,85,0.07975
2018,2020,vic,male,86,0.09017
2018,2020,vic,male,87,0.10159
2018,2020,vic,male,88,0.11411
2018,2020,vic,male,89,0.12779
2018,2020,vic,male,90,0.14218
2018,2020,vic,male,91,0.15673
2018,2020,vic,male,92,0.1708
2018,2020,vic,male,93,0.18347
2018,2020,vic,male,94,0.19375
2018,2020,vic,male,95,0.21386
2018,2020,vic,male,96,0.22955
2018,2020,vic,male,97,0.24389
2018,2020,vic,male,98,0.26365
2018,2020,vic,male,99,0.29238
2018,2020,vic,male,100,0.31911
2018,2020,wa,female,0,0.00194
2018,2020,wa,female,1,0.00021
2018,2020,wa,female,2,0.00012
2018,2020,wa,female,3,0.0001
2018,2020,wa,female,4,0.00008
2018,2020,wa,female,5,0.00008
2018,2020,wa,female,6,0.00006
2018,2020,wa,female,7,0.00006
2018,2020,wa,female,8,0.00005
2018,2020,wa,female,9,0.00005
2018,2020,wa,female,10,0.00006
2018,2020,wa,female,11,0.00006
2018,2020,wa,female,12,0.00009
2018,2020,wa,female,13,0.00012
2018,2020,wa,female,14,0.00014
2018,2020,wa,female,15,0.00017
2018,2020,wa,female,16,0.0002
2018,2020,wa,female,17,0.00023
2018,2020,wa,female,18,0.00025
2018,2020,wa,female,19,0.00027
2018,2020,wa,female,20,0.00028
2018,2020,wa,female,21,0.00029
2018,2020,wa,female,22,0.0003
2018,2020,wa,female,23,0.00031
2018,2020,wa,female,24,0.00032
2018,2020,wa,female,25,0.00033
2018,2020,wa,female,26,0.00034
2018,2020,wa,female,27,0.00036
2018,2020,wa,female,28,0.00037
2018,2020,wa,female,29,0.00037
2018,2020,wa,female,30,0.00038
2018,2020,wa,female,31,0.00039
2018,2020,wa,female,32,0.00041
2018,2020,wa,female,33,0.00044
2018,2020,wa,female,34,0.00048
2018,2020,wa,female,35,0.00054
2018,2020,wa,female,36,0.0006
2018,2020,wa,female,37,0.00066
2018,2020,wa,female,38,0.00074
2018,2020,wa,female,39,0.00081
2018,2020,wa,female,40,0.00087
2018,2020,wa,female,41,0.00095
2018,2020,wa,female,42,0.00103
2018,2020,wa,female,43,0.00111
2018,2020,wa,female,44,0.00119
2018,2020,wa,female,45,0.00126
2018,2020,wa,female,46,0.00134
2018,2020,wa,female,47,0.00143
2018,2020,wa,female,48,0.00151
2018,2020,wa,female,49,0.0016
2018,2020,wa,female,50,0.00169
2018,2020,wa,female,51,0.00181
2018,2020,wa,female,52,0.00196
2018,2020,wa,female,53,0.00214
2018,2020,wa,female,54,0.00233
2018,2020,wa,female,55,0.00252
2018,2020,wa,female,56,0.00272
2018,2020,wa,female,57,0.00295
2018,2020,wa,female,58,0.00319
2018,2020,wa,female,59,0.00348
2018,2020,wa,female,60,0.00381
2018,2020,wa,female,61,0.00417
2018,2020,wa,female,62,0.00448
2018,2020,wa,female,63,0.00474
2018,2020,wa,female,64,0.005
2018,2020,wa,female,65,0.0053
2018,2020,wa,female,66,0.00569
2018,2020,wa,female,67,0.0062
2018,2020,wa,female,68,0.00682
2018,2020,wa,female,69,0.00756
2018,2020,wa,female,70,0.00842
2018,2020,wa,female,71,0.00943
2018,2020,wa,female,72,0.01059
2018,2020,wa,female,73,0.01189
2018,2020,wa,female,74,0.01338
2018,2020,wa,female,75,0.01504
2018,2020,wa,female,76,0.01684
2018,2020,wa,female,77,0.01881
2018,2020,wa,female,78,0.02117
2018,2020,wa,female,79,0.02397
2018,2020,wa,female,80,0.0273
2018,2020,wa,female,81,0.03127
2018,2020,wa,female,82,0.03587
2018,2020,wa,female,83,0.04127
2018,2020,wa,female,84,0.04772
2018,2020,wa,female,85,0.05513
2018,2020,wa,female,86,0.06355
2018,2020,wa,female,87,0.07311
2018,2020,wa,female,88,0.08373
2018,2020,wa,female,89,0.0959
2018,2020,wa,female,90,0.1096
2018,2020,wa,female,91,0.12459
2018,2020,wa,female,92,0.14
2018,2020,wa,female,93,0.1562
2018,2020,wa,female,94,0.17326
2018,2020,wa,female,95,0.19009
2018,2020,wa,female,96,0.21001
2018,2020,wa,female,97,0.23172
2018,2020,wa,female,98,0.24789
2018,2020,wa,female,99,0.2624
2018,2020,wa,female,100,0.2781
2018,2020,wa,male,0,0.0029
2018,2020,wa,male,1,0.00024
2018,2020,wa,male,2,0.00014
2018,2020,wa,male,3,0.00012
2018,2020,wa,male,4,0.0001
2018,2020,wa,male,5,0.00008
2018,2020,wa,male,6,0.00007
2018,2020,wa,male,7,0.00007
2018,2020,wa,male,8,0.00006
2018,2020,wa,male,9,0.00006
2018,2020,wa,male,10,0.00006
2018,2020,wa,male,11,0.00007
2018,2020,wa,male,12,0.00009
2018,2020,wa,male,13,0.00012
2018,2020,wa,male,14,0.00018
2018,2020,wa,male,15,0.00026
2018,2020,wa,male,16,0.00037
2018,2020,wa,male,17,0.00049
2018,2020,wa,male,18,0.00059
2018,2020,wa,male,19,0.00067
2018,2020,wa,male,20,0.00073
2018,2020,wa,male,21,0.00078
2018,2020,wa,male,22,0.0008
2018,2020,wa,male,23,0.00082
2018,2020,wa,male,24,0.00083
2018,2020,wa,male,25,0.00084
2018,2020,wa,male,26,0.00085
2018,2020,wa,male,27,0.00087
2018,2020,wa,male,28,0.00089
2018,2020,wa,male,29,0.00091
2018,2020,wa,male,30,0.00094
2018,2020,wa,male,31,0.00096
2018,2020,wa,male,32,0.001
2018,2020,wa,male,33,0.00104
2018,2020,wa,male,34,0.0011
2018,2020,wa,male,35,0.00116
2018,2020,wa,male,36,0.00123
2018,2020,wa,male,37,0.00129
2018,2020,wa,male,38,0.00136
2018,2020,wa,male,39,0.00143
2018,2020,wa,male,40,0.00151
2018,2020,wa,male,41,0.00159
2018,2020,wa,male,42,0.00167
2018,2020,wa,male,43,0.00178
2018,2020,wa,male,44,0.00192
2018,2020,wa,male,45,0.00209
2018,2020,wa,male,46,0.00226
2018,2020,wa,male,47,0.00244
2018,2020,wa,male,48,0.00261
2018,2020,wa,male,49,0.00277
2018,2020,wa,male,50,0.00294
2018,2020,wa,male,51,0.00312
2018,2020,wa,male,52,0.00333
2018,2020,wa,male,53,0.00356
2018,2020,wa,male,54,0.00383
2018,2020,wa,male,55,0.00413
2018,2020,wa,male,56,0.00447
2018,2020,wa,male,57,0.00484
2018,2020,wa,male,58,0.00525
2018,2020,wa,male,59,0.0057
2018,2020,wa,male,60,0.00619
2018,2020,wa,male,61,0.00674
2018,2020,wa,male,62,0.00736
2018,2020,wa,male,63,0.00802
2018,2020,wa,male,64,0.0087
2018,2020,wa,male,65,0.00942
2018,2020,wa,male,66,0.01021
2018,2020,wa,male,67,0.01109
2018,2020,wa,male,68,0.01209
2018,2020,wa,male,69,0.01322
2018,2020,wa,male,70,0.01447
2018,2020,wa,male,71,0.01585
2018,2020,wa,male,72,0.01736
2018,2020,wa,male,73,0.01905
2018,2020,wa,male,74,0.02093
2018,2020,wa,male,75,0.02312
2018,2020,wa,male,76,0.02567
2018,2020,wa,male,77,0.02866
2018,2020,wa,male,78,0.03224
2018,2020,wa,male,79,0.03643
2018,2020,wa,male,80,0.04121
2018,2020,wa,male,81,0.04666
2018,2020,wa,male,82,0.05287
2018,2020,wa,male,83,0.05994
2018,2020,wa,male,84,0.06806
2018,2020,wa,male,85,0.07735
2018,2020,wa,male,86,0.08776
2018,2020,wa,male,87,0.09941
2018,2020,wa,male,88,0.11238
2018,2020,wa,male,89,0.12681
2018,2020,wa,male,90,0.14221
2018,2020,wa,male,91,0.15786
2018,2020,wa,male,92,0.17296
2018,2020,wa,male,93,0.18648
2018,2020,wa,male,94,0.19727
2018,2020,wa,male,95,0.21232
2018,2020,wa,male,96,0.22739
2018,2020,wa,male,97,0.24643
2018,2020,wa,male,98,0.27102
2018,2020,wa,male,99,0.30927
2018,2020,wa,male,100,0.33754
2019,2021,act,female,0,0.0021
2019,2021,act,female,1,0.00021
2019,2021,act,female,2,0.0001
2019,2021,act,female,3,0.00009
2019,2021,act,female,4,0.00008
2019,2021,act,female,5,0.00007
2019,2021,act,female,6,0.00006
2019,2021,act,female,7,0.00005
2019,2021,act,female,8,0.00005
2019,2021,act,female,9,0.00005
2019,2021,act,female,10,0.00006
2019,2021,act,female,11,0.00007
2019,2021,act,female,12,0.00009
2019,2021,act,female,13,0.0001
2019,2021,act,female,14,0.00014
2019,2021,act,female,15,0.00017
2019,2021,act,female,16,0.00017
2019,2021,act,female,17,0.00019
2019,2021,act,female,18,0.00021
2019,2021,act,female,19,0.00023
2019,2021,act,female,20,0.00024
2019,2021,act,female,21,0.00025
2019,2021,act,female,22,0.00026
2019,2021,act,female,23,0.00026
2019,2021,act,female,24,0.00027
2019,2021,act,female,25,0.00028
2019,2021,act,female,26,0.00028
2019,2021,act,female,27,0.0003
2019,2021,act,female,28,0.00032
2019,2021,act,female,29,0.00034
2019,2021,act,female,30,0.00037
2019,2021,act,female,31,0.0004
2019,2021,act,female,32,0.00043
2019,2021,act,female,33,0.00046
2019,2021,act,female,34,0.0005
2019,2021,act,female,35,0.00054
2019,2021,act,female,36,0.00059
2019,2021,act,female,37,0.00063
2019,2021,act,female,38,0.00066
2019,2021,act,female,39,0.00069
2019,2021,act,female,40,0.00073
2019,2021,act,female,41,0.00078
2019,2021,act,female,42,0.00085
2019,2021,act,female,43,0.00092
2019,2021,act,female,44,0.001
2019,2021,act,female,45,0.00106
2019,2021,act,female,46,0.00112
2019,2021,act,female,47,0.00118
2019,2021,act,female,48,0.00125
2019,2021,act,female,49,0.00132
2019,2021,act,female,50,0.0014
2019,2021,act,female,51,0.00147
2019,2021,act,female,52,0.00154
2019,2021,act,female,53,0.00165
2019,2021,act,female,54,0.00176
2019,2021,act,female,55,0.00187
2019,2021,act,female,56,0.00198
2019,2021,act,female,57,0.0021
2019,2021,act,female,58,0.00221
2019,2021,act,female,59,0.00235
2019,2021,act,female,60,0.0025
2019,2021,act,female,61,0.00266
2019,2021,act,female,62,0.00279
2019,2021,act,female,63,0.00294
2019,2021,act,female,64,0.00311
2019,2021,act,female,65,0.00332
2019,2021,act,female,66,0.00355
2019,2021,act,female,67,0.00389
2019,2021,act,female,68,0.0043
2019,2021,act,female,69,0.00487
2019,2021,act,female,70,0.00558
2019,2021,act,female,71,0.00641
2019,2021,act,female,72,0.00743
2019,2021,act,female,73,0.00865
2019,2021,act,female,74,0.01011
2019,2021,act,female,75,0.0118
2019,2021,act,female,76,0.01373
2019,2021,act,female,77,0.01603
2019,2021,act,female,78,0.01887
2019,2021,act,female,79,0.02238
2019,2021,act,female,80,0.02654
2019,2021,act,female,81,0.03148
2019,2021,act,female,82,0.03717
2019,2021,act,female,83,0.04374
2019,2021,act,female,84,0.0513
2019,2021,act,female,85,0.05998
2019,2021,act,female,86,0.07004
2019,2021,act,female,87,0.08149
2019,2021,act,female,88,0.09444
2019,2021,act,female,89,0.10923
2019,2021,act,female,90,0.12591
2019,2021,act,female,91,0.14455
2019,2021,act,female,92,0.16467
2019,2021,act,female,93,0.18661
2019,2021,act,female,94,0.21066
2019,2021,act,female,95,0.23298
2019,2021,act,female,96,0.25313
2019,2021,act,female,97,0.27985
2019,2021,act,female,98,0.30159
2019,2021,act,female,99,0.32309
2019,2021,act,female,100,0.34345
2019,2021,act,male,0,0.00289
2019,2021,act,male,1,0.00022
2019,2021,act,male,2,0.00014
2019,2021,act,male,3,0.00011
2019,2021,act,male,4,0.0001
2019,2021,act,male,5,0.00008
2019,2021,act,male,6,0.00008
2019,2021,act,male,7,0.00007
2019,2021,act,male,8,0.00007
2019,2021,act,male,9,0.00007
2019,2021,act,male,10,0.00007
2019,2021,act,male,11,0.00008
2019,2021,act,male,12,0.0001
2019,2021,act,male,13,0.00013
2019,2021,act,male,14,0.00016
2019,2021,act,male,15,0.00022
2019,2021,act,male,16,0.00024
2019,2021,act,male,17,0.00032
2019,2021,act,male,18,0.00038
2019,2021,act,male,19,0.00043
2019,2021,act,male,20,0.00045
2019,2021,act,male,21,0.00047
2019,2021,act,male,22,0.00048
2019,2021,act,male,23,0.00049
2019,2021,act,male,24,0.0005
2019,2021,act,male,25,0.00051
2019,2021,act,male,26,0.00052
2019,2021,act,male,27,0.00054
2019,2021,act,male,28,0.00056
2019,2021,act,male,29,0.00057
2019,2021,act,male,30,0.0006
2019,2021,act,male,31,0.00062
2019,2021,act,male,32,0.00065
2019,2021,act,male,33,0.00069
2019,2021,act,male,34,0.00074
2019,2021,act,male,35,0.00079
2019,2021,act,male,36,0.00084
2019,2021,act,male,37,0.0009
2019,2021,act,male,38,0.00097
2019,2021,act,male,39,0.00105
2019,2021,act,male,40,0.00113
2019,2021,act,male,41,0.00122
2019,2021,act,male,42,0.00131
2019,2021,act,male,43,0.00141
2019,2021,act,male,44,0.00152
2019,2021,act,male,45,0.00164
2019,2021,act,male,46,0.00177
2019,2021,act,male,47,0.0019
2019,2021,act,male,48,0.00204
2019,2021,act,male,49,0.00219
2019,2021,act,male,50,0.00234
2019,2021,act,male,51,0.0025
2019,2021,act,male,52,0.00267
2019,2021,act,male,53,0.00287
2019,2021,act,male,54,0.0031
2019,2021,act,male,55,0.00335
2019,2021,act,male,56,0.00364
2019,2021,act,male,57,0.00398
2019,2021,act,male,58,0.00434
2019,2021,act,male,59,0.00472
2019,2021,act,male,60,0.00512
2019,2021,act,male,61,0.00556
2019,2021,act,male,62,0.00606
2019,2021,act,male,63,0.0066
2019,2021,act,male,64,0.00716
2019,2021,act,male,65,0.00775
2019,2021,act,male,66,0.0084
2019,2021,act,male,67,0.00913
2019,2021,act,male,68,0.00999
2019,2021,act,male,69,0.01099
2019,2021,act,male,70,0.01212
2019,2021,act,male,71,0.01341
2019,2021,act,male,72,0.01486
2019,2021,act,male,73,0.0165
2019,2021,act,male,74,0.01837
2019,2021,act,male,75,0.02054
2019,2021,act,male,76,0.02306
2019,2021,act,male,77,0.02597
2019,2021,act,male,78,0.02939
2019,2021,act,male,79,0.03336
2019,2021,act,male,80,0.03794
2019,2021,act,male,81,0.04314
2019,2021,act,male,82,0.04905
2019,2021,act,male,83,0.05582
2019,2021,act,male,84,0.06359
2019,2021,act,male,85,0.0725
2019,2021,act,male,86,0.08268
2019,2021,act,male,87,0.0943
2019,2021,act,male,88,0.10765
2019,2021,act,male,89,0.12293
2019,2021,act,male,90,0.14004
2019,2021,act,male,91,0.1588
2019,2021,act,male,92,0.17882
2019,2021,act,male,93,0.19948
2019,2021,act,male,94,0.22008
2019,2021,act,male,95,0.23806
2019,2021,act,male,96,0.25464
2019,2021,act,male,97,0.28157
2019,2021,act,male,98,0.30302
2019,2021,act,male,99,0.32779
2019,2021,act,male,100,0.35724
2019,2021,nsw,female,0,0.00299
2019,2021,nsw,female,1,0.00019
2019,2021,nsw,female,2,0.00008
2019,2021,nsw,female,3,0.00008
2019,2021,nsw,female,4,0.00007
2019,2021,nsw,female,5,0.00007
2019,2021,nsw,female,6,0.00006
2019,2021,nsw,female,7,0.00006
2019,2021,nsw,female,8,0.00006
2019,2021,nsw,female,9,0.00006
2019,2021,nsw,female,10,0.00006
2019,2021,nsw,female,11,0.00007
2019,2021,nsw,female,12,0.00008
2019,2021,nsw,female,13,0.0001
2019,2021,nsw,female,14,0.00012
2019,2021,nsw,female,15,0.00015
2019,2021,nsw,female,16,0.00017
2019,2021,nsw,female,17,0.00019
2019,2021,nsw,female,18,0.00021
2019,2021,nsw,female,19,0.00022
2019,2021,nsw,female,20,0.00023
2019,2021,nsw,female,21,0.00023
2019,2021,nsw,female,22,0.00023
2019,2021,nsw,female,23,0.00024
2019,2021,nsw,female,24,0.00024
2019,2021,nsw,female,25,0.00024
2019,2021,nsw,female,26,0.00025
2019,2021,nsw,female,27,0.00025
2019,2021,nsw,female,28,0.00025
2019,2021,nsw,female,29,0.00026
2019,2021,nsw,female,30,0.00027
2019,2021,nsw,female,31,0.0003
2019,2021,nsw,female,32,0.00032
2019,2021,nsw,female,33,0.00035
2019,2021,nsw,female,34,0.00039
2019,2021,nsw,female,35,0.00043
2019,2021,nsw,female,36,0.00047
2019,2021,nsw,female,37,0.00051
2019,2021,nsw,female,38,0.00055
2019,2021,nsw,female,39,0.00059
2019,2021,nsw,female,40,0.00063
2019,2021,nsw,female,41,0.0007
2019,2021,nsw,female,42,0.00079
2019,2021,nsw,female,43,0.00088
2019,2021,nsw,female,44,0.00099
2019,2021,nsw,female,45,0.00108
2019,2021,nsw,female,46,0.00117
2019,2021,nsw,female,47,0.00128
2019,2021,nsw,female,48,0.0014
2019,2021,nsw,female,49,0.00152
2019,2021,nsw,female,50,0.00165
2019,2021,nsw,female,51,0.00177
2019,2021,nsw,female,52,0.00191
2019,2021,nsw,female,53,0.00208
2019,2021,nsw,female,54,0.00228
2019,2021,nsw,female,55,0.00248
2019,2021,nsw,female,56,0.00269
2019,2021,nsw,female,57,0.00292
2019,2021,nsw,female,58,0.00317
2019,2021,nsw,female,59,0.00345
2019,2021,nsw,female,60,0.00377
2019,2021,nsw,female,61,0.00411
2019,2021,nsw,female,62,0.00445
2019,2021,nsw,female,63,0.00482
2019,2021,nsw,female,64,0.00523
2019,2021,nsw,female,65,0.0057
2019,2021,nsw,female,66,0.00622
2019,2021,nsw,female,67,0.00684
2019,2021,nsw,female,68,0.00754
2019,2021,nsw,female,69,0.00839
2019,2021,nsw,female,70,0.00936
2019,2021,nsw,female,71,0.01042
2019,2021,nsw,female,72,0.01163
2019,2021,nsw,female,73,0.01298
2019,2021,nsw,female,74,0.01449
2019,2021,nsw,female,75,0.01616
2019,2021,nsw,female,76,0.01795
2019,2021,nsw,female,77,0.02001
2019,2021,nsw,female,78,0.02247
2019,2021,nsw,female,79,0.02547
2019,2021,nsw,female,80,0.02897
2019,2021,nsw,female,81,0.03308
2019,2021,nsw,female,82,0.03776
2019,2021,nsw,female,83,0.04312
2019,2021,nsw,female,84,0.04923
2019,2021,nsw,female,85,0.05623
2019,2021,nsw,female,86,0.06439
2019,2021,nsw,female,87,0.07373
2019,2021,nsw,female,88,0.08438
2019,2021,nsw,female,89,0.09674
2019,2021,nsw,female,90,0.11091
2019,2021,nsw,female,91,0.127
2019,2021,nsw,female,92,0.14461
2019,2021,nsw,female,93,0.16416
2019,2021,nsw,female,94,0.18603
2019,2021,nsw,female,95,0.20632
2019,2021,nsw,female,96,0.22454
2019,2021,nsw,female,97,0.24979
2019,2021,nsw,female,98,0.27006
2019,2021,nsw,female,99,0.29026
2019,2021,nsw,female,100,0.30855
2019,2021,nsw,male,0,0.00361
2019,2021,nsw,male,1,0.0002
2019,2021,nsw,male,2,0.00012
2019,2021,nsw,male,3,0.0001
2019,2021,nsw,male,4,0.00008
2019,2021,nsw,male,5,0.00007
2019,2021,nsw,male,6,0.00007
2019,2021,nsw,male,7,0.00006
2019,2021,nsw,male,8,0.00006
2019,2021,nsw,male,9,0.00006
2019,2021,nsw,male,10,0.00006
2019,2021,nsw,male,11,0.00007
2019,2021,nsw,male,12,0.00009
2019,2021,nsw,male,13,0.00013
2019,2021,nsw,male,14,0.00018
2019,2021,nsw,male,15,0.00024
2019,2021,nsw,male,16,0.00032
2019,2021,nsw,male,17,0.00041
2019,2021,nsw,male,18,0.00047
2019,2021,nsw,male,19,0.00052
2019,2021,nsw,male,20,0.00055
2019,2021,nsw,male,21,0.00056
2019,2021,nsw,male,22,0.00057
2019,2021,nsw,male,23,0.00058
2019,2021,nsw,male,24,0.0006
2019,2021,nsw,male,25,0.00061
2019,2021,nsw,male,26,0.00062
2019,2021,nsw,male,27,0.00063
2019,2021,nsw,male,28,0.00064
2019,2021,nsw,male,29,0.00066
2019,2021,nsw,male,30,0.00067
2019,2021,nsw,male,31,0.00069
2019,2021,nsw,male,32,0.00071
2019,2021,nsw,male,33,0.00074
2019,2021,nsw,male,34,0.00078
2019,2021,nsw,male,35,0.00082
2019,2021,nsw,male,36,0.00087
2019,2021,nsw,male,37,0.00093
2019,2021,nsw,male,38,0.00099
2019,2021,nsw,male,39,0.00107
2019,2021,nsw,male,40,0.00116
2019,2021,nsw,male,41,0.00126
2019,2021,nsw,male,42,0.00136
2019,2021,nsw,male,43,0.00149
2019,2021,nsw,male,44,0.00163
2019,2021,nsw,male,45,0.0018
2019,2021,nsw,male,46,0.00197
2019,2021,nsw,male,47,0.00215
2019,2021,nsw,male,48,0.00234
2019,2021,nsw,male,49,0.00255
2019,2021,nsw,male,50,0.00277
2019,2021,nsw,male,51,0.00301
2019,2021,nsw,male,52,0.00327
2019,2021,nsw,male,53,0.00355
2019,2021,nsw,male,54,0.00386
2019,2021,nsw,male,55,0.00421
2019,2021,nsw,male,56,0.0046
2019,2021,nsw,male,57,0.00503
2019,2021,nsw,male,58,0.00549
2019,2021,nsw,male,59,0.00597
2019,2021,nsw,male,60,0.00647
2019,2021,nsw,male,61,0.00701
2019,2021,nsw,male,62,0.00762
2019,2021,nsw,male,63,0.00829
2019,2021,nsw,male,64,0.00898
2019,2021,nsw,male,65,0.00969
2019,2021,nsw,male,66,0.01047
2019,2021,nsw,male,67,0.01135
2019,2021,nsw,male,68,0.01236
2019,2021,nsw,male,69,0.01351
2019,2021,nsw,male,70,0.01482
2019,2021,nsw,male,71,0.01629
2019,2021,nsw,male,72,0.01797
2019,2021,nsw,male,73,0.01986
2019,2021,nsw,male,74,0.02202
2019,2021,nsw,male,75,0.02451
2019,2021,nsw,male,76,0.02738
2019,2021,nsw,male,77,0.03063
2019,2021,nsw,male,78,0.03437
2019,2021,nsw,male,79,0.03866
2019,2021,nsw,male,80,0.04349
2019,2021,nsw,male,81,0.04887
2019,2021,nsw,male,82,0.05484
2019,2021,nsw,male,83,0.06156
2019,2021,nsw,male,84,0.06917
2019,2021,nsw,male,85,0.07778
2019,2021,nsw,male,86,0.08749
2019,2021,nsw,male,87,0.09849
2019,2021,nsw,male,88,0.11104
2019,2021,nsw,male,89,0.12541
2019,2021,nsw,male,90,0.14154
2019,2021,nsw,male,91,0.15941
2019,2021,nsw,male,92,0.17874
2019,2021,nsw,male,93,0.19903
2019,2021,nsw,male,94,0.21969
2019,2021,nsw,male,95,0.23821
2019,2021,nsw,male,96,0.25575
2019,2021,nsw,male,97,0.27398
2019,2021,nsw,male,98,0.29467
2019,2021,nsw,male,99,0.32259
2019,2021,nsw,male,100,0.35157
2019,2021,nt,female,0,0.00494
2019,2021,nt,female,1,0.0003
2019,2021,nt,female,2,0.00025
2019,2021,nt,female,3,0.00021
2019,2021,nt,female,4,0.00021
2019,2021,nt,female,5,0.00019
2019,2021,nt,female,6,0.00017
2019,2021,nt,female,7,0.00019
2019,2021,nt,female,8,0.00022
2019,2021,nt,female,9,0.00025
2019,2021,nt,female,10,0.00027
2019,2021,nt,female,11,0.00031
2019,2021,nt,female,12,0.00036
2019,2021,nt,female,13,0.00041
2019,2021,nt,female,14,0.00047
2019,2021,nt,female,15,0.00052
2019,2021,nt,female,16,0.00058
2019,2021,nt,female,17,0.00063
2019,2021,nt,female,18,0.00067
2019,2021,nt,female,19,0.0007
2019,2021,nt,female,20,0.00072
2019,2021,nt,female,21,0.00073
2019,2021,nt,female,22,0.00074
2019,2021,nt,female,23,0.00075
2019,2021,nt,female,24,0.00075
2019,2021,nt,female,25,0.00075
2019,2021,nt,female,26,0.00075
2019,2021,nt,female,27,0.00076
2019,2021,nt,female,28,0.00077
2019,2021,nt,female,29,0.00079
2019,2021,nt,female,30,0.00082
2019,2021,nt,female,31,0.00085
2019,2021,nt,female,32,0.00089
2019,2021,nt,female,33,0.00094
2019,2021,nt,female,34,0.001
2019,2021,nt,female,35,0.00107
2019,2021,nt,female,36,0.00114
2019,2021,nt,female,37,0.00122
2019,2021,nt,female,38,0.0013
2019,2021,nt,female,39,0.00139
2019,2021,nt,female,40,0.00149
2019,2021,nt,female,41,0.00161
2019,2021,nt,female,42,0.00176
2019,2021,nt,female,43,0.00193
2019,2021,nt,female,44,0.00211
2019,2021,nt,female,45,0.00229
2019,2021,nt,female,46,0.00247
2019,2021,nt,female,47,0.00266
2019,2021,nt,female,48,0.00287
2019,2021,nt,female,49,0.00308
2019,2021,nt,female,50,0.00331
2019,2021,nt,female,51,0.00354
2019,2021,nt,female,52,0.00379
2019,2021,nt,female,53,0.00409
2019,2021,nt,female,54,0.00441
2019,2021,nt,female,55,0.00476
2019,2021,nt,female,56,0.00513
2019,2021,nt,female,57,0.00554
2019,2021,nt,female,58,0.00598
2019,2021,nt,female,59,0.00648
2019,2021,nt,female,60,0.00704
2019,2021,nt,female,61,0.00764
2019,2021,nt,female,62,0.00826
2019,2021,nt,female,63,0.00892
2019,2021,nt,female,64,0.00965
2019,2021,nt,female,65,0.01044
2019,2021,nt,female,66,0.01128
2019,2021,nt,female,67,0.01222
2019,2021,nt,female,68,0.01324
2019,2021,nt,female,69,0.01441
2019,2021,nt,female,70,0.0157
2019,2021,nt,female,71,0.01707
2019,2021,nt,female,72,0.01857
2019,2021,nt,female,73,0.0202
2019,2021,nt,female,74,0.02196
2019,2021,nt,female,75,0.02382
2019,2021,nt,female,76,0.02576
2019,2021,nt,female,77,0.02789
2019,2021,nt,female,78,0.03033
2019,2021,nt,female,79,0.03322
2019,2021,nt,female,80,0.03649
2019,2021,nt,female,81,0.04028
2019,2021,nt,female,82,0.04452
2019,2021,nt,female,83,0.04933
2019,2021,nt,female,84,0.05478
2019,2021,nt,female,85,0.06103
2019,2021,nt,female,86,0.06832
2019,2021,nt,female,87,0.0767
2019,2021,nt,female,88,0.0863
2019,2021,nt,female,89,0.10733
2019,2021,nt,female,90,0.12836
2019,2021,nt,female,91,0.14938
2019,2021,nt,female,92,0.17041
2019,2021,nt,female,93,0.19143
2019,2021,nt,female,94,0.21246
2019,2021,nt,female,95,0.23348
2019,2021,nt,female,96,0.25451
2019,2021,nt,female,97,0.27553
2019,2021,nt,female,98,0.29656
2019,2021,nt,female,99,0.30798
2019,2021,nt,female,100,0.32738
2019,2021,nt,male,0,0.00989
2019,2021,nt,male,1,0.00038
2019,2021,nt,male,2,0.0003
2019,2021,nt,male,3,0.00029
2019,2021,nt,male,4,0.00027
2019,2021,nt,male,5,0.00027
2019,2021,nt,male,6,0.00027
2019,2021,nt,male,7,0.00027
2019,2021,nt,male,8,0.00028
2019,2021,nt,male,9,0.00029
2019,2021,nt,male,10,0.00031
2019,2021,nt,male,11,0.00033
2019,2021,nt,male,12,0.00037
2019,2021,nt,male,13,0.00042
2019,2021,nt,male,14,0.0005
2019,2021,nt,male,15,0.00059
2019,2021,nt,male,16,0.0007
2019,2021,nt,male,17,0.00082
2019,2021,nt,male,18,0.00091
2019,2021,nt,male,19,0.00099
2019,2021,nt,male,20,0.00104
2019,2021,nt,male,21,0.00108
2019,2021,nt,male,22,0.00111
2019,2021,nt,male,23,0.00114
2019,2021,nt,male,24,0.00117
2019,2021,nt,male,25,0.00119
2019,2021,nt,male,26,0.00122
2019,2021,nt,male,27,0.00124
2019,2021,nt,male,28,0.00127
2019,2021,nt,male,29,0.00131
2019,2021,nt,male,30,0.00134
2019,2021,nt,male,31,0.00138
2019,2021,nt,male,32,0.00142
2019,2021,nt,male,33,0.00147
2019,2021,nt,male,34,0.00153
2019,2021,nt,male,35,0.00159
2019,2021,nt,male,36,0.00165
2019,2021,nt,male,37,0.00173
2019,2021,nt,male,38,0.00182
2019,2021,nt,male,39,0.00192
2019,2021,nt,male,40,0.00204
2019,2021,nt,male,41,0.00217
2019,2021,nt,male,42,0.0023
2019,2021,nt,male,43,0.00246
2019,2021,nt,male,44,0.00263
2019,2021,nt,male,45,0.00282
2019,2021,nt,male,46,0.00302
2019,2021,nt,male,47,0.00323
2019,2021,nt,male,48,0.00346
2019,2021,nt,male,49,0.0037
2019,2021,nt,male,50,0.00395
2019,2021,nt,male,51,0.00422
2019,2021,nt,male,52,0.00452
2019,2021,nt,male,53,0.00486
2019,2021,nt,male,54,0.00524
2019,2021,nt,male,55,0.00569
2019,2021,nt,male,56,0.0062
2019,2021,nt,male,57,0.00679
2019,2021,nt,male,58,0.00745
2019,2021,nt,male,59,0.00819
2019,2021,nt,male,60,0.00901
2019,2021,nt,male,61,0.00993
2019,2021,nt,male,62,0.01099
2019,2021,nt,male,63,0.01219
2019,2021,nt,male,64,0.01352
2019,2021,nt,male,65,0.01499
2019,2021,nt,male,66,0.01663
2019,2021,nt,male,67,0.01846
2019,2021,nt,male,68,0.02052
2019,2021,nt,male,69,0.02282
2019,2021,nt,male,70,0.02537
2019,2021,nt,male,71,0.02817
2019,2021,nt,male,72,0.03123
2019,2021,nt,male,73,0.03455
2019,2021,nt,male,74,0.03814
2019,2021,nt,male,75,0.04206
2019,2021,nt,male,76,0.04633
2019,2021,nt,male,77,0.05095
2019,2021,nt,male,78,0.05596
2019,2021,nt,male,79,0.06133
2019,2021,nt,male,80,0.06703
2019,2021,nt,male,81,0.07298
2019,2021,nt,male,82,0.07913
2019,2021,nt,male,83,0.0855
2019,2021,nt,male,84,0.09207
2019,2021,nt,male,85,0.09883
2019,2021,nt,male,86,0.10579
2019,2021,nt,male,87,0.11301
2019,2021,nt,male,88,0.12064
2019,2021,nt,male,89,0.14179
2019,2021,nt,male,90,0.1605
2019,2021,nt,male,91,0.17922
2019,2021,nt,male,92,0.19794
2019,2021,nt,male,93,0.21666
2019,2021,nt,male,94,0.23538
2019,2021,nt,male,95,0.25409
2019,2021,nt,male,96,0.27281
2019,2021,nt,male,97,0.29153
2019,2021,nt,male,98,0.31025
2019,2021,nt,male,99,0.32897
2019,2021,nt,male,100,0.35852
2019,2021,qld,female,0,0.00401
2019,2021,qld,female,1,0.00026
2019,2021,qld,female,2,0.00013
2019,2021,qld,female,3,0.00012
2019,2021,qld,female,4,0.0001
2019,2021,qld,female,5,0.00009
2019,2021,qld,female,6,0.00008
2019,2021,qld,female,7,0.00007
2019,2021,qld,female,8,0.00006
2019,2021,qld,female,9,0.00006
2019,2021,qld,female,10,0.00007
2019,2021,qld,female,11,0.00008
2019,2021,qld,female,12,0.00009
2019,2021,qld,female,13,0.00011
2019,2021,qld,female,14,0.00013
2019,2021,qld,female,15,0.00016
2019,2021,qld,female,16,0.00018
2019,2021,qld,female,17,0.0002
2019,2021,qld,female,18,0.00022
2019,2021,qld,female,19,0.00024
2019,2021,qld,female,20,0.00025
2019,2021,qld,female,21,0.00025
2019,2021,qld,female,22,0.00026
2019,2021,qld,female,23,0.00026
2019,2021,qld,female,24,0.00026
2019,2021,qld,female,25,0.00027
2019,2021,qld,female,26,0.00027
2019,2021,qld,female,27,0.00029
2019,2021,qld,female,28,0.00031
2019,2021,qld,female,29,0.00033
2019,2021,qld,female,30,0.00035
2019,2021,qld,female,31,0.00038
2019,2021,qld,female,32,0.00041
2019,2021,qld,female,33,0.00045
2019,2021,qld,female,34,0.00049
2019,2021,qld,female,35,0.00053
2019,2021,qld,female,36,0.00058
2019,2021,qld,female,37,0.00062
2019,2021,qld,female,38,0.00066
2019,2021,qld,female,39,0.0007
2019,2021,qld,female,40,0.00075
2019,2021,qld,female,41,0.00081
2019,2021,qld,female,42,0.0009
2019,2021,qld,female,43,0.00099
2019,2021,qld,female,44,0.00108
2019,2021,qld,female,45,0.00117
2019,2021,qld,female,46,0.00125
2019,2021,qld,female,47,0.00135
2019,2021,qld,female,48,0.00145
2019,2021,qld,female,49,0.00157
2019,2021,qld,female,50,0.0017
2019,2021,qld,female,51,0.00182
2019,2021,qld,female,52,0.00197
2019,2021,qld,female,53,0.00215
2019,2021,qld,female,54,0.00235
2019,2021,qld,female,55,0.00255
2019,2021,qld,female,56,0.00277
2019,2021,qld,female,57,0.003
2019,2021,qld,female,58,0.00324
2019,2021,qld,female,59,0.00353
2019,2021,qld,female,60,0.00384
2019,2021,qld,female,61,0.00417
2019,2021,qld,female,62,0.0045
2019,2021,qld,female,63,0.00485
2019,2021,qld,female,64,0.00523
2019,2021,qld,female,65,0.00567
2019,2021,qld,female,66,0.00615
2019,2021,qld,female,67,0.00673
2019,2021,qld,female,68,0.00739
2019,2021,qld,female,69,0.00821
2019,2021,qld,female,70,0.00916
2019,2021,qld,female,71,0.01021
2019,2021,qld,female,72,0.01144
2019,2021,qld,female,73,0.01283
2019,2021,qld,female,74,0.01442
2019,2021,qld,female,75,0.01618
2019,2021,qld,female,76,0.01812
2019,2021,qld,female,77,0.02036
2019,2021,qld,female,78,0.02302
2019,2021,qld,female,79,0.02624
2019,2021,qld,female,80,0.02996
2019,2021,qld,female,81,0.03428
2019,2021,qld,female,82,0.03917
2019,2021,qld,female,83,0.04472
2019,2021,qld,female,84,0.05101
2019,2021,qld,female,85,0.05818
2019,2021,qld,female,86,0.06647
2019,2021,qld,female,87,0.0759
2019,2021,qld,female,88,0.08657
2019,2021,qld,female,89,0.09885
2019,2021,qld,female,90,0.1128
2019,2021,qld,female,91,0.12851
2019,2021,qld,female,92,0.14559
2019,2021,qld,female,93,0.16439
2019,2021,qld,female,94,0.18535
2019,2021,qld,female,95,0.20455
2019,2021,qld,female,96,0.22155
2019,2021,qld,female,97,0.24551
2019,2021,qld,female,98,0.26445
2019,2021,qld,female,99,0.28333
2019,2021,qld,female,100,0.30119
2019,2021,qld,male,0,0.00413
2019,2021,qld,male,1,0.00028
2019,2021,qld,male,2,0.00018
2019,2021,qld,male,3,0.00015
2019,2021,qld,male,4,0.00012
2019,2021,qld,male,5,0.0001
2019,2021,qld,male,6,0.00009
2019,2021,qld,male,7,0.00008
2019,2021,qld,male,8,0.00007
2019,2021,qld,male,9,0.00006
2019,2021,qld,male,10,0.00007
2019,2021,qld,male,11,0.00009
2019,2021,qld,male,12,0.00011
2019,2021,qld,male,13,0.00015
2019,2021,qld,male,14,0.00021
2019,2021,qld,male,15,0.0003
2019,2021,qld,male,16,0.00039
2019,2021,qld,male,17,0.0005
2019,2021,qld,male,18,0.00058
2019,2021,qld,male,19,0.00064
2019,2021,qld,male,20,0.00068
2019,2021,qld,male,21,0.00071
2019,2021,qld,male,22,0.00073
2019,2021,qld,male,23,0.00075
2019,2021,qld,male,24,0.00077
2019,2021,qld,male,25,0.00079
2019,2021,qld,male,26,0.0008
2019,2021,qld,male,27,0.00082
2019,2021,qld,male,28,0.00084
2019,2021,qld,male,29,0.00086
2019,2021,qld,male,30,0.00088
2019,2021,qld,male,31,0.0009
2019,2021,qld,male,32,0.00093
2019,2021,qld,male,33,0.00097
2019,2021,qld,male,34,0.00101
2019,2021,qld,male,35,0.00106
2019,2021,qld,male,36,0.00111
2019,2021,qld,male,37,0.00117
2019,2021,qld,male,38,0.00123
2019,2021,qld,male,39,0.00131
2019,2021,qld,male,40,0.00139
2019,2021,qld,male,41,0.00148
2019,2021,qld,male,42,0.00158
2019,2021,qld,male,43,0.00169
2019,2021,qld,male,44,0.00181
2019,2021,qld,male,45,0.00194
2019,2021,qld,male,46,0.00209
2019,2021,qld,male,47,0.00225
2019,2021,qld,male,48,0.00242
2019,2021,qld,male,49,0.00261
2019,2021,qld,male,50,0.00281
2019,2021,qld,male,51,0.00303
2019,2021,qld,male,52,0.00328
2019,2021,qld,male,53,0.00355
2019,2021,qld,male,54,0.00386
2019,2021,qld,male,55,0.0042
2019,2021,qld,male,56,0.00459
2019,2021,qld,male,57,0.00502
2019,2021,qld,male,58,0.00549
2019,2021,qld,male,59,0.00598
2019,2021,qld,male,60,0.00649
2019,2021,qld,male,61,0.00704
2019,2021,qld,male,62,0.00766
2019,2021,qld,male,63,0.00833
2019,2021,qld,male,64,0.00903
2019,2021,qld,male,65,0.00976
2019,2021,qld,male,66,0.01058
2019,2021,qld,male,67,0.01149
2019,2021,qld,male,68,0.01255
2019,2021,qld,male,69,0.01377
2019,2021,qld,male,70,0.01515
2019,2021,qld,male,71,0.0167
2019,2021,qld,male,72,0.01845
2019,2021,qld,male,73,0.0204
2019,2021,qld,male,74,0.02261
2019,2021,qld,male,75,0.02513
2019,2021,qld,male,76,0.02802
2019,2021,qld,male,77,0.03131
2019,2021,qld,male,78,0.0351
2019,2021,qld,male,79,0.03941
2019,2021,qld,male,80,0.04428
2019,2021,qld,male,81,0.04971
2019,2021,qld,male,82,0.05577
2019,2021,qld,male,83,0.06259
2019,2021,qld,male,84,0.0703
2019,2021,qld,male,85,0.07902
2019,2021,qld,male,86,0.08884
2019,2021,qld,male,87,0.09996
2019,2021,qld,male,88,0.11264
2019,2021,qld,male,89,0.12715
2019,2021,qld,male,90,0.14344
2019,2021,qld,male,91,0.16141
2019,2021,qld,male,92,0.18075
2019,2021,qld,male,93,0.20093
2019,2021,qld,male,94,0.22134
2019,2021,qld,male,95,0.2394
2019,2021,qld,male,96,0.25626
2019,2021,qld,male,97,0.27361
2019,2021,qld,male,98,0.29352
2019,2021,qld,male,99,0.32077
2019,2021,qld,male,100,0.34959
2019,2021,sa,female,0,0.00217
2019,2021,sa,female,1,0.00027
2019,2021,sa,female,2,0.00013
2019,2021,sa,female,3,0.0001
2019,2021,sa,female,4,0.00008
2019,2021,sa,female,5,0.00006
2019,2021,sa,female,6,0.00005
2019,2021,sa,female,7,0.00005
2019,2021,sa,female,8,0.00005
2019,2021,sa,female,9,0.00005
2019,2021,sa,female,10,0.00006
2019,2021,sa,female,11,0.00007
2019,2021,sa,female,12,0.00009
2019,2021,sa,female,13,0.00011
2019,2021,sa,female,14,0.00014
2019,2021,sa,female,15,0.00017
2019,2021,sa,female,16,0.0002
2019,2021,sa,female,17,0.00023
2019,2021,sa,female,18,0.00025
2019,2021,sa,female,19,0.00026
2019,2021,sa,female,20,0.00026
2019,2021,sa,female,21,0.00026
2019,2021,sa,female,22,0.00027
2019,2021,sa,female,23,0.00027
2019,2021,sa,female,24,0.00027
2019,2021,sa,female,25,0.00028
2019,2021,sa,female,26,0.00028
2019,2021,sa,female,27,0.00028
2019,2021,sa,female,28,0.00029
2019,2021,sa,female,29,0.00029
2019,2021,sa,female,30,0.00029
2019,2021,sa,female,31,0.00033
2019,2021,sa,female,32,0.00038
2019,2021,sa,female,33,0.00042
2019,2021,sa,female,34,0.00048
2019,2021,sa,female,35,0.00055
2019,2021,sa,female,36,0.00062
2019,2021,sa,female,37,0.00068
2019,2021,sa,female,38,0.00074
2019,2021,sa,female,39,0.00078
2019,2021,sa,female,40,0.00083
2019,2021,sa,female,41,0.00089
2019,2021,sa,female,42,0.00098
2019,2021,sa,female,43,0.00108
2019,2021,sa,female,44,0.00119
2019,2021,sa,female,45,0.00129
2019,2021,sa,female,46,0.0014
2019,2021,sa,female,47,0.0015
2019,2021,sa,female,48,0.00162
2019,2021,sa,female,49,0.00173
2019,2021,sa,female,50,0.00185
2019,2021,sa,female,51,0.00196
2019,2021,sa,female,52,0.00208
2019,2021,sa,female,53,0.00224
2019,2021,sa,female,54,0.00242
2019,2021,sa,female,55,0.00261
2019,2021,sa,female,56,0.0028
2019,2021,sa,female,57,0.00303
2019,2021,sa,female,58,0.00328
2019,2021,sa,female,59,0.00358
2019,2021,sa,female,60,0.00391
2019,2021,sa,female,61,0.00427
2019,2021,sa,female,62,0.00461
2019,2021,sa,female,63,0.00497
2019,2021,sa,female,64,0.00536
2019,2021,sa,female,65,0.00577
2019,2021,sa,female,66,0.00618
2019,2021,sa,female,67,0.00667
2019,2021,sa,female,68,0.00723
2019,2021,sa,female,69,0.00794
2019,2021,sa,female,70,0.00877
2019,2021,sa,female,71,0.00972
2019,2021,sa,female,72,0.01088
2019,2021,sa,female,73,0.01223
2019,2021,sa,female,74,0.01379
2019,2021,sa,female,75,0.01552
2019,2021,sa,female,76,0.01739
2019,2021,sa,female,77,0.0195
2019,2021,sa,female,78,0.02203
2019,2021,sa,female,79,0.02512
2019,2021,sa,female,80,0.02874
2019,2021,sa,female,81,0.03301
2019,2021,sa,female,82,0.03789
2019,2021,sa,female,83,0.04351
2019,2021,sa,female,84,0.04994
2019,2021,sa,female,85,0.05731
2019,2021,sa,female,86,0.06591
2019,2021,sa,female,87,0.07569
2019,2021,sa,female,88,0.08672
2019,2021,sa,female,89,0.09928
2019,2021,sa,female,90,0.11343
2019,2021,sa,female,91,0.12941
2019,2021,sa,female,92,0.14689
2019,2021,sa,female,93,0.16623
2019,2021,sa,female,94,0.18779
2019,2021,sa,female,95,0.20751
2019,2021,sa,female,96,0.22471
2019,2021,sa,female,97,0.24835
2019,2021,sa,female,98,0.26657
2019,2021,sa,female,99,0.28452
2019,2021,sa,female,100,0.30244
2019,2021,sa,male,0,0.00263
2019,2021,sa,male,1,0.00027
2019,2021,sa,male,2,0.00014
2019,2021,sa,male,3,0.00011
2019,2021,sa,male,4,0.00009
2019,2021,sa,male,5,0.00008
2019,2021,sa,male,6,0.00007
2019,2021,sa,male,7,0.00006
2019,2021,sa,male,8,0.00006
2019,2021,sa,male,9,0.00006
2019,2021,sa,male,10,0.00007
2019,2021,sa,male,11,0.00008
2019,2021,sa,male,12,0.0001
2019,2021,sa,male,13,0.00014
2019,2021,sa,male,14,0.0002
2019,2021,sa,male,15,0.00027
2019,2021,sa,male,16,0.00036
2019,2021,sa,male,17,0.00045
2019,2021,sa,male,18,0.00052
2019,2021,sa,male,19,0.00056
2019,2021,sa,male,20,0.00059
2019,2021,sa,male,21,0.00061
2019,2021,sa,male,22,0.00062
2019,2021,sa,male,23,0.00063
2019,2021,sa,male,24,0.00065
2019,2021,sa,male,25,0.00067
2019,2021,sa,male,26,0.00069
2019,2021,sa,male,27,0.00071
2019,2021,sa,male,28,0.00073
2019,2021,sa,male,29,0.00076
2019,2021,sa,male,30,0.00079
2019,2021,sa,male,31,0.00082
2019,2021,sa,male,32,0.00085
2019,2021,sa,male,33,0.00089
2019,2021,sa,male,34,0.00094
2019,2021,sa,male,35,0.00099
2019,2021,sa,male,36,0.00106
2019,2021,sa,male,37,0.00113
2019,2021,sa,male,38,0.00121
2019,2021,sa,male,39,0.00131
2019,2021,sa,male,40,0.00142
2019,2021,sa,male,41,0.00154
2019,2021,sa,male,42,0.00168
2019,2021,sa,male,43,0.00183
2019,2021,sa,male,44,0.002
2019,2021,sa,male,45,0.00219
2019,2021,sa,male,46,0.00239
2019,2021,sa,male,47,0.0026
2019,2021,sa,male,48,0.00283
2019,2021,sa,male,49,0.00307
2019,2021,sa,male,50,0.00332
2019,2021,sa,male,51,0.00357
2019,2021,sa,male,52,0.00384
2019,2021,sa,male,53,0.00412
2019,2021,sa,male,54,0.00443
2019,2021,sa,male,55,0.00476
2019,2021,sa,male,56,0.00513
2019,2021,sa,male,57,0.00552
2019,2021,sa,male,58,0.00594
2019,2021,sa,male,59,0.00637
2019,2021,sa,male,60,0.00681
2019,2021,sa,male,61,0.00729
2019,2021,sa,male,62,0.00783
2019,2021,sa,male,63,0.00842
2019,2021,sa,male,64,0.00904
2019,2021,sa,male,65,0.00969
2019,2021,sa,male,66,0.01041
2019,2021,sa,male,67,0.01123
2019,2021,sa,male,68,0.01218
2019,2021,sa,male,69,0.01328
2019,2021,sa,male,70,0.01454
2019,2021,sa,male,71,0.01598
2019,2021,sa,male,72,0.01761
2019,2021,sa,male,73,0.01945
2019,2021,sa,male,74,0.02155
2019,2021,sa,male,75,0.02398
2019,2021,sa,male,76,0.0268
2019,2021,sa,male,77,0.03005
2019,2021,sa,male,78,0.03382
2019,2021,sa,male,79,0.03818
2019,2021,sa,male,80,0.04315
2019,2021,sa,male,81,0.04876
2019,2021,sa,male,82,0.05505
2019,2021,sa,male,83,0.06215
2019,2021,sa,male,84,0.07017
2019,2021,sa,male,85,0.07919
2019,2021,sa,male,86,0.0893
2019,2021,sa,male,87,0.10068
2019,2021,sa,male,88,0.11357
2019,2021,sa,male,89,0.12819
2019,2021,sa,male,90,0.1444
2019,2021,sa,male,91,0.16204
2019,2021,sa,male,92,0.18074
2019,2021,sa,male,93,0.19993
2019,2021,sa,male,94,0.21892
2019,2021,sa,male,95,0.23517
2019,2021,sa,male,96,0.24987
2019,2021,sa,male,97,0.26479
2019,2021,sa,male,98,0.28212
2019,2021,sa,male,99,0.30689
2019,2021,sa,male,100,0.33447
2019,2021,tas,female,0,0.00269
2019,2021,tas,female,1,0.00026
2019,2021,tas,female,2,0.00013
2019,2021,tas,female,3,0.00012
2019,2021,tas,female,4,0.0001
2019,2021,tas,female,5,0.00009
2019,2021,tas,female,6,0.00007
2019,2021,tas,female,7,0.00007
2019,2021,tas,female,8,0.00006
2019,2021,tas,female,9,0.00006
2019,2021,tas,female,10,0.00006
2019,2021,tas,female,11,0.00007
2019,2021,tas,female,12,0.00008
2019,2021,tas,female,13,0.00009
2019,2021,tas,female,14,0.00011
2019,2021,tas,female,15,0.00013
2019,2021,tas,female,16,0.00015
2019,2021,tas,female,17,0.00017
2019,2021,tas,female,18,0.00018
2019,2021,tas,female,19,0.00018
2019,2021,tas,female,20,0.00018
2019,2021,tas,female,21,0.00019
2019,2021,tas,female,22,0.00019
2019,2021,tas,female,23,0.00019
2019,2021,tas,female,24,0.0002
2019,2021,tas,female,25,0.0002
2019,2021,tas,female,26,0.00021
2019,2021,tas,female,27,0.00021
2019,2021,tas,female,28,0.00021
2019,2021,tas,female,29,0.00022
2019,2021,tas,female,30,0.00024
2019,2021,tas,female,31,0.00027
2019,2021,tas,female,32,0.00031
2019,2021,tas,female,33,0.00035
2019,2021,tas,female,34,0.0004
2019,2021,tas,female,35,0.00046
2019,2021,tas,female,36,0.00052
2019,2021,tas,female,37,0.00057
2019,2021,tas,female,38,0.00063
2019,2021,tas,female,39,0.00069
2019,2021,tas,female,40,0.00076
2019,2021,tas,female,41,0.00085
2019,2021,tas,female,42,0.00096
2019,2021,tas,female,43,0.00108
2019,2021,tas,female,44,0.00122
2019,2021,tas,female,45,0.00134
2019,2021,tas,female,46,0.00146
2019,2021,tas,female,47,0.0016
2019,2021,tas,female,48,0.00175
2019,2021,tas,female,49,0.00191
2019,2021,tas,female,50,0.00208
2019,2021,tas,female,51,0.00224
2019,2021,tas,female,52,0.00242
2019,2021,tas,female,53,0.00263
2019,2021,tas,female,54,0.00285
2019,2021,tas,female,55,0.00308
2019,2021,tas,female,56,0.00332
2019,2021,tas,female,57,0.00357
2019,2021,tas,female,58,0.00383
2019,2021,tas,female,59,0.00413
2019,2021,tas,female,60,0.00446
2019,2021,tas,female,61,0.00481
2019,2021,tas,female,62,0.00516
2019,2021,tas,female,63,0.00553
2019,2021,tas,female,64,0.00595
2019,2021,tas,female,65,0.00641
2019,2021,tas,female,66,0.00692
2019,2021,tas,female,67,0.00753
2019,2021,tas,female,68,0.00823
2019,2021,tas,female,69,0.00908
2019,2021,tas,female,70,0.01007
2019,2021,tas,female,71,0.01115
2019,2021,tas,female,72,0.01241
2019,2021,tas,female,73,0.01384
2019,2021,tas,female,74,0.01547
2019,2021,tas,female,75,0.0173
2019,2021,tas,female,76,0.01933
2019,2021,tas,female,77,0.02168
2019,2021,tas,female,78,0.02451
2019,2021,tas,female,79,0.02795
2019,2021,tas,female,80,0.03197
2019,2021,tas,female,81,0.03671
2019,2021,tas,female,82,0.04214
2019,2021,tas,female,83,0.04837
2019,2021,tas,female,84,0.0555
2019,2021,tas,female,85,0.06368
2019,2021,tas,female,86,0.07316
2019,2021,tas,female,87,0.08396
2019,2021,tas,female,88,0.09621
2019,2021,tas,female,89,0.11026
2019,2021,tas,female,90,0.12618
2019,2021,tas,female,91,0.14402
2019,2021,tas,female,92,0.16335
2019,2021,tas,female,93,0.18447
2019,2021,tas,female,94,0.20772
2019,2021,tas,female,95,0.22923
2019,2021,tas,female,96,0.24859
2019,2021,tas,female,97,0.27465
2019,2021,tas,female,98,0.29578
2019,2021,tas,female,99,0.31677
2019,2021,tas,female,100,0.33672
2019,2021,tas,male,0,0.00422
2019,2021,tas,male,1,0.00026
2019,2021,tas,male,2,0.00014
2019,2021,tas,male,3,0.00012
2019,2021,tas,male,4,0.0001
2019,2021,tas,male,5,0.00009
2019,2021,tas,male,6,0.00008
2019,2021,tas,male,7,0.00008
2019,2021,tas,male,8,0.00008
2019,2021,tas,male,9,0.00009
2019,2021,tas,male,10,0.0001
2019,2021,tas,male,11,0.00012
2019,2021,tas,male,12,0.00014
2019,2021,tas,male,13,0.00018
2019,2021,tas,male,14,0.00024
2019,2021,tas,male,15,0.00031
2019,2021,tas,male,16,0.0004
2019,2021,tas,male,17,0.00049
2019,2021,tas,male,18,0.00056
2019,2021,tas,male,19,0.00061
2019,2021,tas,male,20,0.00064
2019,2021,tas,male,21,0.00066
2019,2021,tas,male,22,0.00068
2019,2021,tas,male,23,0.0007
2019,2021,tas,male,24,0.00071
2019,2021,tas,male,25,0.00073
2019,2021,tas,male,26,0.00075
2019,2021,tas,male,27,0.00077
2019,2021,tas,male,28,0.00079
2019,2021,tas,male,29,0.00082
2019,2021,tas,male,30,0.00085
2019,2021,tas,male,31,0.00088
2019,2021,tas,male,32,0.00092
2019,2021,tas,male,33,0.00097
2019,2021,tas,male,34,0.00102
2019,2021,tas,male,35,0.00108
2019,2021,tas,male,36,0.00114
2019,2021,tas,male,37,0.00121
2019,2021,tas,male,38,0.00129
2019,2021,tas,male,39,0.00139
2019,2021,tas,male,40,0.00151
2019,2021,tas,male,41,0.00163
2019,2021,tas,male,42,0.00176
2019,2021,tas,male,43,0.00191
2019,2021,tas,male,44,0.00208
2019,2021,tas,male,45,0.00226
2019,2021,tas,male,46,0.00245
2019,2021,tas,male,47,0.00265
2019,2021,tas,male,48,0.00287
2019,2021,tas,male,49,0.0031
2019,2021,tas,male,50,0.00333
2019,2021,tas,male,51,0.00358
2019,2021,tas,male,52,0.00384
2019,2021,tas,male,53,0.00413
2019,2021,tas,male,54,0.00445
2019,2021,tas,male,55,0.0048
2019,2021,tas,male,56,0.0052
2019,2021,tas,male,57,0.00565
2019,2021,tas,male,58,0.00614
2019,2021,tas,male,59,0.00666
2019,2021,tas,male,60,0.00721
2019,2021,tas,male,61,0.00779
2019,2021,tas,male,62,0.00844
2019,2021,tas,male,63,0.00914
2019,2021,tas,male,64,0.00986
2019,2021,tas,male,65,0.01061
2019,2021,tas,male,66,0.01142
2019,2021,tas,male,67,0.01232
2019,2021,tas,male,68,0.01335
2019,2021,tas,male,69,0.01452
2019,2021,tas,male,70,0.01583
2019,2021,tas,male,71,0.01731
2019,2021,tas,male,72,0.01898
2019,2021,tas,male,73,0.02085
2019,2021,tas,male,74,0.02298
2019,2021,tas,male,75,0.02544
2019,2021,tas,male,76,0.02828
2019,2021,tas,male,77,0.03155
2019,2021,tas,male,78,0.03536
2019,2021,tas,male,79,0.03979
2019,2021,tas,male,80,0.04488
2019,2021,tas,male,81,0.05066
2019,2021,tas,male,82,0.05722
2019,2021,tas,male,83,0.06471
2019,2021,tas,male,84,0.07331
2019,2021,tas,male,85,0.08312
2019,2021,tas,male,86,0.09428
2019,2021,tas,male,87,0.10694
2019,2021,tas,male,88,0.12134
2019,2021,tas,male,89,0.1377
2019,2021,tas,male,90,0.15588
2019,2021,tas,male,91,0.17567
2019,2021,tas,male,92,0.19665
2019,2021,tas,male,93,0.21818
2019,2021,tas,male,94,0.23957
2019,2021,tas,male,95,0.25832
2019,2021,tas,male,96,0.27564
2019,2021,tas,male,97,0.29327
2019,2021,tas,male,98,0.31327
2019,2021,tas,male,99,0.3403
2019,2021,tas,male,100,0.37087
2019,2021,vic,female,0,0.00256
2019,2021,vic,female,1,0.00019
2019,2021,vic,female,2,0.00008
2019,2021,vic,female,3,0.00007
2019,2021,vic,female,4,0.00006
2019,2021,vic,female,5,0.00005
2019,2021,vic,female,6,0.00005
2019,2021,vic,female,7,0.00004
2019,2021,vic,female,8,0.00004
2019,2021,vic,female,9,0.00004
2019,2021,vic,female,10,0.00005
2019,2021,vic,female,11,0.00005
2019,2021,vic,female,12,0.00007
2019,2021,vic,female,13,0.00009
2019,2021,vic,female,14,0.00011
2019,2021,vic,female,15,0.00013
2019,2021,vic,female,16,0.00016
2019,2021,vic,female,17,0.00018
2019,2021,vic,female,18,0.0002
2019,2021,vic,female,19,0.00021
2019,2021,vic,female,20,0.00022
2019,2021,vic,female,21,0.00022
2019,2021,vic,female,22,0.00023
2019,2021,vic,female,23,0.00023
2019,2021,vic,female,24,0.00023
2019,2021,vic,female,25,0.00023
2019,2021,vic,female,26,0.00023
2019,2021,vic,female,27,0.00023
2019,2021,vic,female,28,0.00024
2019,2021,vic,female,29,0.00025
2019,2021,vic,female,30,0.00027
2019,2021,vic,female,31,0.00029
2019,2021,vic,female,32,0.00031
2019,2021,vic,female,33,0.00034
2019,2021,vic,female,34,0.00037
2019,2021,vic,female,35,0.00041
2019,2021,vic,female,36,0.00045
2019,2021,vic,female,37,0.00049
2019,2021,vic,female,38,0.00053
2019,2021,vic,female,39,0.00056
2019,2021,vic,female,40,0.00061
2019,2021,vic,female,41,0.00068
2019,2021,vic,female,42,0.00076
2019,2021,vic,female,43,0.00085
2019,2021,vic,female,44,0.00096
2019,2021,vic,female,45,0.00104
2019,2021,vic,female,46,0.00113
2019,2021,vic,female,47,0.00123
2019,2021,vic,female,48,0.00133
2019,2021,vic,female,49,0.00144
2019,2021,vic,female,50,0.00156
2019,2021,vic,female,51,0.00169
2019,2021,vic,female,52,0.00182
2019,2021,vic,female,53,0.00199
2019,2021,vic,female,54,0.00218
2019,2021,vic,female,55,0.00237
2019,2021,vic,female,56,0.00257
2019,2021,vic,female,57,0.00279
2019,2021,vic,female,58,0.00301
2019,2021,vic,female,59,0.00327
2019,2021,vic,female,60,0.00357
2019,2021,vic,female,61,0.00388
2019,2021,vic,female,62,0.00418
2019,2021,vic,female,63,0.00451
2019,2021,vic,female,64,0.00487
2019,2021,vic,female,65,0.00528
2019,2021,vic,female,66,0.00572
2019,2021,vic,female,67,0.00626
2019,2021,vic,female,68,0.00688
2019,2021,vic,female,69,0.00765
2019,2021,vic,female,70,0.00854
2019,2021,vic,female,71,0.00953
2019,2021,vic,female,72,0.01069
2019,2021,vic,female,73,0.01201
2019,2021,vic,female,74,0.01352
2019,2021,vic,female,75,0.01521
2019,2021,vic,female,76,0.01707
2019,2021,vic,female,77,0.01923
2019,2021,vic,female,78,0.02183
2019,2021,vic,female,79,0.025
2019,2021,vic,female,80,0.02868
2019,2021,vic,female,81,0.03301
2019,2021,vic,female,82,0.03791
2019,2021,vic,female,83,0.04352
2019,2021,vic,female,84,0.0499
2019,2021,vic,female,85,0.05721
2019,2021,vic,female,86,0.06567
2019,2021,vic,female,87,0.07531
2019,2021,vic,female,88,0.08624
2019,2021,vic,female,89,0.09884
2019,2021,vic,female,90,0.11319
2019,2021,vic,female,91,0.12939
2019,2021,vic,female,92,0.14703
2019,2021,vic,female,93,0.16647
2019,2021,vic,female,94,0.18808
2019,2021,vic,female,95,0.20795
2019,2021,vic,female,96,0.22563
2019,2021,vic,female,97,0.25025
2019,2021,vic,female,98,0.26985
2019,2021,vic,female,99,0.28939
2019,2021,vic,female,100,0.30762
2019,2021,vic,male,0,0.00316
2019,2021,vic,male,1,0.00022
2019,2021,vic,male,2,0.00014
2019,2021,vic,male,3,0.00012
2019,2021,vic,male,4,0.0001
2019,2021,vic,male,5,0.00008
2019,2021,vic,male,6,0.00007
2019,2021,vic,male,7,0.00006
2019,2021,vic,male,8,0.00006
2019,2021,vic,male,9,0.00005
2019,2021,vic,male,10,0.00005
2019,2021,vic,male,11,0.00006
2019,2021,vic,male,12,0.00007
2019,2021,vic,male,13,0.00009
2019,2021,vic,male,14,0.00013
2019,2021,vic,male,15,0.0002
2019,2021,vic,male,16,0.00027
2019,2021,vic,male,17,0.00035
2019,2021,vic,male,18,0.00041
2019,2021,vic,male,19,0.00045
2019,2021,vic,male,20,0.00048
2019,2021,vic,male,21,0.0005
2019,2021,vic,male,22,0.00052
2019,2021,vic,male,23,0.00053
2019,2021,vic,male,24,0.00055
2019,2021,vic,male,25,0.00057
2019,2021,vic,male,26,0.00059
2019,2021,vic,male,27,0.00061
2019,2021,vic,male,28,0.00064
2019,2021,vic,male,29,0.00066
2019,2021,vic,male,30,0.00068
2019,2021,vic,male,31,0.0007
2019,2021,vic,male,32,0.00073
2019,2021,vic,male,33,0.00077
2019,2021,vic,male,34,0.00081
2019,2021,vic,male,35,0.00085
2019,2021,vic,male,36,0.00091
2019,2021,vic,male,37,0.00097
2019,2021,vic,male,38,0.00103
2019,2021,vic,male,39,0.0011
2019,2021,vic,male,40,0.00119
2019,2021,vic,male,41,0.00127
2019,2021,vic,male,42,0.00136
2019,2021,vic,male,43,0.00147
2019,2021,vic,male,44,0.0016
2019,2021,vic,male,45,0.00174
2019,2021,vic,male,46,0.00189
2019,2021,vic,male,47,0.00206
2019,2021,vic,male,48,0.00224
2019,2021,vic,male,49,0.00243
2019,2021,vic,male,50,0.00263
2019,2021,vic,male,51,0.00283
2019,2021,vic,male,52,0.00306
2019,2021,vic,male,53,0.0033
2019,2021,vic,male,54,0.00358
2019,2021,vic,male,55,0.00389
2019,2021,vic,male,56,0.00424
2019,2021,vic,male,57,0.00464
2019,2021,vic,male,58,0.00507
2019,2021,vic,male,59,0.00552
2019,2021,vic,male,60,0.00599
2019,2021,vic,male,61,0.0065
2019,2021,vic,male,62,0.00707
2019,2021,vic,male,63,0.0077
2019,2021,vic,male,64,0.00834
2019,2021,vic,male,65,0.00902
2019,2021,vic,male,66,0.00978
2019,2021,vic,male,67,0.01063
2019,2021,vic,male,68,0.01163
2019,2021,vic,male,69,0.01279
2019,2021,vic,male,70,0.0141
2019,2021,vic,male,71,0.01558
2019,2021,vic,male,72,0.01725
2019,2021,vic,male,73,0.0191
2019,2021,vic,male,74,0.02117
2019,2021,vic,male,75,0.02356
2019,2021,vic,male,76,0.02631
2019,2021,vic,male,77,0.02947
2019,2021,vic,male,78,0.03313
2019,2021,vic,male,79,0.03736
2019,2021,vic,male,80,0.0422
2019,2021,vic,male,81,0.04768
2019,2021,vic,male,82,0.05386
2019,2021,vic,male,83,0.06089
2019,2021,vic,male,84,0.0689
2019,2021,vic,male,85,0.07796
2019,2021,vic,male,86,0.08817
2019,2021,vic,male,87,0.09966
2019,2021,vic,male,88,0.11272
2019,2021,vic,male,89,0.12755
2019,2021,vic,male,90,0.14402
2019,2021,vic,male,91,0.16195
2019,2021,vic,male,92,0.18092
2019,2021,vic,male,93,0.20029
2019,2021,vic,male,94,0.21941
2019,2021,vic,male,95,0.23579
2019,2021,vic,male,96,0.25062
2019,2021,vic,male,97,0.26569
2019,2021,vic,male,98,0.28326
2019,2021,vic,male,99,0.30832
2019,2021,vic,male,100,0.33602
2019,2021,wa,female,0,0.00219
2019,2021,wa,female,1,0.00021
2019,2021,wa,female,2,0.00009
2019,2021,wa,female,3,0.00008
2019,2021,wa,female,4,0.00006
2019,2021,wa,female,5,0.00005
2019,2021,wa,female,6,0.00005
2019,2021,wa,female,7,0.00004
2019,2021,wa,female,8,0.00004
2019,2021,wa,female,9,0.00005
2019,2021,wa,female,10,0.00005
2019,2021,wa,female,11,0.00007
2019,2021,wa,female,12,0.00008
2019,2021,wa,female,13,0.0001
2019,2021,wa,female,14,0.00012
2019,2021,wa,female,15,0.00014
2019,2021,wa,female,16,0.00017
2019,2021,wa,female,17,0.0002
2019,2021,wa,female,18,0.00022
2019,2021,wa,female,19,0.00025
2019,2021,wa,female,20,0.00027
2019,2021,wa,female,21,0.00029
2019,2021,wa,female,22,0.00031
2019,2021,wa,female,23,0.00033
2019,2021,wa,female,24,0.00035
2019,2021,wa,female,25,0.00036
2019,2021,wa,female,26,0.00036
2019,2021,wa,female,27,0.00037
2019,2021,wa,female,28,0.00038
2019,2021,wa,female,29,0.00039
2019,2021,wa,female,30,0.0004
2019,2021,wa,female,31,0.00041
2019,2021,wa,female,32,0.00043
2019,2021,wa,female,33,0.00045
2019,2021,wa,female,34,0.00048
2019,2021,wa,female,35,0.00052
2019,2021,wa,female,36,0.00057
2019,2021,wa,female,37,0.00061
2019,2021,wa,female,38,0.00067
2019,2021,wa,female,39,0.00072
2019,2021,wa,female,40,0.00077
2019,2021,wa,female,41,0.00085
2019,2021,wa,female,42,0.00094
2019,2021,wa,female,43,0.00103
2019,2021,wa,female,44,0.00112
2019,2021,wa,female,45,0.00119
2019,2021,wa,female,46,0.00125
2019,2021,wa,female,47,0.00132
2019,2021,wa,female,48,0.00138
2019,2021,wa,female,49,0.00145
2019,2021,wa,female,50,0.00152
2019,2021,wa,female,51,0.0016
2019,2021,wa,female,52,0.00171
2019,2021,wa,female,53,0.00187
2019,2021,wa,female,54,0.00205
2019,2021,wa,female,55,0.00225
2019,2021,wa,female,56,0.00246
2019,2021,wa,female,57,0.0027
2019,2021,wa,female,58,0.00293
2019,2021,wa,female,59,0.00321
2019,2021,wa,female,60,0.00352
2019,2021,wa,female,61,0.00384
2019,2021,wa,female,62,0.00415
2019,2021,wa,female,63,0.00447
2019,2021,wa,female,64,0.00483
2019,2021,wa,female,65,0.00521
2019,2021,wa,female,66,0.00563
2019,2021,wa,female,67,0.00614
2019,2021,wa,female,68,0.00672
2019,2021,wa,female,69,0.00743
2019,2021,wa,female,70,0.00825
2019,2021,wa,female,71,0.00914
2019,2021,wa,female,72,0.01019
2019,2021,wa,female,73,0.01141
2019,2021,wa,female,74,0.0128
2019,2021,wa,female,75,0.01435
2019,2021,wa,female,76,0.01603
2019,2021,wa,female,77,0.01796
2019,2021,wa,female,78,0.0203
2019,2021,wa,female,79,0.02316
2019,2021,wa,female,80,0.02648
2019,2021,wa,female,81,0.03043
2019,2021,wa,female,82,0.03499
2019,2021,wa,female,83,0.04031
2019,2021,wa,female,84,0.04647
2019,2021,wa,female,85,0.05364
2019,2021,wa,female,86,0.06208
2019,2021,wa,female,87,0.07177
2019,2021,wa,female,88,0.0828
2019,2021,wa,female,89,0.0956
2019,2021,wa,female,90,0.11028
2019,2021,wa,female,91,0.12687
2019,2021,wa,female,92,0.14478
2019,2021,wa,female,93,0.16431
2019,2021,wa,female,94,0.18572
2019,2021,wa,female,95,0.20491
2019,2021,wa,female,96,0.22128
2019,2021,wa,female,97,0.2441
2019,2021,wa,female,98,0.26165
2019,2021,wa,female,99,0.27919
2019,2021,wa,female,100,0.29678
2019,2021,wa,male,0,0.00243
2019,2021,wa,male,1,0.00023
2019,2021,wa,male,2,0.00014
2019,2021,wa,male,3,0.00012
2019,2021,wa,male,4,0.0001
2019,2021,wa,male,5,0.00009
2019,2021,wa,male,6,0.00008
2019,2021,wa,male,7,0.00007
2019,2021,wa,male,8,0.00007
2019,2021,wa,male,9,0.00006
2019,2021,wa,male,10,0.00006
2019,2021,wa,male,11,0.00007
2019,2021,wa,male,12,0.00008
2019,2021,wa,male,13,0.00012
2019,2021,wa,male,14,0.00018
2019,2021,wa,male,15,0.00025
2019,2021,wa,male,16,0.00035
2019,2021,wa,male,17,0.00046
2019,2021,wa,male,18,0.00054
2019,2021,wa,male,19,0.00062
2019,2021,wa,male,20,0.00067
2019,2021,wa,male,21,0.00071
2019,2021,wa,male,22,0.00075
2019,2021,wa,male,23,0.00077
2019,2021,wa,male,24,0.0008
2019,2021,wa,male,25,0.00082
2019,2021,wa,male,26,0.00083
2019,2021,wa,male,27,0.00084
2019,2021,wa,male,28,0.00086
2019,2021,wa,male,29,0.00087
2019,2021,wa,male,30,0.00088
2019,2021,wa,male,31,0.0009
2019,2021,wa,male,32,0.00093
2019,2021,wa,male,33,0.00097
2019,2021,wa,male,34,0.00101
2019,2021,wa,male,35,0.00106
2019,2021,wa,male,36,0.00111
2019,2021,wa,male,37,0.00117
2019,2021,wa,male,38,0.00123
2019,2021,wa,male,39,0.00131
2019,2021,wa,male,40,0.0014
2019,2021,wa,male,41,0.00149
2019,2021,wa,male,42,0.00158
2019,2021,wa,male,43,0.00167
2019,2021,wa,male,44,0.00179
2019,2021,wa,male,45,0.00193
2019,2021,wa,male,46,0.00208
2019,2021,wa,male,47,0.00226
2019,2021,wa,male,48,0.00244
2019,2021,wa,male,49,0.00263
2019,2021,wa,male,50,0.00281
2019,2021,wa,male,51,0.00299
2019,2021,wa,male,52,0.00318
2019,2021,wa,male,53,0.00338
2019,2021,wa,male,54,0.00361
2019,2021,wa,male,55,0.00388
2019,2021,wa,male,56,0.00419
2019,2021,wa,male,57,0.00456
2019,2021,wa,male,58,0.00496
2019,2021,wa,male,59,0.0054
2019,2021,wa,male,60,0.00588
2019,2021,wa,male,61,0.00642
2019,2021,wa,male,62,0.00702
2019,2021,wa,male,63,0.00766
2019,2021,wa,male,64,0.00832
2019,2021,wa,male,65,0.00899
2019,2021,wa,male,66,0.00971
2019,2021,wa,male,67,0.01051
2019,2021,wa,male,68,0.01141
2019,2021,wa,male,69,0.01243
2019,2021,wa,male,70,0.01357
2019,2021,wa,male,71,0.01486
2019,2021,wa,male,72,0.01635
2019,2021,wa,male,73,0.01803
2019,2021,wa,male,74,0.01994
2019,2021,wa,male,75,0.02216
2019,2021,wa,male,76,0.02475
2019,2021,wa,male,77,0.02777
2019,2021,wa,male,78,0.03132
2019,2021,wa,male,79,0.03546
2019,2021,wa,male,80,0.0402
2019,2021,wa,male,81,0.04555
2019,2021,wa,male,82,0.05151
2019,2021,wa,male,83,0.05818
2019,2021,wa,male,84,0.06566
2019,2021,wa,male,85,0.0741
2019,2021,wa,male,86,0.08365
2019,2021,wa,male,87,0.0945
2019,2021,wa,male,88,0.10691
2019,2021,wa,male,89,0.12118
2019,2021,wa,male,90,0.13728
2019,2021,wa,male,91,0.15503
2019,2021,wa,male,92,0.17406
2019,2021,wa,male,93,0.19377
2019,2021,wa,male,94,0.21354
2019,2021,wa,male,95,0.23086
2019,2021,wa,male,96,0.2472
2019,2021,wa,male,97,0.2641
2019,2021,wa,male,98,0.28342
2019,2021,wa,male,99,0.31009
2019,2021,wa,male,100,0.33795
2020,2022,act,female,0,0.00271
2020,2022,act,female,1,0.00012
2020,2022,act,female,2,0.00004
2020,2022,act,female,3,0.00003
2020,2022,act,female,4,0.00002
2020,2022,act,female,5,0.00002
2020,2022,act,female,6,0.00002
2020,2022,act,female,7,0.00002
2020,2022,act,female,8,0.00002
2020,2022,act,female,9,0.00002
2020,2022,act,female,10,0.00003
2020,2022,act,female,11,0.00004
2020,2022,act,female,12,0.00006
2020,2022,act,female,13,0.00008
2020,2022,act,female,14,0.00011
2020,2022,act,female,15,0.00014
2020,2022,act,female,16,0.00017
2020,2022,act,female,17,0.0002
2020,2022,act,female,18,0.00022
2020,2022,act,female,19,0.00024
2020,2022,act,female,20,0.00026
2020,2022,act,female,21,0.00027
2020,2022,act,female,22,0.00027
2020,2022,act,female,23,0.00027
2020,2022,act,female,24,0.00028
2020,2022,act,female,25,0.00028
2020,2022,act,female,26,0.00029
2020,2022,act,female,27,0.0003
2020,2022,act,female,28,0.00032
2020,2022,act,female,29,0.00035
2020,2022,act,female,30,0.00037
2020,2022,act,female,31,0.0004
2020,2022,act,female,32,0.00043
2020,2022,act,female,33,0.00046
2020,2022,act,female,34,0.00049
2020,2022,act,female,35,0.00053
2020,2022,act,female,36,0.00058
2020,2022,act,female,37,0.00062
2020,2022,act,female,38,0.00066
2020,2022,act,female,39,0.0007
2020,2022,act,female,40,0.00074
2020,2022,act,female,41,0.0008
2020,2022,act,female,42,0.00086
2020,2022,act,female,43,0.00094
2020,2022,act,female,44,0.00101
2020,2022,act,female,45,0.00109
2020,2022,act,female,46,0.00116
2020,2022,act,female,47,0.00125
2020,2022,act,female,48,0.00134
2020,2022,act,female,49,0.00144
2020,2022,act,female,50,0.00154
2020,2022,act,female,51,0.00164
2020,2022,act,female,52,0.00175
2020,2022,act,female,53,0.00188
2020,2022,act,female,54,0.002
2020,2022,act,female,55,0.00213
2020,2022,act,female,56,0.00227
2020,2022,act,female,57,0.00243
2020,2022,act,female,58,0.00259
2020,2022,act,female,59,0.00277
2020,2022,act,female,60,0.00295
2020,2022,act,female,61,0.00315
2020,2022,act,female,62,0.00336
2020,2022,act,female,63,0.00359
2020,2022,act,female,64,0.00384
2020,2022,act,female,65,0.00412
2020,2022,act,female,66,0.00442
2020,2022,act,female,67,0.00481
2020,2022,act,female,68,0.00528
2020,2022,act,female,69,0.00585
2020,2022,act,female,70,0.00651
2020,2022,act,female,71,0.00727
2020,2022,act,female,72,0.00817
2020,2022,act,female,73,0.00928
2020,2022,act,female,74,0.01063
2020,2022,act,female,75,0.01224
2020,2022,act,female,76,0.01414
2020,2022,act,female,77,0.01642
2020,2022,act,female,78,0.01919
2020,2022,act,female,79,0.0225
2020,2022,act,female,80,0.02639
2020,2022,act,female,81,0.03098
2020,2022,act,female,82,0.03633
2020,2022,act,female,83,0.04258
2020,2022,act,female,84,0.04982
2020,2022,act,female,85,0.05831
2020,2022,act,female,86,0.06823
2020,2022,act,female,87,0.0797
2020,2022,act,female,88,0.09277
2020,2022,act,female,89,0.10757
2020,2022,act,female,90,0.12433
2020,2022,act,female,91,0.14316
2020,2022,act,female,92,0.16388
2020,2022,act,female,93,0.1865
2020,2022,act,female,94,0.21053
2020,2022,act,female,95,0.22933
2020,2022,act,female,96,0.24427
2020,2022,act,female,97,0.25719
2020,2022,act,female,98,0.27504
2020,2022,act,female,99,0.29288
2020,2022,act,female,100,0.31757
2020,2022,act,male,0,0.00383
2020,2022,act,male,1,0.00016
2020,2022,act,male,2,0.00009
2020,2022,act,male,3,0.00007
2020,2022,act,male,4,0.00005
2020,2022,act,male,5,0.00004
2020,2022,act,male,6,0.00004
2020,2022,act,male,7,0.00004
2020,2022,act,male,8,0.00005
2020,2022,act,male,9,0.00005
2020,2022,act,male,10,0.00006
2020,2022,act,male,11,0.00007
2020,2022,act,male,12,0.00009
2020,2022,act,male,13,0.00012
2020,2022,act,male,14,0.00017
2020,2022,act,male,15,0.00023
2020,2022,act,male,16,0.00031
2020,2022,act,male,17,0.00038
2020,2022,act,male,18,0.00044
2020,2022,act,male,19,0.00048
2020,2022,act,male,20,0.0005
2020,2022,act,male,21,0.00052
2020,2022,act,male,22,0.00052
2020,2022,act,male,23,0.00052
2020,2022,act,male,24,0.00053
2020,2022,act,male,25,0.00053
2020,2022,act,male,26,0.00053
2020,2022,act,male,27,0.00054
2020,2022,act,male,28,0.00056
2020,2022,act,male,29,0.00058
2020,2022,act,male,30,0.0006
2020,2022,act,male,31,0.00062
2020,2022,act,male,32,0.00065
2020,2022,act,male,33,0.00068
2020,2022,act,male,34,0.00072
2020,2022,act,male,35,0.00076
2020,2022,act,male,36,0.0008
2020,2022,act,male,37,0.00085
2020,2022,act,male,38,0.0009
2020,2022,act,male,39,0.00097
2020,2022,act,male,40,0.00106
2020,2022,act,male,41,0.00115
2020,2022,act,male,42,0.00125
2020,2022,act,male,43,0.00136
2020,2022,act,male,44,0.00147
2020,2022,act,male,45,0.00158
2020,2022,act,male,46,0.0017
2020,2022,act,male,47,0.00184
2020,2022,act,male,48,0.00198
2020,2022,act,male,49,0.00213
2020,2022,act,male,50,0.0023
2020,2022,act,male,51,0.00248
2020,2022,act,male,52,0.00268
2020,2022,act,male,53,0.00289
2020,2022,act,male,54,0.00312
2020,2022,act,male,55,0.00339
2020,2022,act,male,56,0.00371
2020,2022,act,male,57,0.00407
2020,2022,act,male,58,0.00446
2020,2022,act,male,59,0.00489
2020,2022,act,male,60,0.00534
2020,2022,act,male,61,0.00583
2020,2022,act,male,62,0.00639
2020,2022,act,male,63,0.00702
2020,2022,act,male,64,0.00768
2020,2022,act,male,65,0.00839
2020,2022,act,male,66,0.00918
2020,2022,act,male,67,0.01008
2020,2022,act,male,68,0.01112
2020,2022,act,male,69,0.01227
2020,2022,act,male,70,0.01356
2020,2022,act,male,71,0.01499
2020,2022,act,male,72,0.01664
2020,2022,act,male,73,0.0185
2020,2022,act,male,74,0.02063
2020,2022,act,male,75,0.02309
2020,2022,act,male,76,0.02587
2020,2022,act,male,77,0.02909
2020,2022,act,male,78,0.03276
2020,2022,act,male,79,0.03693
2020,2022,act,male,80,0.04168
2020,2022,act,male,81,0.04699
2020,2022,act,male,82,0.05297
2020,2022,act,male,83,0.05979
2020,2022,act,male,84,0.06765
2020,2022,act,male,85,0.07666
2020,2022,act,male,86,0.08686
2020,2022,act,male,87,0.09826
2020,2022,act,male,88,0.11107
2020,2022,act,male,89,0.12555
2020,2022,act,male,90,0.14158
2020,2022,act,male,91,0.15901
2020,2022,act,male,92,0.17753
2020,2022,act,male,93,0.19655
2020,2022,act,male,94,0.21565
2020,2022,act,male,95,0.23106
2020,2022,act,male,96,0.24569
2020,2022,act,male,97,0.262
2020,2022,act,male,98,0.28155
2020,2022,act,male,99,0.30888
2020,2022,act,male,100,0.33904
2020,2022,nsw,female,0,0.00261
2020,2022,nsw,female,1,0.00019
2020,2022,nsw,female,2,0.00011
2020,2022,nsw,female,3,0.00009
2020,2022,nsw,female,4,0.00008
2020,2022,nsw,female,5,0.00007
2020,2022,nsw,female,6,0.00006
2020,2022,nsw,female,7,0.00006
2020,2022,nsw,female,8,0.00005
2020,2022,nsw,female,9,0.00005
2020,2022,nsw,female,10,0.00005
2020,2022,nsw,female,11,0.00006
2020,2022,nsw,female,12,0.00007
2020,2022,nsw,female,13,0.00009
2020,2022,nsw,female,14,0.00011
2020,2022,nsw,female,15,0.00014
2020,2022,nsw,female,16,0.00016
2020,2022,nsw,female,17,0.00019
2020,2022,nsw,female,18,0.00021
2020,2022,nsw,female,19,0.00022
2020,2022,nsw,female,20,0.00022
2020,2022,nsw,female,21,0.00023
2020,2022,nsw,female,22,0.00023
2020,2022,nsw,female,23,0.00023
2020,2022,nsw,female,24,0.00023
2020,2022,nsw,female,25,0.00023
2020,2022,nsw,female,26,0.00023
2020,2022,nsw,female,27,0.00024
2020,2022,nsw,female,28,0.00024
2020,2022,nsw,female,29,0.00025
2020,2022,nsw,female,30,0.00027
2020,2022,nsw,female,31,0.00029
2020,2022,nsw,female,32,0.00031
2020,2022,nsw,female,33,0.00034
2020,2022,nsw,female,34,0.00037
2020,2022,nsw,female,35,0.0004
2020,2022,nsw,female,36,0.00044
2020,2022,nsw,female,37,0.00049
2020,2022,nsw,female,38,0.00053
2020,2022,nsw,female,39,0.00057
2020,2022,nsw,female,40,0.00062
2020,2022,nsw,female,41,0.00069
2020,2022,nsw,female,42,0.00077
2020,2022,nsw,female,43,0.00086
2020,2022,nsw,female,44,0.00096
2020,2022,nsw,female,45,0.00106
2020,2022,nsw,female,46,0.00117
2020,2022,nsw,female,47,0.00128
2020,2022,nsw,female,48,0.00141
2020,2022,nsw,female,49,0.00154
2020,2022,nsw,female,50,0.00168
2020,2022,nsw,female,51,0.00182
2020,2022,nsw,female,52,0.00197
2020,2022,nsw,female,53,0.00214
2020,2022,nsw,female,54,0.00231
2020,2022,nsw,female,55,0.00248
2020,2022,nsw,female,56,0.00268
2020,2022,nsw,female,57,0.00291
2020,2022,nsw,female,58,0.00314
2020,2022,nsw,female,59,0.00341
2020,2022,nsw,female,60,0.0037
2020,2022,nsw,female,61,0.00401
2020,2022,nsw,female,62,0.00437
2020,2022,nsw,female,63,0.00476
2020,2022,nsw,female,64,0.00519
2020,2022,nsw,female,65,0.00566
2020,2022,nsw,female,66,0.00618
2020,2022,nsw,female,67,0.0068
2020,2022,nsw,female,68,0.00751
2020,2022,nsw,female,69,0.00833
2020,2022,nsw,female,70,0.00924
2020,2022,nsw,female,71,0.01023
2020,2022,nsw,female,72,0.01136
2020,2022,nsw,female,73,0.01268
2020,2022,nsw,female,74,0.01422
2020,2022,nsw,female,75,0.01598
2020,2022,nsw,female,76,0.01798
2020,2022,nsw,female,77,0.0203
2020,2022,nsw,female,78,0.02303
2020,2022,nsw,female,79,0.0262
2020,2022,nsw,female,80,0.02986
2020,2022,nsw,female,81,0.03409
2020,2022,nsw,female,82,0.03894
2020,2022,nsw,female,83,0.04451
2020,2022,nsw,female,84,0.05089
2020,2022,nsw,female,85,0.05829
2020,2022,nsw,female,86,0.06694
2020,2022,nsw,female,87,0.07689
2020,2022,nsw,female,88,0.08821
2020,2022,nsw,female,89,0.10104
2020,2022,nsw,female,90,0.11561
2020,2022,nsw,female,91,0.13208
2020,2022,nsw,female,92,0.15032
2020,2022,nsw,female,93,0.17039
2020,2022,nsw,female,94,0.19184
2020,2022,nsw,female,95,0.20791
2020,2022,nsw,female,96,0.22301
2020,2022,nsw,female,97,0.25046
2020,2022,nsw,female,98,0.27584
2020,2022,nsw,female,99,0.3014
2020,2022,nsw,female,100,0.32682
2020,2022,nsw,male,0,0.0033
2020,2022,nsw,male,1,0.00022
2020,2022,nsw,male,2,0.00014
2020,2022,nsw,male,3,0.00011
2020,2022,nsw,male,4,0.00009
2020,2022,nsw,male,5,0.00007
2020,2022,nsw,male,6,0.00007
2020,2022,nsw,male,7,0.00006
2020,2022,nsw,male,8,0.00006
2020,2022,nsw,male,9,0.00007
2020,2022,nsw,male,10,0.00007
2020,2022,nsw,male,11,0.00007
2020,2022,nsw,male,12,0.00009
2020,2022,nsw,male,13,0.00013
2020,2022,nsw,male,14,0.00017
2020,2022,nsw,male,15,0.00023
2020,2022,nsw,male,16,0.00031
2020,2022,nsw,male,17,0.00039
2020,2022,nsw,male,18,0.00045
2020,2022,nsw,male,19,0.00049
2020,2022,nsw,male,20,0.00051
2020,2022,nsw,male,21,0.00053
2020,2022,nsw,male,22,0.00054
2020,2022,nsw,male,23,0.00055
2020,2022,nsw,male,24,0.00056
2020,2022,nsw,male,25,0.00057
2020,2022,nsw,male,26,0.00058
2020,2022,nsw,male,27,0.0006
2020,2022,nsw,male,28,0.00063
2020,2022,nsw,male,29,0.00065
2020,2022,nsw,male,30,0.00068
2020,2022,nsw,male,31,0.0007
2020,2022,nsw,male,32,0.00073
2020,2022,nsw,male,33,0.00076
2020,2022,nsw,male,34,0.0008
2020,2022,nsw,male,35,0.00084
2020,2022,nsw,male,36,0.00088
2020,2022,nsw,male,37,0.00093
2020,2022,nsw,male,38,0.00098
2020,2022,nsw,male,39,0.00106
2020,2022,nsw,male,40,0.00115
2020,2022,nsw,male,41,0.00125
2020,2022,nsw,male,42,0.00136
2020,2022,nsw,male,43,0.00148
2020,2022,nsw,male,44,0.00162
2020,2022,nsw,male,45,0.00177
2020,2022,nsw,male,46,0.00192
2020,2022,nsw,male,47,0.0021
2020,2022,nsw,male,48,0.00229
2020,2022,nsw,male,49,0.0025
2020,2022,nsw,male,50,0.00273
2020,2022,nsw,male,51,0.00298
2020,2022,nsw,male,52,0.00325
2020,2022,nsw,male,53,0.00354
2020,2022,nsw,male,54,0.00384
2020,2022,nsw,male,55,0.00419
2020,2022,nsw,male,56,0.00458
2020,2022,nsw,male,57,0.00501
2020,2022,nsw,male,58,0.00547
2020,2022,nsw,male,59,0.00596
2020,2022,nsw,male,60,0.00646
2020,2022,nsw,male,61,0.007
2020,2022,nsw,male,62,0.00761
2020,2022,nsw,male,63,0.00829
2020,2022,nsw,male,64,0.00899
2020,2022,nsw,male,65,0.00973
2020,2022,nsw,male,66,0.01055
2020,2022,nsw,male,67,0.01148
2020,2022,nsw,male,68,0.01254
2020,2022,nsw,male,69,0.01372
2020,2022,nsw,male,70,0.01503
2020,2022,nsw,male,71,0.0165
2020,2022,nsw,male,72,0.0182
2020,2022,nsw,male,73,0.02015
2020,2022,nsw,male,74,0.0224
2020,2022,nsw,male,75,0.025
2020,2022,nsw,male,76,0.02794
2020,2022,nsw,male,77,0.03131
2020,2022,nsw,male,78,0.03515
2020,2022,nsw,male,79,0.03947
2020,2022,nsw,male,80,0.04436
2020,2022,nsw,male,81,0.04978
2020,2022,nsw,male,82,0.05583
2020,2022,nsw,male,83,0.0627
2020,2022,nsw,male,84,0.07062
2020,2022,nsw,male,85,0.07967
2020,2022,nsw,male,86,0.08992
2020,2022,nsw,male,87,0.10138
2020,2022,nsw,male,88,0.11431
2020,2022,nsw,male,89,0.12907
2020,2022,nsw,male,90,0.14557
2020,2022,nsw,male,91,0.16377
2020,2022,nsw,male,92,0.18347
2020,2022,nsw,male,93,0.20411
2020,2022,nsw,male,94,0.22533
2020,2022,nsw,male,95,0.24346
2020,2022,nsw,male,96,0.26145
2020,2022,nsw,male,97,0.28137
2020,2022,nsw,male,98,0.30445
2020,2022,nsw,male,99,0.33492
2020,2022,nsw,male,100,0.36762
2020,2022,nt,female,0,0.006
2020,2022,nt,female,1,0.0002
2020,2022,nt,female,2,0.00012
2020,2022,nt,female,3,0.0001
2020,2022,nt,female,4,0.0001
2020,2022,nt,female,5,0.0001
2020,2022,nt,female,6,0.00011
2020,2022,nt,female,7,0.00012
2020,2022,nt,female,8,0.00015
2020,2022,nt,female,9,0.00019
2020,2022,nt,female,10,0.00024
2020,2022,nt,female,11,0.00029
2020,2022,nt,female,12,0.00034
2020,2022,nt,female,13,0.00039
2020,2022,nt,female,14,0.00044
2020,2022,nt,female,15,0.00049
2020,2022,nt,female,16,0.00054
2020,2022,nt,female,17,0.00059
2020,2022,nt,female,18,0.00062
2020,2022,nt,female,19,0.00065
2020,2022,nt,female,20,0.00066
2020,2022,nt,female,21,0.00067
2020,2022,nt,female,22,0.00067
2020,2022,nt,female,23,0.00068
2020,2022,nt,female,24,0.00068
2020,2022,nt,female,25,0.00068
2020,2022,nt,female,26,0.00068
2020,2022,nt,female,27,0.00069
2020,2022,nt,female,28,0.00069
2020,2022,nt,female,29,0.00071
2020,2022,nt,female,30,0.00075
2020,2022,nt,female,31,0.00078
2020,2022,nt,female,32,0.00083
2020,2022,nt,female,33,0.00088
2020,2022,nt,female,34,0.00094
2020,2022,nt,female,35,0.00102
2020,2022,nt,female,36,0.00111
2020,2022,nt,female,37,0.0012
2020,2022,nt,female,38,0.0013
2020,2022,nt,female,39,0.00141
2020,2022,nt,female,40,0.00153
2020,2022,nt,female,41,0.00168
2020,2022,nt,female,42,0.00184
2020,2022,nt,female,43,0.00202
2020,2022,nt,female,44,0.00221
2020,2022,nt,female,45,0.00241
2020,2022,nt,female,46,0.00263
2020,2022,nt,female,47,0.00285
2020,2022,nt,female,48,0.0031
2020,2022,nt,female,49,0.00335
2020,2022,nt,female,50,0.00362
2020,2022,nt,female,51,0.00391
2020,2022,nt,female,52,0.00422
2020,2022,nt,female,53,0.00456
2020,2022,nt,female,54,0.00491
2020,2022,nt,female,55,0.0053
2020,2022,nt,female,56,0.00572
2020,2022,nt,female,57,0.00618
2020,2022,nt,female,58,0.00667
2020,2022,nt,female,59,0.00721
2020,2022,nt,female,60,0.00779
2020,2022,nt,female,61,0.00841
2020,2022,nt,female,62,0.00909
2020,2022,nt,female,63,0.00982
2020,2022,nt,female,64,0.01061
2020,2022,nt,female,65,0.01144
2020,2022,nt,female,66,0.01234
2020,2022,nt,female,67,0.01332
2020,2022,nt,female,68,0.01441
2020,2022,nt,female,69,0.01559
2020,2022,nt,female,70,0.01686
2020,2022,nt,female,71,0.0182
2020,2022,nt,female,72,0.01965
2020,2022,nt,female,73,0.02125
2020,2022,nt,female,74,0.023
2020,2022,nt,female,75,0.02491
2020,2022,nt,female,76,0.02696
2020,2022,nt,female,77,0.02922
2020,2022,nt,female,78,0.03175
2020,2022,nt,female,79,0.03461
2020,2022,nt,female,80,0.03781
2020,2022,nt,female,81,0.04144
2020,2022,nt,female,82,0.04554
2020,2022,nt,female,83,0.05022
2020,2022,nt,female,84,0.05559
2020,2022,nt,female,85,0.06184
2020,2022,nt,female,86,0.0692
2020,2022,nt,female,87,0.07776
2020,2022,nt,female,88,0.08762
2020,2022,nt,female,89,0.09896
2020,2022,nt,female,90,0.11206
2020,2022,nt,female,91,0.1271
2020,2022,nt,female,92,0.14402
2020,2022,nt,female,93,0.16288
2020,2022,nt,female,94,0.18327
2020,2022,nt,female,95,0.19838
2020,2022,nt,female,96,0.21274
2020,2022,nt,female,97,0.23983
2020,2022,nt,female,98,0.26503
2020,2022,nt,female,99,0.30056
2020,2022,nt,female,100,0.3259
2020,2022,nt,male,0,0.0094
2020,2022,nt,male,1,0.00038
2020,2022,nt,male,2,0.0003
2020,2022,nt,male,3,0.00028
2020,2022,nt,male,4,0.00026
2020,2022,nt,male,5,0.00026
2020,2022,nt,male,6,0.00026
2020,2022,nt,male,7,0.00027
2020,2022,nt,male,8,0.00028
2020,2022,nt,male,9,0.00029
2020,2022,nt,male,10,0.00031
2020,2022,nt,male,11,0.00035
2020,2022,nt,male,12,0.00039
2020,2022,nt,male,13,0.00046
2020,2022,nt,male,14,0.00054
2020,2022,nt,male,15,0.00065
2020,2022,nt,male,16,0.00078
2020,2022,nt,male,17,0.00091
2020,2022,nt,male,18,0.00101
2020,2022,nt,male,19,0.0011
2020,2022,nt,male,20,0.00117
2020,2022,nt,male,21,0.00122
2020,2022,nt,male,22,0.00126
2020,2022,nt,male,23,0.00129
2020,2022,nt,male,24,0.00132
2020,2022,nt,male,25,0.00134
2020,2022,nt,male,26,0.00136
2020,2022,nt,male,27,0.00138
2020,2022,nt,male,28,0.00142
2020,2022,nt,male,29,0.00145
2020,2022,nt,male,30,0.00148
2020,2022,nt,male,31,0.00151
2020,2022,nt,male,32,0.00154
2020,2022,nt,male,33,0.00158
2020,2022,nt,male,34,0.00162
2020,2022,nt,male,35,0.00167
2020,2022,nt,male,36,0.00172
2020,2022,nt,male,37,0.00178
2020,2022,nt,male,38,0.00185
2020,2022,nt,male,39,0.00195
2020,2022,nt,male,40,0.00207
2020,2022,nt,male,41,0.00221
2020,2022,nt,male,42,0.00236
2020,2022,nt,male,43,0.00253
2020,2022,nt,male,44,0.00271
2020,2022,nt,male,45,0.0029
2020,2022,nt,male,46,0.00311
2020,2022,nt,male,47,0.00333
2020,2022,nt,male,48,0.00357
2020,2022,nt,male,49,0.00383
2020,2022,nt,male,50,0.00411
2020,2022,nt,male,51,0.00441
2020,2022,nt,male,52,0.00473
2020,2022,nt,male,53,0.00509
2020,2022,nt,male,54,0.00548
2020,2022,nt,male,55,0.00592
2020,2022,nt,male,56,0.00643
2020,2022,nt,male,57,0.00701
2020,2022,nt,male,58,0.00766
2020,2022,nt,male,59,0.00839
2020,2022,nt,male,60,0.00919
2020,2022,nt,male,61,0.01007
2020,2022,nt,male,62,0.01108
2020,2022,nt,male,63,0.01223
2020,2022,nt,male,64,0.0135
2020,2022,nt,male,65,0.0149
2020,2022,nt,male,66,0.01647
2020,2022,nt,male,67,0.01825
2020,2022,nt,male,68,0.02026
2020,2022,nt,male,69,0.02249
2020,2022,nt,male,70,0.02494
2020,2022,nt,male,71,0.02764
2020,2022,nt,male,72,0.03064
2020,2022,nt,male,73,0.03393
2020,2022,nt,male,74,0.03755
2020,2022,nt,male,75,0.04152
2020,2022,nt,male,76,0.04583
2020,2022,nt,male,77,0.0505
2020,2022,nt,male,78,0.05552
2020,2022,nt,male,79,0.06083
2020,2022,nt,male,80,0.06641
2020,2022,nt,male,81,0.07215
2020,2022,nt,male,82,0.07801
2020,2022,nt,male,83,0.08405
2020,2022,nt,male,84,0.09333
2020,2022,nt,male,85,0.09982
2020,2022,nt,male,86,0.10646
2020,2022,nt,male,87,0.11314
2020,2022,nt,male,88,0.12449
2020,2022,nt,male,89,0.13176
2020,2022,nt,male,90,0.14433
2020,2022,nt,male,91,0.1586
2020,2022,nt,male,92,0.17236
2020,2022,nt,male,93,0.18455
2020,2022,nt,male,94,0.20597
2020,2022,nt,male,95,0.22268
2020,2022,nt,male,96,0.24296
2020,2022,nt,male,97,0.26488
2020,2022,nt,male,98,0.29058
2020,2022,nt,male,99,0.31587
2020,2022,nt,male,100,0.34671
2020,2022,qld,female,0,0.00402
2020,2022,qld,female,1,0.00025
2020,2022,qld,female,2,0.00015
2020,2022,qld,female,3,0.00012
2020,2022,qld,female,4,0.0001
2020,2022,qld,female,5,0.00009
2020,2022,qld,female,6,0.00008
2020,2022,qld,female,7,0.00007
2020,2022,qld,female,8,0.00007
2020,2022,qld,female,9,0.00006
2020,2022,qld,female,10,0.00007
2020,2022,qld,female,11,0.00007
2020,2022,qld,female,12,0.00008
2020,2022,qld,female,13,0.0001
2020,2022,qld,female,14,0.00012
2020,2022,qld,female,15,0.00015
2020,2022,qld,female,16,0.00017
2020,2022,qld,female,17,0.0002
2020,2022,qld,female,18,0.00022
2020,2022,qld,female,19,0.00023
2020,2022,qld,female,20,0.00024
2020,2022,qld,female,21,0.00025
2020,2022,qld,female,22,0.00025
2020,2022,qld,female,23,0.00025
2020,2022,qld,female,24,0.00025
2020,2022,qld,female,25,0.00025
2020,2022,qld,female,26,0.00026
2020,2022,qld,female,27,0.00028
2020,2022,qld,female,28,0.0003
2020,2022,qld,female,29,0.00032
2020,2022,qld,female,30,0.00035
2020,2022,qld,female,31,0.00038
2020,2022,qld,female,32,0.00041
2020,2022,qld,female,33,0.00044
2020,2022,qld,female,34,0.00048
2020,2022,qld,female,35,0.00053
2020,2022,qld,female,36,0.00058
2020,2022,qld,female,37,0.00062
2020,2022,qld,female,38,0.00067
2020,2022,qld,female,39,0.00072
2020,2022,qld,female,40,0.00078
2020,2022,qld,female,41,0.00084
2020,2022,qld,female,42,0.00092
2020,2022,qld,female,43,0.00101
2020,2022,qld,female,44,0.0011
2020,2022,qld,female,45,0.00119
2020,2022,qld,female,46,0.00128
2020,2022,qld,female,47,0.00138
2020,2022,qld,female,48,0.0015
2020,2022,qld,female,49,0.00162
2020,2022,qld,female,50,0.00175
2020,2022,qld,female,51,0.00189
2020,2022,qld,female,52,0.00204
2020,2022,qld,female,53,0.00222
2020,2022,qld,female,54,0.00239
2020,2022,qld,female,55,0.00258
2020,2022,qld,female,56,0.00279
2020,2022,qld,female,57,0.00302
2020,2022,qld,female,58,0.00326
2020,2022,qld,female,59,0.00352
2020,2022,qld,female,60,0.0038
2020,2022,qld,female,61,0.00411
2020,2022,qld,female,62,0.00444
2020,2022,qld,female,63,0.00481
2020,2022,qld,female,64,0.00521
2020,2022,qld,female,65,0.00565
2020,2022,qld,female,66,0.00613
2020,2022,qld,female,67,0.00672
2020,2022,qld,female,68,0.00742
2020,2022,qld,female,69,0.00823
2020,2022,qld,female,70,0.00914
2020,2022,qld,female,71,0.01017
2020,2022,qld,female,72,0.01134
2020,2022,qld,female,73,0.01273
2020,2022,qld,female,74,0.01435
2020,2022,qld,female,75,0.01621
2020,2022,qld,female,76,0.01834
2020,2022,qld,female,77,0.0208
2020,2022,qld,female,78,0.0237
2020,2022,qld,female,79,0.02704
2020,2022,qld,female,80,0.03087
2020,2022,qld,female,81,0.03527
2020,2022,qld,female,82,0.04026
2020,2022,qld,female,83,0.04595
2020,2022,qld,female,84,0.05242
2020,2022,qld,female,85,0.05986
2020,2022,qld,female,86,0.06847
2020,2022,qld,female,87,0.07831
2020,2022,qld,female,88,0.08943
2020,2022,qld,female,89,0.10197
2020,2022,qld,female,90,0.11617
2020,2022,qld,female,91,0.13218
2020,2022,qld,female,92,0.14988
2020,2022,qld,female,93,0.16933
2020,2022,qld,female,94,0.19012
2020,2022,qld,female,95,0.20545
2020,2022,qld,female,96,0.21982
2020,2022,qld,female,97,0.24663
2020,2022,qld,female,98,0.27147
2020,2022,qld,female,99,0.29654
2020,2022,qld,female,100,0.32154
2020,2022,qld,male,0,0.0043
2020,2022,qld,male,1,0.00026
2020,2022,qld,male,2,0.00017
2020,2022,qld,male,3,0.00014
2020,2022,qld,male,4,0.00011
2020,2022,qld,male,5,0.0001
2020,2022,qld,male,6,0.00008
2020,2022,qld,male,7,0.00008
2020,2022,qld,male,8,0.00008
2020,2022,qld,male,9,0.00008
2020,2022,qld,male,10,0.00008
2020,2022,qld,male,11,0.00009
2020,2022,qld,male,12,0.00012
2020,2022,qld,male,13,0.00016
2020,2022,qld,male,14,0.00022
2020,2022,qld,male,15,0.00029
2020,2022,qld,male,16,0.00038
2020,2022,qld,male,17,0.00048
2020,2022,qld,male,18,0.00056
2020,2022,qld,male,19,0.00062
2020,2022,qld,male,20,0.00066
2020,2022,qld,male,21,0.0007
2020,2022,qld,male,22,0.00072
2020,2022,qld,male,23,0.00074
2020,2022,qld,male,24,0.00076
2020,2022,qld,male,25,0.00077
2020,2022,qld,male,26,0.00079
2020,2022,qld,male,27,0.0008
2020,2022,qld,male,28,0.00083
2020,2022,qld,male,29,0.00086
2020,2022,qld,male,30,0.00089
2020,2022,qld,male,31,0.00092
2020,2022,qld,male,32,0.00095
2020,2022,qld,male,33,0.00099
2020,2022,qld,male,34,0.00103
2020,2022,qld,male,35,0.00108
2020,2022,qld,male,36,0.00112
2020,2022,qld,male,37,0.00118
2020,2022,qld,male,38,0.00124
2020,2022,qld,male,39,0.00131
2020,2022,qld,male,40,0.0014
2020,2022,qld,male,41,0.0015
2020,2022,qld,male,42,0.00161
2020,2022,qld,male,43,0.00173
2020,2022,qld,male,44,0.00185
2020,2022,qld,male,45,0.00199
2020,2022,qld,male,46,0.00213
2020,2022,qld,male,47,0.00229
2020,2022,qld,male,48,0.00246
2020,2022,qld,male,49,0.00266
2020,2022,qld,male,50,0.00287
2020,2022,qld,male,51,0.00311
2020,2022,qld,male,52,0.00336
2020,2022,qld,male,53,0.00362
2020,2022,qld,male,54,0.00392
2020,2022,qld,male,55,0.00424
2020,2022,qld,male,56,0.00462
2020,2022,qld,male,57,0.00504
2020,2022,qld,male,58,0.00549
2020,2022,qld,male,59,0.00597
2020,2022,qld,male,60,0.00646
2020,2022,qld,male,61,0.00699
2020,2022,qld,male,62,0.00759
2020,2022,qld,male,63,0.00825
2020,2022,qld,male,64,0.00894
2020,2022,qld,male,65,0.00968
2020,2022,qld,male,66,0.01051
2020,2022,qld,male,67,0.01146
2020,2022,qld,male,68,0.01255
2020,2022,qld,male,69,0.01378
2020,2022,qld,male,70,0.01516
2020,2022,qld,male,71,0.0167
2020,2022,qld,male,72,0.01848
2020,2022,qld,male,73,0.02049
2020,2022,qld,male,74,0.0228
2020,2022,qld,male,75,0.02547
2020,2022,qld,male,76,0.02848
2020,2022,qld,male,77,0.03195
2020,2022,qld,male,78,0.0359
2020,2022,qld,male,79,0.04034
2020,2022,qld,male,80,0.04535
2020,2022,qld,male,81,0.05093
2020,2022,qld,male,82,0.05718
2020,2022,qld,male,83,0.06428
2020,2022,qld,male,84,0.07244
2020,2022,qld,male,85,0.08175
2020,2022,qld,male,86,0.09231
2020,2022,qld,male,87,0.10412
2020,2022,qld,male,88,0.11741
2020,2022,qld,male,89,0.13252
2020,2022,qld,male,90,0.14933
2020,2022,qld,male,91,0.16775
2020,2022,qld,male,92,0.18748
2020,2022,qld,male,93,0.20796
2020,2022,qld,male,94,0.22882
2020,2022,qld,male,95,0.24632
2020,2022,qld,male,96,0.26323
2020,2022,qld,male,97,0.2819
2020,2022,qld,male,98,0.30372
2020,2022,qld,male,99,0.33302
2020,2022,qld,male,100,0.36554
2020,2022,sa,female,0,0.00266
2020,2022,sa,female,1,0.0002
2020,2022,sa,female,2,0.00014
2020,2022,sa,female,3,0.0001
2020,2022,sa,female,4,0.00009
2020,2022,sa,female,5,0.00008
2020,2022,sa,female,6,0.00007
2020,2022,sa,female,7,0.00006
2020,2022,sa,female,8,0.00006
2020,2022,sa,female,9,0.00005
2020,2022,sa,female,10,0.00005
2020,2022,sa,female,11,0.00005
2020,2022,sa,female,12,0.00006
2020,2022,sa,female,13,0.00008
2020,2022,sa,female,14,0.00011
2020,2022,sa,female,15,0.00015
2020,2022,sa,female,16,0.0002
2020,2022,sa,female,17,0.00023
2020,2022,sa,female,18,0.00026
2020,2022,sa,female,19,0.00028
2020,2022,sa,female,20,0.00028
2020,2022,sa,female,21,0.00028
2020,2022,sa,female,22,0.00028
2020,2022,sa,female,23,0.00029
2020,2022,sa,female,24,0.00029
2020,2022,sa,female,25,0.00029
2020,2022,sa,female,26,0.0003
2020,2022,sa,female,27,0.0003
2020,2022,sa,female,28,0.0003
2020,2022,sa,female,29,0.00031
2020,2022,sa,female,30,0.00034
2020,2022,sa,female,31,0.00036
2020,2022,sa,female,32,0.00039
2020,2022,sa,female,33,0.00043
2020,2022,sa,female,34,0.00048
2020,2022,sa,female,35,0.00053
2020,2022,sa,female,36,0.00059
2020,2022,sa,female,37,0.00065
2020,2022,sa,female,38,0.0007
2020,2022,sa,female,39,0.00074
2020,2022,sa,female,40,0.00078
2020,2022,sa,female,41,0.00084
2020,2022,sa,female,42,0.00091
2020,2022,sa,female,43,0.00099
2020,2022,sa,female,44,0.00107
2020,2022,sa,female,45,0.00116
2020,2022,sa,female,46,0.00126
2020,2022,sa,female,47,0.00137
2020,2022,sa,female,48,0.00151
2020,2022,sa,female,49,0.00164
2020,2022,sa,female,50,0.00179
2020,2022,sa,female,51,0.00193
2020,2022,sa,female,52,0.00209
2020,2022,sa,female,53,0.00227
2020,2022,sa,female,54,0.00245
2020,2022,sa,female,55,0.00264
2020,2022,sa,female,56,0.00285
2020,2022,sa,female,57,0.00308
2020,2022,sa,female,58,0.00333
2020,2022,sa,female,59,0.00362
2020,2022,sa,female,60,0.00393
2020,2022,sa,female,61,0.00426
2020,2022,sa,female,62,0.00462
2020,2022,sa,female,63,0.005
2020,2022,sa,female,64,0.00539
2020,2022,sa,female,65,0.00581
2020,2022,sa,female,66,0.00625
2020,2022,sa,female,67,0.00677
2020,2022,sa,female,68,0.0074
2020,2022,sa,female,69,0.00814
2020,2022,sa,female,70,0.00897
2020,2022,sa,female,71,0.0099
2020,2022,sa,female,72,0.011
2020,2022,sa,female,73,0.01234
2020,2022,sa,female,74,0.01392
2020,2022,sa,female,75,0.01574
2020,2022,sa,female,76,0.01778
2020,2022,sa,female,77,0.02011
2020,2022,sa,female,78,0.02284
2020,2022,sa,female,79,0.02601
2020,2022,sa,female,80,0.02966
2020,2022,sa,female,81,0.03392
2020,2022,sa,female,82,0.0388
2020,2022,sa,female,83,0.04442
2020,2022,sa,female,84,0.05085
2020,2022,sa,female,85,0.05833
2020,2022,sa,female,86,0.06706
2020,2022,sa,female,87,0.07712
2020,2022,sa,female,88,0.08846
2020,2022,sa,female,89,0.10114
2020,2022,sa,female,90,0.11545
2020,2022,sa,female,91,0.13171
2020,2022,sa,female,92,0.14993
2020,2022,sa,female,93,0.17041
2020,2022,sa,female,94,0.19285
2020,2022,sa,female,95,0.21032
2020,2022,sa,female,96,0.22703
2020,2022,sa,female,97,0.25599
2020,2022,sa,female,98,0.28273
2020,2022,sa,female,99,0.30932
2020,2022,sa,female,100,0.3354
2020,2022,sa,male,0,0.0027
2020,2022,sa,male,1,0.00025
2020,2022,sa,male,2,0.00016
2020,2022,sa,male,3,0.00013
2020,2022,sa,male,4,0.00011
2020,2022,sa,male,5,0.00009
2020,2022,sa,male,6,0.00009
2020,2022,sa,male,7,0.00008
2020,2022,sa,male,8,0.00008
2020,2022,sa,male,9,0.00008
2020,2022,sa,male,10,0.00008
2020,2022,sa,male,11,0.00009
2020,2022,sa,male,12,0.00011
2020,2022,sa,male,13,0.00015
2020,2022,sa,male,14,0.0002
2020,2022,sa,male,15,0.00026
2020,2022,sa,male,16,0.00034
2020,2022,sa,male,17,0.00043
2020,2022,sa,male,18,0.00049
2020,2022,sa,male,19,0.00054
2020,2022,sa,male,20,0.00057
2020,2022,sa,male,21,0.00058
2020,2022,sa,male,22,0.00059
2020,2022,sa,male,23,0.00061
2020,2022,sa,male,24,0.00062
2020,2022,sa,male,25,0.00064
2020,2022,sa,male,26,0.00066
2020,2022,sa,male,27,0.00068
2020,2022,sa,male,28,0.00072
2020,2022,sa,male,29,0.00075
2020,2022,sa,male,30,0.00079
2020,2022,sa,male,31,0.00082
2020,2022,sa,male,32,0.00086
2020,2022,sa,male,33,0.0009
2020,2022,sa,male,34,0.00094
2020,2022,sa,male,35,0.00098
2020,2022,sa,male,36,0.00103
2020,2022,sa,male,37,0.00109
2020,2022,sa,male,38,0.00116
2020,2022,sa,male,39,0.00125
2020,2022,sa,male,40,0.00136
2020,2022,sa,male,41,0.00147
2020,2022,sa,male,42,0.0016
2020,2022,sa,male,43,0.00174
2020,2022,sa,male,44,0.00189
2020,2022,sa,male,45,0.00206
2020,2022,sa,male,46,0.00223
2020,2022,sa,male,47,0.00243
2020,2022,sa,male,48,0.00265
2020,2022,sa,male,49,0.00289
2020,2022,sa,male,50,0.00315
2020,2022,sa,male,51,0.00343
2020,2022,sa,male,52,0.00371
2020,2022,sa,male,53,0.00401
2020,2022,sa,male,54,0.00432
2020,2022,sa,male,55,0.00466
2020,2022,sa,male,56,0.00503
2020,2022,sa,male,57,0.00544
2020,2022,sa,male,58,0.00588
2020,2022,sa,male,59,0.00634
2020,2022,sa,male,60,0.00681
2020,2022,sa,male,61,0.00731
2020,2022,sa,male,62,0.00788
2020,2022,sa,male,63,0.00852
2020,2022,sa,male,64,0.00918
2020,2022,sa,male,65,0.00989
2020,2022,sa,male,66,0.01067
2020,2022,sa,male,67,0.01155
2020,2022,sa,male,68,0.01257
2020,2022,sa,male,69,0.0137
2020,2022,sa,male,70,0.01496
2020,2022,sa,male,71,0.01638
2020,2022,sa,male,72,0.018
2020,2022,sa,male,73,0.01986
2020,2022,sa,male,74,0.022
2020,2022,sa,male,75,0.02449
2020,2022,sa,male,76,0.02734
2020,2022,sa,male,77,0.03063
2020,2022,sa,male,78,0.03441
2020,2022,sa,male,79,0.03871
2020,2022,sa,male,80,0.0436
2020,2022,sa,male,81,0.04907
2020,2022,sa,male,82,0.05521
2020,2022,sa,male,83,0.06219
2020,2022,sa,male,84,0.07021
2020,2022,sa,male,85,0.07935
2020,2022,sa,male,86,0.08969
2020,2022,sa,male,87,0.10121
2020,2022,sa,male,88,0.11413
2020,2022,sa,male,89,0.12874
2020,2022,sa,male,90,0.14488
2020,2022,sa,male,91,0.16242
2020,2022,sa,male,92,0.18108
2020,2022,sa,male,93,0.20033
2020,2022,sa,male,94,0.21978
2020,2022,sa,male,95,0.2457
2020,2022,sa,male,96,0.26102
2020,2022,sa,male,97,0.27808
2020,2022,sa,male,98,0.29832
2020,2022,sa,male,99,0.32615
2020,2022,sa,male,100,0.358
2020,2022,tas,female,0,0.00284
2020,2022,tas,female,1,0.00012
2020,2022,tas,female,2,0.00009
2020,2022,tas,female,3,0.00008
2020,2022,tas,female,4,0.00007
2020,2022,tas,female,5,0.00007
2020,2022,tas,female,6,0.00006
2020,2022,tas,female,7,0.00006
2020,2022,tas,female,8,0.00005
2020,2022,tas,female,9,0.00005
2020,2022,tas,female,10,0.00004
2020,2022,tas,female,11,0.00005
2020,2022,tas,female,12,0.00006
2020,2022,tas,female,13,0.00007
2020,2022,tas,female,14,0.0001
2020,2022,tas,female,15,0.00012
2020,2022,tas,female,16,0.00014
2020,2022,tas,female,17,0.00017
2020,2022,tas,female,18,0.00018
2020,2022,tas,female,19,0.00019
2020,2022,tas,female,20,0.00019
2020,2022,tas,female,21,0.00019
2020,2022,tas,female,22,0.00019
2020,2022,tas,female,23,0.00019
2020,2022,tas,female,24,0.00019
2020,2022,tas,female,25,0.00019
2020,2022,tas,female,26,0.00019
2020,2022,tas,female,27,0.0002
2020,2022,tas,female,28,0.0002
2020,2022,tas,female,29,0.00022
2020,2022,tas,female,30,0.00025
2020,2022,tas,female,31,0.00028
2020,2022,tas,female,32,0.00031
2020,2022,tas,female,33,0.00035
2020,2022,tas,female,34,0.0004
2020,2022,tas,female,35,0.00045
2020,2022,tas,female,36,0.00051
2020,2022,tas,female,37,0.00056
2020,2022,tas,female,38,0.00062
2020,2022,tas,female,39,0.00068
2020,2022,tas,female,40,0.00074
2020,2022,tas,female,41,0.00082
2020,2022,tas,female,42,0.00092
2020,2022,tas,female,43,0.00103
2020,2022,tas,female,44,0.00114
2020,2022,tas,female,45,0.00126
2020,2022,tas,female,46,0.00139
2020,2022,tas,female,47,0.00153
2020,2022,tas,female,48,0.00167
2020,2022,tas,female,49,0.00183
2020,2022,tas,female,50,0.00199
2020,2022,tas,female,51,0.00216
2020,2022,tas,female,52,0.00234
2020,2022,tas,female,53,0.00254
2020,2022,tas,female,54,0.00274
2020,2022,tas,female,55,0.00296
2020,2022,tas,female,56,0.0032
2020,2022,tas,female,57,0.00347
2020,2022,tas,female,58,0.00375
2020,2022,tas,female,59,0.00407
2020,2022,tas,female,60,0.00441
2020,2022,tas,female,61,0.00478
2020,2022,tas,female,62,0.00519
2020,2022,tas,female,63,0.00563
2020,2022,tas,female,64,0.00611
2020,2022,tas,female,65,0.00664
2020,2022,tas,female,66,0.00721
2020,2022,tas,female,67,0.00788
2020,2022,tas,female,68,0.00866
2020,2022,tas,female,69,0.00955
2020,2022,tas,female,70,0.01056
2020,2022,tas,female,71,0.01166
2020,2022,tas,female,72,0.01293
2020,2022,tas,female,73,0.0144
2020,2022,tas,female,74,0.01612
2020,2022,tas,female,75,0.01808
2020,2022,tas,female,76,0.02032
2020,2022,tas,female,77,0.02292
2020,2022,tas,female,78,0.02596
2020,2022,tas,female,79,0.02948
2020,2022,tas,female,80,0.03353
2020,2022,tas,female,81,0.0382
2020,2022,tas,female,82,0.04352
2020,2022,tas,female,83,0.0496
2020,2022,tas,female,84,0.05654
2020,2022,tas,female,85,0.06452
2020,2022,tas,female,86,0.07375
2020,2022,tas,female,87,0.0843
2020,2022,tas,female,88,0.09621
2020,2022,tas,female,89,0.10962
2020,2022,tas,female,90,0.12474
2020,2022,tas,female,91,0.1417
2020,2022,tas,female,92,0.16037
2020,2022,tas,female,93,0.18078
2020,2022,tas,female,94,0.20246
2020,2022,tas,female,95,0.21871
2020,2022,tas,female,96,0.23401
2020,2022,tas,female,97,0.26152
2020,2022,tas,female,98,0.28704
2020,2022,tas,female,99,0.31274
2020,2022,tas,female,100,0.3391
2020,2022,tas,male,0,0.0036
2020,2022,tas,male,1,0.00016
2020,2022,tas,male,2,0.0001
2020,2022,tas,male,3,0.00009
2020,2022,tas,male,4,0.00008
2020,2022,tas,male,5,0.00008
2020,2022,tas,male,6,0.00008
2020,2022,tas,male,7,0.00009
2020,2022,tas,male,8,0.0001
2020,2022,tas,male,9,0.00011
2020,2022,tas,male,10,0.00012
2020,2022,tas,male,11,0.00014
2020,2022,tas,male,12,0.00017
2020,2022,tas,male,13,0.00021
2020,2022,tas,male,14,0.00026
2020,2022,tas,male,15,0.00032
2020,2022,tas,male,16,0.00041
2020,2022,tas,male,17,0.00049
2020,2022,tas,male,18,0.00055
2020,2022,tas,male,19,0.00059
2020,2022,tas,male,20,0.00062
2020,2022,tas,male,21,0.00064
2020,2022,tas,male,22,0.00065
2020,2022,tas,male,23,0.00066
2020,2022,tas,male,24,0.00068
2020,2022,tas,male,25,0.00069
2020,2022,tas,male,26,0.00071
2020,2022,tas,male,27,0.00073
2020,2022,tas,male,28,0.00077
2020,2022,tas,male,29,0.0008
2020,2022,tas,male,30,0.00084
2020,2022,tas,male,31,0.00088
2020,2022,tas,male,32,0.00092
2020,2022,tas,male,33,0.00096
2020,2022,tas,male,34,0.00101
2020,2022,tas,male,35,0.00106
2020,2022,tas,male,36,0.00111
2020,2022,tas,male,37,0.00117
2020,2022,tas,male,38,0.00124
2020,2022,tas,male,39,0.00133
2020,2022,tas,male,40,0.00144
2020,2022,tas,male,41,0.00157
2020,2022,tas,male,42,0.00171
2020,2022,tas,male,43,0.00186
2020,2022,tas,male,44,0.00202
2020,2022,tas,male,45,0.0022
2020,2022,tas,male,46,0.00238
2020,2022,tas,male,47,0.00258
2020,2022,tas,male,48,0.0028
2020,2022,tas,male,49,0.00303
2020,2022,tas,male,50,0.00327
2020,2022,tas,male,51,0.00353
2020,2022,tas,male,52,0.00379
2020,2022,tas,male,53,0.00408
2020,2022,tas,male,54,0.0044
2020,2022,tas,male,55,0.00475
2020,2022,tas,male,56,0.00516
2020,2022,tas,male,57,0.00562
2020,2022,tas,male,58,0.00611
2020,2022,tas,male,59,0.00664
2020,2022,tas,male,60,0.00719
2020,2022,tas,male,61,0.00777
2020,2022,tas,male,62,0.00843
2020,2022,tas,male,63,0.00915
2020,2022,tas,male,64,0.00989
2020,2022,tas,male,65,0.01067
2020,2022,tas,male,66,0.01152
2020,2022,tas,male,67,0.01246
2020,2022,tas,male,68,0.01353
2020,2022,tas,male,69,0.01472
2020,2022,tas,male,70,0.01603
2020,2022,tas,male,71,0.0175
2020,2022,tas,male,72,0.01917
2020,2022,tas,male,73,0.02107
2020,2022,tas,male,74,0.02326
2020,2022,tas,male,75,0.02582
2020,2022,tas,male,76,0.02876
2020,2022,tas,male,77,0.03218
2020,2022,tas,male,78,0.03613
2020,2022,tas,male,79,0.04065
2020,2022,tas,male,80,0.04583
2020,2022,tas,male,81,0.05169
2020,2022,tas,male,82,0.05833
2020,2022,tas,male,83,0.06596
2020,2022,tas,male,84,0.07476
2020,2022,tas,male,85,0.08483
2020,2022,tas,male,86,0.09623
2020,2022,tas,male,87,0.10891
2020,2022,tas,male,88,0.12304
2020,2022,tas,male,89,0.13889
2020,2022,tas,male,90,0.15625
2020,2022,tas,male,91,0.17498
2020,2022,tas,male,92,0.19473
2020,2022,tas,male,93,0.21491
2020,2022,tas,male,94,0.23516
2020,2022,tas,male,95,0.25179
2020,2022,tas,male,96,0.26765
2020,2022,tas,male,97,0.28509
2020,2022,tas,male,98,0.30555
2020,2022,tas,male,99,0.33335
2020,2022,tas,male,100,0.3659
2020,2022,vic,female,0,0.00266
2020,2022,vic,female,1,0.00019
2020,2022,vic,female,2,0.0001
2020,2022,vic,female,3,0.00008
2020,2022,vic,female,4,0.00007
2020,2022,vic,female,5,0.00006
2020,2022,vic,female,6,0.00005
2020,2022,vic,female,7,0.00005
2020,2022,vic,female,8,0.00004
2020,2022,vic,female,9,0.00004
2020,2022,vic,female,10,0.00004
2020,2022,vic,female,11,0.00005
2020,2022,vic,female,12,0.00006
2020,2022,vic,female,13,0.00007
2020,2022,vic,female,14,0.0001
2020,2022,vic,female,15,0.00012
2020,2022,vic,female,16,0.00015
2020,2022,vic,female,17,0.00017
2020,2022,vic,female,18,0.00019
2020,2022,vic,female,19,0.00021
2020,2022,vic,female,20,0.00022
2020,2022,vic,female,21,0.00022
2020,2022,vic,female,22,0.00023
2020,2022,vic,female,23,0.00023
2020,2022,vic,female,24,0.00023
2020,2022,vic,female,25,0.00023
2020,2022,vic,female,26,0.00023
2020,2022,vic,female,27,0.00024
2020,2022,vic,female,28,0.00026
2020,2022,vic,female,29,0.00027
2020,2022,vic,female,30,0.00029
2020,2022,vic,female,31,0.00031
2020,2022,vic,female,32,0.00033
2020,2022,vic,female,33,0.00036
2020,2022,vic,female,34,0.00039
2020,2022,vic,female,35,0.00042
2020,2022,vic,female,36,0.00046
2020,2022,vic,female,37,0.00051
2020,2022,vic,female,38,0.00055
2020,2022,vic,female,39,0.0006
2020,2022,vic,female,40,0.00065
2020,2022,vic,female,41,0.00072
2020,2022,vic,female,42,0.0008
2020,2022,vic,female,43,0.00089
2020,2022,vic,female,44,0.00098
2020,2022,vic,female,45,0.00107
2020,2022,vic,female,46,0.00117
2020,2022,vic,female,47,0.00127
2020,2022,vic,female,48,0.00138
2020,2022,vic,female,49,0.0015
2020,2022,vic,female,50,0.00162
2020,2022,vic,female,51,0.00175
2020,2022,vic,female,52,0.00189
2020,2022,vic,female,53,0.00205
2020,2022,vic,female,54,0.00221
2020,2022,vic,female,55,0.00238
2020,2022,vic,female,56,0.00258
2020,2022,vic,female,57,0.0028
2020,2022,vic,female,58,0.00303
2020,2022,vic,female,59,0.00328
2020,2022,vic,female,60,0.00355
2020,2022,vic,female,61,0.00385
2020,2022,vic,female,62,0.00417
2020,2022,vic,female,63,0.00453
2020,2022,vic,female,64,0.00492
2020,2022,vic,female,65,0.00534
2020,2022,vic,female,66,0.0058
2020,2022,vic,female,67,0.00636
2020,2022,vic,female,68,0.00702
2020,2022,vic,female,69,0.00778
2020,2022,vic,female,70,0.00865
2020,2022,vic,female,71,0.0096
2020,2022,vic,female,72,0.01069
2020,2022,vic,female,73,0.01199
2020,2022,vic,female,74,0.0135
2020,2022,vic,female,75,0.01525
2020,2022,vic,female,76,0.01726
2020,2022,vic,female,77,0.01961
2020,2022,vic,female,78,0.02239
2020,2022,vic,female,79,0.02565
2020,2022,vic,female,80,0.0294
2020,2022,vic,female,81,0.03374
2020,2022,vic,female,82,0.0387
2020,2022,vic,female,83,0.0444
2020,2022,vic,female,84,0.05093
2020,2022,vic,female,85,0.0585
2020,2022,vic,female,86,0.0673
2020,2022,vic,female,87,0.07742
2020,2022,vic,female,88,0.08892
2020,2022,vic,female,89,0.10194
2020,2022,vic,female,90,0.11674
2020,2022,vic,female,91,0.13346
2020,2022,vic,female,92,0.15197
2020,2022,vic,female,93,0.17231
2020,2022,vic,female,94,0.19402
2020,2022,vic,female,95,0.21035
2020,2022,vic,female,96,0.22578
2020,2022,vic,female,97,0.25361
2020,2022,vic,female,98,0.27947
2020,2022,vic,female,99,0.30552
2020,2022,vic,female,100,0.33128
2020,2022,vic,male,0,0.00287
2020,2022,vic,male,1,0.0002
2020,2022,vic,male,2,0.00012
2020,2022,vic,male,3,0.0001
2020,2022,vic,male,4,0.00008
2020,2022,vic,male,5,0.00006
2020,2022,vic,male,6,0.00006
2020,2022,vic,male,7,0.00005
2020,2022,vic,male,8,0.00005
2020,2022,vic,male,9,0.00005
2020,2022,vic,male,10,0.00004
2020,2022,vic,male,11,0.00005
2020,2022,vic,male,12,0.00006
2020,2022,vic,male,13,0.00009
2020,2022,vic,male,14,0.00013
2020,2022,vic,male,15,0.00018
2020,2022,vic,male,16,0.00026
2020,2022,vic,male,17,0.00034
2020,2022,vic,male,18,0.00039
2020,2022,vic,male,19,0.00044
2020,2022,vic,male,20,0.00047
2020,2022,vic,male,21,0.00049
2020,2022,vic,male,22,0.00051
2020,2022,vic,male,23,0.00052
2020,2022,vic,male,24,0.00054
2020,2022,vic,male,25,0.00055
2020,2022,vic,male,26,0.00057
2020,2022,vic,male,27,0.00059
2020,2022,vic,male,28,0.00063
2020,2022,vic,male,29,0.00066
2020,2022,vic,male,30,0.00069
2020,2022,vic,male,31,0.00072
2020,2022,vic,male,32,0.00074
2020,2022,vic,male,33,0.00077
2020,2022,vic,male,34,0.0008
2020,2022,vic,male,35,0.00084
2020,2022,vic,male,36,0.00088
2020,2022,vic,male,37,0.00092
2020,2022,vic,male,38,0.00098
2020,2022,vic,male,39,0.00105
2020,2022,vic,male,40,0.00113
2020,2022,vic,male,41,0.00123
2020,2022,vic,male,42,0.00134
2020,2022,vic,male,43,0.00146
2020,2022,vic,male,44,0.0016
2020,2022,vic,male,45,0.00173
2020,2022,vic,male,46,0.00188
2020,2022,vic,male,47,0.00205
2020,2022,vic,male,48,0.00223
2020,2022,vic,male,49,0.00242
2020,2022,vic,male,50,0.00263
2020,2022,vic,male,51,0.00286
2020,2022,vic,male,52,0.00309
2020,2022,vic,male,53,0.00334
2020,2022,vic,male,54,0.00361
2020,2022,vic,male,55,0.00392
2020,2022,vic,male,56,0.00427
2020,2022,vic,male,57,0.00467
2020,2022,vic,male,58,0.00509
2020,2022,vic,male,59,0.00554
2020,2022,vic,male,60,0.00601
2020,2022,vic,male,61,0.00652
2020,2022,vic,male,62,0.0071
2020,2022,vic,male,63,0.00775
2020,2022,vic,male,64,0.00843
2020,2022,vic,male,65,0.00916
2020,2022,vic,male,66,0.00997
2020,2022,vic,male,67,0.0109
2020,2022,vic,male,68,0.01197
2020,2022,vic,male,69,0.01316
2020,2022,vic,male,70,0.01448
2020,2022,vic,male,71,0.01593
2020,2022,vic,male,72,0.01757
2020,2022,vic,male,73,0.01941
2020,2022,vic,male,74,0.02151
2020,2022,vic,male,75,0.02393
2020,2022,vic,male,76,0.02668
2020,2022,vic,male,77,0.02987
2020,2022,vic,male,78,0.03354
2020,2022,vic,male,79,0.03775
2020,2022,vic,male,80,0.0426
2020,2022,vic,male,81,0.04809
2020,2022,vic,male,82,0.05433
2020,2022,vic,male,83,0.06153
2020,2022,vic,male,84,0.06987
2020,2022,vic,male,85,0.07947
2020,2022,vic,male,86,0.09037
2020,2022,vic,male,87,0.10252
2020,2022,vic,male,88,0.11615
2020,2022,vic,male,89,0.13153
2020,2022,vic,male,90,0.14848
2020,2022,vic,male,91,0.16683
2020,2022,vic,male,92,0.18629
2020,2022,vic,male,93,0.20623
2020,2022,vic,male,94,0.22628
2020,2022,vic,male,95,0.24272
2020,2022,vic,male,96,0.25845
2020,2022,vic,male,97,0.27582
2020,2022,vic,male,98,0.29639
2020,2022,vic,male,99,0.32458
2020,2022,vic,male,100,0.35627
2020,2022,wa,female,0,0.00213
2020,2022,wa,female,1,0.00016
2020,2022,wa,female,2,0.00008
2020,2022,wa,female,3,0.00006
2020,2022,wa,female,4,0.00006
2020,2022,wa,female,5,0.00005
2020,2022,wa,female,6,0.00005
2020,2022,wa,female,7,0.00005
2020,2022,wa,female,8,0.00005
2020,2022,wa,female,9,0.00004
2020,2022,wa,female,10,0.00005
2020,2022,wa,female,11,0.00005
2020,2022,wa,female,12,0.00006
2020,2022,wa,female,13,0.00008
2020,2022,wa,female,14,0.00011
2020,2022,wa,female,15,0.00013
2020,2022,wa,female,16,0.00016
2020,2022,wa,female,17,0.0002
2020,2022,wa,female,18,0.00022
2020,2022,wa,female,19,0.00025
2020,2022,wa,female,20,0.00027
2020,2022,wa,female,21,0.00029
2020,2022,wa,female,22,0.0003
2020,2022,wa,female,23,0.00032
2020,2022,wa,female,24,0.00032
2020,2022,wa,female,25,0.00033
2020,2022,wa,female,26,0.00034
2020,2022,wa,female,27,0.00035
2020,2022,wa,female,28,0.00037
2020,2022,wa,female,29,0.00039
2020,2022,wa,female,30,0.0004
2020,2022,wa,female,31,0.00042
2020,2022,wa,female,32,0.00043
2020,2022,wa,female,33,0.00045
2020,2022,wa,female,34,0.00047
2020,2022,wa,female,35,0.00051
2020,2022,wa,female,36,0.00055
2020,2022,wa,female,37,0.0006
2020,2022,wa,female,38,0.00065
2020,2022,wa,female,39,0.0007
2020,2022,wa,female,40,0.00075
2020,2022,wa,female,41,0.00082
2020,2022,wa,female,42,0.00091
2020,2022,wa,female,43,0.001
2020,2022,wa,female,44,0.00111
2020,2022,wa,female,45,0.0012
2020,2022,wa,female,46,0.00129
2020,2022,wa,female,47,0.00138
2020,2022,wa,female,48,0.00147
2020,2022,wa,female,49,0.00156
2020,2022,wa,female,50,0.00165
2020,2022,wa,female,51,0.00174
2020,2022,wa,female,52,0.00187
2020,2022,wa,female,53,0.00202
2020,2022,wa,female,54,0.00218
2020,2022,wa,female,55,0.00235
2020,2022,wa,female,56,0.00255
2020,2022,wa,female,57,0.00276
2020,2022,wa,female,58,0.00299
2020,2022,wa,female,59,0.00324
2020,2022,wa,female,60,0.00351
2020,2022,wa,female,61,0.0038
2020,2022,wa,female,62,0.00414
2020,2022,wa,female,63,0.0045
2020,2022,wa,female,64,0.0049
2020,2022,wa,female,65,0.00532
2020,2022,wa,female,66,0.00577
2020,2022,wa,female,67,0.0063
2020,2022,wa,female,68,0.0069
2020,2022,wa,female,69,0.00758
2020,2022,wa,female,70,0.00833
2020,2022,wa,female,71,0.00915
2020,2022,wa,female,72,0.0101
2020,2022,wa,female,73,0.01123
2020,2022,wa,female,74,0.01255
2020,2022,wa,female,75,0.01408
2020,2022,wa,female,76,0.01582
2020,2022,wa,female,77,0.01789
2020,2022,wa,female,78,0.02036
2020,2022,wa,female,79,0.02326
2020,2022,wa,female,80,0.02661
2020,2022,wa,female,81,0.03052
2020,2022,wa,female,82,0.03503
2020,2022,wa,female,83,0.04028
2020,2022,wa,female,84,0.04637
2020,2022,wa,female,85,0.05354
2020,2022,wa,female,86,0.06199
2020,2022,wa,female,87,0.07182
2020,2022,wa,female,88,0.0831
2020,2022,wa,female,89,0.09599
2020,2022,wa,female,90,0.11087
2020,2022,wa,female,91,0.12784
2020,2022,wa,female,92,0.14667
2020,2022,wa,female,93,0.16737
2020,2022,wa,female,94,0.18943
2020,2022,wa,female,95,0.20585
2020,2022,wa,female,96,0.22077
2020,2022,wa,female,97,0.24765
2020,2022,wa,female,98,0.27223
2020,2022,wa,female,99,0.29704
2020,2022,wa,female,100,0.32209
2020,2022,wa,male,0,0.00254
2020,2022,wa,male,1,0.00023
2020,2022,wa,male,2,0.00015
2020,2022,wa,male,3,0.00013
2020,2022,wa,male,4,0.00011
2020,2022,wa,male,5,0.0001
2020,2022,wa,male,6,0.0001
2020,2022,wa,male,7,0.00009
2020,2022,wa,male,8,0.00009
2020,2022,wa,male,9,0.00008
2020,2022,wa,male,10,0.00008
2020,2022,wa,male,11,0.00008
2020,2022,wa,male,12,0.0001
2020,2022,wa,male,13,0.00013
2020,2022,wa,male,14,0.00018
2020,2022,wa,male,15,0.00025
2020,2022,wa,male,16,0.00034
2020,2022,wa,male,17,0.00044
2020,2022,wa,male,18,0.00052
2020,2022,wa,male,19,0.00059
2020,2022,wa,male,20,0.00064
2020,2022,wa,male,21,0.00068
2020,2022,wa,male,22,0.00072
2020,2022,wa,male,23,0.00074
2020,2022,wa,male,24,0.00077
2020,2022,wa,male,25,0.00079
2020,2022,wa,male,26,0.00081
2020,2022,wa,male,27,0.00083
2020,2022,wa,male,28,0.00086
2020,2022,wa,male,29,0.00088
2020,2022,wa,male,30,0.00091
2020,2022,wa,male,31,0.00093
2020,2022,wa,male,32,0.00095
2020,2022,wa,male,33,0.00098
2020,2022,wa,male,34,0.00102
2020,2022,wa,male,35,0.00106
2020,2022,wa,male,36,0.0011
2020,2022,wa,male,37,0.00115
2020,2022,wa,male,38,0.00121
2020,2022,wa,male,39,0.00128
2020,2022,wa,male,40,0.00138
2020,2022,wa,male,41,0.00148
2020,2022,wa,male,42,0.00158
2020,2022,wa,male,43,0.00168
2020,2022,wa,male,44,0.00178
2020,2022,wa,male,45,0.0019
2020,2022,wa,male,46,0.00202
2020,2022,wa,male,47,0.00217
2020,2022,wa,male,48,0.00234
2020,2022,wa,male,49,0.00253
2020,2022,wa,male,50,0.00272
2020,2022,wa,male,51,0.00292
2020,2022,wa,male,52,0.00312
2020,2022,wa,male,53,0.00332
2020,2022,wa,male,54,0.00355
2020,2022,wa,male,55,0.00382
2020,2022,wa,male,56,0.00413
2020,2022,wa,male,57,0.00448
2020,2022,wa,male,58,0.00487
2020,2022,wa,male,59,0.0053
2020,2022,wa,male,60,0.00576
2020,2022,wa,male,61,0.00626
2020,2022,wa,male,62,0.00684
2020,2022,wa,male,63,0.00747
2020,2022,wa,male,64,0.00813
2020,2022,wa,male,65,0.00882
2020,2022,wa,male,66,0.00956
2020,2022,wa,male,67,0.01039
2020,2022,wa,male,68,0.01133
2020,2022,wa,male,69,0.01238
2020,2022,wa,male,70,0.01353
2020,2022,wa,male,71,0.01484
2020,2022,wa,male,72,0.01636
2020,2022,wa,male,73,0.01811
2020,2022,wa,male,74,0.02013
2020,2022,wa,male,75,0.02247
2020,2022,wa,male,76,0.02515
2020,2022,wa,male,77,0.02823
2020,2022,wa,male,78,0.03174
2020,2022,wa,male,79,0.0357
2020,2022,wa,male,80,0.04022
2020,2022,wa,male,81,0.04533
2020,2022,wa,male,82,0.05115
2020,2022,wa,male,83,0.05788
2020,2022,wa,male,84,0.0657
2020,2022,wa,male,85,0.07472
2020,2022,wa,male,86,0.08498
2020,2022,wa,male,87,0.09644
2020,2022,wa,male,88,0.10919
2020,2022,wa,male,89,0.12351
2020,2022,wa,male,90,0.13925
2020,2022,wa,male,91,0.1562
2020,2022,wa,male,92,0.17397
2020,2022,wa,male,93,0.19179
2020,2022,wa,male,94,0.2093
2020,2022,wa,male,95,0.23277
2020,2022,wa,male,96,0.25534
2020,2022,wa,male,97,0.26941
2020,2022,wa,male,98,0.29666
2020,2022,wa,male,99,0.3218
2020,2022,wa,male,100,0.35322
2021,2023,act,female,0,0.0038
2021,2023,act,female,1,0.00014
2021,2023,act,female,2,0.00006
2021,2023,act,female,3,0.00005
2021,2023,act,female,4,0.00004
2021,2023,act,female,5,0.00003
2021,2023,act,female,6,0.00003
2021,2023,act,female,7,0.00003
2021,2023,act,female,8,0.00003
2021,2023,act,female,9,0.00003
2021,2023,act,female,10,0.00003
2021,2023,act,female,11,0.00004
2021,2023,act,female,12,0.00005
2021,2023,act,female,13,0.00007
2021,2023,act,female,14,0.00009
2021,2023,act,female,15,0.00012
2021,2023,act,female,16,0.00014
2021,2023,act,female,17,0.00016
2021,2023,act,female,18,0.00019
2021,2023,act,female,19,0.00021
2021,2023,act,female,20,0.00022
2021,2023,act,female,21,0.00024
2021,2023,act,female,22,0.00025
2021,2023,act,female,23,0.00025
2021,2023,act,female,24,0.00026
2021,2023,act,female,25,0.00026
2021,2023,act,female,26,0.00027
2021,2023,act,female,27,0.00028
2021,2023,act,female,28,0.0003
2021,2023,act,female,29,0.00032
2021,2023,act,female,30,0.00034
2021,2023,act,female,31,0.00037
2021,2023,act,female,32,0.00039
2021,2023,act,female,33,0.00042
2021,2023,act,female,34,0.00045
2021,2023,act,female,35,0.00049
2021,2023,act,female,36,0.00053
2021,2023,act,female,37,0.00057
2021,2023,act,female,38,0.00061
2021,2023,act,female,39,0.00066
2021,2023,act,female,40,0.00071
2021,2023,act,female,41,0.00077
2021,2023,act,female,42,0.00083
2021,2023,act,female,43,0.00091
2021,2023,act,female,44,0.00099
2021,2023,act,female,45,0.00106
2021,2023,act,female,46,0.00115
2021,2023,act,female,47,0.00124
2021,2023,act,female,48,0.00135
2021,2023,act,female,49,0.00146
2021,2023,act,female,50,0.00159
2021,2023,act,female,51,0.00172
2021,2023,act,female,52,0.00185
2021,2023,act,female,53,0.002
2021,2023,act,female,54,0.00216
2021,2023,act,female,55,0.00232
2021,2023,act,female,56,0.00249
2021,2023,act,female,57,0.00268
2021,2023,act,female,58,0.00288
2021,2023,act,female,59,0.00309
2021,2023,act,female,60,0.00331
2021,2023,act,female,61,0.00354
2021,2023,act,female,62,0.0038
2021,2023,act,female,63,0.00411
2021,2023,act,female,64,0.00447
2021,2023,act,female,65,0.00485
2021,2023,act,female,66,0.00525
2021,2023,act,female,67,0.00572
2021,2023,act,female,68,0.00625
2021,2023,act,female,69,0.00686
2021,2023,act,female,70,0.00756
2021,2023,act,female,71,0.00834
2021,2023,act,female,72,0.00929
2021,2023,act,female,73,0.01045
2021,2023,act,female,74,0.01186
2021,2023,act,female,75,0.01352
2021,2023,act,female,76,0.01548
2021,2023,act,female,77,0.01779
2021,2023,act,female,78,0.02053
2021,2023,act,female,79,0.02372
2021,2023,act,female,80,0.0274
2021,2023,act,female,81,0.03171
2021,2023,act,female,82,0.03675
2021,2023,act,female,83,0.04262
2021,2023,act,female,84,0.04939
2021,2023,act,female,85,0.05726
2021,2023,act,female,86,0.06647
2021,2023,act,female,87,0.07718
2021,2023,act,female,88,0.08964
2021,2023,act,female,89,0.10384
2021,2023,act,female,90,0.11981
2021,2023,act,female,91,0.1377
2021,2023,act,female,92,0.15582
2021,2023,act,female,93,0.17624
2021,2023,act,female,94,0.19951
2021,2023,act,female,95,0.22158
2021,2023,act,female,96,0.24445
2021,2023,act,female,97,0.27223
2021,2023,act,female,98,0.29961
2021,2023,act,female,99,0.32568
2021,2023,act,female,100,0.34928
2021,2023,act,male,0,0.00504
2021,2023,act,male,1,0.00015
2021,2023,act,male,2,0.00009
2021,2023,act,male,3,0.00008
2021,2023,act,male,4,0.00007
2021,2023,act,male,5,0.00007
2021,2023,act,male,6,0.00006
2021,2023,act,male,7,0.00006
2021,2023,act,male,8,0.00007
2021,2023,act,male,9,0.00007
2021,2023,act,male,10,0.00008
2021,2023,act,male,11,0.00009
2021,2023,act,male,12,0.0001
2021,2023,act,male,13,0.00013
2021,2023,act,male,14,0.00017
2021,2023,act,male,15,0.00022
2021,2023,act,male,16,0.0003
2021,2023,act,male,17,0.00037
2021,2023,act,male,18,0.00043
2021,2023,act,male,19,0.00047
2021,2023,act,male,20,0.00048
2021,2023,act,male,21,0.00049
2021,2023,act,male,22,0.00049
2021,2023,act,male,23,0.0005
2021,2023,act,male,24,0.0005
2021,2023,act,male,25,0.00051
2021,2023,act,male,26,0.00051
2021,2023,act,male,27,0.00052
2021,2023,act,male,28,0.00053
2021,2023,act,male,29,0.00055
2021,2023,act,male,30,0.00056
2021,2023,act,male,31,0.00058
2021,2023,act,male,32,0.0006
2021,2023,act,male,33,0.00063
2021,2023,act,male,34,0.00066
2021,2023,act,male,35,0.00069
2021,2023,act,male,36,0.00072
2021,2023,act,male,37,0.00077
2021,2023,act,male,38,0.00083
2021,2023,act,male,39,0.0009
2021,2023,act,male,40,0.00099
2021,2023,act,male,41,0.00109
2021,2023,act,male,42,0.00121
2021,2023,act,male,43,0.00134
2021,2023,act,male,44,0.00146
2021,2023,act,male,45,0.00158
2021,2023,act,male,46,0.00169
2021,2023,act,male,47,0.00182
2021,2023,act,male,48,0.00198
2021,2023,act,male,49,0.00215
2021,2023,act,male,50,0.00234
2021,2023,act,male,51,0.00254
2021,2023,act,male,52,0.00275
2021,2023,act,male,53,0.00297
2021,2023,act,male,54,0.00323
2021,2023,act,male,55,0.00351
2021,2023,act,male,56,0.00382
2021,2023,act,male,57,0.00418
2021,2023,act,male,58,0.00458
2021,2023,act,male,59,0.00502
2021,2023,act,male,60,0.00545
2021,2023,act,male,61,0.00601
2021,2023,act,male,62,0.00666
2021,2023,act,male,63,0.00738
2021,2023,act,male,64,0.00817
2021,2023,act,male,65,0.00911
2021,2023,act,male,66,0.01007
2021,2023,act,male,67,0.01114
2021,2023,act,male,68,0.01234
2021,2023,act,male,69,0.01363
2021,2023,act,male,70,0.01506
2021,2023,act,male,71,0.01667
2021,2023,act,male,72,0.01855
2021,2023,act,male,73,0.02069
2021,2023,act,male,74,0.02311
2021,2023,act,male,75,0.02583
2021,2023,act,male,76,0.02886
2021,2023,act,male,77,0.0323
2021,2023,act,male,78,0.03617
2021,2023,act,male,79,0.04047
2021,2023,act,male,80,0.04523
2021,2023,act,male,81,0.05035
2021,2023,act,male,82,0.05599
2021,2023,act,male,83,0.06233
2021,2023,act,male,84,0.06954
2021,2023,act,male,85,0.07773
2021,2023,act,male,86,0.08699
2021,2023,act,male,87,0.09735
2021,2023,act,male,88,0.10884
2021,2023,act,male,89,0.12166
2021,2023,act,male,90,0.13566
2021,2023,act,male,91,0.15084
2021,2023,act,male,92,0.16999
2021,2023,act,male,93,0.18939
2021,2023,act,male,94,0.20812
2021,2023,act,male,95,0.22757
2021,2023,act,male,96,0.25169
2021,2023,act,male,97,0.27982
2021,2023,act,male,98,0.30656
2021,2023,act,male,99,0.33532
2021,2023,act,male,100,0.36529
2021,2023,nsw,female,0,0.00251
2021,2023,nsw,female,1,0.00019
2021,2023,nsw,female,2,0.00011
2021,2023,nsw,female,3,0.00009
2021,2023,nsw,female,4,0.00008
2021,2023,nsw,female,5,0.00007
2021,2023,nsw,female,6,0.00007
2021,2023,nsw,female,7,0.00006
2021,2023,nsw,female,8,0.00006
2021,2023,nsw,female,9,0.00006
2021,2023,nsw,female,10,0.00006
2021,2023,nsw,female,11,0.00006
2021,2023,nsw,female,12,0.00007
2021,2023,nsw,female,13,0.00009
2021,2023,nsw,female,14,0.00011
2021,2023,nsw,female,15,0.00013
2021,2023,nsw,female,16,0.00015
2021,2023,nsw,female,17,0.00017
2021,2023,nsw,female,18,0.00019
2021,2023,nsw,female,19,0.0002
2021,2023,nsw,female,20,0.00021
2021,2023,nsw,female,21,0.00022
2021,2023,nsw,female,22,0.00022
2021,2023,nsw,female,23,0.00023
2021,2023,nsw,female,24,0.00023
2021,2023,nsw,female,25,0.00023
2021,2023,nsw,female,26,0.00023
2021,2023,nsw,female,27,0.00023
2021,2023,nsw,female,28,0.00024
2021,2023,nsw,female,29,0.00026
2021,2023,nsw,female,30,0.00027
2021,2023,nsw,female,31,0.00029
2021,2023,nsw,female,32,0.00032
2021,2023,nsw,female,33,0.00034
2021,2023,nsw,female,34,0.00037
2021,2023,nsw,female,35,0.0004
2021,2023,nsw,female,36,0.00044
2021,2023,nsw,female,37,0.00048
2021,2023,nsw,female,38,0.00052
2021,2023,nsw,female,39,0.00057
2021,2023,nsw,female,40,0.00062
2021,2023,nsw,female,41,0.00069
2021,2023,nsw,female,42,0.00076
2021,2023,nsw,female,43,0.00085
2021,2023,nsw,female,44,0.00095
2021,2023,nsw,female,45,0.00104
2021,2023,nsw,female,46,0.00115
2021,2023,nsw,female,47,0.00126
2021,2023,nsw,female,48,0.00138
2021,2023,nsw,female,49,0.00152
2021,2023,nsw,female,50,0.00166
2021,2023,nsw,female,51,0.00181
2021,2023,nsw,female,52,0.00196
2021,2023,nsw,female,53,0.00213
2021,2023,nsw,female,54,0.00232
2021,2023,nsw,female,55,0.00251
2021,2023,nsw,female,56,0.00272
2021,2023,nsw,female,57,0.00294
2021,2023,nsw,female,58,0.00319
2021,2023,nsw,female,59,0.00346
2021,2023,nsw,female,60,0.00375
2021,2023,nsw,female,61,0.00406
2021,2023,nsw,female,62,0.00442
2021,2023,nsw,female,63,0.00484
2021,2023,nsw,female,64,0.00532
2021,2023,nsw,female,65,0.00583
2021,2023,nsw,female,66,0.00637
2021,2023,nsw,female,67,0.00697
2021,2023,nsw,female,68,0.00765
2021,2023,nsw,female,69,0.00841
2021,2023,nsw,female,70,0.00925
2021,2023,nsw,female,71,0.01018
2021,2023,nsw,female,72,0.01127
2021,2023,nsw,female,73,0.0126
2021,2023,nsw,female,74,0.01418
2021,2023,nsw,female,75,0.01602
2021,2023,nsw,female,76,0.01817
2021,2023,nsw,female,77,0.02067
2021,2023,nsw,female,78,0.02359
2021,2023,nsw,female,79,0.02693
2021,2023,nsw,female,80,0.03073
2021,2023,nsw,female,81,0.0351
2021,2023,nsw,female,82,0.04013
2021,2023,nsw,female,83,0.04591
2021,2023,nsw,female,84,0.05247
2021,2023,nsw,female,85,0.05998
2021,2023,nsw,female,86,0.06868
2021,2023,nsw,female,87,0.0787
2021,2023,nsw,female,88,0.09026
2021,2023,nsw,female,89,0.10334
2021,2023,nsw,female,90,0.11792
2021,2023,nsw,female,91,0.13414
2021,2023,nsw,female,92,0.15212
2021,2023,nsw,female,93,0.17074
2021,2023,nsw,female,94,0.19248
2021,2023,nsw,female,95,0.21227
2021,2023,nsw,female,96,0.2326
2021,2023,nsw,female,97,0.25798
2021,2023,nsw,female,98,0.28329
2021,2023,nsw,female,99,0.30724
2021,2023,nsw,female,100,0.33139
2021,2023,nsw,male,0,0.00311
2021,2023,nsw,male,1,0.00021
2021,2023,nsw,male,2,0.00014
2021,2023,nsw,male,3,0.00012
2021,2023,nsw,male,4,0.0001
2021,2023,nsw,male,5,0.00009
2021,2023,nsw,male,6,0.00008
2021,2023,nsw,male,7,0.00007
2021,2023,nsw,male,8,0.00007
2021,2023,nsw,male,9,0.00007
2021,2023,nsw,male,10,0.00007
2021,2023,nsw,male,11,0.00008
2021,2023,nsw,male,12,0.00009
2021,2023,nsw,male,13,0.00011
2021,2023,nsw,male,14,0.00016
2021,2023,nsw,male,15,0.00021
2021,2023,nsw,male,16,0.00029
2021,2023,nsw,male,17,0.00036
2021,2023,nsw,male,18,0.00042
2021,2023,nsw,male,19,0.00046
2021,2023,nsw,male,20,0.00048
2021,2023,nsw,male,21,0.00049
2021,2023,nsw,male,22,0.0005
2021,2023,nsw,male,23,0.00052
2021,2023,nsw,male,24,0.00053
2021,2023,nsw,male,25,0.00055
2021,2023,nsw,male,26,0.00056
2021,2023,nsw,male,27,0.00058
2021,2023,nsw,male,28,0.00061
2021,2023,nsw,male,29,0.00063
2021,2023,nsw,male,30,0.00066
2021,2023,nsw,male,31,0.00069
2021,2023,nsw,male,32,0.00072
2021,2023,nsw,male,33,0.00076
2021,2023,nsw,male,34,0.00079
2021,2023,nsw,male,35,0.00083
2021,2023,nsw,male,36,0.00087
2021,2023,nsw,male,37,0.00092
2021,2023,nsw,male,38,0.00098
2021,2023,nsw,male,39,0.00106
2021,2023,nsw,male,40,0.00115
2021,2023,nsw,male,41,0.00127
2021,2023,nsw,male,42,0.0014
2021,2023,nsw,male,43,0.00153
2021,2023,nsw,male,44,0.00168
2021,2023,nsw,male,45,0.00182
2021,2023,nsw,male,46,0.00196
2021,2023,nsw,male,47,0.00212
2021,2023,nsw,male,48,0.00232
2021,2023,nsw,male,49,0.00255
2021,2023,nsw,male,50,0.00279
2021,2023,nsw,male,51,0.00305
2021,2023,nsw,male,52,0.00332
2021,2023,nsw,male,53,0.0036
2021,2023,nsw,male,54,0.0039
2021,2023,nsw,male,55,0.00423
2021,2023,nsw,male,56,0.00458
2021,2023,nsw,male,57,0.00499
2021,2023,nsw,male,58,0.00543
2021,2023,nsw,male,59,0.0059
2021,2023,nsw,male,60,0.00642
2021,2023,nsw,male,61,0.007
2021,2023,nsw,male,62,0.00766
2021,2023,nsw,male,63,0.00837
2021,2023,nsw,male,64,0.00915
2021,2023,nsw,male,65,0.00997
2021,2023,nsw,male,66,0.01087
2021,2023,nsw,male,67,0.01185
2021,2023,nsw,male,68,0.01292
2021,2023,nsw,male,69,0.01405
2021,2023,nsw,male,70,0.01529
2021,2023,nsw,male,71,0.0167
2021,2023,nsw,male,72,0.01838
2021,2023,nsw,male,73,0.02034
2021,2023,nsw,male,74,0.02263
2021,2023,nsw,male,75,0.02523
2021,2023,nsw,male,76,0.02823
2021,2023,nsw,male,77,0.0317
2021,2023,nsw,male,78,0.03573
2021,2023,nsw,male,79,0.04031
2021,2023,nsw,male,80,0.0455
2021,2023,nsw,male,81,0.0512
2021,2023,nsw,male,82,0.05759
2021,2023,nsw,male,83,0.06488
2021,2023,nsw,male,84,0.07326
2021,2023,nsw,male,85,0.08284
2021,2023,nsw,male,86,0.09365
2021,2023,nsw,male,87,0.10566
2021,2023,nsw,male,88,0.11881
2021,2023,nsw,male,89,0.13318
2021,2023,nsw,male,90,0.14842
2021,2023,nsw,male,91,0.16437
2021,2023,nsw,male,92,0.18261
2021,2023,nsw,male,93,0.20168
2021,2023,nsw,male,94,0.2169
2021,2023,nsw,male,95,0.23323
2021,2023,nsw,male,96,0.25429
2021,2023,nsw,male,97,0.27826
2021,2023,nsw,male,98,0.30058
2021,2023,nsw,male,99,0.32931
2021,2023,nsw,male,100,0.35972
2021,2023,nt,female,0,0.00688
2021,2023,nt,female,1,0.00031
2021,2023,nt,female,2,0.00025
2021,2023,nt,female,3,0.00022
2021,2023,nt,female,4,0.00021
2021,2023,nt,female,5,0.00021
2021,2023,nt,female,6,0.00021
2021,2023,nt,female,7,0.00021
2021,2023,nt,female,8,0.00021
2021,2023,nt,female,9,0.00021
2021,2023,nt,female,10,0.00023
2021,2023,nt,female,11,0.00024
2021,2023,nt,female,12,0.00027
2021,2023,nt,female,13,0.0003
2021,2023,nt,female,14,0.00034
2021,2023,nt,female,15,0.00038
2021,2023,nt,female,16,0.00042
2021,2023,nt,female,17,0.00045
2021,2023,nt,female,18,0.00049
2021,2023,nt,female,19,0.00052
2021,2023,nt,female,20,0.00055
2021,2023,nt,female,21,0.00058
2021,2023,nt,female,22,0.0006
2021,2023,nt,female,23,0.00061
2021,2023,nt,female,24,0.00062
2021,2023,nt,female,25,0.00063
2021,2023,nt,female,26,0.00065
2021,2023,nt,female,27,0.00067
2021,2023,nt,female,28,0.0007
2021,2023,nt,female,29,0.00073
2021,2023,nt,female,30,0.00077
2021,2023,nt,female,31,0.00081
2021,2023,nt,female,32,0.00087
2021,2023,nt,female,33,0.00092
2021,2023,nt,female,34,0.00099
2021,2023,nt,female,35,0.00107
2021,2023,nt,female,36,0.00116
2021,2023,nt,female,37,0.00125
2021,2023,nt,female,38,0.00135
2021,2023,nt,female,39,0.00146
2021,2023,nt,female,40,0.00157
2021,2023,nt,female,41,0.00169
2021,2023,nt,female,42,0.00183
2021,2023,nt,female,43,0.00198
2021,2023,nt,female,44,0.00215
2021,2023,nt,female,45,0.00231
2021,2023,nt,female,46,0.00249
2021,2023,nt,female,47,0.00269
2021,2023,nt,female,48,0.0029
2021,2023,nt,female,49,0.00313
2021,2023,nt,female,50,0.00338
2021,2023,nt,female,51,0.00364
2021,2023,nt,female,52,0.00393
2021,2023,nt,female,53,0.00426
2021,2023,nt,female,54,0.00462
2021,2023,nt,female,55,0.00501
2021,2023,nt,female,56,0.00544
2021,2023,nt,female,57,0.00594
2021,2023,nt,female,58,0.00648
2021,2023,nt,female,59,0.00708
2021,2023,nt,female,60,0.00774
2021,2023,nt,female,61,0.00846
2021,2023,nt,female,62,0.00927
2021,2023,nt,female,63,0.01017
2021,2023,nt,female,64,0.01118
2021,2023,nt,female,65,0.01226
2021,2023,nt,female,66,0.01341
2021,2023,nt,female,67,0.01465
2021,2023,nt,female,68,0.01598
2021,2023,nt,female,69,0.01742
2021,2023,nt,female,70,0.01894
2021,2023,nt,female,71,0.02055
2021,2023,nt,female,72,0.02229
2021,2023,nt,female,73,0.02421
2021,2023,nt,female,74,0.0263
2021,2023,nt,female,75,0.02854
2021,2023,nt,female,76,0.03094
2021,2023,nt,female,77,0.03353
2021,2023,nt,female,78,0.03632
2021,2023,nt,female,79,0.03931
2021,2023,nt,female,80,0.04249
2021,2023,nt,female,81,0.04595
2021,2023,nt,female,82,0.04972
2021,2023,nt,female,83,0.05385
2021,2023,nt,female,84,0.05837
2021,2023,nt,female,85,0.06341
2021,2023,nt,female,86,0.0692
2021,2023,nt,female,87,0.07586
2021,2023,nt,female,88,0.08365
2021,2023,nt,female,89,0.0926
2021,2023,nt,female,90,0.10275
2021,2023,nt,female,91,0.11434
2021,2023,nt,female,92,0.12757
2021,2023,nt,female,93,0.14137
2021,2023,nt,female,94,0.15839
2021,2023,nt,female,95,0.17348
2021,2023,nt,female,96,0.18931
2021,2023,nt,female,97,0.21074
2021,2023,nt,female,98,0.23239
2021,2023,nt,female,99,0.25296
2021,2023,nt,female,100,0.27285
2021,2023,nt,male,0,0.00794
2021,2023,nt,male,1,0.00041
2021,2023,nt,male,2,0.00035
2021,2023,nt,male,3,0.00034
2021,2023,nt,male,4,0.00032
2021,2023,nt,male,5,0.00031
2021,2023,nt,male,6,0.0003
2021,2023,nt,male,7,0.0003
2021,2023,nt,male,8,0.0003
2021,2023,nt,male,9,0.00031
2021,2023,nt,male,10,0.00033
2021,2023,nt,male,11,0.00036
2021,2023,nt,male,12,0.0004
2021,2023,nt,male,13,0.00046
2021,2023,nt,male,14,0.00054
2021,2023,nt,male,15,0.00065
2021,2023,nt,male,16,0.00078
2021,2023,nt,male,17,0.0009
2021,2023,nt,male,18,0.00101
2021,2023,nt,male,19,0.0011
2021,2023,nt,male,20,0.00117
2021,2023,nt,male,21,0.00121
2021,2023,nt,male,22,0.00125
2021,2023,nt,male,23,0.00129
2021,2023,nt,male,24,0.00132
2021,2023,nt,male,25,0.00134
2021,2023,nt,male,26,0.00136
2021,2023,nt,male,27,0.00138
2021,2023,nt,male,28,0.0014
2021,2023,nt,male,29,0.00143
2021,2023,nt,male,30,0.00146
2021,2023,nt,male,31,0.00149
2021,2023,nt,male,32,0.00152
2021,2023,nt,male,33,0.00156
2021,2023,nt,male,34,0.00161
2021,2023,nt,male,35,0.00165
2021,2023,nt,male,36,0.00171
2021,2023,nt,male,37,0.00179
2021,2023,nt,male,38,0.00189
2021,2023,nt,male,39,0.00201
2021,2023,nt,male,40,0.00216
2021,2023,nt,male,41,0.00234
2021,2023,nt,male,42,0.00254
2021,2023,nt,male,43,0.00276
2021,2023,nt,male,44,0.00299
2021,2023,nt,male,45,0.00322
2021,2023,nt,male,46,0.00345
2021,2023,nt,male,47,0.00372
2021,2023,nt,male,48,0.00401
2021,2023,nt,male,49,0.00432
2021,2023,nt,male,50,0.00465
2021,2023,nt,male,51,0.005
2021,2023,nt,male,52,0.00536
2021,2023,nt,male,53,0.00574
2021,2023,nt,male,54,0.00615
2021,2023,nt,male,55,0.0066
2021,2023,nt,male,56,0.00709
2021,2023,nt,male,57,0.00765
2021,2023,nt,male,58,0.00827
2021,2023,nt,male,59,0.00895
2021,2023,nt,male,60,0.00972
2021,2023,nt,male,61,0.01057
2021,2023,nt,male,62,0.01156
2021,2023,nt,male,63,0.01266
2021,2023,nt,male,64,0.0139
2021,2023,nt,male,65,0.01528
2021,2023,nt,male,66,0.01681
2021,2023,nt,male,67,0.01854
2021,2023,nt,male,68,0.02048
2021,2023,nt,male,69,0.02259
2021,2023,nt,male,70,0.02491
2021,2023,nt,male,71,0.02748
2021,2023,nt,male,72,0.03036
2021,2023,nt,male,73,0.03354
2021,2023,nt,male,74,0.037
2021,2023,nt,male,75,0.04069
2021,2023,nt,male,76,0.04464
2021,2023,nt,male,77,0.04885
2021,2023,nt,male,78,0.0533
2021,2023,nt,male,79,0.05793
2021,2023,nt,male,80,0.06266
2021,2023,nt,male,81,0.06731
2021,2023,nt,male,82,0.0719
2021,2023,nt,male,83,0.0765
2021,2023,nt,male,84,0.08114
2021,2023,nt,male,85,0.08584
2021,2023,nt,male,86,0.09208
2021,2023,nt,male,87,0.09763
2021,2023,nt,male,88,0.10715
2021,2023,nt,male,89,0.11825
2021,2023,nt,male,90,0.13053
2021,2023,nt,male,91,0.1411
2021,2023,nt,male,92,0.15394
2021,2023,nt,male,93,0.16883
2021,2023,nt,male,94,0.18095
2021,2023,nt,male,95,0.19193
2021,2023,nt,male,96,0.20799
2021,2023,nt,male,97,0.22819
2021,2023,nt,male,98,0.25123
2021,2023,nt,male,99,0.27545
2021,2023,nt,male,100,0.3009
2021,2023,qld,female,0,0.00421
2021,2023,qld,female,1,0.00024
2021,2023,qld,female,2,0.00016
2021,2023,qld,female,3,0.00013
2021,2023,qld,female,4,0.00012
2021,2023,qld,female,5,0.0001
2021,2023,qld,female,6,0.00009
2021,2023,qld,female,7,0.00009
2021,2023,qld,female,8,0.00008
2021,2023,qld,female,9,0.00008
2021,2023,qld,female,10,0.00008
2021,2023,qld,female,11,0.00008
2021,2023,qld,female,12,0.00009
2021,2023,qld,female,13,0.00011
2021,2023,qld,female,14,0.00013
2021,2023,qld,female,15,0.00015
2021,2023,qld,female,16,0.00016
2021,2023,qld,female,17,0.00018
2021,2023,qld,female,18,0.0002
2021,2023,qld,female,19,0.00022
2021,2023,qld,female,20,0.00023
2021,2023,qld,female,21,0.00024
2021,2023,qld,female,22,0.00025
2021,2023,qld,female,23,0.00025
2021,2023,qld,female,24,0.00025
2021,2023,qld,female,25,0.00026
2021,2023,qld,female,26,0.00026
2021,2023,qld,female,27,0.00028
2021,2023,qld,female,28,0.00029
2021,2023,qld,female,29,0.00031
2021,2023,qld,female,30,0.00034
2021,2023,qld,female,31,0.00036
2021,2023,qld,female,32,0.00039
2021,2023,qld,female,33,0.00042
2021,2023,qld,female,34,0.00046
2021,2023,qld,female,35,0.0005
2021,2023,qld,female,36,0.00055
2021,2023,qld,female,37,0.0006
2021,2023,qld,female,38,0.00066
2021,2023,qld,female,39,0.00072
2021,2023,qld,female,40,0.00078
2021,2023,qld,female,41,0.00084
2021,2023,qld,female,42,0.00092
2021,2023,qld,female,43,0.001
2021,2023,qld,female,44,0.0011
2021,2023,qld,female,45,0.00118
2021,2023,qld,female,46,0.00128
2021,2023,qld,female,47,0.00138
2021,2023,qld,female,48,0.0015
2021,2023,qld,female,49,0.00163
2021,2023,qld,female,50,0.00177
2021,2023,qld,female,51,0.00192
2021,2023,qld,female,52,0.00208
2021,2023,qld,female,53,0.00226
2021,2023,qld,female,54,0.00245
2021,2023,qld,female,55,0.00265
2021,2023,qld,female,56,0.00287
2021,2023,qld,female,57,0.00311
2021,2023,qld,female,58,0.00337
2021,2023,qld,female,59,0.00364
2021,2023,qld,female,60,0.00393
2021,2023,qld,female,61,0.00424
2021,2023,qld,female,62,0.00458
2021,2023,qld,female,63,0.00498
2021,2023,qld,female,64,0.00544
2021,2023,qld,female,65,0.00592
2021,2023,qld,female,66,0.00644
2021,2023,qld,female,67,0.00703
2021,2023,qld,female,68,0.0077
2021,2023,qld,female,69,0.00847
2021,2023,qld,female,70,0.00933
2021,2023,qld,female,71,0.01031
2021,2023,qld,female,72,0.01146
2021,2023,qld,female,73,0.01286
2021,2023,qld,female,74,0.01451
2021,2023,qld,female,75,0.01643
2021,2023,qld,female,76,0.01866
2021,2023,qld,female,77,0.02125
2021,2023,qld,female,78,0.02427
2021,2023,qld,female,79,0.02772
2021,2023,qld,female,80,0.03162
2021,2023,qld,female,81,0.0361
2021,2023,qld,female,82,0.04121
2021,2023,qld,female,83,0.04705
2021,2023,qld,female,84,0.05365
2021,2023,qld,female,85,0.06116
2021,2023,qld,female,86,0.06981
2021,2023,qld,female,87,0.0797
2021,2023,qld,female,88,0.09107
2021,2023,qld,female,89,0.10392
2021,2023,qld,female,90,0.11825
2021,2023,qld,female,91,0.13426
2021,2023,qld,female,92,0.15212
2021,2023,qld,female,93,0.17074
2021,2023,qld,female,94,0.1926
2021,2023,qld,female,95,0.21262
2021,2023,qld,female,96,0.2333
2021,2023,qld,female,97,0.25911
2021,2023,qld,female,98,0.28489
2021,2023,qld,female,99,0.30932
2021,2023,qld,female,100,0.33364
2021,2023,qld,male,0,0.00449
2021,2023,qld,male,1,0.00025
2021,2023,qld,male,2,0.00018
2021,2023,qld,male,3,0.00015
2021,2023,qld,male,4,0.00013
2021,2023,qld,male,5,0.00011
2021,2023,qld,male,6,0.0001
2021,2023,qld,male,7,0.00009
2021,2023,qld,male,8,0.00009
2021,2023,qld,male,9,0.00009
2021,2023,qld,male,10,0.00009
2021,2023,qld,male,11,0.00011
2021,2023,qld,male,12,0.00013
2021,2023,qld,male,13,0.00016
2021,2023,qld,male,14,0.00021
2021,2023,qld,male,15,0.00029
2021,2023,qld,male,16,0.00038
2021,2023,qld,male,17,0.00047
2021,2023,qld,male,18,0.00055
2021,2023,qld,male,19,0.00061
2021,2023,qld,male,20,0.00065
2021,2023,qld,male,21,0.00068
2021,2023,qld,male,22,0.0007
2021,2023,qld,male,23,0.00072
2021,2023,qld,male,24,0.00074
2021,2023,qld,male,25,0.00076
2021,2023,qld,male,26,0.00077
2021,2023,qld,male,27,0.00079
2021,2023,qld,male,28,0.00081
2021,2023,qld,male,29,0.00083
2021,2023,qld,male,30,0.00085
2021,2023,qld,male,31,0.00088
2021,2023,qld,male,32,0.00091
2021,2023,qld,male,33,0.00095
2021,2023,qld,male,34,0.00099
2021,2023,qld,male,35,0.00103
2021,2023,qld,male,36,0.00108
2021,2023,qld,male,37,0.00113
2021,2023,qld,male,38,0.0012
2021,2023,qld,male,39,0.00129
2021,2023,qld,male,40,0.00139
2021,2023,qld,male,41,0.0015
2021,2023,qld,male,42,0.00163
2021,2023,qld,male,43,0.00176
2021,2023,qld,male,44,0.00189
2021,2023,qld,male,45,0.00202
2021,2023,qld,male,46,0.00214
2021,2023,qld,male,47,0.00229
2021,2023,qld,male,48,0.00247
2021,2023,qld,male,49,0.00268
2021,2023,qld,male,50,0.0029
2021,2023,qld,male,51,0.00315
2021,2023,qld,male,52,0.0034
2021,2023,qld,male,53,0.00368
2021,2023,qld,male,54,0.00398
2021,2023,qld,male,55,0.00431
2021,2023,qld,male,56,0.00467
2021,2023,qld,male,57,0.00508
2021,2023,qld,male,58,0.00551
2021,2023,qld,male,59,0.00598
2021,2023,qld,male,60,0.00649
2021,2023,qld,male,61,0.00704
2021,2023,qld,male,62,0.00766
2021,2023,qld,male,63,0.00833
2021,2023,qld,male,64,0.00905
2021,2023,qld,male,65,0.00983
2021,2023,qld,male,66,0.01069
2021,2023,qld,male,67,0.01166
2021,2023,qld,male,68,0.01274
2021,2023,qld,male,69,0.01392
2021,2023,qld,male,70,0.01525
2021,2023,qld,male,71,0.0168
2021,2023,qld,male,72,0.01863
2021,2023,qld,male,73,0.02077
2021,2023,qld,male,74,0.02325
2021,2023,qld,male,75,0.02609
2021,2023,qld,male,76,0.02933
2021,2023,qld,male,77,0.03307
2021,2023,qld,male,78,0.03736
2021,2023,qld,male,79,0.04221
2021,2023,qld,male,80,0.04764
2021,2023,qld,male,81,0.05358
2021,2023,qld,male,82,0.06016
2021,2023,qld,male,83,0.06757
2021,2023,qld,male,84,0.07595
2021,2023,qld,male,85,0.08538
2021,2023,qld,male,86,0.09591
2021,2023,qld,male,87,0.1075
2021,2023,qld,male,88,0.12013
2021,2023,qld,male,89,0.134
2021,2023,qld,male,90,0.1489
2021,2023,qld,male,91,0.1648
2021,2023,qld,male,92,0.18346
2021,2023,qld,male,93,0.2036
2021,2023,qld,male,94,0.22069
2021,2023,qld,male,95,0.23977
2021,2023,qld,male,96,0.26437
2021,2023,qld,male,97,0.29247
2021,2023,qld,male,98,0.31929
2021,2023,qld,male,99,0.35236
2021,2023,qld,male,100,0.38491
2021,2023,sa,female,0,0.00267
2021,2023,sa,female,1,0.00019
2021,2023,sa,female,2,0.00012
2021,2023,sa,female,3,0.00009
2021,2023,sa,female,4,0.00008
2021,2023,sa,female,5,0.00008
2021,2023,sa,female,6,0.00007
2021,2023,sa,female,7,0.00006
2021,2023,sa,female,8,0.00005
2021,2023,sa,female,9,0.00005
2021,2023,sa,female,10,0.00005
2021,2023,sa,female,11,0.00005
2021,2023,sa,female,12,0.00006
2021,2023,sa,female,13,0.00008
2021,2023,sa,female,14,0.00011
2021,2023,sa,female,15,0.00014
2021,2023,sa,female,16,0.00017
2021,2023,sa,female,17,0.00019
2021,2023,sa,female,18,0.00022
2021,2023,sa,female,19,0.00023
2021,2023,sa,female,20,0.00025
2021,2023,sa,female,21,0.00026
2021,2023,sa,female,22,0.00027
2021,2023,sa,female,23,0.00028
2021,2023,sa,female,24,0.00028
2021,2023,sa,female,25,0.00029
2021,2023,sa,female,26,0.0003
2021,2023,sa,female,27,0.00031
2021,2023,sa,female,28,0.00032
2021,2023,sa,female,29,0.00033
2021,2023,sa,female,30,0.00035
2021,2023,sa,female,31,0.00037
2021,2023,sa,female,32,0.00039
2021,2023,sa,female,33,0.00042
2021,2023,sa,female,34,0.00046
2021,2023,sa,female,35,0.00051
2021,2023,sa,female,36,0.00057
2021,2023,sa,female,37,0.00063
2021,2023,sa,female,38,0.0007
2021,2023,sa,female,39,0.00076
2021,2023,sa,female,40,0.00081
2021,2023,sa,female,41,0.00087
2021,2023,sa,female,42,0.00095
2021,2023,sa,female,43,0.00103
2021,2023,sa,female,44,0.00112
2021,2023,sa,female,45,0.00121
2021,2023,sa,female,46,0.0013
2021,2023,sa,female,47,0.0014
2021,2023,sa,female,48,0.00152
2021,2023,sa,female,49,0.00165
2021,2023,sa,female,50,0.00179
2021,2023,sa,female,51,0.00195
2021,2023,sa,female,52,0.00212
2021,2023,sa,female,53,0.00232
2021,2023,sa,female,54,0.00253
2021,2023,sa,female,55,0.00276
2021,2023,sa,female,56,0.00301
2021,2023,sa,female,57,0.00326
2021,2023,sa,female,58,0.00354
2021,2023,sa,female,59,0.00382
2021,2023,sa,female,60,0.00411
2021,2023,sa,female,61,0.00441
2021,2023,sa,female,62,0.00474
2021,2023,sa,female,63,0.00511
2021,2023,sa,female,64,0.00552
2021,2023,sa,female,65,0.00596
2021,2023,sa,female,66,0.00641
2021,2023,sa,female,67,0.00692
2021,2023,sa,female,68,0.00752
2021,2023,sa,female,69,0.0082
2021,2023,sa,female,70,0.00896
2021,2023,sa,female,71,0.00984
2021,2023,sa,female,72,0.01091
2021,2023,sa,female,73,0.01226
2021,2023,sa,female,74,0.0139
2021,2023,sa,female,75,0.01581
2021,2023,sa,female,76,0.01801
2021,2023,sa,female,77,0.02053
2021,2023,sa,female,78,0.02342
2021,2023,sa,female,79,0.02671
2021,2023,sa,female,80,0.03042
2021,2023,sa,female,81,0.03474
2021,2023,sa,female,82,0.03971
2021,2023,sa,female,83,0.04543
2021,2023,sa,female,84,0.05194
2021,2023,sa,female,85,0.05946
2021,2023,sa,female,86,0.06819
2021,2023,sa,female,87,0.07826
2021,2023,sa,female,88,0.08983
2021,2023,sa,female,89,0.10274
2021,2023,sa,female,90,0.11699
2021,2023,sa,female,91,0.13281
2021,2023,sa,female,92,0.15053
2021,2023,sa,female,93,0.16932
2021,2023,sa,female,94,0.19185
2021,2023,sa,female,95,0.21304
2021,2023,sa,female,96,0.2354
2021,2023,sa,female,97,0.26343
2021,2023,sa,female,98,0.29172
2021,2023,sa,female,99,0.31871
2021,2023,sa,female,100,0.34376
2021,2023,sa,male,0,0.00276
2021,2023,sa,male,1,0.00027
2021,2023,sa,male,2,0.0002
2021,2023,sa,male,3,0.00017
2021,2023,sa,male,4,0.00015
2021,2023,sa,male,5,0.00014
2021,2023,sa,male,6,0.00012
2021,2023,sa,male,7,0.00011
2021,2023,sa,male,8,0.00011
2021,2023,sa,male,9,0.00011
2021,2023,sa,male,10,0.00011
2021,2023,sa,male,11,0.00012
2021,2023,sa,male,12,0.00013
2021,2023,sa,male,13,0.00016
2021,2023,sa,male,14,0.0002
2021,2023,sa,male,15,0.00026
2021,2023,sa,male,16,0.00033
2021,2023,sa,male,17,0.00041
2021,2023,sa,male,18,0.00047
2021,2023,sa,male,19,0.00051
2021,2023,sa,male,20,0.00053
2021,2023,sa,male,21,0.00054
2021,2023,sa,male,22,0.00055
2021,2023,sa,male,23,0.00057
2021,2023,sa,male,24,0.00058
2021,2023,sa,male,25,0.0006
2021,2023,sa,male,26,0.00061
2021,2023,sa,male,27,0.00064
2021,2023,sa,male,28,0.00066
2021,2023,sa,male,29,0.00069
2021,2023,sa,male,30,0.00073
2021,2023,sa,male,31,0.00076
2021,2023,sa,male,32,0.0008
2021,2023,sa,male,33,0.00085
2021,2023,sa,male,34,0.00089
2021,2023,sa,male,35,0.00094
2021,2023,sa,male,36,0.00098
2021,2023,sa,male,37,0.00105
2021,2023,sa,male,38,0.00113
2021,2023,sa,male,39,0.00122
2021,2023,sa,male,40,0.00133
2021,2023,sa,male,41,0.00146
2021,2023,sa,male,42,0.0016
2021,2023,sa,male,43,0.00175
2021,2023,sa,male,44,0.00191
2021,2023,sa,male,45,0.00206
2021,2023,sa,male,46,0.00221
2021,2023,sa,male,47,0.0024
2021,2023,sa,male,48,0.00261
2021,2023,sa,male,49,0.00286
2021,2023,sa,male,50,0.00312
2021,2023,sa,male,51,0.0034
2021,2023,sa,male,52,0.00369
2021,2023,sa,male,53,0.00399
2021,2023,sa,male,54,0.00432
2021,2023,sa,male,55,0.00466
2021,2023,sa,male,56,0.00504
2021,2023,sa,male,57,0.00545
2021,2023,sa,male,58,0.00589
2021,2023,sa,male,59,0.00636
2021,2023,sa,male,60,0.00687
2021,2023,sa,male,61,0.00741
2021,2023,sa,male,62,0.00803
2021,2023,sa,male,63,0.00869
2021,2023,sa,male,64,0.0094
2021,2023,sa,male,65,0.01015
2021,2023,sa,male,66,0.01096
2021,2023,sa,male,67,0.01186
2021,2023,sa,male,68,0.01284
2021,2023,sa,male,69,0.01389
2021,2023,sa,male,70,0.01505
2021,2023,sa,male,71,0.01639
2021,2023,sa,male,72,0.018
2021,2023,sa,male,73,0.0199
2021,2023,sa,male,74,0.02215
2021,2023,sa,male,75,0.02476
2021,2023,sa,male,76,0.02778
2021,2023,sa,male,77,0.03132
2021,2023,sa,male,78,0.03542
2021,2023,sa,male,79,0.04009
2021,2023,sa,male,80,0.04537
2021,2023,sa,male,81,0.05115
2021,2023,sa,male,82,0.05757
2021,2023,sa,male,83,0.0648
2021,2023,sa,male,84,0.07299
2021,2023,sa,male,85,0.08222
2021,2023,sa,male,86,0.09254
2021,2023,sa,male,87,0.10392
2021,2023,sa,male,88,0.11634
2021,2023,sa,male,89,0.12995
2021,2023,sa,male,90,0.14448
2021,2023,sa,male,91,0.15989
2021,2023,sa,male,92,0.1779
2021,2023,sa,male,93,0.19722
2021,2023,sa,male,94,0.21332
2021,2023,sa,male,95,0.23133
2021,2023,sa,male,96,0.25485
2021,2023,sa,male,97,0.28177
2021,2023,sa,male,98,0.30726
2021,2023,sa,male,99,0.33904
2021,2023,sa,male,100,0.37036
2021,2023,tas,female,0,0.00281
2021,2023,tas,female,1,0.00019
2021,2023,tas,female,2,0.00012
2021,2023,tas,female,3,0.0001
2021,2023,tas,female,4,0.00009
2021,2023,tas,female,5,0.00008
2021,2023,tas,female,6,0.00007
2021,2023,tas,female,7,0.00007
2021,2023,tas,female,8,0.00007
2021,2023,tas,female,9,0.00007
2021,2023,tas,female,10,0.00007
2021,2023,tas,female,11,0.00008
2021,2023,tas,female,12,0.00009
2021,2023,tas,female,13,0.00011
2021,2023,tas,female,14,0.00013
2021,2023,tas,female,15,0.00016
2021,2023,tas,female,16,0.00018
2021,2023,tas,female,17,0.00019
2021,2023,tas,female,18,0.00021
2021,2023,tas,female,19,0.00022
2021,2023,tas,female,20,0.00023
2021,2023,tas,female,21,0.00023
2021,2023,tas,female,22,0.00024
2021,2023,tas,female,23,0.00024
2021,2023,tas,female,24,0.00024
2021,2023,tas,female,25,0.00024
2021,2023,tas,female,26,0.00025
2021,2023,tas,female,27,0.00025
2021,2023,tas,female,28,0.00025
2021,2023,tas,female,29,0.00026
2021,2023,tas,female,30,0.00027
2021,2023,tas,female,31,0.00029
2021,2023,tas,female,32,0.00032
2021,2023,tas,female,33,0.00035
2021,2023,tas,female,34,0.00039
2021,2023,tas,female,35,0.00043
2021,2023,tas,female,36,0.00048
2021,2023,tas,female,37,0.00054
2021,2023,tas,female,38,0.0006
2021,2023,tas,female,39,0.00066
2021,2023,tas,female,40,0.00073
2021,2023,tas,female,41,0.00081
2021,2023,tas,female,42,0.00091
2021,2023,tas,female,43,0.00102
2021,2023,tas,female,44,0.00114
2021,2023,tas,female,45,0.00127
2021,2023,tas,female,46,0.0014
2021,2023,tas,female,47,0.00154
2021,2023,tas,female,48,0.0017
2021,2023,tas,female,49,0.00187
2021,2023,tas,female,50,0.00204
2021,2023,tas,female,51,0.00222
2021,2023,tas,female,52,0.0024
2021,2023,tas,female,53,0.0026
2021,2023,tas,female,54,0.00281
2021,2023,tas,female,55,0.00302
2021,2023,tas,female,56,0.00326
2021,2023,tas,female,57,0.00352
2021,2023,tas,female,58,0.00381
2021,2023,tas,female,59,0.00412
2021,2023,tas,female,60,0.00446
2021,2023,tas,female,61,0.00483
2021,2023,tas,female,62,0.00525
2021,2023,tas,female,63,0.00574
2021,2023,tas,female,64,0.0063
2021,2023,tas,female,65,0.0069
2021,2023,tas,female,66,0.00755
2021,2023,tas,female,67,0.00827
2021,2023,tas,female,68,0.0091
2021,2023,tas,female,69,0.01002
2021,2023,tas,female,70,0.01105
2021,2023,tas,female,71,0.01219
2021,2023,tas,female,72,0.01351
2021,2023,tas,female,73,0.01507
2021,2023,tas,female,74,0.01691
2021,2023,tas,female,75,0.01901
2021,2023,tas,female,76,0.02142
2021,2023,tas,female,77,0.02419
2021,2023,tas,female,78,0.02739
2021,2023,tas,female,79,0.03102
2021,2023,tas,female,80,0.03513
2021,2023,tas,female,81,0.03984
2021,2023,tas,female,82,0.04523
2021,2023,tas,female,83,0.0514
2021,2023,tas,female,84,0.0584
2021,2023,tas,female,85,0.06641
2021,2023,tas,female,86,0.07565
2021,2023,tas,female,87,0.08627
2021,2023,tas,female,88,0.0985
2021,2023,tas,female,89,0.11237
2021,2023,tas,female,90,0.12789
2021,2023,tas,female,91,0.14526
2021,2023,tas,female,92,0.16462
2021,2023,tas,female,93,0.18483
2021,2023,tas,female,94,0.20826
2021,2023,tas,female,95,0.22985
2021,2023,tas,female,96,0.25205
2021,2023,tas,female,97,0.27919
2021,2023,tas,female,98,0.3062
2021,2023,tas,female,99,0.33175
2021,2023,tas,female,100,0.35783
2021,2023,tas,male,0,0.00397
2021,2023,tas,male,1,0.00019
2021,2023,tas,male,2,0.00013
2021,2023,tas,male,3,0.00011
2021,2023,tas,male,4,0.0001
2021,2023,tas,male,5,0.00009
2021,2023,tas,male,6,0.00008
2021,2023,tas,male,7,0.00008
2021,2023,tas,male,8,0.00007
2021,2023,tas,male,9,0.00008
2021,2023,tas,male,10,0.00008
2021,2023,tas,male,11,0.00009
2021,2023,tas,male,12,0.0001
2021,2023,tas,male,13,0.00013
2021,2023,tas,male,14,0.00017
2021,2023,tas,male,15,0.00023
2021,2023,tas,male,16,0.00031
2021,2023,tas,male,17,0.00038
2021,2023,tas,male,18,0.00044
2021,2023,tas,male,19,0.00048
2021,2023,tas,male,20,0.00051
2021,2023,tas,male,21,0.00053
2021,2023,tas,male,22,0.00055
2021,2023,tas,male,23,0.00057
2021,2023,tas,male,24,0.00059
2021,2023,tas,male,25,0.00061
2021,2023,tas,male,26,0.00063
2021,2023,tas,male,27,0.00066
2021,2023,tas,male,28,0.0007
2021,2023,tas,male,29,0.00073
2021,2023,tas,male,30,0.00077
2021,2023,tas,male,31,0.00081
2021,2023,tas,male,32,0.00086
2021,2023,tas,male,33,0.00092
2021,2023,tas,male,34,0.00097
2021,2023,tas,male,35,0.00103
2021,2023,tas,male,36,0.00109
2021,2023,tas,male,37,0.00116
2021,2023,tas,male,38,0.00126
2021,2023,tas,male,39,0.00137
2021,2023,tas,male,40,0.00151
2021,2023,tas,male,41,0.00166
2021,2023,tas,male,42,0.00183
2021,2023,tas,male,43,0.00201
2021,2023,tas,male,44,0.00218
2021,2023,tas,male,45,0.00235
2021,2023,tas,male,46,0.00252
2021,2023,tas,male,47,0.00271
2021,2023,tas,male,48,0.00292
2021,2023,tas,male,49,0.00315
2021,2023,tas,male,50,0.00339
2021,2023,tas,male,51,0.00363
2021,2023,tas,male,52,0.00389
2021,2023,tas,male,53,0.00415
2021,2023,tas,male,54,0.00444
2021,2023,tas,male,55,0.00476
2021,2023,tas,male,56,0.00511
2021,2023,tas,male,57,0.00551
2021,2023,tas,male,58,0.00594
2021,2023,tas,male,59,0.00641
2021,2023,tas,male,60,0.00693
2021,2023,tas,male,61,0.0075
2021,2023,tas,male,62,0.00814
2021,2023,tas,male,63,0.00885
2021,2023,tas,male,64,0.00962
2021,2023,tas,male,65,0.01046
2021,2023,tas,male,66,0.01136
2021,2023,tas,male,67,0.01237
2021,2023,tas,male,68,0.01349
2021,2023,tas,male,69,0.0147
2021,2023,tas,male,70,0.01603
2021,2023,tas,male,71,0.01757
2021,2023,tas,male,72,0.01937
2021,2023,tas,male,73,0.02147
2021,2023,tas,male,74,0.0239
2021,2023,tas,male,75,0.02667
2021,2023,tas,male,76,0.02985
2021,2023,tas,male,77,0.03352
2021,2023,tas,male,78,0.03776
2021,2023,tas,male,79,0.04256
2021,2023,tas,male,80,0.04797
2021,2023,tas,male,81,0.05394
2021,2023,tas,male,82,0.06062
2021,2023,tas,male,83,0.06821
2021,2023,tas,male,84,0.07689
2021,2023,tas,male,85,0.08677
2021,2023,tas,male,86,0.09792
2021,2023,tas,male,87,0.11032
2021,2023,tas,male,88,0.12397
2021,2023,tas,male,89,0.13903
2021,2023,tas,male,90,0.15527
2021,2023,tas,male,91,0.17262
2021,2023,tas,male,92,0.19278
2021,2023,tas,male,93,0.21441
2021,2023,tas,male,94,0.233
2021,2023,tas,male,95,0.2535
2021,2023,tas,male,96,0.27929
2021,2023,tas,male,97,0.30826
2021,2023,tas,male,98,0.33567
2021,2023,tas,male,99,0.36882
2021,2023,tas,male,100,0.40289
2021,2023,vic,female,0,0.00253
2021,2023,vic,female,1,0.00017
2021,2023,vic,female,2,0.00012
2021,2023,vic,female,3,0.0001
2021,2023,vic,female,4,0.00008
2021,2023,vic,female,5,0.00007
2021,2023,vic,female,6,0.00006
2021,2023,vic,female,7,0.00006
2021,2023,vic,female,8,0.00006
2021,2023,vic,female,9,0.00006
2021,2023,vic,female,10,0.00005
2021,2023,vic,female,11,0.00006
2021,2023,vic,female,12,0.00007
2021,2023,vic,female,13,0.00008
2021,2023,vic,female,14,0.0001
2021,2023,vic,female,15,0.00012
2021,2023,vic,female,16,0.00014
2021,2023,vic,female,17,0.00016
2021,2023,vic,female,18,0.00018
2021,2023,vic,female,19,0.0002
2021,2023,vic,female,20,0.00021
2021,2023,vic,female,21,0.00023
2021,2023,vic,female,22,0.00024
2021,2023,vic,female,23,0.00024
2021,2023,vic,female,24,0.00024
2021,2023,vic,female,25,0.00025
2021,2023,vic,female,26,0.00025
2021,2023,vic,female,27,0.00026
2021,2023,vic,female,28,0.00027
2021,2023,vic,female,29,0.00029
2021,2023,vic,female,30,0.00031
2021,2023,vic,female,31,0.00033
2021,2023,vic,female,32,0.00035
2021,2023,vic,female,33,0.00038
2021,2023,vic,female,34,0.00041
2021,2023,vic,female,35,0.00044
2021,2023,vic,female,36,0.00048
2021,2023,vic,female,37,0.00053
2021,2023,vic,female,38,0.00058
2021,2023,vic,female,39,0.00064
2021,2023,vic,female,40,0.00069
2021,2023,vic,female,41,0.00076
2021,2023,vic,female,42,0.00084
2021,2023,vic,female,43,0.00092
2021,2023,vic,female,44,0.00101
2021,2023,vic,female,45,0.0011
2021,2023,vic,female,46,0.00119
2021,2023,vic,female,47,0.00128
2021,2023,vic,female,48,0.0014
2021,2023,vic,female,49,0.00152
2021,2023,vic,female,50,0.00164
2021,2023,vic,female,51,0.00178
2021,2023,vic,female,52,0.00192
2021,2023,vic,female,53,0.00208
2021,2023,vic,female,54,0.00224
2021,2023,vic,female,55,0.00242
2021,2023,vic,female,56,0.00261
2021,2023,vic,female,57,0.00282
2021,2023,vic,female,58,0.00306
2021,2023,vic,female,59,0.00331
2021,2023,vic,female,60,0.00357
2021,2023,vic,female,61,0.00386
2021,2023,vic,female,62,0.00419
2021,2023,vic,female,63,0.00458
2021,2023,vic,female,64,0.00502
2021,2023,vic,female,65,0.0055
2021,2023,vic,female,66,0.00601
2021,2023,vic,female,67,0.00659
2021,2023,vic,female,68,0.00726
2021,2023,vic,female,69,0.00802
2021,2023,vic,female,70,0.00887
2021,2023,vic,female,71,0.00981
2021,2023,vic,female,72,0.0109
2021,2023,vic,female,73,0.01223
2021,2023,vic,female,74,0.01379
2021,2023,vic,female,75,0.01559
2021,2023,vic,female,76,0.0177
2021,2023,vic,female,77,0.02016
2021,2023,vic,female,78,0.02303
2021,2023,vic,female,79,0.02633
2021,2023,vic,female,80,0.03008
2021,2023,vic,female,81,0.0344
2021,2023,vic,female,82,0.03935
2021,2023,vic,female,83,0.04502
2021,2023,vic,female,84,0.05146
2021,2023,vic,female,85,0.05881
2021,2023,vic,female,86,0.06731
2021,2023,vic,female,87,0.07707
2021,2023,vic,female,88,0.08835
2021,2023,vic,female,89,0.10114
2021,2023,vic,female,90,0.11547
2021,2023,vic,female,91,0.13152
2021,2023,vic,female,92,0.14945
2021,2023,vic,female,93,0.16812
2021,2023,vic,female,94,0.19001
2021,2023,vic,female,95,0.21003
2021,2023,vic,female,96,0.23069
2021,2023,vic,female,97,0.25652
2021,2023,vic,female,98,0.28234
2021,2023,vic,female,99,0.30683
2021,2023,vic,female,100,0.33094
2021,2023,vic,male,0,0.0028
2021,2023,vic,male,1,0.00018
2021,2023,vic,male,2,0.00012
2021,2023,vic,male,3,0.0001
2021,2023,vic,male,4,0.00009
2021,2023,vic,male,5,0.00007
2021,2023,vic,male,6,0.00007
2021,2023,vic,male,7,0.00006
2021,2023,vic,male,8,0.00006
2021,2023,vic,male,9,0.00006
2021,2023,vic,male,10,0.00006
2021,2023,vic,male,11,0.00007
2021,2023,vic,male,12,0.00008
2021,2023,vic,male,13,0.00011
2021,2023,vic,male,14,0.00015
2021,2023,vic,male,15,0.00021
2021,2023,vic,male,16,0.00029
2021,2023,vic,male,17,0.00036
2021,2023,vic,male,18,0.00042
2021,2023,vic,male,19,0.00047
2021,2023,vic,male,20,0.00049
2021,2023,vic,male,21,0.00051
2021,2023,vic,male,22,0.00052
2021,2023,vic,male,23,0.00053
2021,2023,vic,male,24,0.00055
2021,2023,vic,male,25,0.00057
2021,2023,vic,male,26,0.00058
2021,2023,vic,male,27,0.0006
2021,2023,vic,male,28,0.00062
2021,2023,vic,male,29,0.00065
2021,2023,vic,male,30,0.00067
2021,2023,vic,male,31,0.0007
2021,2023,vic,male,32,0.00072
2021,2023,vic,male,33,0.00075
2021,2023,vic,male,34,0.00078
2021,2023,vic,male,35,0.00081
2021,2023,vic,male,36,0.00084
2021,2023,vic,male,37,0.00089
2021,2023,vic,male,38,0.00096
2021,2023,vic,male,39,0.00104
2021,2023,vic,male,40,0.00114
2021,2023,vic,male,41,0.00126
2021,2023,vic,male,42,0.0014
2021,2023,vic,male,43,0.00154
2021,2023,vic,male,44,0.00169
2021,2023,vic,male,45,0.00182
2021,2023,vic,male,46,0.00195
2021,2023,vic,male,47,0.0021
2021,2023,vic,male,48,0.00228
2021,2023,vic,male,49,0.00249
2021,2023,vic,male,50,0.00271
2021,2023,vic,male,51,0.00295
2021,2023,vic,male,52,0.0032
2021,2023,vic,male,53,0.00345
2021,2023,vic,male,54,0.00374
2021,2023,vic,male,55,0.00405
2021,2023,vic,male,56,0.00438
2021,2023,vic,male,57,0.00476
2021,2023,vic,male,58,0.00516
2021,2023,vic,male,59,0.00559
2021,2023,vic,male,60,0.00607
2021,2023,vic,male,61,0.0066
2021,2023,vic,male,62,0.0072
2021,2023,vic,male,63,0.00786
2021,2023,vic,male,64,0.00857
2021,2023,vic,male,65,0.00934
2021,2023,vic,male,66,0.01018
2021,2023,vic,male,67,0.01112
2021,2023,vic,male,68,0.01217
2021,2023,vic,male,69,0.01329
2021,2023,vic,male,70,0.01454
2021,2023,vic,male,71,0.01595
2021,2023,vic,male,72,0.01762
2021,2023,vic,male,73,0.01955
2021,2023,vic,male,74,0.02178
2021,2023,vic,male,75,0.02434
2021,2023,vic,male,76,0.02727
2021,2023,vic,male,77,0.03069
2021,2023,vic,male,78,0.03465
2021,2023,vic,male,79,0.03919
2021,2023,vic,male,80,0.04436
2021,2023,vic,male,81,0.05009
2021,2023,vic,male,82,0.05654
2021,2023,vic,male,83,0.06391
2021,2023,vic,male,84,0.07236
2021,2023,vic,male,85,0.08197
2021,2023,vic,male,86,0.09279
2021,2023,vic,male,87,0.10473
2021,2023,vic,male,88,0.11772
2021,2023,vic,male,89,0.13186
2021,2023,vic,male,90,0.14684
2021,2023,vic,male,91,0.16254
2021,2023,vic,male,92,0.18061
2021,2023,vic,male,93,0.19971
2021,2023,vic,male,94,0.2153
2021,2023,vic,male,95,0.23251
2021,2023,vic,male,96,0.25506
2021,2023,vic,male,97,0.28107
2021,2023,vic,male,98,0.30587
2021,2023,vic,male,99,0.33722
2021,2023,vic,male,100,0.36837
2021,2023,wa,female,0,0.00242
2021,2023,wa,female,1,0.00017
2021,2023,wa,female,2,0.00009
2021,2023,wa,female,3,0.00008
2021,2023,wa,female,4,0.00007
2021,2023,wa,female,5,0.00006
2021,2023,wa,female,6,0.00006
2021,2023,wa,female,7,0.00005
2021,2023,wa,female,8,0.00005
2021,2023,wa,female,9,0.00005
2021,2023,wa,female,10,0.00005
2021,2023,wa,female,11,0.00005
2021,2023,wa,female,12,0.00006
2021,2023,wa,female,13,0.00008
2021,2023,wa,female,14,0.0001
2021,2023,wa,female,15,0.00012
2021,2023,wa,female,16,0.00015
2021,2023,wa,female,17,0.00017
2021,2023,wa,female,18,0.00019
2021,2023,wa,female,19,0.00022
2021,2023,wa,female,20,0.00025
2021,2023,wa,female,21,0.00027
2021,2023,wa,female,22,0.00029
2021,2023,wa,female,23,0.0003
2021,2023,wa,female,24,0.0003
2021,2023,wa,female,25,0.00031
2021,2023,wa,female,26,0.00031
2021,2023,wa,female,27,0.00032
2021,2023,wa,female,28,0.00034
2021,2023,wa,female,29,0.00036
2021,2023,wa,female,30,0.00038
2021,2023,wa,female,31,0.00041
2021,2023,wa,female,32,0.00044
2021,2023,wa,female,33,0.00047
2021,2023,wa,female,34,0.0005
2021,2023,wa,female,35,0.00053
2021,2023,wa,female,36,0.00058
2021,2023,wa,female,37,0.00062
2021,2023,wa,female,38,0.00067
2021,2023,wa,female,39,0.00073
2021,2023,wa,female,40,0.00079
2021,2023,wa,female,41,0.00086
2021,2023,wa,female,42,0.00094
2021,2023,wa,female,43,0.00103
2021,2023,wa,female,44,0.00113
2021,2023,wa,female,45,0.00121
2021,2023,wa,female,46,0.0013
2021,2023,wa,female,47,0.00139
2021,2023,wa,female,48,0.00148
2021,2023,wa,female,49,0.00158
2021,2023,wa,female,50,0.00169
2021,2023,wa,female,51,0.0018
2021,2023,wa,female,52,0.00193
2021,2023,wa,female,53,0.00207
2021,2023,wa,female,54,0.00222
2021,2023,wa,female,55,0.00238
2021,2023,wa,female,56,0.00256
2021,2023,wa,female,57,0.00275
2021,2023,wa,female,58,0.00296
2021,2023,wa,female,59,0.00318
2021,2023,wa,female,60,0.00342
2021,2023,wa,female,61,0.00369
2021,2023,wa,female,62,0.004
2021,2023,wa,female,63,0.00438
2021,2023,wa,female,64,0.00483
2021,2023,wa,female,65,0.00531
2021,2023,wa,female,66,0.00581
2021,2023,wa,female,67,0.00635
2021,2023,wa,female,68,0.00696
2021,2023,wa,female,69,0.00764
2021,2023,wa,female,70,0.00837
2021,2023,wa,female,71,0.00917
2021,2023,wa,female,72,0.01011
2021,2023,wa,female,73,0.01126
2021,2023,wa,female,74,0.01263
2021,2023,wa,female,75,0.01423
2021,2023,wa,female,76,0.01611
2021,2023,wa,female,77,0.01835
2021,2023,wa,female,78,0.021
2021,2023,wa,female,79,0.02405
2021,2023,wa,female,80,0.02752
2021,2023,wa,female,81,0.03154
2021,2023,wa,female,82,0.0362
2021,2023,wa,female,83,0.04162
2021,2023,wa,female,84,0.04787
2021,2023,wa,female,85,0.0551
2021,2023,wa,female,86,0.06358
2021,2023,wa,female,87,0.07345
2021,2023,wa,female,88,0.08493
2021,2023,wa,female,89,0.09797
2021,2023,wa,female,90,0.11262
2021,2023,wa,female,91,0.129
2021,2023,wa,female,92,0.14722
2021,2023,wa,female,93,0.16615
2021,2023,wa,female,94,0.18815
2021,2023,wa,female,95,0.208
2021,2023,wa,female,96,0.22803
2021,2023,wa,female,97,0.25277
2021,2023,wa,female,98,0.27718
2021,2023,wa,female,99,0.30028
2021,2023,wa,female,100,0.32388
2021,2023,wa,male,0,0.00251
2021,2023,wa,male,1,0.00025
2021,2023,wa,male,2,0.00018
2021,2023,wa,male,3,0.00015
2021,2023,wa,male,4,0.00013
2021,2023,wa,male,5,0.00012
2021,2023,wa,male,6,0.00011
2021,2023,wa,male,7,0.0001
2021,2023,wa,male,8,0.00009
2021,2023,wa,male,9,0.00009
2021,2023,wa,male,10,0.00008
2021,2023,wa,male,11,0.00009
2021,2023,wa,male,12,0.0001
2021,2023,wa,male,13,0.00013
2021,2023,wa,male,14,0.00018
2021,2023,wa,male,15,0.00025
2021,2023,wa,male,16,0.00034
2021,2023,wa,male,17,0.00043
2021,2023,wa,male,18,0.0005
2021,2023,wa,male,19,0.00056
2021,2023,wa,male,20,0.0006
2021,2023,wa,male,21,0.00063
2021,2023,wa,male,22,0.00066
2021,2023,wa,male,23,0.00069
2021,2023,wa,male,24,0.00072
2021,2023,wa,male,25,0.00074
2021,2023,wa,male,26,0.00076
2021,2023,wa,male,27,0.00079
2021,2023,wa,male,28,0.00082
2021,2023,wa,male,29,0.00084
2021,2023,wa,male,30,0.00087
2021,2023,wa,male,31,0.0009
2021,2023,wa,male,32,0.00094
2021,2023,wa,male,33,0.00098
2021,2023,wa,male,34,0.00102
2021,2023,wa,male,35,0.00106
2021,2023,wa,male,36,0.0011
2021,2023,wa,male,37,0.00115
2021,2023,wa,male,38,0.00121
2021,2023,wa,male,39,0.00128
2021,2023,wa,male,40,0.00137
2021,2023,wa,male,41,0.00147
2021,2023,wa,male,42,0.00158
2021,2023,wa,male,43,0.00169
2021,2023,wa,male,44,0.00181
2021,2023,wa,male,45,0.00192
2021,2023,wa,male,46,0.00204
2021,2023,wa,male,47,0.00219
2021,2023,wa,male,48,0.00237
2021,2023,wa,male,49,0.00258
2021,2023,wa,male,50,0.00279
2021,2023,wa,male,51,0.003
2021,2023,wa,male,52,0.00321
2021,2023,wa,male,53,0.00342
2021,2023,wa,male,54,0.00366
2021,2023,wa,male,55,0.00392
2021,2023,wa,male,56,0.00422
2021,2023,wa,male,57,0.00455
2021,2023,wa,male,58,0.00492
2021,2023,wa,male,59,0.00532
2021,2023,wa,male,60,0.00577
2021,2023,wa,male,61,0.00628
2021,2023,wa,male,62,0.00687
2021,2023,wa,male,63,0.0075
2021,2023,wa,male,64,0.0082
2021,2023,wa,male,65,0.00894
2021,2023,wa,male,66,0.00972
2021,2023,wa,male,67,0.0106
2021,2023,wa,male,68,0.01156
2021,2023,wa,male,69,0.01256
2021,2023,wa,male,70,0.01364
2021,2023,wa,male,71,0.01489
2021,2023,wa,male,72,0.01639
2021,2023,wa,male,73,0.01814
2021,2023,wa,male,74,0.02018
2021,2023,wa,male,75,0.02253
2021,2023,wa,male,76,0.02527
2021,2023,wa,male,77,0.02846
2021,2023,wa,male,78,0.03216
2021,2023,wa,male,79,0.0364
2021,2023,wa,male,80,0.04122
2021,2023,wa,male,81,0.04663
2021,2023,wa,male,82,0.05282
2021,2023,wa,male,83,0.06003
2021,2023,wa,male,84,0.06838
2021,2023,wa,male,85,0.07798
2021,2023,wa,male,86,0.08889
2021,2023,wa,male,87,0.10098
2021,2023,wa,male,88,0.11414
2021,2023,wa,male,89,0.12835
2021,2023,wa,male,90,0.14326
2021,2023,wa,male,91,0.15863
2021,2023,wa,male,92,0.17799
2021,2023,wa,male,93,0.19398
2021,2023,wa,male,94,0.21096
2021,2023,wa,male,95,0.22742
2021,2023,wa,male,96,0.24758
2021,2023,wa,male,97,0.27007
2021,2023,wa,male,98,0.29104
2021,2023,wa,male,99,0.31376
2021,2023,wa,male,100,0.34274
2022,2024,act,female,0,0.00294
2022,2024,act,female,1,0.00018
2022,2024,act,female,2,0.00008
2022,2024,act,female,3,0.00007
2022,2024,act,female,4,0.00006
2022,2024,act,female,5,0.00005
2022,2024,act,female,6,0.00004
2022,2024,act,female,7,0.00003
2022,2024,act,female,8,0.00003
2022,2024,act,female,9,0.00003
2022,2024,act,female,10,0.00003
2022,2024,act,female,11,0.00003
2022,2024,act,female,12,0.00004
2022,2024,act,female,13,0.00006
2022,2024,act,female,14,0.00007
2022,2024,act,female,15,0.00009
2022,2024,act,female,16,0.00011
2022,2024,act,female,17,0.00014
2022,2024,act,female,18,0.00016
2022,2024,act,female,19,0.00018
2022,2024,act,female,20,0.0002
2022,2024,act,female,21,0.00021
2022,2024,act,female,22,0.00022
2022,2024,act,female,23,0.00023
2022,2024,act,female,24,0.00024
2022,2024,act,female,25,0.00025
2022,2024,act,female,26,0.00026
2022,2024,act,female,27,0.00028
2022,2024,act,female,28,0.0003
2022,2024,act,female,29,0.00033
2022,2024,act,female,30,0.00035
2022,2024,act,female,31,0.00037
2022,2024,act,female,32,0.00039
2022,2024,act,female,33,0.00041
2022,2024,act,female,34,0.00044
2022,2024,act,female,35,0.00047
2022,2024,act,female,36,0.0005
2022,2024,act,female,37,0.00054
2022,2024,act,female,38,0.00059
2022,2024,act,female,39,0.00065
2022,2024,act,female,40,0.0007
2022,2024,act,female,41,0.00076
2022,2024,act,female,42,0.00082
2022,2024,act,female,43,0.00089
2022,2024,act,female,44,0.00096
2022,2024,act,female,45,0.00103
2022,2024,act,female,46,0.00111
2022,2024,act,female,47,0.0012
2022,2024,act,female,48,0.0013
2022,2024,act,female,49,0.00142
2022,2024,act,female,50,0.00155
2022,2024,act,female,51,0.00169
2022,2024,act,female,52,0.00183
2022,2024,act,female,53,0.00198
2022,2024,act,female,54,0.00211
2022,2024,act,female,55,0.00225
2022,2024,act,female,56,0.00239
2022,2024,act,female,57,0.00254
2022,2024,act,female,58,0.00271
2022,2024,act,female,59,0.00291
2022,2024,act,female,60,0.00311
2022,2024,act,female,61,0.00335
2022,2024,act,female,62,0.00362
2022,2024,act,female,63,0.00393
2022,2024,act,female,64,0.00428
2022,2024,act,female,65,0.00466
2022,2024,act,female,66,0.00506
2022,2024,act,female,67,0.00552
2022,2024,act,female,68,0.00606
2022,2024,act,female,69,0.00666
2022,2024,act,female,70,0.00734
2022,2024,act,female,71,0.0081
2022,2024,act,female,72,0.00902
2022,2024,act,female,73,0.01017
2022,2024,act,female,74,0.01162
2022,2024,act,female,75,0.01337
2022,2024,act,female,76,0.01547
2022,2024,act,female,77,0.01792
2022,2024,act,female,78,0.02077
2022,2024,act,female,79,0.02407
2022,2024,act,female,80,0.02791
2022,2024,act,female,81,0.03238
2022,2024,act,female,82,0.0376
2022,2024,act,female,83,0.04372
2022,2024,act,female,84,0.05083
2022,2024,act,female,85,0.0591
2022,2024,act,female,86,0.06869
2022,2024,act,female,87,0.0797
2022,2024,act,female,88,0.09239
2022,2024,act,female,89,0.10677
2022,2024,act,female,90,0.12302
2022,2024,act,female,91,0.14137
2022,2024,act,female,92,0.1621
2022,2024,act,female,93,0.18494
2022,2024,act,female,94,0.20903
2022,2024,act,female,95,0.2269
2022,2024,act,female,96,0.25131
2022,2024,act,female,97,0.26913
2022,2024,act,female,98,0.29142
2022,2024,act,female,99,0.31422
2022,2024,act,female,100,0.34461
2022,2024,act,male,0,0.00597
2022,2024,act,male,1,0.00016
2022,2024,act,male,2,0.00008
2022,2024,act,male,3,0.00007
2022,2024,act,male,4,0.00006
2022,2024,act,male,5,0.00006
2022,2024,act,male,6,0.00006
2022,2024,act,male,7,0.00006
2022,2024,act,male,8,0.00007
2022,2024,act,male,9,0.00007
2022,2024,act,male,10,0.00008
2022,2024,act,male,11,0.00009
2022,2024,act,male,12,0.0001
2022,2024,act,male,13,0.00011
2022,2024,act,male,14,0.00015
2022,2024,act,male,15,0.00021
2022,2024,act,male,16,0.00028
2022,2024,act,male,17,0.00035
2022,2024,act,male,18,0.00041
2022,2024,act,male,19,0.00045
2022,2024,act,male,20,0.00048
2022,2024,act,male,21,0.00048
2022,2024,act,male,22,0.00048
2022,2024,act,male,23,0.00048
2022,2024,act,male,24,0.00049
2022,2024,act,male,25,0.00049
2022,2024,act,male,26,0.0005
2022,2024,act,male,27,0.00052
2022,2024,act,male,28,0.00054
2022,2024,act,male,29,0.00055
2022,2024,act,male,30,0.00056
2022,2024,act,male,31,0.00058
2022,2024,act,male,32,0.0006
2022,2024,act,male,33,0.00063
2022,2024,act,male,34,0.00066
2022,2024,act,male,35,0.00069
2022,2024,act,male,36,0.00073
2022,2024,act,male,37,0.00078
2022,2024,act,male,38,0.00085
2022,2024,act,male,39,0.00094
2022,2024,act,male,40,0.00104
2022,2024,act,male,41,0.00114
2022,2024,act,male,42,0.00125
2022,2024,act,male,43,0.00137
2022,2024,act,male,44,0.00149
2022,2024,act,male,45,0.0016
2022,2024,act,male,46,0.00171
2022,2024,act,male,47,0.00183
2022,2024,act,male,48,0.00196
2022,2024,act,male,49,0.00213
2022,2024,act,male,50,0.00231
2022,2024,act,male,51,0.00251
2022,2024,act,male,52,0.00273
2022,2024,act,male,53,0.00295
2022,2024,act,male,54,0.00321
2022,2024,act,male,55,0.00348
2022,2024,act,male,56,0.00377
2022,2024,act,male,57,0.00411
2022,2024,act,male,58,0.00449
2022,2024,act,male,59,0.00492
2022,2024,act,male,60,0.00538
2022,2024,act,male,61,0.00588
2022,2024,act,male,62,0.00642
2022,2024,act,male,63,0.00702
2022,2024,act,male,64,0.0077
2022,2024,act,male,65,0.00844
2022,2024,act,male,66,0.00924
2022,2024,act,male,67,0.01015
2022,2024,act,male,68,0.01115
2022,2024,act,male,69,0.01225
2022,2024,act,male,70,0.01348
2022,2024,act,male,71,0.01486
2022,2024,act,male,72,0.01646
2022,2024,act,male,73,0.01831
2022,2024,act,male,74,0.02043
2022,2024,act,male,75,0.02285
2022,2024,act,male,76,0.02563
2022,2024,act,male,77,0.02887
2022,2024,act,male,78,0.03263
2022,2024,act,male,79,0.03696
2022,2024,act,male,80,0.04185
2022,2024,act,male,81,0.04726
2022,2024,act,male,82,0.05338
2022,2024,act,male,83,0.06044
2022,2024,act,male,84,0.0686
2022,2024,act,male,85,0.07805
2022,2024,act,male,86,0.08885
2022,2024,act,male,87,0.10092
2022,2024,act,male,88,0.11441
2022,2024,act,male,89,0.1294
2022,2024,act,male,90,0.14595
2022,2024,act,male,91,0.1641
2022,2024,act,male,92,0.18335
2022,2024,act,male,93,0.20338
2022,2024,act,male,94,0.22467
2022,2024,act,male,95,0.23882
2022,2024,act,male,96,0.25939
2022,2024,act,male,97,0.27377
2022,2024,act,male,98,0.29331
2022,2024,act,male,99,0.31395
2022,2024,act,male,100,0.33436
2022,2024,nsw,female,0,0.00229
2022,2024,nsw,female,1,0.0002
2022,2024,nsw,female,2,0.00011
2022,2024,nsw,female,3,0.0001
2022,2024,nsw,female,4,0.00008
2022,2024,nsw,female,5,0.00007
2022,2024,nsw,female,6,0.00007
2022,2024,nsw,female,7,0.00006
2022,2024,nsw,female,8,0.00006
2022,2024,nsw,female,9,0.00005
2022,2024,nsw,female,10,0.00005
2022,2024,nsw,female,11,0.00006
2022,2024,nsw,female,12,0.00007
2022,2024,nsw,female,13,0.00008
2022,2024,nsw,female,14,0.0001
2022,2024,nsw,female,15,0.00012
2022,2024,nsw,female,16,0.00014
2022,2024,nsw,female,17,0.00016
2022,2024,nsw,female,18,0.00018
2022,2024,nsw,female,19,0.0002
2022,2024,nsw,female,20,0.00021
2022,2024,nsw,female,21,0.00022
2022,2024,nsw,female,22,0.00023
2022,2024,nsw,female,23,0.00023
2022,2024,nsw,female,24,0.00023
2022,2024,nsw,female,25,0.00023
2022,2024,nsw,female,26,0.00024
2022,2024,nsw,female,27,0.00025
2022,2024,nsw,female,28,0.00027
2022,2024,nsw,female,29,0.00028
2022,2024,nsw,female,30,0.0003
2022,2024,nsw,female,31,0.00031
2022,2024,nsw,female,32,0.00032
2022,2024,nsw,female,33,0.00034
2022,2024,nsw,female,34,0.00036
2022,2024,nsw,female,35,0.00039
2022,2024,nsw,female,36,0.00042
2022,2024,nsw,female,37,0.00046
2022,2024,nsw,female,38,0.00051
2022,2024,nsw,female,39,0.00057
2022,2024,nsw,female,40,0.00063
2022,2024,nsw,female,41,0.00069
2022,2024,nsw,female,42,0.00077
2022,2024,nsw,female,43,0.00085
2022,2024,nsw,female,44,0.00094
2022,2024,nsw,female,45,0.00102
2022,2024,nsw,female,46,0.00112
2022,2024,nsw,female,47,0.00122
2022,2024,nsw,female,48,0.00134
2022,2024,nsw,female,49,0.00148
2022,2024,nsw,female,50,0.00163
2022,2024,nsw,female,51,0.00179
2022,2024,nsw,female,52,0.00197
2022,2024,nsw,female,53,0.00215
2022,2024,nsw,female,54,0.00233
2022,2024,nsw,female,55,0.00252
2022,2024,nsw,female,56,0.00272
2022,2024,nsw,female,57,0.00294
2022,2024,nsw,female,58,0.00318
2022,2024,nsw,female,59,0.00345
2022,2024,nsw,female,60,0.00374
2022,2024,nsw,female,61,0.00407
2022,2024,nsw,female,62,0.00445
2022,2024,nsw,female,63,0.00487
2022,2024,nsw,female,64,0.00534
2022,2024,nsw,female,65,0.00585
2022,2024,nsw,female,66,0.00639
2022,2024,nsw,female,67,0.00699
2022,2024,nsw,female,68,0.00767
2022,2024,nsw,female,69,0.00842
2022,2024,nsw,female,70,0.00924
2022,2024,nsw,female,71,0.01015
2022,2024,nsw,female,72,0.01121
2022,2024,nsw,female,73,0.0125
2022,2024,nsw,female,74,0.01407
2022,2024,nsw,female,75,0.01594
2022,2024,nsw,female,76,0.01813
2022,2024,nsw,female,77,0.02065
2022,2024,nsw,female,78,0.02352
2022,2024,nsw,female,79,0.02678
2022,2024,nsw,female,80,0.03048
2022,2024,nsw,female,81,0.03473
2022,2024,nsw,female,82,0.03963
2022,2024,nsw,female,83,0.04532
2022,2024,nsw,female,84,0.05188
2022,2024,nsw,female,85,0.05949
2022,2024,nsw,female,86,0.06831
2022,2024,nsw,female,87,0.07844
2022,2024,nsw,female,88,0.09015
2022,2024,nsw,female,89,0.10342
2022,2024,nsw,female,90,0.11845
2022,2024,nsw,female,91,0.13546
2022,2024,nsw,female,92,0.15476
2022,2024,nsw,female,93,0.1761
2022,2024,nsw,female,94,0.19869
2022,2024,nsw,female,95,0.21499
2022,2024,nsw,female,96,0.23791
2022,2024,nsw,female,97,0.25413
2022,2024,nsw,female,98,0.27491
2022,2024,nsw,female,99,0.2963
2022,2024,nsw,female,100,0.31264
2022,2024,nsw,male,0,0.00276
2022,2024,nsw,male,1,0.00024
2022,2024,nsw,male,2,0.00014
2022,2024,nsw,male,3,0.00012
2022,2024,nsw,male,4,0.0001
2022,2024,nsw,male,5,0.00009
2022,2024,nsw,male,6,0.00008
2022,2024,nsw,male,7,0.00007
2022,2024,nsw,male,8,0.00007
2022,2024,nsw,male,9,0.00007
2022,2024,nsw,male,10,0.00007
2022,2024,nsw,male,11,0.00008
2022,2024,nsw,male,12,0.00009
2022,2024,nsw,male,13,0.0001
2022,2024,nsw,male,14,0.00014
2022,2024,nsw,male,15,0.0002
2022,2024,nsw,male,16,0.00027
2022,2024,nsw,male,17,0.00034
2022,2024,nsw,male,18,0.0004
2022,2024,nsw,male,19,0.00044
2022,2024,nsw,male,20,0.00046
2022,2024,nsw,male,21,0.00047
2022,2024,nsw,male,22,0.00048
2022,2024,nsw,male,23,0.00049
2022,2024,nsw,male,24,0.00051
2022,2024,nsw,male,25,0.00053
2022,2024,nsw,male,26,0.00055
2022,2024,nsw,male,27,0.00058
2022,2024,nsw,male,28,0.00062
2022,2024,nsw,male,29,0.00064
2022,2024,nsw,male,30,0.00067
2022,2024,nsw,male,31,0.00069
2022,2024,nsw,male,32,0.00072
2022,2024,nsw,male,33,0.00076
2022,2024,nsw,male,34,0.0008
2022,2024,nsw,male,35,0.00084
2022,2024,nsw,male,36,0.00088
2022,2024,nsw,male,37,0.00094
2022,2024,nsw,male,38,0.00102
2022,2024,nsw,male,39,0.00111
2022,2024,nsw,male,40,0.00122
2022,2024,nsw,male,41,0.00134
2022,2024,nsw,male,42,0.00146
2022,2024,nsw,male,43,0.00159
2022,2024,nsw,male,44,0.00173
2022,2024,nsw,male,45,0.00186
2022,2024,nsw,male,46,0.00198
2022,2024,nsw,male,47,0.00213
2022,2024,nsw,male,48,0.00231
2022,2024,nsw,male,49,0.00253
2022,2024,nsw,male,50,0.00277
2022,2024,nsw,male,51,0.00304
2022,2024,nsw,male,52,0.00332
2022,2024,nsw,male,53,0.00362
2022,2024,nsw,male,54,0.00395
2022,2024,nsw,male,55,0.0043
2022,2024,nsw,male,56,0.00467
2022,2024,nsw,male,57,0.00509
2022,2024,nsw,male,58,0.00555
2022,2024,nsw,male,59,0.00605
2022,2024,nsw,male,60,0.00661
2022,2024,nsw,male,61,0.0072
2022,2024,nsw,male,62,0.00784
2022,2024,nsw,male,63,0.00852
2022,2024,nsw,male,64,0.00929
2022,2024,nsw,male,65,0.01011
2022,2024,nsw,male,66,0.011
2022,2024,nsw,male,67,0.01198
2022,2024,nsw,male,68,0.01305
2022,2024,nsw,male,69,0.01419
2022,2024,nsw,male,70,0.01547
2022,2024,nsw,male,71,0.0169
2022,2024,nsw,male,72,0.01855
2022,2024,nsw,male,73,0.02045
2022,2024,nsw,male,74,0.02262
2022,2024,nsw,male,75,0.0251
2022,2024,nsw,male,76,0.02797
2022,2024,nsw,male,77,0.03133
2022,2024,nsw,male,78,0.03523
2022,2024,nsw,male,79,0.03968
2022,2024,nsw,male,80,0.04467
2022,2024,nsw,male,81,0.05012
2022,2024,nsw,male,82,0.05625
2022,2024,nsw,male,83,0.06332
2022,2024,nsw,male,84,0.07147
2022,2024,nsw,male,85,0.08091
2022,2024,nsw,male,86,0.09166
2022,2024,nsw,male,87,0.10365
2022,2024,nsw,male,88,0.11701
2022,2024,nsw,male,89,0.13178
2022,2024,nsw,male,90,0.14807
2022,2024,nsw,male,91,0.1659
2022,2024,nsw,male,92,0.18479
2022,2024,nsw,male,93,0.20441
2022,2024,nsw,male,94,0.22529
2022,2024,nsw,male,95,0.23892
2022,2024,nsw,male,96,0.25867
2022,2024,nsw,male,97,0.2718
2022,2024,nsw,male,98,0.28979
2022,2024,nsw,male,99,0.30874
2022,2024,nsw,male,100,0.31392
2022,2024,nt,female,0,0.00714
2022,2024,nt,female,1,0.00027
2022,2024,nt,female,2,0.00018
2022,2024,nt,female,3,0.00017
2022,2024,nt,female,4,0.00016
2022,2024,nt,female,5,0.00016
2022,2024,nt,female,6,0.00016
2022,2024,nt,female,7,0.00016
2022,2024,nt,female,8,0.00017
2022,2024,nt,female,9,0.00017
2022,2024,nt,female,10,0.00019
2022,2024,nt,female,11,0.00021
2022,2024,nt,female,12,0.00023
2022,2024,nt,female,13,0.00026
2022,2024,nt,female,14,0.0003
2022,2024,nt,female,15,0.00034
2022,2024,nt,female,16,0.00038
2022,2024,nt,female,17,0.00042
2022,2024,nt,female,18,0.00046
2022,2024,nt,female,19,0.00051
2022,2024,nt,female,20,0.00054
2022,2024,nt,female,21,0.00058
2022,2024,nt,female,22,0.0006
2022,2024,nt,female,23,0.00063
2022,2024,nt,female,24,0.00065
2022,2024,nt,female,25,0.00067
2022,2024,nt,female,26,0.0007
2022,2024,nt,female,27,0.00074
2022,2024,nt,female,28,0.00078
2022,2024,nt,female,29,0.00082
2022,2024,nt,female,30,0.00085
2022,2024,nt,female,31,0.00089
2022,2024,nt,female,32,0.00093
2022,2024,nt,female,33,0.00098
2022,2024,nt,female,34,0.00104
2022,2024,nt,female,35,0.00109
2022,2024,nt,female,36,0.00116
2022,2024,nt,female,37,0.00124
2022,2024,nt,female,38,0.00133
2022,2024,nt,female,39,0.00143
2022,2024,nt,female,40,0.00153
2022,2024,nt,female,41,0.00164
2022,2024,nt,female,42,0.00176
2022,2024,nt,female,43,0.0019
2022,2024,nt,female,44,0.00205
2022,2024,nt,female,45,0.00221
2022,2024,nt,female,46,0.00239
2022,2024,nt,female,47,0.00259
2022,2024,nt,female,48,0.00282
2022,2024,nt,female,49,0.00308
2022,2024,nt,female,50,0.00337
2022,2024,nt,female,51,0.00368
2022,2024,nt,female,52,0.00402
2022,2024,nt,female,53,0.00438
2022,2024,nt,female,54,0.00476
2022,2024,nt,female,55,0.00516
2022,2024,nt,female,56,0.00559
2022,2024,nt,female,57,0.00608
2022,2024,nt,female,58,0.00661
2022,2024,nt,female,59,0.0072
2022,2024,nt,female,60,0.00784
2022,2024,nt,female,61,0.00854
2022,2024,nt,female,62,0.00932
2022,2024,nt,female,63,0.01016
2022,2024,nt,female,64,0.01107
2022,2024,nt,female,65,0.01204
2022,2024,nt,female,66,0.01305
2022,2024,nt,female,67,0.01413
2022,2024,nt,female,68,0.0153
2022,2024,nt,female,69,0.01654
2022,2024,nt,female,70,0.01783
2022,2024,nt,female,71,0.0192
2022,2024,nt,female,72,0.02069
2022,2024,nt,female,73,0.02237
2022,2024,nt,female,74,0.02427
2022,2024,nt,female,75,0.02638
2022,2024,nt,female,76,0.02871
2022,2024,nt,female,77,0.03123
2022,2024,nt,female,78,0.03396
2022,2024,nt,female,79,0.0369
2022,2024,nt,female,80,0.0401
2022,2024,nt,female,81,0.04361
2022,2024,nt,female,82,0.0475
2022,2024,nt,female,83,0.05187
2022,2024,nt,female,84,0.05675
2022,2024,nt,female,85,0.06229
2022,2024,nt,female,86,0.06861
2022,2024,nt,female,87,0.0758
2022,2024,nt,female,88,0.08412
2022,2024,nt,female,89,0.09275
2022,2024,nt,female,90,0.10387
2022,2024,nt,female,91,0.11749
2022,2024,nt,female,92,0.1311
2022,2024,nt,female,93,0.14472
2022,2024,nt,female,94,0.15834
2022,2024,nt,female,95,0.17195
2022,2024,nt,female,96,0.18557
2022,2024,nt,female,97,0.19919
2022,2024,nt,female,98,0.2128
2022,2024,nt,female,99,0.22642
2022,2024,nt,female,100,0.24003
2022,2024,nt,male,0,0.00714
2022,2024,nt,male,1,0.00047
2022,2024,nt,male,2,0.00037
2022,2024,nt,male,3,0.00034
2022,2024,nt,male,4,0.00032
2022,2024,nt,male,5,0.0003
2022,2024,nt,male,6,0.00028
2022,2024,nt,male,7,0.00027
2022,2024,nt,male,8,0.00027
2022,2024,nt,male,9,0.00028
2022,2024,nt,male,10,0.00029
2022,2024,nt,male,11,0.00031
2022,2024,nt,male,12,0.00035
2022,2024,nt,male,13,0.0004
2022,2024,nt,male,14,0.00047
2022,2024,nt,male,15,0.00058
2022,2024,nt,male,16,0.00069
2022,2024,nt,male,17,0.00082
2022,2024,nt,male,18,0.00092
2022,2024,nt,male,19,0.00101
2022,2024,nt,male,20,0.00108
2022,2024,nt,male,21,0.00112
2022,2024,nt,male,22,0.00115
2022,2024,nt,male,23,0.00116
2022,2024,nt,male,24,0.00118
2022,2024,nt,male,25,0.00119
2022,2024,nt,male,26,0.00121
2022,2024,nt,male,27,0.00122
2022,2024,nt,male,28,0.00124
2022,2024,nt,male,29,0.00125
2022,2024,nt,male,30,0.00127
2022,2024,nt,male,31,0.00129
2022,2024,nt,male,32,0.00133
2022,2024,nt,male,33,0.00137
2022,2024,nt,male,34,0.00142
2022,2024,nt,male,35,0.00149
2022,2024,nt,male,36,0.00156
2022,2024,nt,male,37,0.00165
2022,2024,nt,male,38,0.00178
2022,2024,nt,male,39,0.00193
2022,2024,nt,male,40,0.00211
2022,2024,nt,male,41,0.0023
2022,2024,nt,male,42,0.00252
2022,2024,nt,male,43,0.00276
2022,2024,nt,male,44,0.00301
2022,2024,nt,male,45,0.00327
2022,2024,nt,male,46,0.00352
2022,2024,nt,male,47,0.00379
2022,2024,nt,male,48,0.00409
2022,2024,nt,male,49,0.00441
2022,2024,nt,male,50,0.00475
2022,2024,nt,male,51,0.00512
2022,2024,nt,male,52,0.00551
2022,2024,nt,male,53,0.00591
2022,2024,nt,male,54,0.00636
2022,2024,nt,male,55,0.00684
2022,2024,nt,male,56,0.00738
2022,2024,nt,male,57,0.00799
2022,2024,nt,male,58,0.00867
2022,2024,nt,male,59,0.00944
2022,2024,nt,male,60,0.01029
2022,2024,nt,male,61,0.01122
2022,2024,nt,male,62,0.01225
2022,2024,nt,male,63,0.01338
2022,2024,nt,male,64,0.01465
2022,2024,nt,male,65,0.01604
2022,2024,nt,male,66,0.01753
2022,2024,nt,male,67,0.01916
2022,2024,nt,male,68,0.02094
2022,2024,nt,male,69,0.02283
2022,2024,nt,male,70,0.02486
2022,2024,nt,male,71,0.02704
2022,2024,nt,male,72,0.02939
2022,2024,nt,male,73,0.03194
2022,2024,nt,male,74,0.03467
2022,2024,nt,male,75,0.03755
2022,2024,nt,male,76,0.04064
2022,2024,nt,male,77,0.04396
2022,2024,nt,male,78,0.04752
2022,2024,nt,male,79,0.05131
2022,2024,nt,male,80,0.05523
2022,2024,nt,male,81,0.05916
2022,2024,nt,male,82,0.06317
2022,2024,nt,male,83,0.06741
2022,2024,nt,male,84,0.07193
2022,2024,nt,male,85,0.07682
2022,2024,nt,male,86,0.08207
2022,2024,nt,male,87,0.08759
2022,2024,nt,male,88,0.09659
2022,2024,nt,male,89,0.10598
2022,2024,nt,male,90,0.11837
2022,2024,nt,male,91,0.13076
2022,2024,nt,male,92,0.14438
2022,2024,nt,male,93,0.158
2022,2024,nt,male,94,0.17161
2022,2024,nt,male,95,0.18523
2022,2024,nt,male,96,0.19885
2022,2024,nt,male,97,0.21246
2022,2024,nt,male,98,0.22608
2022,2024,nt,male,99,0.2397
2022,2024,nt,male,100,0.25331
2022,2024,qld,female,0,0.00404
2022,2024,qld,female,1,0.00023
2022,2024,qld,female,2,0.00013
2022,2024,qld,female,3,0.00012
2022,2024,qld,female,4,0.00011
2022,2024,qld,female,5,0.0001
2022,2024,qld,female,6,0.00009
2022,2024,qld,female,7,0.00008
2022,2024,qld,female,8,0.00008
2022,2024,qld,female,9,0.00007
2022,2024,qld,female,10,0.00007
2022,2024,qld,female,11,0.00008
2022,2024,qld,female,12,0.00008
2022,2024,qld,female,13,0.0001
2022,2024,qld,female,14,0.00012
2022,2024,qld,female,15,0.00014
2022,2024,qld,female,16,0.00015
2022,2024,qld,female,17,0.00017
2022,2024,qld,female,18,0.0002
2022,2024,qld,female,19,0.00022
2022,2024,qld,female,20,0.00023
2022,2024,qld,female,21,0.00024
2022,2024,qld,female,22,0.00025
2022,2024,qld,female,23,0.00026
2022,2024,qld,female,24,0.00026
2022,2024,qld,female,25,0.00027
2022,2024,qld,female,26,0.00028
2022,2024,qld,female,27,0.0003
2022,2024,qld,female,28,0.00032
2022,2024,qld,female,29,0.00034
2022,2024,qld,female,30,0.00036
2022,2024,qld,female,31,0.00038
2022,2024,qld,female,32,0.0004
2022,2024,qld,female,33,0.00042
2022,2024,qld,female,34,0.00045
2022,2024,qld,female,35,0.00048
2022,2024,qld,female,36,0.00053
2022,2024,qld,female,37,0.00058
2022,2024,qld,female,38,0.00064
2022,2024,qld,female,39,0.0007
2022,2024,qld,female,40,0.00077
2022,2024,qld,female,41,0.00084
2022,2024,qld,female,42,0.00091
2022,2024,qld,female,43,0.001
2022,2024,qld,female,44,0.00108
2022,2024,qld,female,45,0.00117
2022,2024,qld,female,46,0.00126
2022,2024,qld,female,47,0.00136
2022,2024,qld,female,48,0.00149
2022,2024,qld,female,49,0.00162
2022,2024,qld,female,50,0.00177
2022,2024,qld,female,51,0.00194
2022,2024,qld,female,52,0.00211
2022,2024,qld,female,53,0.0023
2022,2024,qld,female,54,0.00248
2022,2024,qld,female,55,0.00267
2022,2024,qld,female,56,0.00287
2022,2024,qld,female,57,0.00309
2022,2024,qld,female,58,0.00335
2022,2024,qld,female,59,0.00362
2022,2024,qld,female,60,0.00393
2022,2024,qld,female,61,0.00427
2022,2024,qld,female,62,0.00466
2022,2024,qld,female,63,0.00509
2022,2024,qld,female,64,0.00557
2022,2024,qld,female,65,0.00609
2022,2024,qld,female,66,0.00664
2022,2024,qld,female,67,0.00725
2022,2024,qld,female,68,0.00795
2022,2024,qld,female,69,0.00873
2022,2024,qld,female,70,0.00957
2022,2024,qld,female,71,0.01051
2022,2024,qld,female,72,0.01161
2022,2024,qld,female,73,0.01294
2022,2024,qld,female,74,0.01455
2022,2024,qld,female,75,0.01645
2022,2024,qld,female,76,0.01867
2022,2024,qld,female,77,0.02122
2022,2024,qld,female,78,0.02412
2022,2024,qld,female,79,0.02743
2022,2024,qld,female,80,0.03122
2022,2024,qld,female,81,0.03558
2022,2024,qld,female,82,0.04062
2022,2024,qld,female,83,0.04644
2022,2024,qld,female,84,0.05315
2022,2024,qld,female,85,0.06088
2022,2024,qld,female,86,0.0698
2022,2024,qld,female,87,0.08
2022,2024,qld,female,88,0.09172
2022,2024,qld,female,89,0.10501
2022,2024,qld,female,90,0.12006
2022,2024,qld,female,91,0.13714
2022,2024,qld,female,92,0.1566
2022,2024,qld,female,93,0.17821
2022,2024,qld,female,94,0.20117
2022,2024,qld,female,95,0.21794
2022,2024,qld,female,96,0.24143
2022,2024,qld,female,97,0.25836
2022,2024,qld,female,98,0.27992
2022,2024,qld,female,99,0.30208
2022,2024,qld,female,100,0.32317
2022,2024,qld,male,0,0.00505
2022,2024,qld,male,1,0.00026
2022,2024,qld,male,2,0.00017
2022,2024,qld,male,3,0.00015
2022,2024,qld,male,4,0.00013
2022,2024,qld,male,5,0.00011
2022,2024,qld,male,6,0.0001
2022,2024,qld,male,7,0.00009
2022,2024,qld,male,8,0.00009
2022,2024,qld,male,9,0.00009
2022,2024,qld,male,10,0.00009
2022,2024,qld,male,11,0.0001
2022,2024,qld,male,12,0.00011
2022,2024,qld,male,13,0.00013
2022,2024,qld,male,14,0.00018
2022,2024,qld,male,15,0.00024
2022,2024,qld,male,16,0.00033
2022,2024,qld,male,17,0.00042
2022,2024,qld,male,18,0.0005
2022,2024,qld,male,19,0.00056
2022,2024,qld,male,20,0.00061
2022,2024,qld,male,21,0.00064
2022,2024,qld,male,22,0.00066
2022,2024,qld,male,23,0.00068
2022,2024,qld,male,24,0.0007
2022,2024,qld,male,25,0.00073
2022,2024,qld,male,26,0.00075
2022,2024,qld,male,27,0.00078
2022,2024,qld,male,28,0.0008
2022,2024,qld,male,29,0.00082
2022,2024,qld,male,30,0.00084
2022,2024,qld,male,31,0.00086
2022,2024,qld,male,32,0.0009
2022,2024,qld,male,33,0.00093
2022,2024,qld,male,34,0.00097
2022,2024,qld,male,35,0.00102
2022,2024,qld,male,36,0.00107
2022,2024,qld,male,37,0.00113
2022,2024,qld,male,38,0.00121
2022,2024,qld,male,39,0.00131
2022,2024,qld,male,40,0.00142
2022,2024,qld,male,41,0.00154
2022,2024,qld,male,42,0.00166
2022,2024,qld,male,43,0.0018
2022,2024,qld,male,44,0.00194
2022,2024,qld,male,45,0.00207
2022,2024,qld,male,46,0.0022
2022,2024,qld,male,47,0.00235
2022,2024,qld,male,48,0.00252
2022,2024,qld,male,49,0.00272
2022,2024,qld,male,50,0.00295
2022,2024,qld,male,51,0.0032
2022,2024,qld,male,52,0.00347
2022,2024,qld,male,53,0.00375
2022,2024,qld,male,54,0.00407
2022,2024,qld,male,55,0.00441
2022,2024,qld,male,56,0.00478
2022,2024,qld,male,57,0.0052
2022,2024,qld,male,58,0.00566
2022,2024,qld,male,59,0.00616
2022,2024,qld,male,60,0.0067
2022,2024,qld,male,61,0.00728
2022,2024,qld,male,62,0.00789
2022,2024,qld,male,63,0.00856
2022,2024,qld,male,64,0.0093
2022,2024,qld,male,65,0.01011
2022,2024,qld,male,66,0.01097
2022,2024,qld,male,67,0.01193
2022,2024,qld,male,68,0.01299
2022,2024,qld,male,69,0.01414
2022,2024,qld,male,70,0.01544
2022,2024,qld,male,71,0.01691
2022,2024,qld,male,72,0.01862
2022,2024,qld,male,73,0.02061
2022,2024,qld,male,74,0.0229
2022,2024,qld,male,75,0.02551
2022,2024,qld,male,76,0.02854
2022,2024,qld,male,77,0.03206
2022,2024,qld,male,78,0.03616
2022,2024,qld,male,79,0.04086
2022,2024,qld,male,80,0.04617
2022,2024,qld,male,81,0.05204
2022,2024,qld,male,82,0.05865
2022,2024,qld,male,83,0.06624
2022,2024,qld,male,84,0.07494
2022,2024,qld,male,85,0.08492
2022,2024,qld,male,86,0.09623
2022,2024,qld,male,87,0.10879
2022,2024,qld,male,88,0.12276
2022,2024,qld,male,89,0.1382
2022,2024,qld,male,90,0.15516
2022,2024,qld,male,91,0.17362
2022,2024,qld,male,92,0.19308
2022,2024,qld,male,93,0.21319
2022,2024,qld,male,94,0.23443
2022,2024,qld,male,95,0.24848
2022,2024,qld,male,96,0.26877
2022,2024,qld,male,97,0.28288
2022,2024,qld,male,98,0.30206
2022,2024,qld,male,99,0.32238
2022,2024,qld,male,100,0.34924
2022,2024,sa,female,0,0.00246
2022,2024,sa,female,1,0.0002
2022,2024,sa,female,2,0.00011
2022,2024,sa,female,3,0.0001
2022,2024,sa,female,4,0.00009
2022,2024,sa,female,5,0.00008
2022,2024,sa,female,6,0.00007
2022,2024,sa,female,7,0.00006
2022,2024,sa,female,8,0.00006
2022,2024,sa,female,9,0.00005
2022,2024,sa,female,10,0.00005
2022,2024,sa,female,11,0.00006
2022,2024,sa,female,12,0.00007
2022,2024,sa,female,13,0.00009
2022,2024,sa,female,14,0.00011
2022,2024,sa,female,15,0.00013
2022,2024,sa,female,16,0.00016
2022,2024,sa,female,17,0.00018
2022,2024,sa,female,18,0.00021
2022,2024,sa,female,19,0.00023
2022,2024,sa,female,20,0.00025
2022,2024,sa,female,21,0.00027
2022,2024,sa,female,22,0.00028
2022,2024,sa,female,23,0.00029
2022,2024,sa,female,24,0.0003
2022,2024,sa,female,25,0.0003
2022,2024,sa,female,26,0.00031
2022,2024,sa,female,27,0.00033
2022,2024,sa,female,28,0.00034
2022,2024,sa,female,29,0.00036
2022,2024,sa,female,30,0.00037
2022,2024,sa,female,31,0.00037
2022,2024,sa,female,32,0.00038
2022,2024,sa,female,33,0.0004
2022,2024,sa,female,34,0.00042
2022,2024,sa,female,35,0.00045
2022,2024,sa,female,36,0.00049
2022,2024,sa,female,37,0.00055
2022,2024,sa,female,38,0.00063
2022,2024,sa,female,39,0.00071
2022,2024,sa,female,40,0.00081
2022,2024,sa,female,41,0.0009
2022,2024,sa,female,42,0.00099
2022,2024,sa,female,43,0.00108
2022,2024,sa,female,44,0.00116
2022,2024,sa,female,45,0.00124
2022,2024,sa,female,46,0.00131
2022,2024,sa,female,47,0.0014
2022,2024,sa,female,48,0.00151
2022,2024,sa,female,49,0.00164
2022,2024,sa,female,50,0.0018
2022,2024,sa,female,51,0.00199
2022,2024,sa,female,52,0.00221
2022,2024,sa,female,53,0.00245
2022,2024,sa,female,54,0.00269
2022,2024,sa,female,55,0.00292
2022,2024,sa,female,56,0.00317
2022,2024,sa,female,57,0.00342
2022,2024,sa,female,58,0.0037
2022,2024,sa,female,59,0.00398
2022,2024,sa,female,60,0.00429
2022,2024,sa,female,61,0.00461
2022,2024,sa,female,62,0.00497
2022,2024,sa,female,63,0.00536
2022,2024,sa,female,64,0.00578
2022,2024,sa,female,65,0.00624
2022,2024,sa,female,66,0.00672
2022,2024,sa,female,67,0.00727
2022,2024,sa,female,68,0.00789
2022,2024,sa,female,69,0.00856
2022,2024,sa,female,70,0.00929
2022,2024,sa,female,71,0.01009
2022,2024,sa,female,72,0.01107
2022,2024,sa,female,73,0.01233
2022,2024,sa,female,74,0.01393
2022,2024,sa,female,75,0.01589
2022,2024,sa,female,76,0.01818
2022,2024,sa,female,77,0.0208
2022,2024,sa,female,78,0.02373
2022,2024,sa,female,79,0.02701
2022,2024,sa,female,80,0.0307
2022,2024,sa,female,81,0.0349
2022,2024,sa,female,82,0.03971
2022,2024,sa,female,83,0.04526
2022,2024,sa,female,84,0.05164
2022,2024,sa,female,85,0.05907
2022,2024,sa,female,86,0.06768
2022,2024,sa,female,87,0.07757
2022,2024,sa,female,88,0.08894
2022,2024,sa,female,89,0.10174
2022,2024,sa,female,90,0.11619
2022,2024,sa,female,91,0.13265
2022,2024,sa,female,92,0.15173
2022,2024,sa,female,93,0.17346
2022,2024,sa,female,94,0.19734
2022,2024,sa,female,95,0.21588
2022,2024,sa,female,96,0.24207
2022,2024,sa,female,97,0.26259
2022,2024,sa,female,98,0.2884
2022,2024,sa,female,99,0.31507
2022,2024,sa,female,100,0.35919
2022,2024,sa,male,0,0.00319
2022,2024,sa,male,1,0.00027
2022,2024,sa,male,2,0.00018
2022,2024,sa,male,3,0.00015
2022,2024,sa,male,4,0.00013
2022,2024,sa,male,5,0.00012
2022,2024,sa,male,6,0.0001
2022,2024,sa,male,7,0.00009
2022,2024,sa,male,8,0.00009
2022,2024,sa,male,9,0.00008
2022,2024,sa,male,10,0.00008
2022,2024,sa,male,11,0.00008
2022,2024,sa,male,12,0.00008
2022,2024,sa,male,13,0.00009
2022,2024,sa,male,14,0.00012
2022,2024,sa,male,15,0.00017
2022,2024,sa,male,16,0.00024
2022,2024,sa,male,17,0.00032
2022,2024,sa,male,18,0.00038
2022,2024,sa,male,19,0.00043
2022,2024,sa,male,20,0.00046
2022,2024,sa,male,21,0.00048
2022,2024,sa,male,22,0.00048
2022,2024,sa,male,23,0.00049
2022,2024,sa,male,24,0.00051
2022,2024,sa,male,25,0.00053
2022,2024,sa,male,26,0.00055
2022,2024,sa,male,27,0.00058
2022,2024,sa,male,28,0.00061
2022,2024,sa,male,29,0.00064
2022,2024,sa,male,30,0.00067
2022,2024,sa,male,31,0.0007
2022,2024,sa,male,32,0.00074
2022,2024,sa,male,33,0.00079
2022,2024,sa,male,34,0.00084
2022,2024,sa,male,35,0.00089
2022,2024,sa,male,36,0.00096
2022,2024,sa,male,37,0.00103
2022,2024,sa,male,38,0.00113
2022,2024,sa,male,39,0.00124
2022,2024,sa,male,40,0.00136
2022,2024,sa,male,41,0.00149
2022,2024,sa,male,42,0.00163
2022,2024,sa,male,43,0.00178
2022,2024,sa,male,44,0.00194
2022,2024,sa,male,45,0.0021
2022,2024,sa,male,46,0.00225
2022,2024,sa,male,47,0.00242
2022,2024,sa,male,48,0.00262
2022,2024,sa,male,49,0.00284
2022,2024,sa,male,50,0.00309
2022,2024,sa,male,51,0.00336
2022,2024,sa,male,52,0.00365
2022,2024,sa,male,53,0.00395
2022,2024,sa,male,54,0.00429
2022,2024,sa,male,55,0.00465
2022,2024,sa,male,56,0.00504
2022,2024,sa,male,57,0.00547
2022,2024,sa,male,58,0.00594
2022,2024,sa,male,59,0.00645
2022,2024,sa,male,60,0.007
2022,2024,sa,male,61,0.00757
2022,2024,sa,male,62,0.00819
2022,2024,sa,male,63,0.00885
2022,2024,sa,male,64,0.00959
2022,2024,sa,male,65,0.01039
2022,2024,sa,male,66,0.01123
2022,2024,sa,male,67,0.01216
2022,2024,sa,male,68,0.01318
2022,2024,sa,male,69,0.01426
2022,2024,sa,male,70,0.01547
2022,2024,sa,male,71,0.01681
2022,2024,sa,male,72,0.01836
2022,2024,sa,male,73,0.02016
2022,2024,sa,male,74,0.02224
2022,2024,sa,male,75,0.02462
2022,2024,sa,male,76,0.02738
2022,2024,sa,male,77,0.03063
2022,2024,sa,male,78,0.03443
2022,2024,sa,male,79,0.03881
2022,2024,sa,male,80,0.04377
2022,2024,sa,male,81,0.04926
2022,2024,sa,male,82,0.05546
2022,2024,sa,male,83,0.06261
2022,2024,sa,male,84,0.07084
2022,2024,sa,male,85,0.08037
2022,2024,sa,male,86,0.09123
2022,2024,sa,male,87,0.1034
2022,2024,sa,male,88,0.11703
2022,2024,sa,male,89,0.13221
2022,2024,sa,male,90,0.14903
2022,2024,sa,male,91,0.16752
2022,2024,sa,male,92,0.18717
2022,2024,sa,male,93,0.20763
2022,2024,sa,male,94,0.22935
2022,2024,sa,male,95,0.24389
2022,2024,sa,male,96,0.26473
2022,2024,sa,male,97,0.27926
2022,2024,sa,male,98,0.29875
2022,2024,sa,male,99,0.3192
2022,2024,sa,male,100,0.31042
2022,2024,tas,female,0,0.00375
2022,2024,tas,female,1,0.00015
2022,2024,tas,female,2,0.00006
2022,2024,tas,female,3,0.00005
2022,2024,tas,female,4,0.00005
2022,2024,tas,female,5,0.00004
2022,2024,tas,female,6,0.00004
2022,2024,tas,female,7,0.00004
2022,2024,tas,female,8,0.00005
2022,2024,tas,female,9,0.00005
2022,2024,tas,female,10,0.00006
2022,2024,tas,female,11,0.00008
2022,2024,tas,female,12,0.00009
2022,2024,tas,female,13,0.00012
2022,2024,tas,female,14,0.00014
2022,2024,tas,female,15,0.00017
2022,2024,tas,female,16,0.00019
2022,2024,tas,female,17,0.00021
2022,2024,tas,female,18,0.00024
2022,2024,tas,female,19,0.00026
2022,2024,tas,female,20,0.00027
2022,2024,tas,female,21,0.00028
2022,2024,tas,female,22,0.00029
2022,2024,tas,female,23,0.00029
2022,2024,tas,female,24,0.0003
2022,2024,tas,female,25,0.0003
2022,2024,tas,female,26,0.00031
2022,2024,tas,female,27,0.00033
2022,2024,tas,female,28,0.00034
2022,2024,tas,female,29,0.00036
2022,2024,tas,female,30,0.00038
2022,2024,tas,female,31,0.0004
2022,2024,tas,female,32,0.00042
2022,2024,tas,female,33,0.00044
2022,2024,tas,female,34,0.00047
2022,2024,tas,female,35,0.00051
2022,2024,tas,female,36,0.00055
2022,2024,tas,female,37,0.0006
2022,2024,tas,female,38,0.00066
2022,2024,tas,female,39,0.00073
2022,2024,tas,female,40,0.0008
2022,2024,tas,female,41,0.00088
2022,2024,tas,female,42,0.00097
2022,2024,tas,female,43,0.00107
2022,2024,tas,female,44,0.00119
2022,2024,tas,female,45,0.0013
2022,2024,tas,female,46,0.00143
2022,2024,tas,female,47,0.00157
2022,2024,tas,female,48,0.00173
2022,2024,tas,female,49,0.00191
2022,2024,tas,female,50,0.00209
2022,2024,tas,female,51,0.00229
2022,2024,tas,female,52,0.0025
2022,2024,tas,female,53,0.00271
2022,2024,tas,female,54,0.00293
2022,2024,tas,female,55,0.00314
2022,2024,tas,female,56,0.00338
2022,2024,tas,female,57,0.00365
2022,2024,tas,female,58,0.00395
2022,2024,tas,female,59,0.0043
2022,2024,tas,female,60,0.00467
2022,2024,tas,female,61,0.0051
2022,2024,tas,female,62,0.00558
2022,2024,tas,female,63,0.00611
2022,2024,tas,female,64,0.0067
2022,2024,tas,female,65,0.00733
2022,2024,tas,female,66,0.00799
2022,2024,tas,female,67,0.00873
2022,2024,tas,female,68,0.00956
2022,2024,tas,female,69,0.01046
2022,2024,tas,female,70,0.01144
2022,2024,tas,female,71,0.01252
2022,2024,tas,female,72,0.01375
2022,2024,tas,female,73,0.01523
2022,2024,tas,female,74,0.017
2022,2024,tas,female,75,0.01908
2022,2024,tas,female,76,0.02148
2022,2024,tas,female,77,0.02422
2022,2024,tas,female,78,0.02733
2022,2024,tas,female,79,0.03085
2022,2024,tas,female,80,0.03486
2022,2024,tas,female,81,0.03948
2022,2024,tas,female,82,0.04479
2022,2024,tas,female,83,0.05094
2022,2024,tas,female,84,0.05801
2022,2024,tas,female,85,0.06616
2022,2024,tas,female,86,0.07554
2022,2024,tas,female,87,0.08624
2022,2024,tas,female,88,0.09852
2022,2024,tas,female,89,0.1124
2022,2024,tas,female,90,0.1281
2022,2024,tas,female,91,0.14585
2022,2024,tas,female,92,0.16598
2022,2024,tas,female,93,0.18825
2022,2024,tas,female,94,0.21181
2022,2024,tas,female,95,0.22923
2022,2024,tas,female,96,0.25328
2022,2024,tas,female,97,0.27092
2022,2024,tas,female,98,0.29315
2022,2024,tas,female,99,0.31596
2022,2024,tas,female,100,0.38206
2022,2024,tas,male,0,0.00369
2022,2024,tas,male,1,0.00022
2022,2024,tas,male,2,0.00014
2022,2024,tas,male,3,0.00012
2022,2024,tas,male,4,0.0001
2022,2024,tas,male,5,0.00009
2022,2024,tas,male,6,0.00008
2022,2024,tas,male,7,0.00007
2022,2024,tas,male,8,0.00007
2022,2024,tas,male,9,0.00007
2022,2024,tas,male,10,0.00007
2022,2024,tas,male,11,0.00008
2022,2024,tas,male,12,0.00009
2022,2024,tas,male,13,0.00011
2022,2024,tas,male,14,0.00015
2022,2024,tas,male,15,0.00021
2022,2024,tas,male,16,0.00028
2022,2024,tas,male,17,0.00036
2022,2024,tas,male,18,0.00042
2022,2024,tas,male,19,0.00047
2022,2024,tas,male,20,0.00051
2022,2024,tas,male,21,0.00053
2022,2024,tas,male,22,0.00054
2022,2024,tas,male,23,0.00055
2022,2024,tas,male,24,0.00057
2022,2024,tas,male,25,0.00059
2022,2024,tas,male,26,0.00062
2022,2024,tas,male,27,0.00065
2022,2024,tas,male,28,0.00068
2022,2024,tas,male,29,0.00071
2022,2024,tas,male,30,0.00074
2022,2024,tas,male,31,0.00078
2022,2024,tas,male,32,0.00083
2022,2024,tas,male,33,0.00088
2022,2024,tas,male,34,0.00094
2022,2024,tas,male,35,0.001
2022,2024,tas,male,36,0.00108
2022,2024,tas,male,37,0.00116
2022,2024,tas,male,38,0.00128
2022,2024,tas,male,39,0.00141
2022,2024,tas,male,40,0.00155
2022,2024,tas,male,41,0.00171
2022,2024,tas,male,42,0.00187
2022,2024,tas,male,43,0.00205
2022,2024,tas,male,44,0.00223
2022,2024,tas,male,45,0.0024
2022,2024,tas,male,46,0.00256
2022,2024,tas,male,47,0.00273
2022,2024,tas,male,48,0.00292
2022,2024,tas,male,49,0.00314
2022,2024,tas,male,50,0.00337
2022,2024,tas,male,51,0.00362
2022,2024,tas,male,52,0.00387
2022,2024,tas,male,53,0.00414
2022,2024,tas,male,54,0.00444
2022,2024,tas,male,55,0.00476
2022,2024,tas,male,56,0.00511
2022,2024,tas,male,57,0.00551
2022,2024,tas,male,58,0.00596
2022,2024,tas,male,59,0.00644
2022,2024,tas,male,60,0.00698
2022,2024,tas,male,61,0.00755
2022,2024,tas,male,62,0.00818
2022,2024,tas,male,63,0.00886
2022,2024,tas,male,64,0.00964
2022,2024,tas,male,65,0.01048
2022,2024,tas,male,66,0.01138
2022,2024,tas,male,67,0.01237
2022,2024,tas,male,68,0.01348
2022,2024,tas,male,69,0.01466
2022,2024,tas,male,70,0.016
2022,2024,tas,male,71,0.01748
2022,2024,tas,male,72,0.01919
2022,2024,tas,male,73,0.02116
2022,2024,tas,male,74,0.02341
2022,2024,tas,male,75,0.02598
2022,2024,tas,male,76,0.02896
2022,2024,tas,male,77,0.03245
2022,2024,tas,male,78,0.03652
2022,2024,tas,male,79,0.04122
2022,2024,tas,male,80,0.04657
2022,2024,tas,male,81,0.05254
2022,2024,tas,male,82,0.05932
2022,2024,tas,male,83,0.06717
2022,2024,tas,male,84,0.07621
2022,2024,tas,male,85,0.08665
2022,2024,tas,male,86,0.09853
2022,2024,tas,male,87,0.11178
2022,2024,tas,male,88,0.12651
2022,2024,tas,male,89,0.1428
2022,2024,tas,male,90,0.1607
2022,2024,tas,male,91,0.18019
2022,2024,tas,male,92,0.20075
2022,2024,tas,male,93,0.22203
2022,2024,tas,male,94,0.24447
2022,2024,tas,male,95,0.25981
2022,2024,tas,male,96,0.28124
2022,2024,tas,male,97,0.29649
2022,2024,tas,male,98,0.31656
2022,2024,tas,male,99,0.33754
2022,2024,tas,male,100,0.31131
2022,2024,vic,female,0,0.00239
2022,2024,vic,female,1,0.00021
2022,2024,vic,female,2,0.00011
2022,2024,vic,female,3,0.0001
2022,2024,vic,female,4,0.00009
2022,2024,vic,female,5,0.00008
2022,2024,vic,female,6,0.00007
2022,2024,vic,female,7,0.00006
2022,2024,vic,female,8,0.00006
2022,2024,vic,female,9,0.00005
2022,2024,vic,female,10,0.00005
2022,2024,vic,female,11,0.00006
2022,2024,vic,female,12,0.00006
2022,2024,vic,female,13,0.00008
2022,2024,vic,female,14,0.00009
2022,2024,vic,female,15,0.00011
2022,2024,vic,female,16,0.00013
2022,2024,vic,female,17,0.00015
2022,2024,vic,female,18,0.00018
2022,2024,vic,female,19,0.0002
2022,2024,vic,female,20,0.00022
2022,2024,vic,female,21,0.00023
2022,2024,vic,female,22,0.00024
2022,2024,vic,female,23,0.00024
2022,2024,vic,female,24,0.00025
2022,2024,vic,female,25,0.00025
2022,2024,vic,female,26,0.00026
2022,2024,vic,female,27,0.00028
2022,2024,vic,female,28,0.0003
2022,2024,vic,female,29,0.00032
2022,2024,vic,female,30,0.00033
2022,2024,vic,female,31,0.00035
2022,2024,vic,female,32,0.00036
2022,2024,vic,female,33,0.00038
2022,2024,vic,female,34,0.0004
2022,2024,vic,female,35,0.00043
2022,2024,vic,female,36,0.00046
2022,2024,vic,female,37,0.0005
2022,2024,vic,female,38,0.00055
2022,2024,vic,female,39,0.00061
2022,2024,vic,female,40,0.00068
2022,2024,vic,female,41,0.00074
2022,2024,vic,female,42,0.00082
2022,2024,vic,female,43,0.0009
2022,2024,vic,female,44,0.00099
2022,2024,vic,female,45,0.00108
2022,2024,vic,female,46,0.00117
2022,2024,vic,female,47,0.00128
2022,2024,vic,female,48,0.0014
2022,2024,vic,female,49,0.00154
2022,2024,vic,female,50,0.00168
2022,2024,vic,female,51,0.00184
2022,2024,vic,female,52,0.00201
2022,2024,vic,female,53,0.00218
2022,2024,vic,female,54,0.00235
2022,2024,vic,female,55,0.00252
2022,2024,vic,female,56,0.0027
2022,2024,vic,female,57,0.00289
2022,2024,vic,female,58,0.00311
2022,2024,vic,female,59,0.00336
2022,2024,vic,female,60,0.00363
2022,2024,vic,female,61,0.00393
2022,2024,vic,female,62,0.00428
2022,2024,vic,female,63,0.00467
2022,2024,vic,female,64,0.00511
2022,2024,vic,female,65,0.00558
2022,2024,vic,female,66,0.00609
2022,2024,vic,female,67,0.00666
2022,2024,vic,female,68,0.00732
2022,2024,vic,female,69,0.00804
2022,2024,vic,female,70,0.00883
2022,2024,vic,female,71,0.0097
2022,2024,vic,female,72,0.0107
2022,2024,vic,female,73,0.01193
2022,2024,vic,female,74,0.01342
2022,2024,vic,female,75,0.01519
2022,2024,vic,female,76,0.01728
2022,2024,vic,female,77,0.01968
2022,2024,vic,female,78,0.02244
2022,2024,vic,female,79,0.02559
2022,2024,vic,female,80,0.02922
2022,2024,vic,female,81,0.03341
2022,2024,vic,female,82,0.03825
2022,2024,vic,female,83,0.04388
2022,2024,vic,female,84,0.05038
2022,2024,vic,female,85,0.05791
2022,2024,vic,female,86,0.06663
2022,2024,vic,female,87,0.07661
2022,2024,vic,female,88,0.08815
2022,2024,vic,female,89,0.10126
2022,2024,vic,female,90,0.11614
2022,2024,vic,female,91,0.13306
2022,2024,vic,female,92,0.15234
2022,2024,vic,female,93,0.17373
2022,2024,vic,female,94,0.19639
2022,2024,vic,female,95,0.21276
2022,2024,vic,female,96,0.23586
2022,2024,vic,female,97,0.25234
2022,2024,vic,female,98,0.2735
2022,2024,vic,female,99,0.2953
2022,2024,vic,female,100,0.32072
2022,2024,vic,male,0,0.00275
2022,2024,vic,male,1,0.00019
2022,2024,vic,male,2,0.00011
2022,2024,vic,male,3,0.00009
2022,2024,vic,male,4,0.00008
2022,2024,vic,male,5,0.00008
2022,2024,vic,male,6,0.00007
2022,2024,vic,male,7,0.00007
2022,2024,vic,male,8,0.00007
2022,2024,vic,male,9,0.00007
2022,2024,vic,male,10,0.00008
2022,2024,vic,male,11,0.00008
2022,2024,vic,male,12,0.00009
2022,2024,vic,male,13,0.00011
2022,2024,vic,male,14,0.00015
2022,2024,vic,male,15,0.00021
2022,2024,vic,male,16,0.00028
2022,2024,vic,male,17,0.00036
2022,2024,vic,male,18,0.00043
2022,2024,vic,male,19,0.00048
2022,2024,vic,male,20,0.00052
2022,2024,vic,male,21,0.00054
2022,2024,vic,male,22,0.00055
2022,2024,vic,male,23,0.00055
2022,2024,vic,male,24,0.00057
2022,2024,vic,male,25,0.00058
2022,2024,vic,male,26,0.0006
2022,2024,vic,male,27,0.00062
2022,2024,vic,male,28,0.00065
2022,2024,vic,male,29,0.00067
2022,2024,vic,male,30,0.00068
2022,2024,vic,male,31,0.00071
2022,2024,vic,male,32,0.00074
2022,2024,vic,male,33,0.00077
2022,2024,vic,male,34,0.0008
2022,2024,vic,male,35,0.00084
2022,2024,vic,male,36,0.00088
2022,2024,vic,male,37,0.00094
2022,2024,vic,male,38,0.00102
2022,2024,vic,male,39,0.00112
2022,2024,vic,male,40,0.00123
2022,2024,vic,male,41,0.00135
2022,2024,vic,male,42,0.00148
2022,2024,vic,male,43,0.00161
2022,2024,vic,male,44,0.00175
2022,2024,vic,male,45,0.00188
2022,2024,vic,male,46,0.002
2022,2024,vic,male,47,0.00214
2022,2024,vic,male,48,0.00229
2022,2024,vic,male,49,0.00248
2022,2024,vic,male,50,0.0027
2022,2024,vic,male,51,0.00293
2022,2024,vic,male,52,0.00318
2022,2024,vic,male,53,0.00345
2022,2024,vic,male,54,0.00374
2022,2024,vic,male,55,0.00406
2022,2024,vic,male,56,0.0044
2022,2024,vic,male,57,0.00479
2022,2024,vic,male,58,0.0052
2022,2024,vic,male,59,0.00566
2022,2024,vic,male,60,0.00615
2022,2024,vic,male,61,0.00668
2022,2024,vic,male,62,0.00726
2022,2024,vic,male,63,0.00791
2022,2024,vic,male,64,0.00864
2022,2024,vic,male,65,0.00944
2022,2024,vic,male,66,0.01031
2022,2024,vic,male,67,0.01127
2022,2024,vic,male,68,0.01235
2022,2024,vic,male,69,0.0135
2022,2024,vic,male,70,0.0148
2022,2024,vic,male,71,0.01622
2022,2024,vic,male,72,0.01786
2022,2024,vic,male,73,0.01973
2022,2024,vic,male,74,0.02186
2022,2024,vic,male,75,0.02428
2022,2024,vic,male,76,0.02705
2022,2024,vic,male,77,0.03027
2022,2024,vic,male,78,0.03402
2022,2024,vic,male,79,0.03834
2022,2024,vic,male,80,0.04323
2022,2024,vic,male,81,0.04862
2022,2024,vic,male,82,0.05471
2022,2024,vic,male,83,0.06174
2022,2024,vic,male,84,0.06986
2022,2024,vic,male,85,0.07927
2022,2024,vic,male,86,0.09004
2022,2024,vic,male,87,0.10209
2022,2024,vic,male,88,0.11553
2022,2024,vic,male,89,0.13043
2022,2024,vic,male,90,0.14688
2022,2024,vic,male,91,0.16492
2022,2024,vic,male,92,0.18404
2022,2024,vic,male,93,0.20397
2022,2024,vic,male,94,0.22524
2022,2024,vic,male,95,0.23946
2022,2024,vic,male,96,0.26026
2022,2024,vic,male,97,0.27505
2022,2024,vic,male,98,0.29515
2022,2024,vic,male,99,0.31644
2022,2024,vic,male,100,0.34833
2022,2024,wa,female,0,0.00226
2022,2024,wa,female,1,0.0002
2022,2024,wa,female,2,0.00011
2022,2024,wa,female,3,0.0001
2022,2024,wa,female,4,0.00009
2022,2024,wa,female,5,0.00008
2022,2024,wa,female,6,0.00007
2022,2024,wa,female,7,0.00007
2022,2024,wa,female,8,0.00006
2022,2024,wa,female,9,0.00006
2022,2024,wa,female,10,0.00006
2022,2024,wa,female,11,0.00007
2022,2024,wa,female,12,0.00008
2022,2024,wa,female,13,0.00009
2022,2024,wa,female,14,0.00011
2022,2024,wa,female,15,0.00013
2022,2024,wa,female,16,0.00016
2022,2024,wa,female,17,0.00018
2022,2024,wa,female,18,0.00021
2022,2024,wa,female,19,0.00024
2022,2024,wa,female,20,0.00026
2022,2024,wa,female,21,0.00027
2022,2024,wa,female,22,0.00028
2022,2024,wa,female,23,0.00028
2022,2024,wa,female,24,0.00028
2022,2024,wa,female,25,0.00028
2022,2024,wa,female,26,0.00028
2022,2024,wa,female,27,0.0003
2022,2024,wa,female,28,0.00032
2022,2024,wa,female,29,0.00035
2022,2024,wa,female,30,0.00037
2022,2024,wa,female,31,0.0004
2022,2024,wa,female,32,0.00043
2022,2024,wa,female,33,0.00045
2022,2024,wa,female,34,0.00049
2022,2024,wa,female,35,0.00052
2022,2024,wa,female,36,0.00056
2022,2024,wa,female,37,0.00062
2022,2024,wa,female,38,0.00068
2022,2024,wa,female,39,0.00075
2022,2024,wa,female,40,0.00081
2022,2024,wa,female,41,0.00088
2022,2024,wa,female,42,0.00095
2022,2024,wa,female,43,0.00104
2022,2024,wa,female,44,0.00113
2022,2024,wa,female,45,0.00122
2022,2024,wa,female,46,0.00132
2022,2024,wa,female,47,0.00142
2022,2024,wa,female,48,0.00154
2022,2024,wa,female,49,0.00167
2022,2024,wa,female,50,0.0018
2022,2024,wa,female,51,0.00195
2022,2024,wa,female,52,0.0021
2022,2024,wa,female,53,0.00225
2022,2024,wa,female,54,0.00239
2022,2024,wa,female,55,0.00252
2022,2024,wa,female,56,0.00266
2022,2024,wa,female,57,0.00281
2022,2024,wa,female,58,0.00298
2022,2024,wa,female,59,0.00318
2022,2024,wa,female,60,0.0034
2022,2024,wa,female,61,0.00367
2022,2024,wa,female,62,0.004
2022,2024,wa,female,63,0.00438
2022,2024,wa,female,64,0.00481
2022,2024,wa,female,65,0.00528
2022,2024,wa,female,66,0.00577
2022,2024,wa,female,67,0.00631
2022,2024,wa,female,68,0.00691
2022,2024,wa,female,69,0.00757
2022,2024,wa,female,70,0.00829
2022,2024,wa,female,71,0.00905
2022,2024,wa,female,72,0.00994
2022,2024,wa,female,73,0.01104
2022,2024,wa,female,74,0.0124
2022,2024,wa,female,75,0.01405
2022,2024,wa,female,76,0.01602
2022,2024,wa,female,77,0.01833
2022,2024,wa,female,78,0.021
2022,2024,wa,female,79,0.02404
2022,2024,wa,female,80,0.02752
2022,2024,wa,female,81,0.03151
2022,2024,wa,female,82,0.03609
2022,2024,wa,female,83,0.04141
2022,2024,wa,female,84,0.04754
2022,2024,wa,female,85,0.05463
2022,2024,wa,female,86,0.06284
2022,2024,wa,female,87,0.07227
2022,2024,wa,female,88,0.08323
2022,2024,wa,female,89,0.09572
2022,2024,wa,female,90,0.11006
2022,2024,wa,female,91,0.12663
2022,2024,wa,female,92,0.146
2022,2024,wa,female,93,0.16805
2022,2024,wa,female,94,0.19201
2022,2024,wa,female,95,0.21044
2022,2024,wa,female,96,0.23336
2022,2024,wa,female,97,0.24813
2022,2024,wa,female,98,0.26442
2022,2024,wa,female,99,0.27945
2022,2024,wa,female,100,0.29116
2022,2024,wa,male,0,0.00276
2022,2024,wa,male,1,0.0003
2022,2024,wa,male,2,0.0002
2022,2024,wa,male,3,0.00017
2022,2024,wa,male,4,0.00014
2022,2024,wa,male,5,0.00012
2022,2024,wa,male,6,0.0001
2022,2024,wa,male,7,0.00009
2022,2024,wa,male,8,0.00008
2022,2024,wa,male,9,0.00007
2022,2024,wa,male,10,0.00007
2022,2024,wa,male,11,0.00008
2022,2024,wa,male,12,0.00009
2022,2024,wa,male,13,0.00011
2022,2024,wa,male,14,0.00015
2022,2024,wa,male,15,0.00022
2022,2024,wa,male,16,0.00031
2022,2024,wa,male,17,0.00041
2022,2024,wa,male,18,0.00049
2022,2024,wa,male,19,0.00055
2022,2024,wa,male,20,0.0006
2022,2024,wa,male,21,0.00063
2022,2024,wa,male,22,0.00065
2022,2024,wa,male,23,0.00067
2022,2024,wa,male,24,0.00069
2022,2024,wa,male,25,0.00072
2022,2024,wa,male,26,0.00075
2022,2024,wa,male,27,0.00078
2022,2024,wa,male,28,0.00081
2022,2024,wa,male,29,0.00084
2022,2024,wa,male,30,0.00087
2022,2024,wa,male,31,0.0009
2022,2024,wa,male,32,0.00094
2022,2024,wa,male,33,0.00098
2022,2024,wa,male,34,0.00103
2022,2024,wa,male,35,0.00107
2022,2024,wa,male,36,0.00112
2022,2024,wa,male,37,0.00118
2022,2024,wa,male,38,0.00125
2022,2024,wa,male,39,0.00133
2022,2024,wa,male,40,0.00142
2022,2024,wa,male,41,0.00151
2022,2024,wa,male,42,0.00161
2022,2024,wa,male,43,0.00172
2022,2024,wa,male,44,0.00183
2022,2024,wa,male,45,0.00194
2022,2024,wa,male,46,0.00204
2022,2024,wa,male,47,0.00218
2022,2024,wa,male,48,0.00235
2022,2024,wa,male,49,0.00255
2022,2024,wa,male,50,0.00277
2022,2024,wa,male,51,0.00299
2022,2024,wa,male,52,0.00321
2022,2024,wa,male,53,0.00344
2022,2024,wa,male,54,0.00371
2022,2024,wa,male,55,0.00399
2022,2024,wa,male,56,0.0043
2022,2024,wa,male,57,0.00465
2022,2024,wa,male,58,0.00504
2022,2024,wa,male,59,0.00548
2022,2024,wa,male,60,0.00596
2022,2024,wa,male,61,0.00647
2022,2024,wa,male,62,0.00703
2022,2024,wa,male,63,0.00765
2022,2024,wa,male,64,0.00836
2022,2024,wa,male,65,0.00912
2022,2024,wa,male,66,0.00993
2022,2024,wa,male,67,0.01085
2022,2024,wa,male,68,0.01187
2022,2024,wa,male,69,0.01296
2022,2024,wa,male,70,0.01416
2022,2024,wa,male,71,0.01547
2022,2024,wa,male,72,0.01696
2022,2024,wa,male,73,0.01867
2022,2024,wa,male,74,0.02061
2022,2024,wa,male,75,0.02284
2022,2024,wa,male,76,0.02547
2022,2024,wa,male,77,0.02859
2022,2024,wa,male,78,0.03226
2022,2024,wa,male,79,0.03651
2022,2024,wa,male,80,0.04134
2022,2024,wa,male,81,0.0467
2022,2024,wa,male,82,0.05281
2022,2024,wa,male,83,0.05991
2022,2024,wa,male,84,0.06812
2022,2024,wa,male,85,0.07765
2022,2024,wa,male,86,0.08851
2022,2024,wa,male,87,0.10054
2022,2024,wa,male,88,0.11385
2022,2024,wa,male,89,0.12839
2022,2024,wa,male,90,0.14413
2022,2024,wa,male,91,0.16094
2022,2024,wa,male,92,0.17815
2022,2024,wa,male,93,0.19545
2022,2024,wa,male,94,0.21334
2022,2024,wa,male,95,0.22646
2022,2024,wa,male,96,0.2412
2022,2024,wa,male,97,0.25396
2022,2024,wa,male,98,0.27025
2022,2024,wa,male,99,0.28528
2022,2024,wa,male,100,0.29699
