year,state,sex,age_band,rate_per_1000,status
2010,act,female,0-4,0.7,published
2010,act,female,10-14,0.1,published
2010,act,female,100+,360.0,published
2010,act,female,15-19,0.2,published
2010,act,female,20-24,0.0,published
2010,act,female,25-29,0.4,published
2010,act,female,30-34,0.1,published
2010,act,female,35-39,0.4,published
2010,act,female,40-44,0.4,published
2010,act,female,45-49,0.7,published
2010,act,female,5-9,0.0,published
2010,act,female,50-54,1.6,published
2010,act,female,55-59,1.9,published
2010,act,female,60-64,4.4,published
2010,act,female,65-69,7.6,published
2010,act,female,70-74,12.6,published
2010,act,female,75-79,23.5,published
2010,act,female,80-84,39.7,published
2010,act,female,85-89,89.7,published
2010,act,female,90-94,169.4,published
2010,act,female,95-99,284.2,published
2010,act,male,0-4,1.1,published
2010,act,male,10-14,0.1,published
2010,act,male,100+,1000.0,published
2010,act,male,15-19,0.1,published
2010,act,male,20-24,0.6,published
2010,act,male,25-29,0.5,published
2010,act,male,30-34,0.6,published
2010,act,male,35-39,1.7,published
2010,act,male,40-44,1.7,published
2010,act,male,45-49,1.5,published
2010,act,male,5-9,0.0,published
2010,act,male,50-54,3.1,published
2010,act,male,55-59,4.3,published
2010,act,male,60-64,6.0,published
2010,act,male,65-69,10.8,published
2010,act,male,70-74,19.5,published
2010,act,male,75-79,36.7,published
2010,act,male,80-84,60.0,published
2010,act,male,85-89,132.6,published
2010,act,male,90-94,248.5,published
2010,act,male,95-99,377.0,published
2010,nsw,female,0-4,0.8,published
2010,nsw,female,10-14,0.1,published
2010,nsw,female,100+,414.7,published
2010,nsw,female,15-19,0.2,published
2010,nsw,female,20-24,0.2,published
2010,nsw,female,25-29,0.3,published
2010,nsw,female,30-34,0.4,published
2010,nsw,female,35-39,0.5,published
2010,nsw,female,40-44,0.9,published
2010,nsw,female,45-49,1.3,published
2010,nsw,female,5-9,0.1,published
2010,nsw,female,50-54,2.1,published
2010,nsw,female,55-59,3.1,published
2010,nsw,female,60-64,5.0,published
2010,nsw,female,65-69,8.0,published
2010,nsw,female,70-74,13.2,published
2010,nsw,female,75-79,23.3,published
2010,nsw,female,80-84,45.6,published
2010,nsw,female,85-89,86.6,published
2010,nsw,female,90-94,165.5,published
2010,nsw,female,95-99,277.5,published
2010,nsw,male,0-4,1.1,published
2010,nsw,male,10-14,0.1,published
2010,nsw,male,100+,335.3,published
2010,nsw,male,15-19,0.5,published
2010,nsw,male,20-24,0.6,published
2010,nsw,male,25-29,0.6,published
2010,nsw,male,30-34,0.8,published
2010,nsw,male,35-39,1.0,published
2010,nsw,male,40-44,1.5,published
2010,nsw,male,45-49,2.3,published
2010,nsw,male,5-9,0.1,published
2010,nsw,male,50-54,3.5,published
2010,nsw,male,55-59,5.4,published
2010,nsw,male,60-64,8.1,published
2010,nsw,male,65-69,13.1,published
2010,nsw,male,70-74,21.5,published
2010,nsw,male,75-79,37.3,published
2010,nsw,male,80-84,67.1,published
2010,nsw,male,85-89,118.6,published
2010,nsw,male,90-94,205.9,published
2010,nsw,male,95-99,312.0,published
2010,nt,female,0-4,1.4,published
2010,nt,female,10-14,0.3,published
2010,nt,female,100+,,not_published_zero_exposure
2010,nt,female,15-19,0.1,published
2010,nt,female,20-24,0.6,published
2010,nt,female,25-29,1.0,published
2010,nt,female,30-34,0.8,published
2010,nt,female,35-39,1.4,published
2010,nt,female,40-44,2.3,published
2010,nt,female,45-49,2.7,published
2010,nt,female,5-9,0.0,published
2010,nt,female,50-54,4.6,published
2010,nt,female,55-59,4.5,published
2010,nt,female,60-64,7.2,published
2010,nt,female,65-69,10.3,published
2010,nt,female,70-74,22.5,published
2010,nt,female,75-79,33.9,published
2010,nt,female,80-84,49.5,published
2010,nt,female,85-89,111.9,published
2010,nt,female,90-94,177.6,published
2010,nt,female,95-99,500.0,published
2010,nt,male,0-4,2.1,published
2010,nt,male,10-14,0.1,published
2010,nt,male,100+,0.0,published
2010,nt,male,15-19,1.1,published
2010,nt,male,20-24,2.6,published
2010,nt,male,25-29,1.9,published
2010,nt,male,30-34,2.4,published
2010,nt,male,35-39,2.7,published
2010,nt,male,40-44,3.5,published
2010,nt,male,45-49,4.5,published
2010,nt,male,5-9,0.1,published
2010,nt,male,50-54,6.9,published
2010,nt,male,55-59,8.7,published
2010,nt,male,60-64,14.2,published
2010,nt,male,65-69,19.2,published
2010,nt,male,70-74,33.5,published
2010,nt,male,75-79,43.7,published
2010,nt,male,80-84,86.4,published
2010,nt,male,85-89,158.2,published
2010,nt,male,90-94,159.1,published
2010,nt,male,95-99,250.0,published
2010,qld,female,0-4,1.1,published
2010,qld,female,10-14,0.1,published
2010,qld,female,100+,430.8,published
2010,qld,female,15-19,0.3,published
2010,qld,female,20-24,0.4,published
2010,qld,female,25-29,0.3,published
2010,qld,female,30-34,0.5,published
2010,qld,female,35-39,0.7,published
2010,qld,female,40-44,1.1,published
2010,qld,female,45-49,1.5,published
2010,qld,female,5-9,0.1,published
2010,qld,female,50-54,2.2,published
2010,qld,female,55-59,3.2,published
2010,qld,female,60-64,5.0,published
2010,qld,female,65-69,7.9,published
2010,qld,female,70-74,14.6,published
2010,qld,female,75-79,23.2,published
2010,qld,female,80-84,47.3,published
2010,qld,female,85-89,94.5,published
2010,qld,female,90-94,174.2,published
2010,qld,female,95-99,269.4,published
2010,qld,male,0-4,1.5,published
2010,qld,male,10-14,0.2,published
2010,qld,male,100+,477.3,published
2010,qld,male,15-19,0.5,published
2010,qld,male,20-24,0.7,published
2010,qld,male,25-29,0.8,published
2010,qld,male,30-34,1.3,published
2010,qld,male,35-39,1.4,published
2010,qld,male,40-44,1.7,published
2010,qld,male,45-49,2.6,published
2010,qld,male,5-9,0.1,published
2010,qld,male,50-54,3.6,published
2010,qld,male,55-59,5.3,published
2010,qld,male,60-64,7.8,published
2010,qld,male,65-69,14.2,published
2010,qld,male,70-74,22.4,published
2010,qld,male,75-79,38.8,published
2010,qld,male,80-84,70.8,published
2010,qld,male,85-89,123.5,published
2010,qld,male,90-94,213.5,published
2010,qld,male,95-99,342.7,published
2010,sa,female,0-4,0.7,published
2010,sa,female,10-14,0.1,published
2010,sa,female,100+,524.8,published
2010,sa,female,15-19,0.2,published
2010,sa,female,20-24,0.2,published
2010,sa,female,25-29,0.3,published
2010,sa,female,30-34,0.5,published
2010,sa,female,35-39,0.7,published
2010,sa,female,40-44,1.3,published
2010,sa,female,45-49,1.9,published
2010,sa,female,5-9,0.1,published
2010,sa,female,50-54,2.5,published
2010,sa,female,55-59,3.2,published
2010,sa,female,60-64,4.9,published
2010,sa,female,65-69,7.2,published
2010,sa,female,70-74,14.0,published
2010,sa,female,75-79,24.3,published
2010,sa,female,80-84,48.8,published
2010,sa,female,85-89,91.2,published
2010,sa,female,90-94,178.1,published
2010,sa,female,95-99,286.8,published
2010,sa,male,0-4,1.1,published
2010,sa,male,10-14,0.0,published
2010,sa,male,100+,226.4,published
2010,sa,male,15-19,0.6,published
2010,sa,male,20-24,0.5,published
2010,sa,male,25-29,0.5,published
2010,sa,male,30-34,0.8,published
2010,sa,male,35-39,1.5,published
2010,sa,male,40-44,1.7,published
2010,sa,male,45-49,2.8,published
2010,sa,male,5-9,0.1,published
2010,sa,male,50-54,3.6,published
2010,sa,male,55-59,5.7,published
2010,sa,male,60-64,8.3,published
2010,sa,male,65-69,13.8,published
2010,sa,male,70-74,21.9,published
2010,sa,male,75-79,36.9,published
2010,sa,male,80-84,69.8,published
2010,sa,male,85-89,127.4,published
2010,sa,male,90-94,222.1,published
2010,sa,male,95-99,310.5,published
2010,tas,female,0-4,0.8,published
2010,tas,female,10-14,0.2,published
2010,tas,female,100+,426.2,published
2010,tas,female,15-19,0.4,published
2010,tas,female,20-24,0.1,published
2010,tas,female,25-29,0.5,published
2010,tas,female,30-34,0.4,published
2010,tas,female,35-39,0.6,published
2010,tas,female,40-44,1.0,published
2010,tas,female,45-49,1.5,published
2010,tas,female,5-9,0.3,published
2010,tas,female,50-54,3.0,published
2010,tas,female,55-59,4.2,published
2010,tas,female,60-64,4.9,published
2010,tas,female,65-69,10.4,published
2010,tas,female,70-74,16.7,published
2010,tas,female,75-79,30.1,published
2010,tas,female,80-84,55.2,published
2010,tas,female,85-89,102.9,published
2010,tas,female,90-94,203.9,published
2010,tas,female,95-99,307.5,published
2010,tas,male,0-4,1.2,published
2010,tas,male,10-14,0.4,published
2010,tas,male,100+,294.1,published
2010,tas,male,15-19,0.8,published
2010,tas,male,20-24,0.7,published
2010,tas,male,25-29,0.9,published
2010,tas,male,30-34,0.9,published
2010,tas,male,35-39,2.0,published
2010,tas,male,40-44,1.9,published
2010,tas,male,45-49,3.2,published
2010,tas,male,5-9,0.1,published
2010,tas,male,50-54,3.6,published
2010,tas,male,55-59,5.4,published
2010,tas,male,60-64,9.4,published
2010,tas,male,65-69,14.9,published
2010,tas,male,70-74,23.0,published
2010,tas,male,75-79,42.3,published
2010,tas,male,80-84,79.2,published
2010,tas,male,85-89,133.8,published
2010,tas,male,90-94,228.0,published
2010,tas,male,95-99,311.1,published
2010,vic,female,0-4,0.7,published
2010,vic,female,10-14,0.0,published
2010,vic,female,100+,431.8,published
2010,vic,female,15-19,0.2,published
2010,vic,female,20-24,0.2,published
2010,vic,female,25-29,0.3,published
2010,vic,female,30-34,0.4,published
2010,vic,female,35-39,0.6,published
2010,vic,female,40-44,0.7,published
2010,vic,female,45-49,1.3,published
2010,vic,female,5-9,0.1,published
2010,vic,female,50-54,1.9,published
2010,vic,female,55-59,3.0,published
2010,vic,female,60-64,4.6,published
2010,vic,female,65-69,6.7,published
2010,vic,female,70-74,12.9,published
2010,vic,female,75-79,22.9,published
2010,vic,female,80-84,44.9,published
2010,vic,female,85-89,92.3,published
2010,vic,female,90-94,173.7,published
2010,vic,female,95-99,296.9,published
2010,vic,male,0-4,0.9,published
2010,vic,male,10-14,0.1,published
2010,vic,male,100+,485.5,published
2010,vic,male,15-19,0.5,published
2010,vic,male,20-24,0.6,published
2010,vic,male,25-29,0.6,published
2010,vic,male,30-34,0.8,published
2010,vic,male,35-39,1.0,published
2010,vic,male,40-44,1.4,published
2010,vic,male,45-49,2.2,published
2010,vic,male,5-9,0.2,published
2010,vic,male,50-54,3.1,published
2010,vic,male,55-59,5.0,published
2010,vic,male,60-64,7.6,published
2010,vic,male,65-69,11.8,published
2010,vic,male,70-74,21.4,published
2010,vic,male,75-79,36.7,published
2010,vic,male,80-84,67.9,published
2010,vic,male,85-89,120.9,published
2010,vic,male,90-94,207.0,published
2010,vic,male,95-99,346.3,published
2010,wa,female,0-4,0.7,published
2010,wa,female,10-14,0.1,published
2010,wa,female,100+,416.7,published
2010,wa,female,15-19,0.2,published
2010,wa,female,20-24,0.3,published
2010,wa,female,25-29,0.4,published
2010,wa,female,30-34,0.4,published
2010,wa,female,35-39,0.7,published
2010,wa,female,40-44,0.8,published
2010,wa,female,45-49,1.4,published
2010,wa,female,5-9,0.2,published
2010,wa,female,50-54,2.0,published
2010,wa,female,55-59,3.2,published
2010,wa,female,60-64,4.2,published
2010,wa,female,65-69,6.8,published
2010,wa,female,70-74,13.0,published
2010,wa,female,75-79,19.8,published
2010,wa,female,80-84,41.9,published
2010,wa,female,85-89,85.0,published
2010,wa,female,90-94,157.0,published
2010,wa,female,95-99,300.7,published
2010,wa,male,0-4,1.2,published
2010,wa,male,10-14,0.1,published
2010,wa,male,100+,588.2,published
2010,wa,male,15-19,0.5,published
2010,wa,male,20-24,0.7,published
2010,wa,male,25-29,0.9,published
2010,wa,male,30-34,1.2,published
2010,wa,male,35-39,1.3,published
2010,wa,male,40-44,1.8,published
2010,wa,male,45-49,2.2,published
2010,wa,male,5-9,0.1,published
2010,wa,male,50-54,3.4,published
2010,wa,male,55-59,4.9,published
2010,wa,male,60-64,7.2,published
2010,wa,male,65-69,12.7,published
2010,wa,male,70-74,21.4,published
2010,wa,male,75-79,36.9,published
2010,wa,male,80-84,68.2,published
2010,wa,male,85-89,122.9,published
2010,wa,male,90-94,208.3,published
2010,wa,male,95-99,292.7,published
2011,act,female,0-4,0.5,published
2011,act,female,10-14,0.0,published
2011,act,female,100+,545.5,published
2011,act,female,15-19,0.2,published
2011,act,female,20-24,0.0,published
2011,act,female,25-29,0.3,published
2011,act,female,30-34,0.3,published
2011,act,female,35-39,0.5,published
2011,act,female,40-44,0.5,published
2011,act,female,45-49,0.9,published
2011,act,female,5-9,0.2,published
2011,act,female,50-54,1.8,published
2011,act,female,55-59,3.5,published
2011,act,female,60-64,4.6,published
2011,act,female,65-69,6.9,published
2011,act,female,70-74,11.3,published
2011,act,female,75-79,20.5,published
2011,act,female,80-84,44.8,published
2011,act,female,85-89,88.2,published
2011,act,female,90-94,184.2,published
2011,act,female,95-99,295.3,published
2011,act,male,0-4,0.8,published
2011,act,male,10-14,0.2,published
2011,act,male,100+,500.0,published
2011,act,male,15-19,0.2,published
2011,act,male,20-24,0.1,published
2011,act,male,25-29,0.8,published
2011,act,male,30-34,0.7,published
2011,act,male,35-39,0.5,published
2011,act,male,40-44,1.1,published
2011,act,male,45-49,1.3,published
2011,act,male,5-9,0.2,published
2011,act,male,50-54,2.6,published
2011,act,male,55-59,4.3,published
2011,act,male,60-64,6.8,published
2011,act,male,65-69,10.2,published
2011,act,male,70-74,17.4,published
2011,act,male,75-79,31.1,published
2011,act,male,80-84,64.6,published
2011,act,male,85-89,118.2,published
2011,act,male,90-94,207.8,published
2011,act,male,95-99,333.3,published
2011,nsw,female,0-4,0.9,published
2011,nsw,female,10-14,0.1,published
2011,nsw,female,100+,456.0,published
2011,nsw,female,15-19,0.2,published
2011,nsw,female,20-24,0.3,published
2011,nsw,female,25-29,0.3,published
2011,nsw,female,30-34,0.4,published
2011,nsw,female,35-39,0.6,published
2011,nsw,female,40-44,0.9,published
2011,nsw,female,45-49,1.4,published
2011,nsw,female,5-9,0.1,published
2011,nsw,female,50-54,2.2,published
2011,nsw,female,55-59,3.1,published
2011,nsw,female,60-64,4.8,published
2011,nsw,female,65-69,7.9,published
2011,nsw,female,70-74,13.8,published
2011,nsw,female,75-79,23.4,published
2011,nsw,female,80-84,45.8,published
2011,nsw,female,85-89,90.0,published
2011,nsw,female,90-94,171.1,published
2011,nsw,female,95-99,294.9,published
2011,nsw,male,0-4,1.0,published
2011,nsw,male,10-14,0.1,published
2011,nsw,male,100+,419.6,published
2011,nsw,male,15-19,0.3,published
2011,nsw,male,20-24,0.5,published
2011,nsw,male,25-29,0.6,published
2011,nsw,male,30-34,0.9,published
2011,nsw,male,35-39,1.0,published
2011,nsw,male,40-44,1.4,published
2011,nsw,male,45-49,2.2,published
2011,nsw,male,5-9,0.1,published
2011,nsw,male,50-54,3.4,published
2011,nsw,male,55-59,5.4,published
2011,nsw,male,60-64,8.5,published
2011,nsw,male,65-69,12.8,published
2011,nsw,male,70-74,21.6,published
2011,nsw,male,75-79,38.9,published
2011,nsw,male,80-84,68.5,published
2011,nsw,male,85-89,124.5,published
2011,nsw,male,90-94,219.8,published
2011,nsw,male,95-99,334.0,published
2011,nt,female,0-4,1.9,published
2011,nt,female,10-14,0.5,published
2011,nt,female,100+,,not_published_zero_exposure
2011,nt,female,15-19,0.1,published
2011,nt,female,20-24,1.0,published
2011,nt,female,25-29,0.9,published
2011,nt,female,30-34,1.1,published
2011,nt,female,35-39,1.4,published
2011,nt,female,40-44,2.3,published
2011,nt,female,45-49,4.2,published
2011,nt,female,5-9,0.3,published
2011,nt,female,50-54,4.0,published
2011,nt,female,55-59,7.1,published
2011,nt,female,60-64,6.6,published
2011,nt,female,65-69,11.9,published
2011,nt,female,70-74,21.0,published
2011,nt,female,75-79,27.2,published
2011,nt,female,80-84,50.5,published
2011,nt,female,85-89,133.3,published
2011,nt,female,90-94,209.5,published
2011,nt,female,95-99,400.0,published
2011,nt,male,0-4,2.0,published
2011,nt,male,10-14,0.1,published
2011,nt,male,100+,0.0,published
2011,nt,male,15-19,1.0,published
2011,nt,male,20-24,2.2,published
2011,nt,male,25-29,1.7,published
2011,nt,male,30-34,1.4,published
2011,nt,male,35-39,2.4,published
2011,nt,male,40-44,2.3,published
2011,nt,male,45-49,3.5,published
2011,nt,male,5-9,0.2,published
2011,nt,male,50-54,6.3,published
2011,nt,male,55-59,8.2,published
2011,nt,male,60-64,11.4,published
2011,nt,male,65-69,18.6,published
2011,nt,male,70-74,28.0,published
2011,nt,male,75-79,44.4,published
2011,nt,male,80-84,72.4,published
2011,nt,male,85-89,113.6,published
2011,nt,male,90-94,342.9,published
2011,nt,male,95-99,625.0,published
2011,qld,female,0-4,1.1,published
2011,qld,female,10-14,0.1,published
2011,qld,female,100+,474.3,published
2011,qld,female,15-19,0.3,published
2011,qld,female,20-24,0.3,published
2011,qld,female,25-29,0.4,published
2011,qld,female,30-34,0.4,published
2011,qld,female,35-39,0.7,published
2011,qld,female,40-44,0.9,published
2011,qld,female,45-49,1.6,published
2011,qld,female,5-9,0.1,published
2011,qld,female,50-54,2.0,published
2011,qld,female,55-59,3.1,published
2011,qld,female,60-64,4.7,published
2011,qld,female,65-69,7.5,published
2011,qld,female,70-74,13.4,published
2011,qld,female,75-79,21.9,published
2011,qld,female,80-84,43.1,published
2011,qld,female,85-89,90.5,published
2011,qld,female,90-94,174.3,published
2011,qld,female,95-99,303.8,published
2011,qld,male,0-4,1.2,published
2011,qld,male,10-14,0.1,published
2011,qld,male,100+,370.8,published
2011,qld,male,15-19,0.5,published
2011,qld,male,20-24,0.7,published
2011,qld,male,25-29,0.8,published
2011,qld,male,30-34,1.0,published
2011,qld,male,35-39,1.2,published
2011,qld,male,40-44,1.6,published
2011,qld,male,45-49,2.3,published
2011,qld,male,5-9,0.1,published
2011,qld,male,50-54,3.6,published
2011,qld,male,55-59,5.3,published
2011,qld,male,60-64,8.5,published
2011,qld,male,65-69,13.0,published
2011,qld,male,70-74,21.9,published
2011,qld,male,75-79,38.0,published
2011,qld,male,80-84,70.4,published
2011,qld,male,85-89,126.1,published
2011,qld,male,90-94,203.0,published
2011,qld,male,95-99,322.3,published
2011,sa,female,0-4,0.7,published
2011,sa,female,10-14,0.1,published
2011,sa,female,100+,438.0,published
2011,sa,female,15-19,0.3,published
2011,sa,female,20-24,0.2,published
2011,sa,female,25-29,0.3,published
2011,sa,female,30-34,0.5,published
2011,sa,female,35-39,0.6,published
2011,sa,female,40-44,0.9,published
2011,sa,female,45-49,1.3,published
2011,sa,female,5-9,0.1,published
2011,sa,female,50-54,2.2,published
2011,sa,female,55-59,3.1,published
2011,sa,female,60-64,4.9,published
2011,sa,female,65-69,7.0,published
2011,sa,female,70-74,13.4,published
2011,sa,female,75-79,22.8,published
2011,sa,female,80-84,45.7,published
2011,sa,female,85-89,89.5,published
2011,sa,female,90-94,162.5,published
2011,sa,female,95-99,314.8,published
2011,sa,male,0-4,0.7,published
2011,sa,male,10-14,0.0,published
2011,sa,male,100+,431.2,published
2011,sa,male,15-19,0.4,published
2011,sa,male,20-24,0.6,published
2011,sa,male,25-29,0.9,published
2011,sa,male,30-34,1.1,published
2011,sa,male,35-39,1.4,published
2011,sa,male,40-44,1.8,published
2011,sa,male,45-49,2.3,published
2011,sa,male,5-9,0.1,published
2011,sa,male,50-54,3.9,published
2011,sa,male,55-59,5.7,published
2011,sa,male,60-64,8.5,published
2011,sa,male,65-69,11.8,published
2011,sa,male,70-74,20.1,published
2011,sa,male,75-79,36.1,published
2011,sa,male,80-84,67.2,published
2011,sa,male,85-89,116.2,published
2011,sa,male,90-94,206.4,published
2011,sa,male,95-99,364.0,published
2011,tas,female,0-4,0.8,published
2011,tas,female,10-14,0.0,published
2011,tas,female,100+,386.0,published
2011,tas,female,15-19,0.1,published
2011,tas,female,20-24,0.4,published
2011,tas,female,25-29,0.1,published
2011,tas,female,30-34,0.8,published
2011,tas,female,35-39,1.0,published
2011,tas,female,40-44,1.1,published
2011,tas,female,45-49,1.5,published
2011,tas,female,5-9,0.1,published
2011,tas,female,50-54,1.9,published
2011,tas,female,55-59,2.9,published
2011,tas,female,60-64,6.0,published
2011,tas,female,65-69,10.7,published
2011,tas,female,70-74,15.2,published
2011,tas,female,75-79,27.4,published
2011,tas,female,80-84,55.6,published
2011,tas,female,85-89,100.8,published
2011,tas,female,90-94,184.7,published
2011,tas,female,95-99,334.8,published
2011,tas,male,0-4,1.2,published
2011,tas,male,10-14,0.2,published
2011,tas,male,100+,437.5,published
2011,tas,male,15-19,0.5,published
2011,tas,male,20-24,0.8,published
2011,tas,male,25-29,0.6,published
2011,tas,male,30-34,1.1,published
2011,tas,male,35-39,1.5,published
2011,tas,male,40-44,1.8,published
2011,tas,male,45-49,2.5,published
2011,tas,male,5-9,0.0,published
2011,tas,male,50-54,3.0,published
2011,tas,male,55-59,6.6,published
2011,tas,male,60-64,8.8,published
2011,tas,male,65-69,14.4,published
2011,tas,male,70-74,24.1,published
2011,tas,male,75-79,40.7,published
2011,tas,male,80-84,74.6,published
2011,tas,male,85-89,125.0,published
2011,tas,male,90-94,237.3,published
2011,tas,male,95-99,391.9,published
2011,vic,female,0-4,0.7,published
2011,vic,female,10-14,0.1,published
2011,vic,female,100+,416.3,published
2011,vic,female,15-19,0.2,published
2011,vic,female,20-24,0.2,published
2011,vic,female,25-29,0.3,published
2011,vic,female,30-34,0.4,published
2011,vic,female,35-39,0.6,published
2011,vic,female,40-44,0.9,published
2011,vic,female,45-49,1.3,published
2011,vic,female,5-9,0.1,published
2011,vic,female,50-54,2.2,published
2011,vic,female,55-59,2.8,published
2011,vic,female,60-64,4.7,published
2011,vic,female,65-69,6.8,published
2011,vic,female,70-74,12.9,published
2011,vic,female,75-79,22.3,published
2011,vic,female,80-84,44.4,published
2011,vic,female,85-89,91.5,published
2011,vic,female,90-94,169.2,published
2011,vic,female,95-99,295.6,published
2011,vic,male,0-4,1.0,published
2011,vic,male,10-14,0.1,published
2011,vic,male,100+,523.5,published
2011,vic,male,15-19,0.3,published
2011,vic,male,20-24,0.6,published
2011,vic,male,25-29,0.7,published
2011,vic,male,30-34,0.8,published
2011,vic,male,35-39,1.0,published
2011,vic,male,40-44,1.3,published
2011,vic,male,45-49,2.1,published
2011,vic,male,5-9,0.1,published
2011,vic,male,50-54,3.0,published
2011,vic,male,55-59,4.7,published
2011,vic,male,60-64,7.6,published
2011,vic,male,65-69,12.4,published
2011,vic,male,70-74,20.6,published
2011,vic,male,75-79,36.6,published
2011,vic,male,80-84,66.8,published
2011,vic,male,85-89,123.8,published
2011,vic,male,90-94,212.1,published
2011,vic,male,95-99,348.9,published
2011,wa,female,0-4,0.7,published
2011,wa,female,10-14,0.2,published
2011,wa,female,100+,495.6,published
2011,wa,female,15-19,0.3,published
2011,wa,female,20-24,0.4,published
2011,wa,female,25-29,0.3,published
2011,wa,female,30-34,0.3,published
2011,wa,female,35-39,0.7,published
2011,wa,female,40-44,0.9,published
2011,wa,female,45-49,1.4,published
2011,wa,female,5-9,0.1,published
2011,wa,female,50-54,2.1,published
2011,wa,female,55-59,2.9,published
2011,wa,female,60-64,4.0,published
2011,wa,female,65-69,6.6,published
2011,wa,female,70-74,11.6,published
2011,wa,female,75-79,19.3,published
2011,wa,female,80-84,42.1,published
2011,wa,female,85-89,83.1,published
2011,wa,female,90-94,157.1,published
2011,wa,female,95-99,270.8,published
2011,wa,male,0-4,0.8,published
2011,wa,male,10-14,0.0,published
2011,wa,male,100+,278.7,published
2011,wa,male,15-19,0.6,published
2011,wa,male,20-24,0.7,published
2011,wa,male,25-29,0.9,published
2011,wa,male,30-34,1.0,published
2011,wa,male,35-39,1.3,published
2011,wa,male,40-44,1.5,published
2011,wa,male,45-49,2.5,published
2011,wa,male,5-9,0.2,published
2011,wa,male,50-54,3.3,published
2011,wa,male,55-59,5.1,published
2011,wa,male,60-64,7.1,published
2011,wa,male,65-69,11.3,published
2011,wa,male,70-74,20.0,published
2011,wa,male,75-79,37.1,published
2011,wa,male,80-84,63.5,published
2011,wa,male,85-89,113.3,published
2011,wa,male,90-94,191.6,published
2011,wa,male,95-99,319.8,published
2012,act,female,0-4,1.0,published
2012,act,female,10-14,0.1,published
2012,act,female,100+,347.8,published
2012,act,female,15-19,0.3,published
2012,act,female,20-24,0.1,published
2012,act,female,25-29,0.1,published
2012,act,female,30-34,0.1,published
2012,act,female,35-39,0.1,published
2012,act,female,40-44,0.9,published
2012,act,female,45-49,0.6,published
2012,act,female,5-9,0.1,published
2012,act,female,50-54,1.8,published
2012,act,female,55-59,2.6,published
2012,act,female,60-64,3.2,published
2012,act,female,65-69,6.1,published
2012,act,female,70-74,9.2,published
2012,act,female,75-79,18.4,published
2012,act,female,80-84,44.5,published
2012,act,female,85-89,92.6,published
2012,act,female,90-94,175.2,published
2012,act,female,95-99,317.8,published
2012,act,male,0-4,0.8,published
2012,act,male,10-14,0.2,published
2012,act,male,100+,1000.0,published
2012,act,male,15-19,0.1,published
2012,act,male,20-24,0.4,published
2012,act,male,25-29,0.6,published
2012,act,male,30-34,0.3,published
2012,act,male,35-39,0.6,published
2012,act,male,40-44,0.5,published
2012,act,male,45-49,2.0,published
2012,act,male,5-9,0.0,published
2012,act,male,50-54,3.3,published
2012,act,male,55-59,3.1,published
2012,act,male,60-64,6.9,published
2012,act,male,65-69,10.5,published
2012,act,male,70-74,15.5,published
2012,act,male,75-79,36.6,published
2012,act,male,80-84,57.3,published
2012,act,male,85-89,107.8,published
2012,act,male,90-94,213.6,published
2012,act,male,95-99,361.1,published
2012,nsw,female,0-4,0.6,published
2012,nsw,female,10-14,0.1,published
2012,nsw,female,100+,417.0,published
2012,nsw,female,15-19,0.2,published
2012,nsw,female,20-24,0.2,published
2012,nsw,female,25-29,0.2,published
2012,nsw,female,30-34,0.5,published
2012,nsw,female,35-39,0.5,published
2012,nsw,female,40-44,0.9,published
2012,nsw,female,45-49,1.3,published
2012,nsw,female,5-9,0.1,published
2012,nsw,female,50-54,1.9,published
2012,nsw,female,55-59,3.0,published
2012,nsw,female,60-64,4.9,published
2012,nsw,female,65-69,7.3,published
2012,nsw,female,70-74,13.1,published
2012,nsw,female,75-79,22.3,published
2012,nsw,female,80-84,43.7,published
2012,nsw,female,85-89,85.8,published
2012,nsw,female,90-94,161.2,published
2012,nsw,female,95-99,282.5,published
2012,nsw,male,0-4,0.8,published
2012,nsw,male,10-14,0.1,published
2012,nsw,male,100+,398.0,published
2012,nsw,male,15-19,0.4,published
2012,nsw,male,20-24,0.6,published
2012,nsw,male,25-29,0.6,published
2012,nsw,male,30-34,0.7,published
2012,nsw,male,35-39,1.0,published
2012,nsw,male,40-44,1.4,published
2012,nsw,male,45-49,2.2,published
2012,nsw,male,5-9,0.1,published
2012,nsw,male,50-54,3.4,published
2012,nsw,male,55-59,4.9,published
2012,nsw,male,60-64,7.6,published
2012,nsw,male,65-69,12.5,published
2012,nsw,male,70-74,20.7,published
2012,nsw,male,75-79,35.0,published
2012,nsw,male,80-84,65.6,published
2012,nsw,male,85-89,118.9,published
2012,nsw,male,90-94,205.2,published
2012,nsw,male,95-99,320.8,published
2012,nt,female,0-4,2.1,published
2012,nt,female,10-14,0.5,published
2012,nt,female,100+,0.0,published
2012,nt,female,15-19,0.9,published
2012,nt,female,20-24,0.7,published
2012,nt,female,25-29,0.5,published
2012,nt,female,30-34,0.5,published
2012,nt,female,35-39,1.9,published
2012,nt,female,40-44,3.0,published
2012,nt,female,45-49,2.7,published
2012,nt,female,5-9,0.1,published
2012,nt,female,50-54,4.5,published
2012,nt,female,55-59,5.7,published
2012,nt,female,60-64,8.0,published
2012,nt,female,65-69,9.8,published
2012,nt,female,70-74,22.4,published
2012,nt,female,75-79,32.4,published
2012,nt,female,80-84,46.8,published
2012,nt,female,85-89,78.9,published
2012,nt,female,90-94,180.2,published
2012,nt,female,95-99,120.0,published
2012,nt,male,0-4,2.3,published
2012,nt,male,10-14,0.1,published
2012,nt,male,100+,0.0,published
2012,nt,male,15-19,1.9,published
2012,nt,male,20-24,1.9,published
2012,nt,male,25-29,2.3,published
2012,nt,male,30-34,1.6,published
2012,nt,male,35-39,2.6,published
2012,nt,male,40-44,4.7,published
2012,nt,male,45-49,5.4,published
2012,nt,male,5-9,0.2,published
2012,nt,male,50-54,7.2,published
2012,nt,male,55-59,9.4,published
2012,nt,male,60-64,10.8,published
2012,nt,male,65-69,15.1,published
2012,nt,male,70-74,25.7,published
2012,nt,male,75-79,57.7,published
2012,nt,male,80-84,91.9,published
2012,nt,male,85-89,119.4,published
2012,nt,male,90-94,145.5,published
2012,nt,male,95-99,0.0,published
2012,qld,female,0-4,1.0,published
2012,qld,female,10-14,0.1,published
2012,qld,female,100+,448.3,published
2012,qld,female,15-19,0.3,published
2012,qld,female,20-24,0.3,published
2012,qld,female,25-29,0.4,published
2012,qld,female,30-34,0.5,published
2012,qld,female,35-39,0.6,published
2012,qld,female,40-44,0.9,published
2012,qld,female,45-49,1.5,published
2012,qld,female,5-9,0.1,published
2012,qld,female,50-54,2.1,published
2012,qld,female,55-59,3.0,published
2012,qld,female,60-64,5.1,published
2012,qld,female,65-69,7.4,published
2012,qld,female,70-74,12.9,published
2012,qld,female,75-79,23.7,published
2012,qld,female,80-84,46.0,published
2012,qld,female,85-89,90.5,published
2012,qld,female,90-94,174.2,published
2012,qld,female,95-99,286.7,published
2012,qld,male,0-4,1.1,published
2012,qld,male,10-14,0.2,published
2012,qld,male,100+,396.2,published
2012,qld,male,15-19,0.5,published
2012,qld,male,20-24,0.7,published
2012,qld,male,25-29,0.9,published
2012,qld,male,30-34,0.8,published
2012,qld,male,35-39,1.2,published
2012,qld,male,40-44,1.6,published
2012,qld,male,45-49,2.3,published
2012,qld,male,5-9,0.1,published
2012,qld,male,50-54,3.3,published
2012,qld,male,55-59,5.4,published
2012,qld,male,60-64,8.2,published
2012,qld,male,65-69,13.0,published
2012,qld,male,70-74,21.4,published
2012,qld,male,75-79,39.3,published
2012,qld,male,80-84,67.8,published
2012,qld,male,85-89,119.8,published
2012,qld,male,90-94,201.5,published
2012,qld,male,95-99,369.7,published
2012,sa,female,0-4,0.8,published
2012,sa,female,10-14,0.1,published
2012,sa,female,100+,447.6,published
2012,sa,female,15-19,0.2,published
2012,sa,female,20-24,0.3,published
2012,sa,female,25-29,0.3,published
2012,sa,female,30-34,0.4,published
2012,sa,female,35-39,0.8,published
2012,sa,female,40-44,1.0,published
2012,sa,female,45-49,1.4,published
2012,sa,female,5-9,0.0,published
2012,sa,female,50-54,2.1,published
2012,sa,female,55-59,3.3,published
2012,sa,female,60-64,4.8,published
2012,sa,female,65-69,7.5,published
2012,sa,female,70-74,12.1,published
2012,sa,female,75-79,24.7,published
2012,sa,female,80-84,45.0,published
2012,sa,female,85-89,90.4,published
2012,sa,female,90-94,176.3,published
2012,sa,female,95-99,313.2,published
2012,sa,male,0-4,0.8,published
2012,sa,male,10-14,0.1,published
2012,sa,male,100+,323.1,published
2012,sa,male,15-19,0.5,published
2012,sa,male,20-24,0.5,published
2012,sa,male,25-29,0.8,published
2012,sa,male,30-34,0.9,published
2012,sa,male,35-39,1.3,published
2012,sa,male,40-44,1.9,published
2012,sa,male,45-49,2.8,published
2012,sa,male,5-9,0.1,published
2012,sa,male,50-54,4.3,published
2012,sa,male,55-59,5.4,published
2012,sa,male,60-64,8.3,published
2012,sa,male,65-69,11.6,published
2012,sa,male,70-74,19.2,published
2012,sa,male,75-79,34.3,published
2012,sa,male,80-84,66.2,published
2012,sa,male,85-89,126.5,published
2012,sa,male,90-94,212.9,published
2012,sa,male,95-99,358.4,published
2012,tas,female,0-4,0.7,published
2012,tas,female,10-14,0.2,published
2012,tas,female,100+,348.5,published
2012,tas,female,15-19,0.1,published
2012,tas,female,20-24,0.5,published
2012,tas,female,25-29,0.1,published
2012,tas,female,30-34,0.4,published
2012,tas,female,35-39,0.7,published
2012,tas,female,40-44,1.3,published
2012,tas,female,45-49,2.0,published
2012,tas,female,5-9,0.2,published
2012,tas,female,50-54,2.6,published
2012,tas,female,55-59,3.8,published
2012,tas,female,60-64,5.3,published
2012,tas,female,65-69,10.0,published
2012,tas,female,70-74,15.8,published
2012,tas,female,75-79,28.9,published
2012,tas,female,80-84,60.3,published
2012,tas,female,85-89,103.3,published
2012,tas,female,90-94,202.3,published
2012,tas,female,95-99,303.3,published
2012,tas,male,0-4,1.0,published
2012,tas,male,10-14,0.1,published
2012,tas,male,100+,500.7,published
2012,tas,male,15-19,0.3,published
2012,tas,male,20-24,0.9,published
2012,tas,male,25-29,0.9,published
2012,tas,male,30-34,0.7,published
2012,tas,male,35-39,1.8,published
2012,tas,male,40-44,2.0,published
2012,tas,male,45-49,2.5,published
2012,tas,male,5-9,0.0,published
2012,tas,male,50-54,3.6,published
2012,tas,male,55-59,5.4,published
2012,tas,male,60-64,8.8,published
2012,tas,male,65-69,14.9,published
2012,tas,male,70-74,22.8,published
2012,tas,male,75-79,42.4,published
2012,tas,male,80-84,71.0,published
2012,tas,male,85-89,142.2,published
2012,tas,male,90-94,250.9,published
2012,tas,male,95-99,362.3,published
2012,vic,female,0-4,0.6,published
2012,vic,female,10-14,0.1,published
2012,vic,female,100+,434.3,published
2012,vic,female,15-19,0.3,published
2012,vic,female,20-24,0.2,published
2012,vic,female,25-29,0.2,published
2012,vic,female,30-34,0.3,published
2012,vic,female,35-39,0.5,published
2012,vic,female,40-44,0.8,published
2012,vic,female,45-49,1.2,published
2012,vic,female,5-9,0.0,published
2012,vic,female,50-54,1.9,published
2012,vic,female,55-59,2.9,published
2012,vic,female,60-64,4.2,published
2012,vic,female,65-69,7.0,published
2012,vic,female,70-74,11.4,published
2012,vic,female,75-79,21.7,published
2012,vic,female,80-84,44.2,published
2012,vic,female,85-89,89.5,published
2012,vic,female,90-94,168.9,published
2012,vic,female,95-99,292.4,published
2012,vic,male,0-4,0.8,published
2012,vic,male,10-14,0.1,published
2012,vic,male,100+,405.2,published
2012,vic,male,15-19,0.3,published
2012,vic,male,20-24,0.4,published
2012,vic,male,25-29,0.6,published
2012,vic,male,30-34,0.7,published
2012,vic,male,35-39,0.9,published
2012,vic,male,40-44,1.3,published
2012,vic,male,45-49,1.7,published
2012,vic,male,5-9,0.1,published
2012,vic,male,50-54,2.7,published
2012,vic,male,55-59,4.7,published
2012,vic,male,60-64,6.9,published
2012,vic,male,65-69,11.0,published
2012,vic,male,70-74,18.9,published
2012,vic,male,75-79,33.7,published
2012,vic,male,80-84,63.3,published
2012,vic,male,85-89,113.2,published
2012,vic,male,90-94,196.8,published
2012,vic,male,95-99,349.2,published
2012,wa,female,0-4,0.7,published
2012,wa,female,10-14,0.2,published
2012,wa,female,100+,453.7,published
2012,wa,female,15-19,0.3,published
2012,wa,female,20-24,0.3,published
2012,wa,female,25-29,0.3,published
2012,wa,female,30-34,0.4,published
2012,wa,female,35-39,0.6,published
2012,wa,female,40-44,0.9,published
2012,wa,female,45-49,1.2,published
2012,wa,female,5-9,0.1,published
2012,wa,female,50-54,2.3,published
2012,wa,female,55-59,2.9,published
2012,wa,female,60-64,4.4,published
2012,wa,female,65-69,6.7,published
2012,wa,female,70-74,12.2,published
2012,wa,female,75-79,21.3,published
2012,wa,female,80-84,43.0,published
2012,wa,female,85-89,85.1,published
2012,wa,female,90-94,163.7,published
2012,wa,female,95-99,284.2,published
2012,wa,male,0-4,0.7,published
2012,wa,male,10-14,0.0,published
2012,wa,male,100+,360.0,published
2012,wa,male,15-19,0.5,published
2012,wa,male,20-24,0.9,published
2012,wa,male,25-29,0.7,published
2012,wa,male,30-34,1.2,published
2012,wa,male,35-39,1.2,published
2012,wa,male,40-44,1.6,published
2012,wa,male,45-49,2.1,published
2012,wa,male,5-9,0.1,published
2012,wa,male,50-54,3.2,published
2012,wa,male,55-59,4.8,published
2012,wa,male,60-64,7.6,published
2012,wa,male,65-69,11.6,published
2012,wa,male,70-74,18.7,published
2012,wa,male,75-79,35.2,published
2012,wa,male,80-84,65.1,published
2012,wa,male,85-89,112.8,published
2012,wa,male,90-94,201.0,published
2012,wa,male,95-99,332.7,published
2013,act,female,0-4,0.9,published
2013,act,female,10-14,0.0,published
2013,act,female,100+,241.4,published
2013,act,female,15-19,0.3,published
2013,act,female,20-24,0.0,published
2013,act,female,25-29,0.1,published
2013,act,female,30-34,0.3,published
2013,act,female,35-39,0.4,published
2013,act,female,40-44,1.2,published
2013,act,female,45-49,1.3,published
2013,act,female,5-9,0.0,published
2013,act,female,50-54,2.5,published
2013,act,female,55-59,2.5,published
2013,act,female,60-64,3.9,published
2013,act,female,65-69,6.9,published
2013,act,female,70-74,11.6,published
2013,act,female,75-79,16.6,published
2013,act,female,80-84,44.4,published
2013,act,female,85-89,87.1,published
2013,act,female,90-94,157.0,published
2013,act,female,95-99,199.1,published
2013,act,male,0-4,0.6,published
2013,act,male,10-14,0.0,published
2013,act,male,100+,1001.2,published
2013,act,male,15-19,0.2,published
2013,act,male,20-24,0.6,published
2013,act,male,25-29,0.3,published
2013,act,male,30-34,0.5,published
2013,act,male,35-39,0.7,published
2013,act,male,40-44,1.2,published
2013,act,male,45-49,2.0,published
2013,act,male,5-9,0.0,published
2013,act,male,50-54,2.4,published
2013,act,male,55-59,4.8,published
2013,act,male,60-64,6.5,published
2013,act,male,65-69,9.0,published
2013,act,male,70-74,20.8,published
2013,act,male,75-79,29.5,published
2013,act,male,80-84,44.4,published
2013,act,male,85-89,101.2,published
2013,act,male,90-94,185.7,published
2013,act,male,95-99,250.3,published
2013,nsw,female,0-4,0.8,published
2013,nsw,female,10-14,0.1,published
2013,nsw,female,100+,406.7,published
2013,nsw,female,15-19,0.2,published
2013,nsw,female,20-24,0.3,published
2013,nsw,female,25-29,0.3,published
2013,nsw,female,30-34,0.4,published
2013,nsw,female,35-39,0.6,published
2013,nsw,female,40-44,0.7,published
2013,nsw,female,45-49,1.5,published
2013,nsw,female,5-9,0.1,published
2013,nsw,female,50-54,1.9,published
2013,nsw,female,55-59,3.0,published
2013,nsw,female,60-64,4.9,published
2013,nsw,female,65-69,7.2,published
2013,nsw,female,70-74,12.4,published
2013,nsw,female,75-79,22.0,published
2013,nsw,female,80-84,43.2,published
2013,nsw,female,85-89,86.4,published
2013,nsw,female,90-94,156.1,published
2013,nsw,female,95-99,273.3,published
2013,nsw,male,0-4,1.0,published
2013,nsw,male,10-14,0.1,published
2013,nsw,male,100+,345.0,published
2013,nsw,male,15-19,0.4,published
2013,nsw,male,20-24,0.5,published
2013,nsw,male,25-29,0.6,published
2013,nsw,male,30-34,0.7,published
2013,nsw,male,35-39,1.0,published
2013,nsw,male,40-44,1.3,published
2013,nsw,male,45-49,2.3,published
2013,nsw,male,5-9,0.1,published
2013,nsw,male,50-54,3.4,published
2013,nsw,male,55-59,5.4,published
2013,nsw,male,60-64,7.8,published
2013,nsw,male,65-69,13.0,published
2013,nsw,male,70-74,20.4,published
2013,nsw,male,75-79,36.1,published
2013,nsw,male,80-84,63.5,published
2013,nsw,male,85-89,116.8,published
2013,nsw,male,90-94,198.0,published
2013,nsw,male,95-99,309.1,published
2013,nt,female,0-4,2.2,published
2013,nt,female,10-14,0.1,published
2013,nt,female,100+,0.0,published
2013,nt,female,15-19,0.9,published
2013,nt,female,20-24,1.1,published
2013,nt,female,25-29,0.7,published
2013,nt,female,30-34,0.8,published
2013,nt,female,35-39,1.7,published
2013,nt,female,40-44,2.5,published
2013,nt,female,45-49,4.5,published
2013,nt,female,5-9,0.5,published
2013,nt,female,50-54,4.7,published
2013,nt,female,55-59,4.0,published
2013,nt,female,60-64,8.7,published
2013,nt,female,65-69,15.5,published
2013,nt,female,70-74,24.8,published
2013,nt,female,75-79,37.3,published
2013,nt,female,80-84,47.7,published
2013,nt,female,85-89,144.3,published
2013,nt,female,90-94,178.9,published
2013,nt,female,95-99,259.3,published
2013,nt,male,0-4,1.7,published
2013,nt,male,10-14,0.1,published
2013,nt,male,100+,0.0,published
2013,nt,male,15-19,0.8,published
2013,nt,male,20-24,0.8,published
2013,nt,male,25-29,0.8,published
2013,nt,male,30-34,1.6,published
2013,nt,male,35-39,3.0,published
2013,nt,male,40-44,2.9,published
2013,nt,male,45-49,4.7,published
2013,nt,male,5-9,0.4,published
2013,nt,male,50-54,7.5,published
2013,nt,male,55-59,7.7,published
2013,nt,male,60-64,10.4,published
2013,nt,male,65-69,15.8,published
2013,nt,male,70-74,39.0,published
2013,nt,male,75-79,57.5,published
2013,nt,male,80-84,84.0,published
2013,nt,male,85-89,144.7,published
2013,nt,male,90-94,176.5,published
2013,nt,male,95-99,333.3,published
2013,qld,female,0-4,1.0,published
2013,qld,female,10-14,0.1,published
2013,qld,female,100+,430.5,published
2013,qld,female,15-19,0.3,published
2013,qld,female,20-24,0.2,published
2013,qld,female,25-29,0.3,published
2013,qld,female,30-34,0.4,published
2013,qld,female,35-39,0.7,published
2013,qld,female,40-44,1.0,published
2013,qld,female,45-49,1.4,published
2013,qld,female,5-9,0.1,published
2013,qld,female,50-54,2.4,published
2013,qld,female,55-59,3.3,published
2013,qld,female,60-64,4.6,published
2013,qld,female,65-69,7.2,published
2013,qld,female,70-74,12.1,published
2013,qld,female,75-79,22.5,published
2013,qld,female,80-84,44.1,published
2013,qld,female,85-89,84.7,published
2013,qld,female,90-94,156.3,published
2013,qld,female,95-99,266.8,published
2013,qld,male,0-4,1.1,published
2013,qld,male,10-14,0.2,published
2013,qld,male,100+,366.7,published
2013,qld,male,15-19,0.5,published
2013,qld,male,20-24,0.7,published
2013,qld,male,25-29,0.7,published
2013,qld,male,30-34,0.8,published
2013,qld,male,35-39,1.3,published
2013,qld,male,40-44,1.7,published
2013,qld,male,45-49,2.3,published
2013,qld,male,5-9,0.1,published
2013,qld,male,50-54,3.4,published
2013,qld,male,55-59,5.2,published
2013,qld,male,60-64,7.8,published
2013,qld,male,65-69,13.1,published
2013,qld,male,70-74,21.3,published
2013,qld,male,75-79,34.1,published
2013,qld,male,80-84,64.9,published
2013,qld,male,85-89,117.2,published
2013,qld,male,90-94,195.2,published
2013,qld,male,95-99,317.6,published
2013,sa,female,0-4,0.7,published
2013,sa,female,10-14,0.1,published
2013,sa,female,100+,400.0,published
2013,sa,female,15-19,0.1,published
2013,sa,female,20-24,0.2,published
2013,sa,female,25-29,0.2,published
2013,sa,female,30-34,0.5,published
2013,sa,female,35-39,0.7,published
2013,sa,female,40-44,1.2,published
2013,sa,female,45-49,1.2,published
2013,sa,female,5-9,0.1,published
2013,sa,female,50-54,2.0,published
2013,sa,female,55-59,3.5,published
2013,sa,female,60-64,4.6,published
2013,sa,female,65-69,7.6,published
2013,sa,female,70-74,12.5,published
2013,sa,female,75-79,22.2,published
2013,sa,female,80-84,42.5,published
2013,sa,female,85-89,86.5,published
2013,sa,female,90-94,155.0,published
2013,sa,female,95-99,281.2,published
2013,sa,male,0-4,1.0,published
2013,sa,male,10-14,0.1,published
2013,sa,male,100+,573.9,published
2013,sa,male,15-19,0.3,published
2013,sa,male,20-24,0.6,published
2013,sa,male,25-29,0.7,published
2013,sa,male,30-34,1.1,published
2013,sa,male,35-39,1.1,published
2013,sa,male,40-44,1.8,published
2013,sa,male,45-49,3.0,published
2013,sa,male,5-9,0.1,published
2013,sa,male,50-54,3.5,published
2013,sa,male,55-59,4.8,published
2013,sa,male,60-64,7.6,published
2013,sa,male,65-69,12.6,published
2013,sa,male,70-74,19.6,published
2013,sa,male,75-79,34.3,published
2013,sa,male,80-84,64.4,published
2013,sa,male,85-89,114.3,published
2013,sa,male,90-94,197.1,published
2013,sa,male,95-99,325.8,published
2013,tas,female,0-4,0.6,published
2013,tas,female,10-14,0.3,published
2013,tas,female,100+,591.0,published
2013,tas,female,15-19,0.3,published
2013,tas,female,20-24,0.3,published
2013,tas,female,25-29,0.5,published
2013,tas,female,30-34,0.7,published
2013,tas,female,35-39,0.5,published
2013,tas,female,40-44,1.4,published
2013,tas,female,45-49,1.6,published
2013,tas,female,5-9,0.1,published
2013,tas,female,50-54,2.7,published
2013,tas,female,55-59,4.1,published
2013,tas,female,60-64,5.3,published
2013,tas,female,65-69,8.8,published
2013,tas,female,70-74,16.5,published
2013,tas,female,75-79,27.9,published
2013,tas,female,80-84,53.3,published
2013,tas,female,85-89,104.5,published
2013,tas,female,90-94,173.2,published
2013,tas,female,95-99,354.0,published
2013,tas,male,0-4,1.0,published
2013,tas,male,10-14,0.1,published
2013,tas,male,100+,384.8,published
2013,tas,male,15-19,0.6,published
2013,tas,male,20-24,0.6,published
2013,tas,male,25-29,0.9,published
2013,tas,male,30-34,1.0,published
2013,tas,male,35-39,1.5,published
2013,tas,male,40-44,2.5,published
2013,tas,male,45-49,2.6,published
2013,tas,male,5-9,0.1,published
2013,tas,male,50-54,4.3,published
2013,tas,male,55-59,6.5,published
2013,tas,male,60-64,9.3,published
2013,tas,male,65-69,13.6,published
2013,tas,male,70-74,22.3,published
2013,tas,male,75-79,41.6,published
2013,tas,male,80-84,71.6,published
2013,tas,male,85-89,130.4,published
2013,tas,male,90-94,216.9,published
2013,tas,male,95-99,377.5,published
2013,vic,female,0-4,0.7,published
2013,vic,female,10-14,0.1,published
2013,vic,female,100+,422.8,published
2013,vic,female,15-19,0.1,published
2013,vic,female,20-24,0.2,published
2013,vic,female,25-29,0.2,published
2013,vic,female,30-34,0.3,published
2013,vic,female,35-39,0.4,published
2013,vic,female,40-44,0.8,published
2013,vic,female,45-49,1.2,published
2013,vic,female,5-9,0.1,published
2013,vic,female,50-54,1.8,published
2013,vic,female,55-59,2.7,published
2013,vic,female,60-64,4.4,published
2013,vic,female,65-69,6.7,published
2013,vic,female,70-74,11.3,published
2013,vic,female,75-79,20.8,published
2013,vic,female,80-84,43.2,published
2013,vic,female,85-89,86.1,published
2013,vic,female,90-94,163.5,published
2013,vic,female,95-99,277.1,published
2013,vic,male,0-4,0.7,published
2013,vic,male,10-14,0.1,published
2013,vic,male,100+,356.3,published
2013,vic,male,15-19,0.3,published
2013,vic,male,20-24,0.5,published
2013,vic,male,25-29,0.6,published
2013,vic,male,30-34,0.7,published
2013,vic,male,35-39,0.8,published
2013,vic,male,40-44,1.1,published
2013,vic,male,45-49,2.0,published
2013,vic,male,5-9,0.1,published
2013,vic,male,50-54,2.9,published
2013,vic,male,55-59,4.3,published
2013,vic,male,60-64,7.0,published
2013,vic,male,65-69,11.3,published
2013,vic,male,70-74,18.6,published
2013,vic,male,75-79,32.0,published
2013,vic,male,80-84,62.0,published
2013,vic,male,85-89,110.9,published
2013,vic,male,90-94,189.5,published
2013,vic,male,95-99,297.1,published
2013,wa,female,0-4,0.6,published
2013,wa,female,10-14,0.1,published
2013,wa,female,100+,384.0,published
2013,wa,female,15-19,0.3,published
2013,wa,female,20-24,0.2,published
2013,wa,female,25-29,0.3,published
2013,wa,female,30-34,0.5,published
2013,wa,female,35-39,0.5,published
2013,wa,female,40-44,0.9,published
2013,wa,female,45-49,1.3,published
2013,wa,female,5-9,0.1,published
2013,wa,female,50-54,2.0,published
2013,wa,female,55-59,3.0,published
2013,wa,female,60-64,4.8,published
2013,wa,female,65-69,7.1,published
2013,wa,female,70-74,10.4,published
2013,wa,female,75-79,21.1,published
2013,wa,female,80-84,41.8,published
2013,wa,female,85-89,77.9,published
2013,wa,female,90-94,152.7,published
2013,wa,female,95-99,303.7,published
2013,wa,male,0-4,0.7,published
2013,wa,male,10-14,0.2,published
2013,wa,male,100+,388.9,published
2013,wa,male,15-19,0.6,published
2013,wa,male,20-24,0.6,published
2013,wa,male,25-29,0.7,published
2013,wa,male,30-34,1.0,published
2013,wa,male,35-39,1.2,published
2013,wa,male,40-44,1.8,published
2013,wa,male,45-49,2.2,published
2013,wa,male,5-9,0.1,published
2013,wa,male,50-54,3.0,published
2013,wa,male,55-59,4.7,published
2013,wa,male,60-64,7.2,published
2013,wa,male,65-69,12.1,published
2013,wa,male,70-74,19.0,published
2013,wa,male,75-79,34.0,published
2013,wa,male,80-84,61.8,published
2013,wa,male,85-89,111.5,published
2013,wa,male,90-94,202.2,published
2013,wa,male,95-99,316.0,published
2014,act,female,0-4,0.5,published
2014,act,female,10-14,0.1,published
2014,act,female,100+,388.9,published
2014,act,female,15-19,0.1,published
2014,act,female,20-24,0.1,published
2014,act,female,25-29,0.2,published
2014,act,female,30-34,0.2,published
2014,act,female,35-39,0.5,published
2014,act,female,40-44,1.3,published
2014,act,female,45-49,1.3,published
2014,act,female,5-9,0.0,published
2014,act,female,50-54,1.9,published
2014,act,female,55-59,2.8,published
2014,act,female,60-64,3.7,published
2014,act,female,65-69,5.6,published
2014,act,female,70-74,11.7,published
2014,act,female,75-79,16.9,published
2014,act,female,80-84,36.0,published
2014,act,female,85-89,78.7,published
2014,act,female,90-94,173.0,published
2014,act,female,95-99,281.3,published
2014,act,male,0-4,0.7,published
2014,act,male,10-14,0.0,published
2014,act,male,100+,333.3,published
2014,act,male,15-19,0.2,published
2014,act,male,20-24,0.4,published
2014,act,male,25-29,0.8,published
2014,act,male,30-34,0.6,published
2014,act,male,35-39,1.0,published
2014,act,male,40-44,0.9,published
2014,act,male,45-49,1.4,published
2014,act,male,5-9,0.0,published
2014,act,male,50-54,2.6,published
2014,act,male,55-59,5.1,published
2014,act,male,60-64,6.6,published
2014,act,male,65-69,8.8,published
2014,act,male,70-74,16.1,published
2014,act,male,75-79,32.4,published
2014,act,male,80-84,59.7,published
2014,act,male,85-89,130.2,published
2014,act,male,90-94,154.4,published
2014,act,male,95-99,302.3,published
2014,nsw,female,0-4,0.7,published
2014,nsw,female,10-14,0.1,published
2014,nsw,female,100+,478.6,published
2014,nsw,female,15-19,0.2,published
2014,nsw,female,20-24,0.2,published
2014,nsw,female,25-29,0.3,published
2014,nsw,female,30-34,0.4,published
2014,nsw,female,35-39,0.5,published
2014,nsw,female,40-44,0.8,published
2014,nsw,female,45-49,1.4,published
2014,nsw,female,5-9,0.1,published
2014,nsw,female,50-54,2.1,published
2014,nsw,female,55-59,3.2,published
2014,nsw,female,60-64,4.6,published
2014,nsw,female,65-69,7.8,published
2014,nsw,female,70-74,12.7,published
2014,nsw,female,75-79,23.0,published
2014,nsw,female,80-84,43.7,published
2014,nsw,female,85-89,87.5,published
2014,nsw,female,90-94,163.5,published
2014,nsw,female,95-99,298.3,published
2014,nsw,male,0-4,0.8,published
2014,nsw,male,10-14,0.1,published
2014,nsw,male,100+,421.6,published
2014,nsw,male,15-19,0.3,published
2014,nsw,male,20-24,0.6,published
2014,nsw,male,25-29,0.6,published
2014,nsw,male,30-34,0.7,published
2014,nsw,male,35-39,1.1,published
2014,nsw,male,40-44,1.6,published
2014,nsw,male,45-49,2.4,published
2014,nsw,male,5-9,0.1,published
2014,nsw,male,50-54,3.5,published
2014,nsw,male,55-59,5.3,published
2014,nsw,male,60-64,8.3,published
2014,nsw,male,65-69,12.4,published
2014,nsw,male,70-74,20.0,published
2014,nsw,male,75-79,34.7,published
2014,nsw,male,80-84,63.3,published
2014,nsw,male,85-89,111.0,published
2014,nsw,male,90-94,201.4,published
2014,nsw,male,95-99,301.9,published
2014,nt,female,0-4,1.6,published
2014,nt,female,10-14,0.6,published
2014,nt,female,100+,4082.6,published
2014,nt,female,15-19,1.0,published
2014,nt,female,20-24,1.0,published
2014,nt,female,25-29,1.2,published
2014,nt,female,30-34,1.2,published
2014,nt,female,35-39,1.5,published
2014,nt,female,40-44,2.6,published
2014,nt,female,45-49,3.2,published
2014,nt,female,5-9,0.2,published
2014,nt,female,50-54,6.1,published
2014,nt,female,55-59,5.8,published
2014,nt,female,60-64,10.8,published
2014,nt,female,65-69,16.8,published
2014,nt,female,70-74,19.4,published
2014,nt,female,75-79,41.2,published
2014,nt,female,80-84,73.0,published
2014,nt,female,85-89,94.2,published
2014,nt,female,90-94,137.1,published
2014,nt,female,95-99,232.0,published
2014,nt,male,0-4,1.3,published
2014,nt,male,10-14,0.7,published
2014,nt,male,100+,0.0,published
2014,nt,male,15-19,0.6,published
2014,nt,male,20-24,1.6,published
2014,nt,male,25-29,1.7,published
2014,nt,male,30-34,1.4,published
2014,nt,male,35-39,2.6,published
2014,nt,male,40-44,3.0,published
2014,nt,male,45-49,4.8,published
2014,nt,male,5-9,0.4,published
2014,nt,male,50-54,7.1,published
2014,nt,male,55-59,9.0,published
2014,nt,male,60-64,13.1,published
2014,nt,male,65-69,19.5,published
2014,nt,male,70-74,32.4,published
2014,nt,male,75-79,57.4,published
2014,nt,male,80-84,65.3,published
2014,nt,male,85-89,166.9,published
2014,nt,male,90-94,109.6,published
2014,nt,male,95-99,337.8,published
2014,qld,female,0-4,1.0,published
2014,qld,female,10-14,0.1,published
2014,qld,female,100+,427.3,published
2014,qld,female,15-19,0.2,published
2014,qld,female,20-24,0.2,published
2014,qld,female,25-29,0.4,published
2014,qld,female,30-34,0.5,published
2014,qld,female,35-39,0.6,published
2014,qld,female,40-44,0.8,published
2014,qld,female,45-49,1.3,published
2014,qld,female,5-9,0.1,published
2014,qld,female,50-54,1.9,published
2014,qld,female,55-59,3.0,published
2014,qld,female,60-64,4.6,published
2014,qld,female,65-69,6.9,published
2014,qld,female,70-74,13.0,published
2014,qld,female,75-79,22.2,published
2014,qld,female,80-84,43.8,published
2014,qld,female,85-89,85.6,published
2014,qld,female,90-94,162.2,published
2014,qld,female,95-99,290.0,published
2014,qld,male,0-4,1.0,published
2014,qld,male,10-14,0.1,published
2014,qld,male,100+,335.8,published
2014,qld,male,15-19,0.3,published
2014,qld,male,20-24,0.7,published
2014,qld,male,25-29,0.7,published
2014,qld,male,30-34,0.9,published
2014,qld,male,35-39,1.1,published
2014,qld,male,40-44,1.6,published
2014,qld,male,45-49,2.0,published
2014,qld,male,5-9,0.1,published
2014,qld,male,50-54,3.7,published
2014,qld,male,55-59,5.3,published
2014,qld,male,60-64,8.3,published
2014,qld,male,65-69,11.7,published
2014,qld,male,70-74,19.9,published
2014,qld,male,75-79,34.4,published
2014,qld,male,80-84,64.8,published
2014,qld,male,85-89,117.7,published
2014,qld,male,90-94,200.0,published
2014,qld,male,95-99,312.1,published
2014,sa,female,0-4,0.6,published
2014,sa,female,10-14,0.0,published
2014,sa,female,100+,535.1,published
2014,sa,female,15-19,0.0,published
2014,sa,female,20-24,0.2,published
2014,sa,female,25-29,0.4,published
2014,sa,female,30-34,0.5,published
2014,sa,female,35-39,0.7,published
2014,sa,female,40-44,1.3,published
2014,sa,female,45-49,1.7,published
2014,sa,female,5-9,0.1,published
2014,sa,female,50-54,2.2,published
2014,sa,female,55-59,3.0,published
2014,sa,female,60-64,5.0,published
2014,sa,female,65-69,6.8,published
2014,sa,female,70-74,12.6,published
2014,sa,female,75-79,24.1,published
2014,sa,female,80-84,42.7,published
2014,sa,female,85-89,88.9,published
2014,sa,female,90-94,166.4,published
2014,sa,female,95-99,276.5,published
2014,sa,male,0-4,0.6,published
2014,sa,male,10-14,0.0,published
2014,sa,male,100+,349.4,published
2014,sa,male,15-19,0.4,published
2014,sa,male,20-24,0.5,published
2014,sa,male,25-29,0.5,published
2014,sa,male,30-34,0.8,published
2014,sa,male,35-39,1.4,published
2014,sa,male,40-44,1.8,published
2014,sa,male,45-49,2.4,published
2014,sa,male,5-9,0.1,published
2014,sa,male,50-54,3.6,published
2014,sa,male,55-59,5.4,published
2014,sa,male,60-64,8.1,published
2014,sa,male,65-69,11.6,published
2014,sa,male,70-74,18.8,published
2014,sa,male,75-79,34.1,published
2014,sa,male,80-84,61.8,published
2014,sa,male,85-89,119.8,published
2014,sa,male,90-94,203.8,published
2014,sa,male,95-99,290.3,published
2014,tas,female,0-4,0.9,published
2014,tas,female,10-14,0.1,published
2014,tas,female,100+,397.2,published
2014,tas,female,15-19,0.1,published
2014,tas,female,20-24,0.3,published
2014,tas,female,25-29,0.3,published
2014,tas,female,30-34,0.6,published
2014,tas,female,35-39,1.0,published
2014,tas,female,40-44,0.9,published
2014,tas,female,45-49,1.7,published
2014,tas,female,5-9,0.3,published
2014,tas,female,50-54,3.4,published
2014,tas,female,55-59,4.7,published
2014,tas,female,60-64,5.9,published
2014,tas,female,65-69,10.3,published
2014,tas,female,70-74,14.2,published
2014,tas,female,75-79,27.3,published
2014,tas,female,80-84,55.3,published
2014,tas,female,85-89,95.1,published
2014,tas,female,90-94,179.1,published
2014,tas,female,95-99,315.9,published
2014,tas,male,0-4,1.5,published
2014,tas,male,10-14,0.2,published
2014,tas,male,100+,833.3,published
2014,tas,male,15-19,0.4,published
2014,tas,male,20-24,0.7,published
2014,tas,male,25-29,1.1,published
2014,tas,male,30-34,1.2,published
2014,tas,male,35-39,1.5,published
2014,tas,male,40-44,1.9,published
2014,tas,male,45-49,2.8,published
2014,tas,male,5-9,0.1,published
2014,tas,male,50-54,3.4,published
2014,tas,male,55-59,6.2,published
2014,tas,male,60-64,8.1,published
2014,tas,male,65-69,13.7,published
2014,tas,male,70-74,22.0,published
2014,tas,male,75-79,40.8,published
2014,tas,male,80-84,68.1,published
2014,tas,male,85-89,141.7,published
2014,tas,male,90-94,192.2,published
2014,tas,male,95-99,329.5,published
2014,vic,female,0-4,0.7,published
2014,vic,female,10-14,0.1,published
2014,vic,female,100+,460.2,published
2014,vic,female,15-19,0.2,published
2014,vic,female,20-24,0.2,published
2014,vic,female,25-29,0.3,published
2014,vic,female,30-34,0.5,published
2014,vic,female,35-39,0.6,published
2014,vic,female,40-44,0.8,published
2014,vic,female,45-49,1.3,published
2014,vic,female,5-9,0.1,published
2014,vic,female,50-54,2.0,published
2014,vic,female,55-59,2.9,published
2014,vic,female,60-64,4.5,published
2014,vic,female,65-69,7.0,published
2014,vic,female,70-74,11.8,published
2014,vic,female,75-79,21.3,published
2014,vic,female,80-84,42.1,published
2014,vic,female,85-89,86.0,published
2014,vic,female,90-94,164.3,published
2014,vic,female,95-99,278.5,published
2014,vic,male,0-4,0.6,published
2014,vic,male,10-14,0.1,published
2014,vic,male,100+,442.2,published
2014,vic,male,15-19,0.3,published
2014,vic,male,20-24,0.5,published
2014,vic,male,25-29,0.6,published
2014,vic,male,30-34,0.8,published
2014,vic,male,35-39,1.1,published
2014,vic,male,40-44,1.5,published
2014,vic,male,45-49,2.0,published
2014,vic,male,5-9,0.1,published
2014,vic,male,50-54,3.3,published
2014,vic,male,55-59,4.8,published
2014,vic,male,60-64,7.4,published
2014,vic,male,65-69,11.9,published
2014,vic,male,70-74,18.8,published
2014,vic,male,75-79,32.3,published
2014,vic,male,80-84,62.7,published
2014,vic,male,85-89,111.3,published
2014,vic,male,90-94,192.5,published
2014,vic,male,95-99,314.3,published
2014,wa,female,0-4,0.6,published
2014,wa,female,10-14,0.1,published
2014,wa,female,100+,549.2,published
2014,wa,female,15-19,0.2,published
2014,wa,female,20-24,0.3,published
2014,wa,female,25-29,0.3,published
2014,wa,female,30-34,0.4,published
2014,wa,female,35-39,0.6,published
2014,wa,female,40-44,1.1,published
2014,wa,female,45-49,1.5,published
2014,wa,female,5-9,0.1,published
2014,wa,female,50-54,1.9,published
2014,wa,female,55-59,2.8,published
2014,wa,female,60-64,4.5,published
2014,wa,female,65-69,6.9,published
2014,wa,female,70-74,11.5,published
2014,wa,female,75-79,20.8,published
2014,wa,female,80-84,40.1,published
2014,wa,female,85-89,78.9,published
2014,wa,female,90-94,158.7,published
2014,wa,female,95-99,278.2,published
2014,wa,male,0-4,0.7,published
2014,wa,male,10-14,0.1,published
2014,wa,male,100+,507.0,published
2014,wa,male,15-19,0.5,published
2014,wa,male,20-24,0.7,published
2014,wa,male,25-29,0.7,published
2014,wa,male,30-34,1.1,published
2014,wa,male,35-39,1.3,published
2014,wa,male,40-44,1.9,published
2014,wa,male,45-49,2.3,published
2014,wa,male,5-9,0.1,published
2014,wa,male,50-54,2.8,published
2014,wa,male,55-59,4.6,published
2014,wa,male,60-64,7.4,published
2014,wa,male,65-69,12.2,published
2014,wa,male,70-74,19.3,published
2014,wa,male,75-79,33.7,published
2014,wa,male,80-84,60.3,published
2014,wa,male,85-89,111.9,published
2014,wa,male,90-94,187.2,published
2014,wa,male,95-99,285.0,published
2015,act,female,0-4,0.6,published
2015,act,female,10-14,0.0,published
2015,act,female,100+,428.6,published
2015,act,female,15-19,0.2,published
2015,act,female,20-24,0.3,published
2015,act,female,25-29,0.1,published
2015,act,female,30-34,0.2,published
2015,act,female,35-39,0.6,published
2015,act,female,40-44,0.7,published
2015,act,female,45-49,1.5,published
2015,act,female,5-9,0.1,published
2015,act,female,50-54,1.1,published
2015,act,female,55-59,3.2,published
2015,act,female,60-64,4.1,published
2015,act,female,65-69,6.5,published
2015,act,female,70-74,10.9,published
2015,act,female,75-79,18.9,published
2015,act,female,80-84,38.1,published
2015,act,female,85-89,78.5,published
2015,act,female,90-94,164.4,published
2015,act,female,95-99,233.8,published
2015,act,male,0-4,1.1,published
2015,act,male,10-14,0.4,published
2015,act,male,100+,200.0,published
2015,act,male,15-19,0.1,published
2015,act,male,20-24,0.5,published
2015,act,male,25-29,0.4,published
2015,act,male,30-34,0.7,published
2015,act,male,35-39,1.2,published
2015,act,male,40-44,0.8,published
2015,act,male,45-49,1.4,published
2015,act,male,5-9,0.1,published
2015,act,male,50-54,2.3,published
2015,act,male,55-59,5.7,published
2015,act,male,60-64,6.6,published
2015,act,male,65-69,10.4,published
2015,act,male,70-74,16.0,published
2015,act,male,75-79,34.7,published
2015,act,male,80-84,45.6,published
2015,act,male,85-89,117.5,published
2015,act,male,90-94,172.8,published
2015,act,male,95-99,259.6,published
2015,nsw,female,0-4,0.7,published
2015,nsw,female,10-14,0.1,published
2015,nsw,female,100+,505.8,published
2015,nsw,female,15-19,0.2,published
2015,nsw,female,20-24,0.2,published
2015,nsw,female,25-29,0.3,published
2015,nsw,female,30-34,0.3,published
2015,nsw,female,35-39,0.6,published
2015,nsw,female,40-44,0.9,published
2015,nsw,female,45-49,1.3,published
2015,nsw,female,5-9,0.1,published
2015,nsw,female,50-54,2.1,published
2015,nsw,female,55-59,2.9,published
2015,nsw,female,60-64,4.7,published
2015,nsw,female,65-69,7.1,published
2015,nsw,female,70-74,12.8,published
2015,nsw,female,75-79,22.8,published
2015,nsw,female,80-84,44.4,published
2015,nsw,female,85-89,85.5,published
2015,nsw,female,90-94,166.7,published
2015,nsw,female,95-99,300.2,published
2015,nsw,male,0-4,0.9,published
2015,nsw,male,10-14,0.1,published
2015,nsw,male,100+,542.4,published
2015,nsw,male,15-19,0.4,published
2015,nsw,male,20-24,0.5,published
2015,nsw,male,25-29,0.6,published
2015,nsw,male,30-34,0.8,published
2015,nsw,male,35-39,1.0,published
2015,nsw,male,40-44,1.6,published
2015,nsw,male,45-49,2.4,published
2015,nsw,male,5-9,0.1,published
2015,nsw,male,50-54,3.7,published
2015,nsw,male,55-59,5.6,published
2015,nsw,male,60-64,8.1,published
2015,nsw,male,65-69,11.9,published
2015,nsw,male,70-74,20.5,published
2015,nsw,male,75-79,33.6,published
2015,nsw,male,80-84,62.6,published
2015,nsw,male,85-89,117.0,published
2015,nsw,male,90-94,194.4,published
2015,nsw,male,95-99,301.6,published
2015,nt,female,0-4,1.4,published
2015,nt,female,10-14,0.4,published
2015,nt,female,100+,1000.0,published
2015,nt,female,15-19,0.9,published
2015,nt,female,20-24,1.0,published
2015,nt,female,25-29,0.8,published
2015,nt,female,30-34,1.1,published
2015,nt,female,35-39,1.6,published
2015,nt,female,40-44,2.9,published
2015,nt,female,45-49,4.3,published
2015,nt,female,5-9,0.0,published
2015,nt,female,50-54,4.6,published
2015,nt,female,55-59,5.6,published
2015,nt,female,60-64,10.7,published
2015,nt,female,65-69,12.0,published
2015,nt,female,70-74,16.6,published
2015,nt,female,75-79,38.5,published
2015,nt,female,80-84,46.3,published
2015,nt,female,85-89,110.2,published
2015,nt,female,90-94,205.9,published
2015,nt,female,95-99,107.1,published
2015,nt,male,0-4,2.0,published
2015,nt,male,10-14,0.6,published
2015,nt,male,100+,333.3,published
2015,nt,male,15-19,0.6,published
2015,nt,male,20-24,1.7,published
2015,nt,male,25-29,1.6,published
2015,nt,male,30-34,1.4,published
2015,nt,male,35-39,2.9,published
2015,nt,male,40-44,4.0,published
2015,nt,male,45-49,3.6,published
2015,nt,male,5-9,0.4,published
2015,nt,male,50-54,7.6,published
2015,nt,male,55-59,8.5,published
2015,nt,male,60-64,13.2,published
2015,nt,male,65-69,17.2,published
2015,nt,male,70-74,29.2,published
2015,nt,male,75-79,62.7,published
2015,nt,male,80-84,94.3,published
2015,nt,male,85-89,127.7,published
2015,nt,male,90-94,171.1,published
2015,nt,male,95-99,222.2,published
2015,qld,female,0-4,0.9,published
2015,qld,female,10-14,0.1,published
2015,qld,female,100+,446.9,published
2015,qld,female,15-19,0.2,published
2015,qld,female,20-24,0.3,published
2015,qld,female,25-29,0.3,published
2015,qld,female,30-34,0.5,published
2015,qld,female,35-39,0.7,published
2015,qld,female,40-44,1.0,published
2015,qld,female,45-49,1.4,published
2015,qld,female,5-9,0.1,published
2015,qld,female,50-54,2.2,published
2015,qld,female,55-59,3.1,published
2015,qld,female,60-64,4.5,published
2015,qld,female,65-69,7.5,published
2015,qld,female,70-74,12.3,published
2015,qld,female,75-79,23.3,published
2015,qld,female,80-84,42.5,published
2015,qld,female,85-89,87.3,published
2015,qld,female,90-94,164.7,published
2015,qld,female,95-99,290.1,published
2015,qld,male,0-4,1.1,published
2015,qld,male,10-14,0.1,published
2015,qld,male,100+,355.3,published
2015,qld,male,15-19,0.4,published
2015,qld,male,20-24,0.8,published
2015,qld,male,25-29,0.8,published
2015,qld,male,30-34,1.1,published
2015,qld,male,35-39,1.4,published
2015,qld,male,40-44,1.8,published
2015,qld,male,45-49,2.3,published
2015,qld,male,5-9,0.1,published
2015,qld,male,50-54,3.5,published
2015,qld,male,55-59,5.4,published
2015,qld,male,60-64,7.5,published
2015,qld,male,65-69,12.1,published
2015,qld,male,70-74,19.2,published
2015,qld,male,75-79,34.6,published
2015,qld,male,80-84,63.9,published
2015,qld,male,85-89,113.8,published
2015,qld,male,90-94,198.0,published
2015,qld,male,95-99,293.9,published
2015,sa,female,0-4,0.7,published
2015,sa,female,10-14,0.0,published
2015,sa,female,100+,494.6,published
2015,sa,female,15-19,0.2,published
2015,sa,female,20-24,0.2,published
2015,sa,female,25-29,0.5,published
2015,sa,female,30-34,0.5,published
2015,sa,female,35-39,0.6,published
2015,sa,female,40-44,1.0,published
2015,sa,female,45-49,1.6,published
2015,sa,female,5-9,0.0,published
2015,sa,female,50-54,2.4,published
2015,sa,female,55-59,3.0,published
2015,sa,female,60-64,4.9,published
2015,sa,female,65-69,7.0,published
2015,sa,female,70-74,12.3,published
2015,sa,female,75-79,23.3,published
2015,sa,female,80-84,44.1,published
2015,sa,female,85-89,89.2,published
2015,sa,female,90-94,163.1,published
2015,sa,female,95-99,288.4,published
2015,sa,male,0-4,0.8,published
2015,sa,male,10-14,0.1,published
2015,sa,male,100+,376.7,published
2015,sa,male,15-19,0.3,published
2015,sa,male,20-24,0.6,published
2015,sa,male,25-29,0.8,published
2015,sa,male,30-34,0.7,published
2015,sa,male,35-39,1.0,published
2015,sa,male,40-44,2.0,published
2015,sa,male,45-49,2.4,published
2015,sa,male,5-9,0.0,published
2015,sa,male,50-54,4.0,published
2015,sa,male,55-59,5.1,published
2015,sa,male,60-64,9.1,published
2015,sa,male,65-69,11.8,published
2015,sa,male,70-74,19.2,published
2015,sa,male,75-79,35.1,published
2015,sa,male,80-84,63.2,published
2015,sa,male,85-89,114.5,published
2015,sa,male,90-94,197.6,published
2015,sa,male,95-99,316.1,published
2015,tas,female,0-4,0.7,published
2015,tas,female,10-14,0.2,published
2015,tas,female,100+,672.7,published
2015,tas,female,15-19,0.3,published
2015,tas,female,20-24,0.1,published
2015,tas,female,25-29,0.4,published
2015,tas,female,30-34,0.5,published
2015,tas,female,35-39,0.9,published
2015,tas,female,40-44,0.6,published
2015,tas,female,45-49,1.9,published
2015,tas,female,5-9,0.3,published
2015,tas,female,50-54,2.2,published
2015,tas,female,55-59,4.4,published
2015,tas,female,60-64,6.0,published
2015,tas,female,65-69,9.2,published
2015,tas,female,70-74,14.3,published
2015,tas,female,75-79,26.8,published
2015,tas,female,80-84,54.7,published
2015,tas,female,85-89,100.1,published
2015,tas,female,90-94,181.3,published
2015,tas,female,95-99,342.0,published
2015,tas,male,0-4,0.8,published
2015,tas,male,10-14,0.1,published
2015,tas,male,100+,642.9,published
2015,tas,male,15-19,0.8,published
2015,tas,male,20-24,1.2,published
2015,tas,male,25-29,0.7,published
2015,tas,male,30-34,1.2,published
2015,tas,male,35-39,1.3,published
2015,tas,male,40-44,1.6,published
2015,tas,male,45-49,2.3,published
2015,tas,male,5-9,0.2,published
2015,tas,male,50-54,4.5,published
2015,tas,male,55-59,5.7,published
2015,tas,male,60-64,8.5,published
2015,tas,male,65-69,13.9,published
2015,tas,male,70-74,24.3,published
2015,tas,male,75-79,39.4,published
2015,tas,male,80-84,71.4,published
2015,tas,male,85-89,138.8,published
2015,tas,male,90-94,217.6,published
2015,tas,male,95-99,297.8,published
2015,vic,female,0-4,0.6,published
2015,vic,female,10-14,0.1,published
2015,vic,female,100+,427.4,published
2015,vic,female,15-19,0.2,published
2015,vic,female,20-24,0.1,published
2015,vic,female,25-29,0.2,published
2015,vic,female,30-34,0.3,published
2015,vic,female,35-39,0.6,published
2015,vic,female,40-44,0.8,published
2015,vic,female,45-49,1.3,published
2015,vic,female,5-9,0.0,published
2015,vic,female,50-54,1.9,published
2015,vic,female,55-59,3.0,published
2015,vic,female,60-64,4.1,published
2015,vic,female,65-69,7.1,published
2015,vic,female,70-74,11.6,published
2015,vic,female,75-79,22.0,published
2015,vic,female,80-84,43.9,published
2015,vic,female,85-89,89.1,published
2015,vic,female,90-94,174.0,published
2015,vic,female,95-99,292.7,published
2015,vic,male,0-4,0.6,published
2015,vic,male,10-14,0.1,published
2015,vic,male,100+,411.5,published
2015,vic,male,15-19,0.4,published
2015,vic,male,20-24,0.4,published
2015,vic,male,25-29,0.6,published
2015,vic,male,30-34,0.8,published
2015,vic,male,35-39,1.1,published
2015,vic,male,40-44,1.5,published
2015,vic,male,45-49,2.2,published
2015,vic,male,5-9,0.1,published
2015,vic,male,50-54,3.2,published
2015,vic,male,55-59,4.7,published
2015,vic,male,60-64,7.3,published
2015,vic,male,65-69,11.7,published
2015,vic,male,70-74,18.5,published
2015,vic,male,75-79,33.0,published
2015,vic,male,80-84,61.3,published
2015,vic,male,85-89,117.3,published
2015,vic,male,90-94,199.4,published
2015,vic,male,95-99,326.2,published
2015,wa,female,0-4,0.6,published
2015,wa,female,10-14,0.1,published
2015,wa,female,100+,540.5,published
2015,wa,female,15-19,0.2,published
2015,wa,female,20-24,0.3,published
2015,wa,female,25-29,0.3,published
2015,wa,female,30-34,0.4,published
2015,wa,female,35-39,0.8,published
2015,wa,female,40-44,1.0,published
2015,wa,female,45-49,1.4,published
2015,wa,female,5-9,0.0,published
2015,wa,female,50-54,2.4,published
2015,wa,female,55-59,3.3,published
2015,wa,female,60-64,4.6,published
2015,wa,female,65-69,6.6,published
2015,wa,female,70-74,11.3,published
2015,wa,female,75-79,19.4,published
2015,wa,female,80-84,41.1,published
2015,wa,female,85-89,86.8,published
2015,wa,female,90-94,151.2,published
2015,wa,female,95-99,264.6,published
2015,wa,male,0-4,0.6,published
2015,wa,male,10-14,0.2,published
2015,wa,male,100+,645.8,published
2015,wa,male,15-19,0.6,published
2015,wa,male,20-24,0.7,published
2015,wa,male,25-29,1.0,published
2015,wa,male,30-34,1.0,published
2015,wa,male,35-39,1.2,published
2015,wa,male,40-44,1.8,published
2015,wa,male,45-49,2.7,published
2015,wa,male,5-9,0.1,published
2015,wa,male,50-54,3.1,published
2015,wa,male,55-59,4.7,published
2015,wa,male,60-64,7.7,published
2015,wa,male,65-69,11.5,published
2015,wa,male,70-74,18.9,published
2015,wa,male,75-79,33.1,published
2015,wa,male,80-84,63.0,published
2015,wa,male,85-89,111.1,published
2015,wa,male,90-94,206.8,published
2015,wa,male,95-99,320.4,published
2016,act,female,0-4,0.7,published
2016,act,female,10-14,0.2,published
2016,act,female,100+,368.4,published
2016,act,female,15-19,0.3,published
2016,act,female,20-24,0.1,published
2016,act,female,25-29,0.2,published
2016,act,female,30-34,0.2,published
2016,act,female,35-39,0.6,published
2016,act,female,40-44,0.8,published
2016,act,female,45-49,1.1,published
2016,act,female,5-9,0.0,published
2016,act,female,50-54,2.1,published
2016,act,female,55-59,2.4,published
2016,act,female,60-64,3.7,published
2016,act,female,65-69,5.0,published
2016,act,female,70-74,9.5,published
2016,act,female,75-79,19.7,published
2016,act,female,80-84,40.6,published
2016,act,female,85-89,84.1,published
2016,act,female,90-94,136.2,published
2016,act,female,95-99,264.1,published
2016,act,male,0-4,0.6,published
2016,act,male,10-14,0.0,published
2016,act,male,100+,416.7,published
2016,act,male,15-19,0.2,published
2016,act,male,20-24,0.5,published
2016,act,male,25-29,0.4,published
2016,act,male,30-34,0.4,published
2016,act,male,35-39,0.5,published
2016,act,male,40-44,1.4,published
2016,act,male,45-49,1.8,published
2016,act,male,5-9,0.2,published
2016,act,male,50-54,2.8,published
2016,act,male,55-59,4.9,published
2016,act,male,60-64,4.7,published
2016,act,male,65-69,9.6,published
2016,act,male,70-74,15.1,published
2016,act,male,75-79,34.1,published
2016,act,male,80-84,49.4,published
2016,act,male,85-89,96.8,published
2016,act,male,90-94,179.3,published
2016,act,male,95-99,226.6,published
2016,nsw,female,0-4,0.6,published
2016,nsw,female,10-14,0.0,published
2016,nsw,female,100+,589.4,published
2016,nsw,female,15-19,0.2,published
2016,nsw,female,20-24,0.2,published
2016,nsw,female,25-29,0.3,published
2016,nsw,female,30-34,0.4,published
2016,nsw,female,35-39,0.5,published
2016,nsw,female,40-44,0.8,published
2016,nsw,female,45-49,1.3,published
2016,nsw,female,5-9,0.1,published
2016,nsw,female,50-54,2.1,published
2016,nsw,female,55-59,3.2,published
2016,nsw,female,60-64,4.3,published
2016,nsw,female,65-69,7.3,published
2016,nsw,female,70-74,12.1,published
2016,nsw,female,75-79,22.1,published
2016,nsw,female,80-84,42.7,published
2016,nsw,female,85-89,85.1,published
2016,nsw,female,90-94,161.5,published
2016,nsw,female,95-99,277.8,published
2016,nsw,male,0-4,0.7,published
2016,nsw,male,10-14,0.1,published
2016,nsw,male,100+,729.2,published
2016,nsw,male,15-19,0.4,published
2016,nsw,male,20-24,0.6,published
2016,nsw,male,25-29,0.6,published
2016,nsw,male,30-34,0.7,published
2016,nsw,male,35-39,0.9,published
2016,nsw,male,40-44,1.4,published
2016,nsw,male,45-49,2.2,published
2016,nsw,male,5-9,0.1,published
2016,nsw,male,50-54,3.5,published
2016,nsw,male,55-59,5.5,published
2016,nsw,male,60-64,8.0,published
2016,nsw,male,65-69,11.7,published
2016,nsw,male,70-74,19.8,published
2016,nsw,male,75-79,33.7,published
2016,nsw,male,80-84,63.4,published
2016,nsw,male,85-89,114.1,published
2016,nsw,male,90-94,187.8,published
2016,nsw,male,95-99,291.4,published
2016,nt,female,0-4,1.9,published
2016,nt,female,10-14,0.3,published
2016,nt,female,100+,1500.0,published
2016,nt,female,15-19,0.4,published
2016,nt,female,20-24,0.5,published
2016,nt,female,25-29,0.6,published
2016,nt,female,30-34,0.9,published
2016,nt,female,35-39,1.2,published
2016,nt,female,40-44,2.1,published
2016,nt,female,45-49,3.1,published
2016,nt,female,5-9,0.5,published
2016,nt,female,50-54,4.0,published
2016,nt,female,55-59,4.0,published
2016,nt,female,60-64,6.9,published
2016,nt,female,65-69,13.9,published
2016,nt,female,70-74,24.3,published
2016,nt,female,75-79,35.3,published
2016,nt,female,80-84,68.2,published
2016,nt,female,85-89,74.5,published
2016,nt,female,90-94,152.8,published
2016,nt,female,95-99,258.1,published
2016,nt,male,0-4,1.5,published
2016,nt,male,10-14,0.0,published
2016,nt,male,100+,0.0,published
2016,nt,male,15-19,0.8,published
2016,nt,male,20-24,1.1,published
2016,nt,male,25-29,1.1,published
2016,nt,male,30-34,1.5,published
2016,nt,male,35-39,1.5,published
2016,nt,male,40-44,3.0,published
2016,nt,male,45-49,4.2,published
2016,nt,male,5-9,0.4,published
2016,nt,male,50-54,4.9,published
2016,nt,male,55-59,8.2,published
2016,nt,male,60-64,11.2,published
2016,nt,male,65-69,16.5,published
2016,nt,male,70-74,31.5,published
2016,nt,male,75-79,39.7,published
2016,nt,male,80-84,92.3,published
2016,nt,male,85-89,103.7,published
2016,nt,male,90-94,182.4,published
2016,nt,male,95-99,236.1,published
2016,qld,female,0-4,0.8,published
2016,qld,female,10-14,0.1,published
2016,qld,female,100+,436.5,published
2016,qld,female,15-19,0.2,published
2016,qld,female,20-24,0.3,published
2016,qld,female,25-29,0.3,published
2016,qld,female,30-34,0.5,published
2016,qld,female,35-39,0.6,published
2016,qld,female,40-44,1.0,published
2016,qld,female,45-49,1.4,published
2016,qld,female,5-9,0.1,published
2016,qld,female,50-54,2.0,published
2016,qld,female,55-59,3.1,published
2016,qld,female,60-64,4.7,published
2016,qld,female,65-69,7.0,published
2016,qld,female,70-74,11.7,published
2016,qld,female,75-79,21.0,published
2016,qld,female,80-84,41.2,published
2016,qld,female,85-89,80.2,published
2016,qld,female,90-94,155.1,published
2016,qld,female,95-99,262.8,published
2016,qld,male,0-4,1.1,published
2016,qld,male,10-14,0.1,published
2016,qld,male,100+,415.1,published
2016,qld,male,15-19,0.4,published
2016,qld,male,20-24,0.7,published
2016,qld,male,25-29,0.7,published
2016,qld,male,30-34,1.0,published
2016,qld,male,35-39,1.3,published
2016,qld,male,40-44,1.9,published
2016,qld,male,45-49,2.3,published
2016,qld,male,5-9,0.1,published
2016,qld,male,50-54,3.4,published
2016,qld,male,55-59,5.2,published
2016,qld,male,60-64,7.3,published
2016,qld,male,65-69,12.3,published
2016,qld,male,70-74,19.3,published
2016,qld,male,75-79,33.6,published
2016,qld,male,80-84,60.2,published
2016,qld,male,85-89,115.9,published
2016,qld,male,90-94,192.2,published
2016,qld,male,95-99,277.4,published
2016,sa,female,0-4,0.6,published
2016,sa,female,10-14,0.1,published
2016,sa,female,100+,543.4,published
2016,sa,female,15-19,0.1,published
2016,sa,female,20-24,0.2,published
2016,sa,female,25-29,0.2,published
2016,sa,female,30-34,0.6,published
2016,sa,female,35-39,0.7,published
2016,sa,female,40-44,1.2,published
2016,sa,female,45-49,1.5,published
2016,sa,female,5-9,0.0,published
2016,sa,female,50-54,2.4,published
2016,sa,female,55-59,3.4,published
2016,sa,female,60-64,4.3,published
2016,sa,female,65-69,6.7,published
2016,sa,female,70-74,10.5,published
2016,sa,female,75-79,20.4,published
2016,sa,female,80-84,42.3,published
2016,sa,female,85-89,83.2,published
2016,sa,female,90-94,155.7,published
2016,sa,female,95-99,269.4,published
2016,sa,male,0-4,0.9,published
2016,sa,male,10-14,0.1,published
2016,sa,male,100+,376.3,published
2016,sa,male,15-19,0.3,published
2016,sa,male,20-24,0.5,published
2016,sa,male,25-29,0.7,published
2016,sa,male,30-34,1.0,published
2016,sa,male,35-39,1.2,published
2016,sa,male,40-44,1.5,published
2016,sa,male,45-49,2.3,published
2016,sa,male,5-9,0.1,published
2016,sa,male,50-54,3.7,published
2016,sa,male,55-59,5.2,published
2016,sa,male,60-64,8.6,published
2016,sa,male,65-69,11.5,published
2016,sa,male,70-74,20.1,published
2016,sa,male,75-79,30.1,published
2016,sa,male,80-84,61.2,published
2016,sa,male,85-89,116.7,published
2016,sa,male,90-94,190.9,published
2016,sa,male,95-99,294.3,published
2016,tas,female,0-4,1.1,published
2016,tas,female,10-14,0.3,published
2016,tas,female,100+,646.1,published
2016,tas,female,15-19,0.3,published
2016,tas,female,20-24,0.2,published
2016,tas,female,25-29,0.1,published
2016,tas,female,30-34,0.6,published
2016,tas,female,35-39,1.2,published
2016,tas,female,40-44,0.8,published
2016,tas,female,45-49,1.8,published
2016,tas,female,5-9,0.2,published
2016,tas,female,50-54,3.1,published
2016,tas,female,55-59,3.6,published
2016,tas,female,60-64,6.0,published
2016,tas,female,65-69,9.5,published
2016,tas,female,70-74,14.4,published
2016,tas,female,75-79,23.1,published
2016,tas,female,80-84,54.8,published
2016,tas,female,85-89,93.7,published
2016,tas,female,90-94,173.6,published
2016,tas,female,95-99,309.8,published
2016,tas,male,0-4,0.9,published
2016,tas,male,10-14,0.0,published
2016,tas,male,100+,500.0,published
2016,tas,male,15-19,0.5,published
2016,tas,male,20-24,0.7,published
2016,tas,male,25-29,0.8,published
2016,tas,male,30-34,1.3,published
2016,tas,male,35-39,1.8,published
2016,tas,male,40-44,2.2,published
2016,tas,male,45-49,3.3,published
2016,tas,male,5-9,0.1,published
2016,tas,male,50-54,3.8,published
2016,tas,male,55-59,6.0,published
2016,tas,male,60-64,10.1,published
2016,tas,male,65-69,13.3,published
2016,tas,male,70-74,24.7,published
2016,tas,male,75-79,39.2,published
2016,tas,male,80-84,67.6,published
2016,tas,male,85-89,123.7,published
2016,tas,male,90-94,193.6,published
2016,tas,male,95-99,285.0,published
2016,vic,female,0-4,0.6,published
2016,vic,female,10-14,0.0,published
2016,vic,female,100+,427.6,published
2016,vic,female,15-19,0.2,published
2016,vic,female,20-24,0.2,published
2016,vic,female,25-29,0.2,published
2016,vic,female,30-34,0.4,published
2016,vic,female,35-39,0.5,published
2016,vic,female,40-44,0.9,published
2016,vic,female,45-49,1.3,published
2016,vic,female,5-9,0.0,published
2016,vic,female,50-54,1.9,published
2016,vic,female,55-59,2.8,published
2016,vic,female,60-64,4.3,published
2016,vic,female,65-69,6.7,published
2016,vic,female,70-74,11.7,published
2016,vic,female,75-79,21.2,published
2016,vic,female,80-84,41.2,published
2016,vic,female,85-89,83.2,published
2016,vic,female,90-94,162.7,published
2016,vic,female,95-99,257.7,published
2016,vic,male,0-4,0.7,published
2016,vic,male,10-14,0.1,published
2016,vic,male,100+,435.6,published
2016,vic,male,15-19,0.4,published
2016,vic,male,20-24,0.5,published
2016,vic,male,25-29,0.6,published
2016,vic,male,30-34,0.7,published
2016,vic,male,35-39,1.1,published
2016,vic,male,40-44,1.4,published
2016,vic,male,45-49,2.0,published
2016,vic,male,5-9,0.1,published
2016,vic,male,50-54,3.0,published
2016,vic,male,55-59,4.2,published
2016,vic,male,60-64,7.1,published
2016,vic,male,65-69,10.5,published
2016,vic,male,70-74,17.7,published
2016,vic,male,75-79,32.8,published
2016,vic,male,80-84,61.7,published
2016,vic,male,85-89,108.2,published
2016,vic,male,90-94,191.7,published
2016,vic,male,95-99,296.6,published
2016,wa,female,0-4,0.5,published
2016,wa,female,10-14,0.1,published
2016,wa,female,100+,734.5,published
2016,wa,female,15-19,0.2,published
2016,wa,female,20-24,0.4,published
2016,wa,female,25-29,0.4,published
2016,wa,female,30-34,0.6,published
2016,wa,female,35-39,0.7,published
2016,wa,female,40-44,1.1,published
2016,wa,female,45-49,1.4,published
2016,wa,female,5-9,0.1,published
2016,wa,female,50-54,1.6,published
2016,wa,female,55-59,2.8,published
2016,wa,female,60-64,4.4,published
2016,wa,female,65-69,6.0,published
2016,wa,female,70-74,11.4,published
2016,wa,female,75-79,21.3,published
2016,wa,female,80-84,41.0,published
2016,wa,female,85-89,83.1,published
2016,wa,female,90-94,167.0,published
2016,wa,female,95-99,264.9,published
2016,wa,male,0-4,0.9,published
2016,wa,male,10-14,0.1,published
2016,wa,male,100+,921.2,published
2016,wa,male,15-19,0.5,published
2016,wa,male,20-24,0.8,published
2016,wa,male,25-29,0.8,published
2016,wa,male,30-34,1.0,published
2016,wa,male,35-39,1.4,published
2016,wa,male,40-44,1.8,published
2016,wa,male,45-49,2.3,published
2016,wa,male,5-9,0.1,published
2016,wa,male,50-54,3.0,published
2016,wa,male,55-59,4.9,published
2016,wa,male,60-64,7.2,published
2016,wa,male,65-69,11.0,published
2016,wa,male,70-74,18.9,published
2016,wa,male,75-79,33.1,published
2016,wa,male,80-84,58.8,published
2016,wa,male,85-89,117.1,published
2016,wa,male,90-94,214.7,published
2016,wa,male,95-99,305.7,published
2017,act,female,0-4,0.5,published
2017,act,female,10-14,0.0,published
2017,act,female,100+,609.8,published
2017,act,female,15-19,0.1,published
2017,act,female,20-24,0.1,published
2017,act,female,25-29,0.2,published
2017,act,female,30-34,0.3,published
2017,act,female,35-39,0.6,published
2017,act,female,40-44,1.4,published
2017,act,female,45-49,1.2,published
2017,act,female,5-9,0.2,published
2017,act,female,50-54,1.4,published
2017,act,female,55-59,2.5,published
2017,act,female,60-64,4.7,published
2017,act,female,65-69,4.9,published
2017,act,female,70-74,12.2,published
2017,act,female,75-79,22.4,published
2017,act,female,80-84,46.3,published
2017,act,female,85-89,102.1,published
2017,act,female,90-94,184.9,published
2017,act,female,95-99,292.6,published
2017,act,male,0-4,0.9,published
2017,act,male,10-14,0.1,published
2017,act,male,100+,615.4,published
2017,act,male,15-19,0.4,published
2017,act,male,20-24,0.8,published
2017,act,male,25-29,0.5,published
2017,act,male,30-34,0.5,published
2017,act,male,35-39,0.9,published
2017,act,male,40-44,1.7,published
2017,act,male,45-49,1.6,published
2017,act,male,5-9,0.0,published
2017,act,male,50-54,3.8,published
2017,act,male,55-59,4.6,published
2017,act,male,60-64,7.6,published
2017,act,male,65-69,9.2,published
2017,act,male,70-74,21.1,published
2017,act,male,75-79,38.5,published
2017,act,male,80-84,61.3,published
2017,act,male,85-89,125.6,published
2017,act,male,90-94,218.2,published
2017,act,male,95-99,325.6,published
2017,nsw,female,0-4,0.6,published
2017,nsw,female,10-14,0.1,published
2017,nsw,female,100+,633.6,published
2017,nsw,female,15-19,0.2,published
2017,nsw,female,20-24,0.2,published
2017,nsw,female,25-29,0.2,published
2017,nsw,female,30-34,0.2,published
2017,nsw,female,35-39,0.5,published
2017,nsw,female,40-44,0.7,published
2017,nsw,female,45-49,1.2,published
2017,nsw,female,5-9,0.1,published
2017,nsw,female,50-54,2.1,published
2017,nsw,female,55-59,2.7,published
2017,nsw,female,60-64,4.2,published
2017,nsw,female,65-69,6.7,published
2017,nsw,female,70-74,11.7,published
2017,nsw,female,75-79,21.0,published
2017,nsw,female,80-84,40.7,published
2017,nsw,female,85-89,81.4,published
2017,nsw,female,90-94,154.9,published
2017,nsw,female,95-99,266.8,published
2017,nsw,male,0-4,0.7,published
2017,nsw,male,10-14,0.1,published
2017,nsw,male,100+,547.1,published
2017,nsw,male,15-19,0.4,published
2017,nsw,male,20-24,0.5,published
2017,nsw,male,25-29,0.6,published
2017,nsw,male,30-34,0.7,published
2017,nsw,male,35-39,1.0,published
2017,nsw,male,40-44,1.5,published
2017,nsw,male,45-49,2.2,published
2017,nsw,male,5-9,0.1,published
2017,nsw,male,50-54,3.1,published
2017,nsw,male,55-59,5.0,published
2017,nsw,male,60-64,7.6,published
2017,nsw,male,65-69,11.6,published
2017,nsw,male,70-74,18.7,published
2017,nsw,male,75-79,32.6,published
2017,nsw,male,80-84,59.3,published
2017,nsw,male,85-89,108.2,published
2017,nsw,male,90-94,192.4,published
2017,nsw,male,95-99,296.4,published
2017,nt,female,0-4,2.2,published
2017,nt,female,10-14,0.0,published
2017,nt,female,100+,200.0,published
2017,nt,female,15-19,0.7,published
2017,nt,female,20-24,0.2,published
2017,nt,female,25-29,0.8,published
2017,nt,female,30-34,1.3,published
2017,nt,female,35-39,0.9,published
2017,nt,female,40-44,1.8,published
2017,nt,female,45-49,3.2,published
2017,nt,female,5-9,0.1,published
2017,nt,female,50-54,4.7,published
2017,nt,female,55-59,7.8,published
2017,nt,female,60-64,7.1,published
2017,nt,female,65-69,14.5,published
2017,nt,female,70-74,15.4,published
2017,nt,female,75-79,33.8,published
2017,nt,female,80-84,61.1,published
2017,nt,female,85-89,74.0,published
2017,nt,female,90-94,145.6,published
2017,nt,female,95-99,264.7,published
2017,nt,male,0-4,1.8,published
2017,nt,male,10-14,0.2,published
2017,nt,male,100+,0.0,published
2017,nt,male,15-19,1.4,published
2017,nt,male,20-24,1.7,published
2017,nt,male,25-29,1.5,published
2017,nt,male,30-34,1.6,published
2017,nt,male,35-39,2.1,published
2017,nt,male,40-44,2.7,published
2017,nt,male,45-49,4.4,published
2017,nt,male,5-9,0.1,published
2017,nt,male,50-54,5.0,published
2017,nt,male,55-59,10.7,published
2017,nt,male,60-64,11.2,published
2017,nt,male,65-69,14.2,published
2017,nt,male,70-74,29.5,published
2017,nt,male,75-79,38.2,published
2017,nt,male,80-84,69.2,published
2017,nt,male,85-89,112.2,published
2017,nt,male,90-94,175.8,published
2017,nt,male,95-99,90.9,published
2017,qld,female,0-4,0.9,published
2017,qld,female,10-14,0.1,published
2017,qld,female,100+,506.3,published
2017,qld,female,15-19,0.3,published
2017,qld,female,20-24,0.2,published
2017,qld,female,25-29,0.4,published
2017,qld,female,30-34,0.5,published
2017,qld,female,35-39,0.6,published
2017,qld,female,40-44,1.0,published
2017,qld,female,45-49,1.4,published
2017,qld,female,5-9,0.1,published
2017,qld,female,50-54,2.0,published
2017,qld,female,55-59,3.1,published
2017,qld,female,60-64,4.5,published
2017,qld,female,65-69,7.6,published
2017,qld,female,70-74,12.1,published
2017,qld,female,75-79,22.8,published
2017,qld,female,80-84,43.7,published
2017,qld,female,85-89,83.2,published
2017,qld,female,90-94,163.6,published
2017,qld,female,95-99,266.3,published
2017,qld,male,0-4,1.0,published
2017,qld,male,10-14,0.1,published
2017,qld,male,100+,416.2,published
2017,qld,male,15-19,0.3,published
2017,qld,male,20-24,0.8,published
2017,qld,male,25-29,0.7,published
2017,qld,male,30-34,1.0,published
2017,qld,male,35-39,1.2,published
2017,qld,male,40-44,2.0,published
2017,qld,male,45-49,2.5,published
2017,qld,male,5-9,0.1,published
2017,qld,male,50-54,3.3,published
2017,qld,male,55-59,5.2,published
2017,qld,male,60-64,7.8,published
2017,qld,male,65-69,12.2,published
2017,qld,male,70-74,18.9,published
2017,qld,male,75-79,33.5,published
2017,qld,male,80-84,61.2,published
2017,qld,male,85-89,112.3,published
2017,qld,male,90-94,212.4,published
2017,qld,male,95-99,316.4,published
2017,sa,female,0-4,0.7,published
2017,sa,female,10-14,0.1,published
2017,sa,female,100+,501.7,published
2017,sa,female,15-19,0.2,published
2017,sa,female,20-24,0.3,published
2017,sa,female,25-29,0.2,published
2017,sa,female,30-34,0.6,published
2017,sa,female,35-39,0.7,published
2017,sa,female,40-44,0.9,published
2017,sa,female,45-49,1.4,published
2017,sa,female,5-9,0.1,published
2017,sa,female,50-54,2.3,published
2017,sa,female,55-59,3.1,published
2017,sa,female,60-64,5.0,published
2017,sa,female,65-69,7.1,published
2017,sa,female,70-74,11.9,published
2017,sa,female,75-79,22.0,published
2017,sa,female,80-84,42.0,published
2017,sa,female,85-89,87.3,published
2017,sa,female,90-94,163.1,published
2017,sa,female,95-99,279.9,published
2017,sa,male,0-4,0.7,published
2017,sa,male,10-14,0.1,published
2017,sa,male,100+,218.2,published
2017,sa,male,15-19,0.4,published
2017,sa,male,20-24,0.7,published
2017,sa,male,25-29,0.7,published
2017,sa,male,30-34,0.9,published
2017,sa,male,35-39,1.4,published
2017,sa,male,40-44,1.6,published
2017,sa,male,45-49,2.9,published
2017,sa,male,5-9,0.1,published
2017,sa,male,50-54,3.9,published
2017,sa,male,55-59,5.2,published
2017,sa,male,60-64,8.3,published
2017,sa,male,65-69,12.8,published
2017,sa,male,70-74,19.4,published
2017,sa,male,75-79,33.1,published
2017,sa,male,80-84,59.9,published
2017,sa,male,85-89,112.9,published
2017,sa,male,90-94,205.5,published
2017,sa,male,95-99,259.5,published
2017,tas,female,0-4,0.8,published
2017,tas,female,10-14,0.1,published
2017,tas,female,100+,515.2,published
2017,tas,female,15-19,0.3,published
2017,tas,female,20-24,0.2,published
2017,tas,female,25-29,0.4,published
2017,tas,female,30-34,0.6,published
2017,tas,female,35-39,0.9,published
2017,tas,female,40-44,1.0,published
2017,tas,female,45-49,1.7,published
2017,tas,female,5-9,0.0,published
2017,tas,female,50-54,2.4,published
2017,tas,female,55-59,3.9,published
2017,tas,female,60-64,6.1,published
2017,tas,female,65-69,9.1,published
2017,tas,female,70-74,14.4,published
2017,tas,female,75-79,25.6,published
2017,tas,female,80-84,48.2,published
2017,tas,female,85-89,110.2,published
2017,tas,female,90-94,198.7,published
2017,tas,female,95-99,304.2,published
2017,tas,male,0-4,0.8,published
2017,tas,male,10-14,0.1,published
2017,tas,male,100+,588.2,published
2017,tas,male,15-19,0.5,published
2017,tas,male,20-24,0.6,published
2017,tas,male,25-29,0.7,published
2017,tas,male,30-34,1.2,published
2017,tas,male,35-39,2.0,published
2017,tas,male,40-44,1.4,published
2017,tas,male,45-49,2.3,published
2017,tas,male,5-9,0.1,published
2017,tas,male,50-54,3.8,published
2017,tas,male,55-59,6.8,published
2017,tas,male,60-64,9.0,published
2017,tas,male,65-69,14.2,published
2017,tas,male,70-74,22.1,published
2017,tas,male,75-79,36.1,published
2017,tas,male,80-84,66.4,published
2017,tas,male,85-89,124.5,published
2017,tas,male,90-94,225.2,published
2017,tas,male,95-99,279.0,published
2017,vic,female,0-4,0.7,published
2017,vic,female,10-14,0.1,published
2017,vic,female,100+,416.8,published
2017,vic,female,15-19,0.2,published
2017,vic,female,20-24,0.2,published
2017,vic,female,25-29,0.2,published
2017,vic,female,30-34,0.3,published
2017,vic,female,35-39,0.5,published
2017,vic,female,40-44,0.8,published
2017,vic,female,45-49,1.3,published
2017,vic,female,5-9,0.1,published
2017,vic,female,50-54,1.8,published
2017,vic,female,55-59,2.7,published
2017,vic,female,60-64,4.1,published
2017,vic,female,65-69,6.8,published
2017,vic,female,70-74,11.3,published
2017,vic,female,75-79,20.7,published
2017,vic,female,80-84,41.1,published
2017,vic,female,85-89,84.3,published
2017,vic,female,90-94,161.3,published
2017,vic,female,95-99,273.6,published
2017,vic,male,0-4,0.8,published
2017,vic,male,10-14,0.1,published
2017,vic,male,100+,412.3,published
2017,vic,male,15-19,0.3,published
2017,vic,male,20-24,0.4,published
2017,vic,male,25-29,0.6,published
2017,vic,male,30-34,0.6,published
2017,vic,male,35-39,0.9,published
2017,vic,male,40-44,1.3,published
2017,vic,male,45-49,1.9,published
2017,vic,male,5-9,0.1,published
2017,vic,male,50-54,2.7,published
2017,vic,male,55-59,4.2,published
2017,vic,male,60-64,6.6,published
2017,vic,male,65-69,10.4,published
2017,vic,male,70-74,17.8,published
2017,vic,male,75-79,30.6,published
2017,vic,male,80-84,55.8,published
2017,vic,male,85-89,113.9,published
2017,vic,male,90-94,182.3,published
2017,vic,male,95-99,290.2,published
2017,wa,female,0-4,0.6,published
2017,wa,female,10-14,0.1,published
2017,wa,female,100+,704.9,published
2017,wa,female,15-19,0.2,published
2017,wa,female,20-24,0.2,published
2017,wa,female,25-29,0.3,published
2017,wa,female,30-34,0.4,published
2017,wa,female,35-39,0.8,published
2017,wa,female,40-44,1.1,published
2017,wa,female,45-49,1.3,published
2017,wa,female,5-9,0.1,published
2017,wa,female,50-54,2.2,published
2017,wa,female,55-59,3.0,published
2017,wa,female,60-64,4.0,published
2017,wa,female,65-69,6.0,published
2017,wa,female,70-74,11.4,published
2017,wa,female,75-79,19.0,published
2017,wa,female,80-84,35.4,published
2017,wa,female,85-89,80.1,published
2017,wa,female,90-94,148.8,published
2017,wa,female,95-99,248.1,published
2017,wa,male,0-4,0.8,published
2017,wa,male,10-14,0.1,published
2017,wa,male,100+,745.1,published
2017,wa,male,15-19,0.5,published
2017,wa,male,20-24,0.7,published
2017,wa,male,25-29,0.7,published
2017,wa,male,30-34,1.0,published
2017,wa,male,35-39,1.4,published
2017,wa,male,40-44,1.6,published
2017,wa,male,45-49,2.7,published
2017,wa,male,5-9,0.1,published
2017,wa,male,50-54,3.2,published
2017,wa,male,55-59,4.1,published
2017,wa,male,60-64,7.1,published
2017,wa,male,65-69,10.9,published
2017,wa,male,70-74,18.2,published
2017,wa,male,75-79,32.6,published
2017,wa,male,80-84,57.3,published
2017,wa,male,85-89,107.1,published
2017,wa,male,90-94,187.2,published
2017,wa,male,95-99,276.6,published
2018,act,female,0-4,1.0,published
2018,act,female,10-14,0.3,published
2018,act,female,100+,340.4,published
2018,act,female,15-19,0.1,published
2018,act,female,20-24,0.2,published
2018,act,female,25-29,0.1,published
2018,act,female,30-34,0.3,published
2018,act,female,35-39,0.5,published
2018,act,female,40-44,0.6,published
2018,act,female,45-49,1.2,published
2018,act,female,5-9,0.3,published
2018,act,female,50-54,2.3,published
2018,act,female,55-59,2.4,published
2018,act,female,60-64,4.3,published
2018,act,female,65-69,5.1,published
2018,act,female,70-74,10.7,published
2018,act,female,75-79,20.5,published
2018,act,female,80-84,36.5,published
2018,act,female,85-89,86.0,published
2018,act,female,90-94,175.3,published
2018,act,female,95-99,279.2,published
2018,act,male,0-4,0.8,published
2018,act,male,10-14,0.1,published
2018,act,male,100+,1000.0,published
2018,act,male,15-19,0.5,published
2018,act,male,20-24,0.6,published
2018,act,male,25-29,0.4,published
2018,act,male,30-34,0.6,published
2018,act,male,35-39,0.7,published
2018,act,male,40-44,1.4,published
2018,act,male,45-49,2.1,published
2018,act,male,5-9,0.1,published
2018,act,male,50-54,2.5,published
2018,act,male,55-59,4.0,published
2018,act,male,60-64,8.4,published
2018,act,male,65-69,8.9,published
2018,act,male,70-74,12.5,published
2018,act,male,75-79,33.1,published
2018,act,male,80-84,60.6,published
2018,act,male,85-89,114.9,published
2018,act,male,90-94,179.2,published
2018,act,male,95-99,217.9,published
2018,nsw,female,0-4,0.7,published
2018,nsw,female,10-14,0.1,published
2018,nsw,female,100+,542.7,published
2018,nsw,female,15-19,0.2,published
2018,nsw,female,20-24,0.2,published
2018,nsw,female,25-29,0.3,published
2018,nsw,female,30-34,0.3,published
2018,nsw,female,35-39,0.5,published
2018,nsw,female,40-44,0.8,published
2018,nsw,female,45-49,1.3,published
2018,nsw,female,5-9,0.1,published
2018,nsw,female,50-54,2.0,published
2018,nsw,female,55-59,2.9,published
2018,nsw,female,60-64,4.3,published
2018,nsw,female,65-69,6.8,published
2018,nsw,female,70-74,11.7,published
2018,nsw,female,75-79,21.4,published
2018,nsw,female,80-84,40.2,published
2018,nsw,female,85-89,80.2,published
2018,nsw,female,90-94,155.4,published
2018,nsw,female,95-99,249.0,published
2018,nsw,male,0-4,0.7,published
2018,nsw,male,10-14,0.1,published
2018,nsw,male,100+,413.1,published
2018,nsw,male,15-19,0.4,published
2018,nsw,male,20-24,0.6,published
2018,nsw,male,25-29,0.5,published
2018,nsw,male,30-34,0.7,published
2018,nsw,male,35-39,1.0,published
2018,nsw,male,40-44,1.4,published
2018,nsw,male,45-49,2.0,published
2018,nsw,male,5-9,0.1,published
2018,nsw,male,50-54,3.4,published
2018,nsw,male,55-59,5.4,published
2018,nsw,male,60-64,7.8,published
2018,nsw,male,65-69,11.8,published
2018,nsw,male,70-74,18.6,published
2018,nsw,male,75-79,31.7,published
2018,nsw,male,80-84,56.9,published
2018,nsw,male,85-89,107.7,published
2018,nsw,male,90-94,190.7,published
2018,nsw,male,95-99,293.0,published
2018,nt,female,0-4,1.8,published
2018,nt,female,10-14,0.4,published
2018,nt,female,100+,500.0,published
2018,nt,female,15-19,0.8,published
2018,nt,female,20-24,0.1,published
2018,nt,female,25-29,0.5,published
2018,nt,female,30-34,0.8,published
2018,nt,female,35-39,0.9,published
2018,nt,female,40-44,1.9,published
2018,nt,female,45-49,2.9,published
2018,nt,female,5-9,0.0,published
2018,nt,female,50-54,4.2,published
2018,nt,female,55-59,5.4,published
2018,nt,female,60-64,10.1,published
2018,nt,female,65-69,12.3,published
2018,nt,female,70-74,17.7,published
2018,nt,female,75-79,30.6,published
2018,nt,female,80-84,73.0,published
2018,nt,female,85-89,88.4,published
2018,nt,female,90-94,156.6,published
2018,nt,female,95-99,363.6,published
2018,nt,male,0-4,2.1,published
2018,nt,male,10-14,0.2,published
2018,nt,male,100+,0.0,published
2018,nt,male,15-19,0.9,published
2018,nt,male,20-24,1.6,published
2018,nt,male,25-29,1.1,published
2018,nt,male,30-34,1.7,published
2018,nt,male,35-39,2.7,published
2018,nt,male,40-44,2.3,published
2018,nt,male,45-49,4.2,published
2018,nt,male,5-9,0.0,published
2018,nt,male,50-54,5.7,published
2018,nt,male,55-59,6.8,published
2018,nt,male,60-64,12.4,published
2018,nt,male,65-69,14.1,published
2018,nt,male,70-74,24.4,published
2018,nt,male,75-79,46.0,published
2018,nt,male,80-84,87.2,published
2018,nt,male,85-89,103.1,published
2018,nt,male,90-94,163.3,published
2018,nt,male,95-99,107.1,published
2018,qld,female,0-4,0.7,published
2018,qld,female,10-14,0.1,published
2018,qld,female,100+,390.5,published
2018,qld,female,15-19,0.2,published
2018,qld,female,20-24,0.2,published
2018,qld,female,25-29,0.2,published
2018,qld,female,30-34,0.4,published
2018,qld,female,35-39,0.5,published
2018,qld,female,40-44,0.9,published
2018,qld,female,45-49,1.4,published
2018,qld,female,5-9,0.1,published
2018,qld,female,50-54,2.0,published
2018,qld,female,55-59,3.1,published
2018,qld,female,60-64,4.5,published
2018,qld,female,65-69,6.8,published
2018,qld,female,70-74,11.6,published
2018,qld,female,75-79,20.1,published
2018,qld,female,80-84,38.8,published
2018,qld,female,85-89,80.4,published
2018,qld,female,90-94,153.6,published
2018,qld,female,95-99,259.1,published
2018,qld,male,0-4,0.9,published
2018,qld,male,10-14,0.1,published
2018,qld,male,100+,354.5,published
2018,qld,male,15-19,0.5,published
2018,qld,male,20-24,0.7,published
2018,qld,male,25-29,0.8,published
2018,qld,male,30-34,1.1,published
2018,qld,male,35-39,1.5,published
2018,qld,male,40-44,1.7,published
2018,qld,male,45-49,2.2,published
2018,qld,male,5-9,0.0,published
2018,qld,male,50-54,3.4,published
2018,qld,male,55-59,5.1,published
2018,qld,male,60-64,7.8,published
2018,qld,male,65-69,11.4,published
2018,qld,male,70-74,19.0,published
2018,qld,male,75-79,31.7,published
2018,qld,male,80-84,60.4,published
2018,qld,male,85-89,108.9,published
2018,qld,male,90-94,189.3,published
2018,qld,male,95-99,273.8,published
2018,sa,female,0-4,0.5,published
2018,sa,female,10-14,0.1,published
2018,sa,female,100+,326.2,published
2018,sa,female,15-19,0.3,published
2018,sa,female,20-24,0.2,published
2018,sa,female,25-29,0.3,published
2018,sa,female,30-34,0.4,published
2018,sa,female,35-39,0.8,published
2018,sa,female,40-44,0.8,published
2018,sa,female,45-49,1.0,published
2018,sa,female,5-9,0.1,published
2018,sa,female,50-54,2.3,published
2018,sa,female,55-59,3.1,published
2018,sa,female,60-64,4.8,published
2018,sa,female,65-69,7.4,published
2018,sa,female,70-74,11.8,published
2018,sa,female,75-79,19.9,published
2018,sa,female,80-84,41.2,published
2018,sa,female,85-89,79.4,published
2018,sa,female,90-94,150.0,published
2018,sa,female,95-99,246.1,published
2018,sa,male,0-4,0.9,published
2018,sa,male,10-14,0.1,published
2018,sa,male,100+,336.1,published
2018,sa,male,15-19,0.4,published
2018,sa,male,20-24,0.5,published
2018,sa,male,25-29,0.6,published
2018,sa,male,30-34,0.8,published
2018,sa,male,35-39,0.8,published
2018,sa,male,40-44,1.3,published
2018,sa,male,45-49,2.7,published
2018,sa,male,5-9,0.0,published
2018,sa,male,50-54,3.9,published
2018,sa,male,55-59,5.7,published
2018,sa,male,60-64,8.4,published
2018,sa,male,65-69,11.4,published
2018,sa,male,70-74,18.1,published
2018,sa,male,75-79,30.7,published
2018,sa,male,80-84,61.0,published
2018,sa,male,85-89,105.1,published
2018,sa,male,90-94,195.3,published
2018,sa,male,95-99,283.8,published
2018,tas,female,0-4,0.8,published
2018,tas,female,10-14,0.1,published
2018,tas,female,100+,426.2,published
2018,tas,female,15-19,0.3,published
2018,tas,female,20-24,0.1,published
2018,tas,female,25-29,0.2,published
2018,tas,female,30-34,0.2,published
2018,tas,female,35-39,0.9,published
2018,tas,female,40-44,1.5,published
2018,tas,female,45-49,1.5,published
2018,tas,female,5-9,0.3,published
2018,tas,female,50-54,2.5,published
2018,tas,female,55-59,3.0,published
2018,tas,female,60-64,5.1,published
2018,tas,female,65-69,7.3,published
2018,tas,female,70-74,12.4,published
2018,tas,female,75-79,26.2,published
2018,tas,female,80-84,42.0,published
2018,tas,female,85-89,89.2,published
2018,tas,female,90-94,153.8,published
2018,tas,female,95-99,266.9,published
2018,tas,male,0-4,0.6,published
2018,tas,male,10-14,0.1,published
2018,tas,male,100+,285.7,published
2018,tas,male,15-19,0.1,published
2018,tas,male,20-24,1.0,published
2018,tas,male,25-29,1.0,published
2018,tas,male,30-34,0.9,published
2018,tas,male,35-39,1.5,published
2018,tas,male,40-44,1.8,published
2018,tas,male,45-49,2.7,published
2018,tas,male,5-9,0.0,published
2018,tas,male,50-54,3.7,published
2018,tas,male,55-59,5.4,published
2018,tas,male,60-64,7.4,published
2018,tas,male,65-69,11.1,published
2018,tas,male,70-74,19.6,published
2018,tas,male,75-79,32.8,published
2018,tas,male,80-84,57.1,published
2018,tas,male,85-89,129.1,published
2018,tas,male,90-94,185.2,published
2018,tas,male,95-99,294.4,published
2018,vic,female,0-4,0.6,published
2018,vic,female,10-14,0.0,published
2018,vic,female,100+,390.0,published
2018,vic,female,15-19,0.2,published
2018,vic,female,20-24,0.2,published
2018,vic,female,25-29,0.2,published
2018,vic,female,30-34,0.3,published
2018,vic,female,35-39,0.5,published
2018,vic,female,40-44,0.8,published
2018,vic,female,45-49,1.1,published
2018,vic,female,5-9,0.1,published
2018,vic,female,50-54,1.9,published
2018,vic,female,55-59,2.7,published
2018,vic,female,60-64,4.3,published
2018,vic,female,65-69,6.4,published
2018,vic,female,70-74,10.5,published
2018,vic,female,75-79,19.1,published
2018,vic,female,80-84,36.6,published
2018,vic,female,85-89,76.3,published
2018,vic,female,90-94,152.7,published
2018,vic,female,95-99,254.0,published
2018,vic,male,0-4,0.8,published
2018,vic,male,10-14,0.1,published
2018,vic,male,100+,364.7,published
2018,vic,male,15-19,0.2,published
2018,vic,male,20-24,0.4,published
2018,vic,male,25-29,0.4,published
2018,vic,male,30-34,0.6,published
2018,vic,male,35-39,0.9,published
2018,vic,male,40-44,1.2,published
2018,vic,male,45-49,1.9,published
2018,vic,male,5-9,0.0,published
2018,vic,male,50-54,2.5,published
2018,vic,male,55-59,3.9,published
2018,vic,male,60-64,6.5,published
2018,vic,male,65-69,10.4,published
2018,vic,male,70-74,16.6,published
2018,vic,male,75-79,28.5,published
2018,vic,male,80-84,52.8,published
2018,vic,male,85-89,103.4,published
2018,vic,male,90-94,178.7,published
2018,vic,male,95-99,266.8,published
2018,wa,female,0-4,0.4,published
2018,wa,female,10-14,0.1,published
2018,wa,female,100+,617.3,published
2018,wa,female,15-19,0.2,published
2018,wa,female,20-24,0.2,published
2018,wa,female,25-29,0.3,published
2018,wa,female,30-34,0.4,published
2018,wa,female,35-39,0.7,published
2018,wa,female,40-44,1.0,published
2018,wa,female,45-49,1.5,published
2018,wa,female,5-9,0.1,published
2018,wa,female,50-54,2.1,published
2018,wa,female,55-59,3.2,published
2018,wa,female,60-64,4.4,published
2018,wa,female,65-69,6.4,published
2018,wa,female,70-74,9.9,published
2018,wa,female,75-79,21.1,published
2018,wa,female,80-84,37.1,published
2018,wa,female,85-89,74.4,published
2018,wa,female,90-94,139.0,published
2018,wa,female,95-99,260.6,published
2018,wa,male,0-4,0.8,published
2018,wa,male,10-14,0.1,published
2018,wa,male,100+,436.6,published
2018,wa,male,15-19,0.5,published
2018,wa,male,20-24,0.7,published
2018,wa,male,25-29,0.9,published
2018,wa,male,30-34,0.9,published
2018,wa,male,35-39,1.4,published
2018,wa,male,40-44,1.4,published
2018,wa,male,45-49,2.5,published
2018,wa,male,5-9,0.1,published
2018,wa,male,50-54,3.0,published
2018,wa,male,55-59,4.6,published
2018,wa,male,60-64,7.0,published
2018,wa,male,65-69,10.9,published
2018,wa,male,70-74,17.5,published
2018,wa,male,75-79,30.6,published
2018,wa,male,80-84,51.6,published
2018,wa,male,85-89,102.4,published
2018,wa,male,90-94,174.1,published
2018,wa,male,95-99,271.6,published
2019,act,female,0-4,0.2,published
2019,act,female,10-14,0.1,published
2019,act,female,100+,422.2,published
2019,act,female,15-19,0.1,published
2019,act,female,20-24,0.2,published
2019,act,female,25-29,0.2,published
2019,act,female,30-34,0.4,published
2019,act,female,35-39,0.6,published
2019,act,female,40-44,0.8,published
2019,act,female,45-49,0.9,published
2019,act,female,5-9,0.3,published
2019,act,female,50-54,1.2,published
2019,act,female,55-59,2.9,published
2019,act,female,60-64,4.7,published
2019,act,female,65-69,4.2,published
2019,act,female,70-74,9.0,published
2019,act,female,75-79,17.9,published
2019,act,female,80-84,39.9,published
2019,act,female,85-89,89.1,published
2019,act,female,90-94,168.4,published
2019,act,female,95-99,286.1,published
2019,act,male,0-4,0.3,published
2019,act,male,10-14,0.0,published
2019,act,male,100+,166.7,published
2019,act,male,15-19,0.6,published
2019,act,male,20-24,0.6,published
2019,act,male,25-29,0.3,published
2019,act,male,30-34,0.4,published
2019,act,male,35-39,0.9,published
2019,act,male,40-44,1.4,published
2019,act,male,45-49,1.7,published
2019,act,male,5-9,0.1,published
2019,act,male,50-54,2.4,published
2019,act,male,55-59,3.7,published
2019,act,male,60-64,5.4,published
2019,act,male,65-69,7.7,published
2019,act,male,70-74,15.6,published
2019,act,male,75-79,27.9,published
2019,act,male,80-84,49.3,published
2019,act,male,85-89,87.7,published
2019,act,male,90-94,179.6,published
2019,act,male,95-99,298.9,published
2019,nsw,female,0-4,0.7,published
2019,nsw,female,10-14,0.1,published
2019,nsw,female,100+,474.2,published
2019,nsw,female,15-19,0.2,published
2019,nsw,female,20-24,0.3,published
2019,nsw,female,25-29,0.3,published
2019,nsw,female,30-34,0.3,published
2019,nsw,female,35-39,0.5,published
2019,nsw,female,40-44,0.9,published
2019,nsw,female,45-49,1.3,published
2019,nsw,female,5-9,0.1,published
2019,nsw,female,50-54,1.8,published
2019,nsw,female,55-59,3.0,published
2019,nsw,female,60-64,4.7,published
2019,nsw,female,65-69,7.0,published
2019,nsw,female,70-74,12.5,published
2019,nsw,female,75-79,21.5,published
2019,nsw,female,80-84,40.0,published
2019,nsw,female,85-89,80.8,published
2019,nsw,female,90-94,161.2,published
2019,nsw,female,95-99,273.1,published
2019,nsw,male,0-4,0.9,published
2019,nsw,male,10-14,0.1,published
2019,nsw,male,100+,413.4,published
2019,nsw,male,15-19,0.4,published
2019,nsw,male,20-24,0.6,published
2019,nsw,male,25-29,0.7,published
2019,nsw,male,30-34,0.7,published
2019,nsw,male,35-39,0.9,published
2019,nsw,male,40-44,1.5,published
2019,nsw,male,45-49,2.3,published
2019,nsw,male,5-9,0.1,published
2019,nsw,male,50-54,3.4,published
2019,nsw,male,55-59,5.1,published
2019,nsw,male,60-64,8.4,published
2019,nsw,male,65-69,11.8,published
2019,nsw,male,70-74,18.2,published
2019,nsw,male,75-79,31.6,published
2019,nsw,male,80-84,58.4,published
2019,nsw,male,85-89,107.7,published
2019,nsw,male,90-94,195.5,published
2019,nsw,male,95-99,314.3,published
2019,nt,female,0-4,1.4,published
2019,nt,female,10-14,0.0,published
2019,nt,female,100+,333.3,published
2019,nt,female,15-19,1.0,published
2019,nt,female,20-24,1.1,published
2019,nt,female,25-29,0.7,published
2019,nt,female,30-34,0.8,published
2019,nt,female,35-39,1.8,published
2019,nt,female,40-44,1.3,published
2019,nt,female,45-49,3.2,published
2019,nt,female,5-9,0.0,published
2019,nt,female,50-54,4.3,published
2019,nt,female,55-59,5.2,published
2019,nt,female,60-64,7.6,published
2019,nt,female,65-69,8.5,published
2019,nt,female,70-74,16.2,published
2019,nt,female,75-79,19.5,published
2019,nt,female,80-84,58.4,published
2019,nt,female,85-89,92.5,published
2019,nt,female,90-94,207.9,published
2019,nt,female,95-99,227.3,published
2019,nt,male,0-4,1.6,published
2019,nt,male,10-14,0.1,published
2019,nt,male,100+,0.0,published
2019,nt,male,15-19,1.1,published
2019,nt,male,20-24,1.4,published
2019,nt,male,25-29,1.2,published
2019,nt,male,30-34,1.7,published
2019,nt,male,35-39,2.1,published
2019,nt,male,40-44,2.8,published
2019,nt,male,45-49,5.0,published
2019,nt,male,5-9,0.6,published
2019,nt,male,50-54,5.8,published
2019,nt,male,55-59,7.4,published
2019,nt,male,60-64,10.8,published
2019,nt,male,65-69,18.4,published
2019,nt,male,70-74,29.0,published
2019,nt,male,75-79,45.6,published
2019,nt,male,80-84,71.4,published
2019,nt,male,85-89,156.3,published
2019,nt,male,90-94,225.2,published
2019,nt,male,95-99,111.1,published
2019,qld,female,0-4,0.9,published
2019,qld,female,10-14,0.1,published
2019,qld,female,100+,450.7,published
2019,qld,female,15-19,0.2,published
2019,qld,female,20-24,0.3,published
2019,qld,female,25-29,0.3,published
2019,qld,female,30-34,0.4,published
2019,qld,female,35-39,0.6,published
2019,qld,female,40-44,0.8,published
2019,qld,female,45-49,1.4,published
2019,qld,female,5-9,0.1,published
2019,qld,female,50-54,2.0,published
2019,qld,female,55-59,3.0,published
2019,qld,female,60-64,4.7,published
2019,qld,female,65-69,7.0,published
2019,qld,female,70-74,12.1,published
2019,qld,female,75-79,21.0,published
2019,qld,female,80-84,40.2,published
2019,qld,female,85-89,81.4,published
2019,qld,female,90-94,157.8,published
2019,qld,female,95-99,272.8,published
2019,qld,male,0-4,1.0,published
2019,qld,male,10-14,0.1,published
2019,qld,male,100+,364.1,published
2019,qld,male,15-19,0.5,published
2019,qld,male,20-24,0.8,published
2019,qld,male,25-29,0.8,published
2019,qld,male,30-34,1.0,published
2019,qld,male,35-39,1.1,published
2019,qld,male,40-44,1.6,published
2019,qld,male,45-49,2.3,published
2019,qld,male,5-9,0.1,published
2019,qld,male,50-54,3.1,published
2019,qld,male,55-59,4.9,published
2019,qld,male,60-64,8.3,published
2019,qld,male,65-69,11.9,published
2019,qld,male,70-74,18.9,published
2019,qld,male,75-79,32.6,published
2019,qld,male,80-84,57.1,published
2019,qld,male,85-89,110.8,published
2019,qld,male,90-94,195.3,published
2019,qld,male,95-99,301.8,published
2019,sa,female,0-4,0.5,published
2019,sa,female,10-14,0.1,published
2019,sa,female,100+,425.1,published
2019,sa,female,15-19,0.2,published
2019,sa,female,20-24,0.2,published
2019,sa,female,25-29,0.2,published
2019,sa,female,30-34,0.4,published
2019,sa,female,35-39,0.7,published
2019,sa,female,40-44,1.1,published
2019,sa,female,45-49,1.7,published
2019,sa,female,5-9,0.0,published
2019,sa,female,50-54,2.2,published
2019,sa,female,55-59,3.1,published
2019,sa,female,60-64,4.8,published
2019,sa,female,65-69,7.0,published
2019,sa,female,70-74,10.3,published
2019,sa,female,75-79,20.2,published
2019,sa,female,80-84,39.9,published
2019,sa,female,85-89,83.0,published
2019,sa,female,90-94,153.4,published
2019,sa,female,95-99,266.8,published
2019,sa,male,0-4,0.7,published
2019,sa,male,10-14,0.1,published
2019,sa,male,100+,302.5,published
2019,sa,male,15-19,0.4,published
2019,sa,male,20-24,0.6,published
2019,sa,male,25-29,0.7,published
2019,sa,male,30-34,1.0,published
2019,sa,male,35-39,1.3,published
2019,sa,male,40-44,1.8,published
2019,sa,male,45-49,2.7,published
2019,sa,male,5-9,0.0,published
2019,sa,male,50-54,3.6,published
2019,sa,male,55-59,5.7,published
2019,sa,male,60-64,7.9,published
2019,sa,male,65-69,11.3,published
2019,sa,male,70-74,17.7,published
2019,sa,male,75-79,29.9,published
2019,sa,male,80-84,56.5,published
2019,sa,male,85-89,107.5,published
2019,sa,male,90-94,186.5,published
2019,sa,male,95-99,318.4,published
2019,tas,female,0-4,0.3,published
2019,tas,female,10-14,0.1,published
2019,tas,female,100+,807.7,published
2019,tas,female,15-19,0.1,published
2019,tas,female,20-24,0.1,published
2019,tas,female,25-29,0.3,published
2019,tas,female,30-34,0.3,published
2019,tas,female,35-39,0.6,published
2019,tas,female,40-44,0.9,published
2019,tas,female,45-49,1.8,published
2019,tas,female,5-9,0.0,published
2019,tas,female,50-54,3.2,published
2019,tas,female,55-59,3.9,published
2019,tas,female,60-64,5.6,published
2019,tas,female,65-69,8.0,published
2019,tas,female,70-74,12.9,published
2019,tas,female,75-79,25.3,published
2019,tas,female,80-84,43.6,published
2019,tas,female,85-89,83.8,published
2019,tas,female,90-94,183.5,published
2019,tas,female,95-99,291.9,published
2019,tas,male,0-4,1.2,published
2019,tas,male,10-14,0.0,published
2019,tas,male,100+,200.0,published
2019,tas,male,15-19,0.6,published
2019,tas,male,20-24,0.9,published
2019,tas,male,25-29,0.8,published
2019,tas,male,30-34,1.0,published
2019,tas,male,35-39,1.1,published
2019,tas,male,40-44,2.0,published
2019,tas,male,45-49,3.0,published
2019,tas,male,5-9,0.1,published
2019,tas,male,50-54,4.7,published
2019,tas,male,55-59,5.2,published
2019,tas,male,60-64,9.2,published
2019,tas,male,65-69,13.1,published
2019,tas,male,70-74,18.5,published
2019,tas,male,75-79,34.8,published
2019,tas,male,80-84,62.3,published
2019,tas,male,85-89,118.0,published
2019,tas,male,90-94,195.4,published
2019,tas,male,95-99,330.8,published
2019,vic,female,0-4,0.5,published
2019,vic,female,10-14,0.1,published
2019,vic,female,100+,413.8,published
2019,vic,female,15-19,0.2,published
2019,vic,female,20-24,0.3,published
2019,vic,female,25-29,0.3,published
2019,vic,female,30-34,0.4,published
2019,vic,female,35-39,0.5,published
2019,vic,female,40-44,0.9,published
2019,vic,female,45-49,1.3,published
2019,vic,female,5-9,0.0,published
2019,vic,female,50-54,2.2,published
2019,vic,female,55-59,3.1,published
2019,vic,female,60-64,4.4,published
2019,vic,female,65-69,7.0,published
2019,vic,female,70-74,11.4,published
2019,vic,female,75-79,20.4,published
2019,vic,female,80-84,41.3,published
2019,vic,female,85-89,83.8,published
2019,vic,female,90-94,157.3,published
2019,vic,female,95-99,277.5,published
2019,vic,male,0-4,0.8,published
2019,vic,male,10-14,0.1,published
2019,vic,male,100+,330.7,published
2019,vic,male,15-19,0.5,published
2019,vic,male,20-24,0.6,published
2019,vic,male,25-29,0.8,published
2019,vic,male,30-34,0.8,published
2019,vic,male,35-39,1.3,published
2019,vic,male,40-44,1.9,published
2019,vic,male,45-49,2.7,published
2019,vic,male,5-9,0.1,published
2019,vic,male,50-54,3.4,published
2019,vic,male,55-59,5.3,published
2019,vic,male,60-64,7.8,published
2019,vic,male,65-69,11.7,published
2019,vic,male,70-74,18.4,published
2019,vic,male,75-79,32.4,published
2019,vic,male,80-84,58.3,published
2019,vic,male,85-89,111.4,published
2019,vic,male,90-94,194.8,published
2019,vic,male,95-99,306.3,published
2019,wa,female,0-4,0.6,published
2019,wa,female,10-14,0.1,published
2019,wa,female,100+,507.2,published
2019,wa,female,15-19,0.2,published
2019,wa,female,20-24,0.3,published
2019,wa,female,25-29,0.4,published
2019,wa,female,30-34,0.4,published
2019,wa,female,35-39,0.5,published
2019,wa,female,40-44,1.2,published
2019,wa,female,45-49,1.3,published
2019,wa,female,5-9,0.0,published
2019,wa,female,50-54,1.5,published
2019,wa,female,55-59,2.7,published
2019,wa,female,60-64,4.1,published
2019,wa,female,65-69,5.7,published
2019,wa,female,70-74,9.8,published
2019,wa,female,75-79,19.6,published
2019,wa,female,80-84,35.3,published
2019,wa,female,85-89,76.0,published
2019,wa,female,90-94,153.9,published
2019,wa,female,95-99,250.8,published
2019,wa,male,0-4,0.5,published
2019,wa,male,10-14,0.1,published
2019,wa,male,100+,392.9,published
2019,wa,male,15-19,0.4,published
2019,wa,male,20-24,0.7,published
2019,wa,male,25-29,0.8,published
2019,wa,male,30-34,0.9,published
2019,wa,male,35-39,1.2,published
2019,wa,male,40-44,1.6,published
2019,wa,male,45-49,2.5,published
2019,wa,male,5-9,0.1,published
2019,wa,male,50-54,3.4,published
2019,wa,male,55-59,4.9,published
2019,wa,male,60-64,7.1,published
2019,wa,male,65-69,10.6,published
2019,wa,male,70-74,16.3,published
2019,wa,male,75-79,27.0,published
2019,wa,male,80-84,55.2,published
2019,wa,male,85-89,99.6,published
2019,wa,male,90-94,190.4,published
2019,wa,male,95-99,292.8,published
2020,act,female,0-4,0.7,published
2020,act,female,10-14,0.3,published
2020,act,female,100+,411.8,published
2020,act,female,15-19,0.3,published
2020,act,female,20-24,0.3,published
2020,act,female,25-29,0.4,published
2020,act,female,30-34,0.4,published
2020,act,female,35-39,0.8,published
2020,act,female,40-44,1.0,published
2020,act,female,45-49,0.9,published
2020,act,female,5-9,0.0,published
2020,act,female,50-54,1.2,published
2020,act,female,55-59,1.8,published
2020,act,female,60-64,3.8,published
2020,act,female,65-69,6.0,published
2020,act,female,70-74,10.8,published
2020,act,female,75-79,18.1,published
2020,act,female,80-84,35.3,published
2020,act,female,85-89,74.5,published
2020,act,female,90-94,165.3,published
2020,act,female,95-99,297.3,published
2020,act,male,0-4,0.7,published
2020,act,male,10-14,0.0,published
2020,act,male,100+,636.4,published
2020,act,male,15-19,0.5,published
2020,act,male,20-24,0.3,published
2020,act,male,25-29,0.6,published
2020,act,male,30-34,0.6,published
2020,act,male,35-39,0.9,published
2020,act,male,40-44,1.1,published
2020,act,male,45-49,2.4,published
2020,act,male,5-9,0.0,published
2020,act,male,50-54,2.7,published
2020,act,male,55-59,2.9,published
2020,act,male,60-64,5.8,published
2020,act,male,65-69,9.1,published
2020,act,male,70-74,15.3,published
2020,act,male,75-79,32.6,published
2020,act,male,80-84,52.9,published
2020,act,male,85-89,93.9,published
2020,act,male,90-94,175.6,published
2020,act,male,95-99,284.9,published
2020,nsw,female,0-4,0.7,published
2020,nsw,female,10-14,0.1,published
2020,nsw,female,100+,405.1,published
2020,nsw,female,15-19,0.2,published
2020,nsw,female,20-24,0.2,published
2020,nsw,female,25-29,0.2,published
2020,nsw,female,30-34,0.3,published
2020,nsw,female,35-39,0.5,published
2020,nsw,female,40-44,0.7,published
2020,nsw,female,45-49,1.2,published
2020,nsw,female,5-9,0.0,published
2020,nsw,female,50-54,2.0,published
2020,nsw,female,55-59,2.7,published
2020,nsw,female,60-64,4.2,published
2020,nsw,female,65-69,6.4,published
2020,nsw,female,70-74,11.0,published
2020,nsw,female,75-79,19.1,published
2020,nsw,female,80-84,37.1,published
2020,nsw,female,85-89,73.9,published
2020,nsw,female,90-94,141.9,published
2020,nsw,female,95-99,241.4,published
2020,nsw,male,0-4,0.7,published
2020,nsw,male,10-14,0.1,published
2020,nsw,male,100+,415.8,published
2020,nsw,male,15-19,0.4,published
2020,nsw,male,20-24,0.6,published
2020,nsw,male,25-29,0.6,published
2020,nsw,male,30-34,0.6,published
2020,nsw,male,35-39,0.9,published
2020,nsw,male,40-44,1.3,published
2020,nsw,male,45-49,2.1,published
2020,nsw,male,5-9,0.1,published
2020,nsw,male,50-54,3.1,published
2020,nsw,male,55-59,5.0,published
2020,nsw,male,60-64,7.4,published
2020,nsw,male,65-69,10.5,published
2020,nsw,male,70-74,17.5,published
2020,nsw,male,75-79,29.3,published
2020,nsw,male,80-84,53.2,published
2020,nsw,male,85-89,98.9,published
2020,nsw,male,90-94,172.7,published
2020,nsw,male,95-99,289.5,published
2020,nt,female,0-4,2.2,published
2020,nt,female,10-14,0.4,published
2020,nt,female,100+,800.0,published
2020,nt,female,15-19,0.8,published
2020,nt,female,20-24,1.2,published
2020,nt,female,25-29,0.6,published
2020,nt,female,30-34,1.3,published
2020,nt,female,35-39,1.2,published
2020,nt,female,40-44,1.5,published
2020,nt,female,45-49,2.7,published
2020,nt,female,5-9,0.1,published
2020,nt,female,50-54,5.0,published
2020,nt,female,55-59,5.9,published
2020,nt,female,60-64,7.6,published
2020,nt,female,65-69,14.3,published
2020,nt,female,70-74,17.6,published
2020,nt,female,75-79,30.8,published
2020,nt,female,80-84,50.5,published
2020,nt,female,85-89,69.9,published
2020,nt,female,90-94,102.6,published
2020,nt,female,95-99,302.3,published
2020,nt,male,0-4,2.9,published
2020,nt,male,10-14,0.3,published
2020,nt,male,100+,502.3,published
2020,nt,male,15-19,0.6,published
2020,nt,male,20-24,1.5,published
2020,nt,male,25-29,1.1,published
2020,nt,male,30-34,1.6,published
2020,nt,male,35-39,2.1,published
2020,nt,male,40-44,2.8,published
2020,nt,male,45-49,3.3,published
2020,nt,male,5-9,0.1,published
2020,nt,male,50-54,4.4,published
2020,nt,male,55-59,4.8,published
2020,nt,male,60-64,9.2,published
2020,nt,male,65-69,19.4,published
2020,nt,male,70-74,30.1,published
2020,nt,male,75-79,40.9,published
2020,nt,male,80-84,64.3,published
2020,nt,male,85-89,112.0,published
2020,nt,male,90-94,214.1,published
2020,nt,male,95-99,167.4,published
2020,qld,female,0-4,0.8,published
2020,qld,female,10-14,0.1,published
2020,qld,female,100+,462.8,published
2020,qld,female,15-19,0.2,published
2020,qld,female,20-24,0.2,published
2020,qld,female,25-29,0.3,published
2020,qld,female,30-34,0.5,published
2020,qld,female,35-39,0.6,published
2020,qld,female,40-44,0.9,published
2020,qld,female,45-49,1.2,published
2020,qld,female,5-9,0.0,published
2020,qld,female,50-54,2.0,published
2020,qld,female,55-59,2.9,published
2020,qld,female,60-64,4.3,published
2020,qld,female,65-69,6.1,published
2020,qld,female,70-74,10.7,published
2020,qld,female,75-79,19.6,published
2020,qld,female,80-84,38.3,published
2020,qld,female,85-89,73.4,published
2020,qld,female,90-94,143.3,published
2020,qld,female,95-99,243.3,published
2020,qld,male,0-4,1.0,published
2020,qld,male,10-14,0.1,published
2020,qld,male,100+,405.8,published
2020,qld,male,15-19,0.5,published
2020,qld,male,20-24,0.8,published
2020,qld,male,25-29,0.8,published
2020,qld,male,30-34,0.9,published
2020,qld,male,35-39,1.3,published
2020,qld,male,40-44,1.6,published
2020,qld,male,45-49,2.2,published
2020,qld,male,5-9,0.1,published
2020,qld,male,50-54,3.2,published
2020,qld,male,55-59,4.9,published
2020,qld,male,60-64,7.3,published
2020,qld,male,65-69,11.3,published
2020,qld,male,70-74,17.5,published
2020,qld,male,75-79,30.3,published
2020,qld,male,80-84,54.8,published
2020,qld,male,85-89,100.7,published
2020,qld,male,90-94,174.5,published
2020,qld,male,95-99,294.9,published
2020,sa,female,0-4,0.6,published
2020,sa,female,10-14,0.1,published
2020,sa,female,100+,327.7,published
2020,sa,female,15-19,0.2,published
2020,sa,female,20-24,0.3,published
2020,sa,female,25-29,0.2,published
2020,sa,female,30-34,0.3,published
2020,sa,female,35-39,0.6,published
2020,sa,female,40-44,0.8,published
2020,sa,female,45-49,1.4,published
2020,sa,female,5-9,0.1,published
2020,sa,female,50-54,2.0,published
2020,sa,female,55-59,3.0,published
2020,sa,female,60-64,4.5,published
2020,sa,female,65-69,6.4,published
2020,sa,female,70-74,10.8,published
2020,sa,female,75-79,19.6,published
2020,sa,female,80-84,37.9,published
2020,sa,female,85-89,76.0,published
2020,sa,female,90-94,141.1,published
2020,sa,female,95-99,257.3,published
2020,sa,male,0-4,0.5,published
2020,sa,male,10-14,0.0,published
2020,sa,male,100+,323.4,published
2020,sa,male,15-19,0.6,published
2020,sa,male,20-24,0.5,published
2020,sa,male,25-29,0.8,published
2020,sa,male,30-34,0.9,published
2020,sa,male,35-39,0.9,published
2020,sa,male,40-44,1.7,published
2020,sa,male,45-49,2.6,published
2020,sa,male,5-9,0.0,published
2020,sa,male,50-54,3.8,published
2020,sa,male,55-59,5.4,published
2020,sa,male,60-64,7.4,published
2020,sa,male,65-69,10.3,published
2020,sa,male,70-74,17.5,published
2020,sa,male,75-79,30.7,published
2020,sa,male,80-84,55.3,published
2020,sa,male,85-89,101.9,published
2020,sa,male,90-94,179.1,published
2020,sa,male,95-99,268.0,published
2020,tas,female,0-4,0.8,published
2020,tas,female,10-14,0.2,published
2020,tas,female,100+,492.8,published
2020,tas,female,15-19,0.3,published
2020,tas,female,20-24,0.3,published
2020,tas,female,25-29,0.2,published
2020,tas,female,30-34,0.3,published
2020,tas,female,35-39,1.0,published
2020,tas,female,40-44,0.9,published
2020,tas,female,45-49,1.2,published
2020,tas,female,5-9,0.0,published
2020,tas,female,50-54,2.4,published
2020,tas,female,55-59,3.0,published
2020,tas,female,60-64,5.1,published
2020,tas,female,65-69,6.3,published
2020,tas,female,70-74,12.2,published
2020,tas,female,75-79,19.7,published
2020,tas,female,80-84,37.3,published
2020,tas,female,85-89,82.4,published
2020,tas,female,90-94,171.2,published
2020,tas,female,95-99,250.8,published
2020,tas,male,0-4,0.7,published
2020,tas,male,10-14,0.2,published
2020,tas,male,100+,333.3,published
2020,tas,male,15-19,0.8,published
2020,tas,male,20-24,0.7,published
2020,tas,male,25-29,0.7,published
2020,tas,male,30-34,1.1,published
2020,tas,male,35-39,1.1,published
2020,tas,male,40-44,1.7,published
2020,tas,male,45-49,2.4,published
2020,tas,male,5-9,0.1,published
2020,tas,male,50-54,4.2,published
2020,tas,male,55-59,5.5,published
2020,tas,male,60-64,8.1,published
2020,tas,male,65-69,12.1,published
2020,tas,male,70-74,20.6,published
2020,tas,male,75-79,32.9,published
2020,tas,male,80-84,57.9,published
2020,tas,male,85-89,104.6,published
2020,tas,male,90-94,201.1,published
2020,tas,male,95-99,275.7,published
2020,vic,female,0-4,0.6,published
2020,vic,female,10-14,0.1,published
2020,vic,female,100+,414.0,published
2020,vic,female,15-19,0.2,published
2020,vic,female,20-24,0.2,published
2020,vic,female,25-29,0.3,published
2020,vic,female,30-34,0.4,published
2020,vic,female,35-39,0.5,published
2020,vic,female,40-44,0.7,published
2020,vic,female,45-49,1.3,published
2020,vic,female,5-9,0.0,published
2020,vic,female,50-54,1.7,published
2020,vic,female,55-59,2.7,published
2020,vic,female,60-64,4.1,published
2020,vic,female,65-69,6.2,published
2020,vic,female,70-74,10.3,published
2020,vic,female,75-79,18.7,published
2020,vic,female,80-84,38.6,published
2020,vic,female,85-89,77.0,published
2020,vic,female,90-94,150.4,published
2020,vic,female,95-99,257.7,published
2020,vic,male,0-4,0.7,published
2020,vic,male,10-14,0.1,published
2020,vic,male,100+,331.0,published
2020,vic,male,15-19,0.3,published
2020,vic,male,20-24,0.5,published
2020,vic,male,25-29,0.6,published
2020,vic,male,30-34,0.8,published
2020,vic,male,35-39,0.9,published
2020,vic,male,40-44,1.3,published
2020,vic,male,45-49,2.0,published
2020,vic,male,5-9,0.1,published
2020,vic,male,50-54,3.1,published
2020,vic,male,55-59,4.5,published
2020,vic,male,60-64,6.9,published
2020,vic,male,65-69,10.2,published
2020,vic,male,70-74,17.1,published
2020,vic,male,75-79,29.0,published
2020,vic,male,80-84,51.2,published
2020,vic,male,85-89,102.5,published
2020,vic,male,90-94,185.7,published
2020,vic,male,95-99,298.8,published
2020,wa,female,0-4,0.5,published
2020,wa,female,10-14,0.1,published
2020,wa,female,100+,416.9,published
2020,wa,female,15-19,0.2,published
2020,wa,female,20-24,0.3,published
2020,wa,female,25-29,0.4,published
2020,wa,female,30-34,0.5,published
2020,wa,female,35-39,0.6,published
2020,wa,female,40-44,0.9,published
2020,wa,female,45-49,1.5,published
2020,wa,female,5-9,0.0,published
2020,wa,female,50-54,1.7,published
2020,wa,female,55-59,2.5,published
2020,wa,female,60-64,4.2,published
2020,wa,female,65-69,5.9,published
2020,wa,female,70-74,9.9,published
2020,wa,female,75-79,18.0,published
2020,wa,female,80-84,32.7,published
2020,wa,female,85-89,71.2,published
2020,wa,female,90-94,141.8,published
2020,wa,female,95-99,268.8,published
2020,wa,male,0-4,0.6,published
2020,wa,male,10-14,0.1,published
2020,wa,male,100+,364.8,published
2020,wa,male,15-19,0.4,published
2020,wa,male,20-24,0.8,published
2020,wa,male,25-29,0.9,published
2020,wa,male,30-34,1.0,published
2020,wa,male,35-39,1.1,published
2020,wa,male,40-44,1.8,published
2020,wa,male,45-49,2.2,published
2020,wa,male,5-9,0.1,published
2020,wa,male,50-54,2.9,published
2020,wa,male,55-59,4.4,published
2020,wa,male,60-64,6.7,published
2020,wa,male,65-69,10.8,published
2020,wa,male,70-74,16.5,published
2020,wa,male,75-79,26.9,published
2020,wa,male,80-84,48.7,published
2020,wa,male,85-89,90.4,published
2020,wa,male,90-94,176.2,published
2020,wa,male,95-99,229.7,published
2021,act,female,0-4,0.6,published
2021,act,female,10-14,0.1,published
2021,act,female,100+,469.4,published
2021,act,female,15-19,0.2,published
2021,act,female,20-24,0.3,published
2021,act,female,25-29,0.3,published
2021,act,female,30-34,0.3,published
2021,act,female,35-39,0.5,published
2021,act,female,40-44,0.7,published
2021,act,female,45-49,1.0,published
2021,act,female,5-9,0.1,published
2021,act,female,50-54,1.5,published
2021,act,female,55-59,2.8,published
2021,act,female,60-64,4.2,published
2021,act,female,65-69,5.8,published
2021,act,female,70-74,8.4,published
2021,act,female,75-79,21.2,published
2021,act,female,80-84,35.8,published
2021,act,female,85-89,67.8,published
2021,act,female,90-94,150.6,published
2021,act,female,95-99,278.5,published
2021,act,male,0-4,0.8,published
2021,act,male,10-14,0.1,published
2021,act,male,100+,1000.0,published
2021,act,male,15-19,0.4,published
2021,act,male,20-24,0.5,published
2021,act,male,25-29,0.6,published
2021,act,male,30-34,0.6,published
2021,act,male,35-39,1.0,published
2021,act,male,40-44,1.5,published
2021,act,male,45-49,2.4,published
2021,act,male,5-9,0.2,published
2021,act,male,50-54,2.5,published
2021,act,male,55-59,3.9,published
2021,act,male,60-64,7.1,published
2021,act,male,65-69,9.3,published
2021,act,male,70-74,14.8,published
2021,act,male,75-79,23.4,published
2021,act,male,80-84,54.8,published
2021,act,male,85-89,97.0,published
2021,act,male,90-94,190.0,published
2021,act,male,95-99,227.0,published
2021,nsw,female,0-4,0.6,published
2021,nsw,female,10-14,0.1,published
2021,nsw,female,100+,451.8,published
2021,nsw,female,15-19,0.2,published
2021,nsw,female,20-24,0.2,published
2021,nsw,female,25-29,0.2,published
2021,nsw,female,30-34,0.3,published
2021,nsw,female,35-39,0.5,published
2021,nsw,female,40-44,0.8,published
2021,nsw,female,45-49,1.3,published
2021,nsw,female,5-9,0.1,published
2021,nsw,female,50-54,1.9,published
2021,nsw,female,55-59,2.9,published
2021,nsw,female,60-64,4.2,published
2021,nsw,female,65-69,6.9,published
2021,nsw,female,70-74,11.4,published
2021,nsw,female,75-79,20.5,published
2021,nsw,female,80-84,38.7,published
2021,nsw,female,85-89,77.1,published
2021,nsw,female,90-94,150.3,published
2021,nsw,female,95-99,276.4,published
2021,nsw,male,0-4,0.9,published
2021,nsw,male,10-14,0.1,published
2021,nsw,male,100+,468.7,published
2021,nsw,male,15-19,0.4,published
2021,nsw,male,20-24,0.5,published
2021,nsw,male,25-29,0.6,published
2021,nsw,male,30-34,0.7,published
2021,nsw,male,35-39,0.8,published
2021,nsw,male,40-44,1.2,published
2021,nsw,male,45-49,2.1,published
2021,nsw,male,5-9,0.1,published
2021,nsw,male,50-54,3.2,published
2021,nsw,male,55-59,4.9,published
2021,nsw,male,60-64,7.1,published
2021,nsw,male,65-69,11.4,published
2021,nsw,male,70-74,17.6,published
2021,nsw,male,75-79,30.8,published
2021,nsw,male,80-84,55.9,published
2021,nsw,male,85-89,103.6,published
2021,nsw,male,90-94,187.7,published
2021,nsw,male,95-99,301.2,published
2021,nt,female,0-4,0.9,published
2021,nt,female,10-14,0.0,published
2021,nt,female,100+,1000.0,published
2021,nt,female,15-19,1.0,published
2021,nt,female,20-24,0.6,published
2021,nt,female,25-29,0.4,published
2021,nt,female,30-34,0.4,published
2021,nt,female,35-39,1.1,published
2021,nt,female,40-44,1.0,published
2021,nt,female,45-49,4.6,published
2021,nt,female,5-9,0.1,published
2021,nt,female,50-54,4.0,published
2021,nt,female,55-59,6.7,published
2021,nt,female,60-64,7.1,published
2021,nt,female,65-69,11.9,published
2021,nt,female,70-74,12.8,published
2021,nt,female,75-79,37.0,published
2021,nt,female,80-84,42.4,published
2021,nt,female,85-89,91.3,published
2021,nt,female,90-94,173.3,published
2021,nt,female,95-99,200.0,published
2021,nt,male,0-4,2.6,published
2021,nt,male,10-14,0.1,published
2021,nt,male,100+,0.0,published
2021,nt,male,15-19,1.9,published
2021,nt,male,20-24,1.4,published
2021,nt,male,25-29,1.6,published
2021,nt,male,30-34,1.9,published
2021,nt,male,35-39,1.8,published
2021,nt,male,40-44,1.5,published
2021,nt,male,45-49,4.2,published
2021,nt,male,5-9,0.2,published
2021,nt,male,50-54,5.3,published
2021,nt,male,55-59,9.4,published
2021,nt,male,60-64,11.3,published
2021,nt,male,65-69,18.1,published
2021,nt,male,70-74,25.0,published
2021,nt,male,75-79,45.4,published
2021,nt,male,80-84,82.4,published
2021,nt,male,85-89,127.5,published
2021,nt,male,90-94,169.2,published
2021,nt,male,95-99,166.7,published
2021,qld,female,0-4,1.0,published
2021,qld,female,10-14,0.1,published
2021,qld,female,100+,429.2,published
2021,qld,female,15-19,0.2,published
2021,qld,female,20-24,0.3,published
2021,qld,female,25-29,0.3,published
2021,qld,female,30-34,0.4,published
2021,qld,female,35-39,0.6,published
2021,qld,female,40-44,1.0,published
2021,qld,female,45-49,1.3,published
2021,qld,female,5-9,0.1,published
2021,qld,female,50-54,2.0,published
2021,qld,female,55-59,3.0,published
2021,qld,female,60-64,4.6,published
2021,qld,female,65-69,6.8,published
2021,qld,female,70-74,11.1,published
2021,qld,female,75-79,19.4,published
2021,qld,female,80-84,40.6,published
2021,qld,female,85-89,78.8,published
2021,qld,female,90-94,155.6,published
2021,qld,female,95-99,270.3,published
2021,qld,male,0-4,0.9,published
2021,qld,male,10-14,0.1,published
2021,qld,male,100+,533.3,published
2021,qld,male,15-19,0.5,published
2021,qld,male,20-24,0.8,published
2021,qld,male,25-29,0.8,published
2021,qld,male,30-34,1.0,published
2021,qld,male,35-39,1.1,published
2021,qld,male,40-44,1.7,published
2021,qld,male,45-49,2.2,published
2021,qld,male,5-9,0.1,published
2021,qld,male,50-54,3.2,published
2021,qld,male,55-59,5.1,published
2021,qld,male,60-64,7.3,published
2021,qld,male,65-69,10.9,published
2021,qld,male,70-74,18.6,published
2021,qld,male,75-79,30.5,published
2021,qld,male,80-84,57.0,published
2021,qld,male,85-89,104.9,published
2021,qld,male,90-94,181.7,published
2021,qld,male,95-99,303.2,published
2021,sa,female,0-4,0.6,published
2021,sa,female,10-14,0.0,published
2021,sa,female,100+,466.3,published
2021,sa,female,15-19,0.3,published
2021,sa,female,20-24,0.2,published
2021,sa,female,25-29,0.3,published
2021,sa,female,30-34,0.4,published
2021,sa,female,35-39,0.8,published
2021,sa,female,40-44,1.0,published
2021,sa,female,45-49,1.4,published
2021,sa,female,5-9,0.1,published
2021,sa,female,50-54,1.9,published
2021,sa,female,55-59,3.2,published
2021,sa,female,60-64,4.1,published
2021,sa,female,65-69,7.1,published
2021,sa,female,70-74,10.3,published
2021,sa,female,75-79,20.1,published
2021,sa,female,80-84,38.0,published
2021,sa,female,85-89,78.3,published
2021,sa,female,90-94,154.1,published
2021,sa,female,95-99,275.4,published
2021,sa,male,0-4,0.8,published
2021,sa,male,10-14,0.1,published
2021,sa,male,100+,350.7,published
2021,sa,male,15-19,0.5,published
2021,sa,male,20-24,0.6,published
2021,sa,male,25-29,0.7,published
2021,sa,male,30-34,0.8,published
2021,sa,male,35-39,1.1,published
2021,sa,male,40-44,1.5,published
2021,sa,male,45-49,2.2,published
2021,sa,male,5-9,0.1,published
2021,sa,male,50-54,3.8,published
2021,sa,male,55-59,5.7,published
2021,sa,male,60-64,7.6,published
2021,sa,male,65-69,12.1,published
2021,sa,male,70-74,17.6,published
2021,sa,male,75-79,27.9,published
2021,sa,male,80-84,55.2,published
2021,sa,male,85-89,103.9,published
2021,sa,male,90-94,199.0,published
2021,sa,male,95-99,283.1,published
2021,tas,female,0-4,1.0,published
2021,tas,female,10-14,0.2,published
2021,tas,female,100+,487.2,published
2021,tas,female,15-19,0.2,published
2021,tas,female,20-24,0.0,published
2021,tas,female,25-29,0.1,published
2021,tas,female,30-34,0.2,published
2021,tas,female,35-39,0.6,published
2021,tas,female,40-44,0.9,published
2021,tas,female,45-49,1.6,published
2021,tas,female,5-9,0.3,published
2021,tas,female,50-54,2.4,published
2021,tas,female,55-59,3.8,published
2021,tas,female,60-64,4.9,published
2021,tas,female,65-69,7.7,published
2021,tas,female,70-74,14.1,published
2021,tas,female,75-79,22.9,published
2021,tas,female,80-84,49.3,published
2021,tas,female,85-89,86.5,published
2021,tas,female,90-94,161.4,published
2021,tas,female,95-99,310.6,published
2021,tas,male,0-4,1.0,published
2021,tas,male,10-14,0.3,published
2021,tas,male,100+,611.1,published
2021,tas,male,15-19,0.4,published
2021,tas,male,20-24,0.7,published
2021,tas,male,25-29,0.7,published
2021,tas,male,30-34,1.0,published
2021,tas,male,35-39,1.1,published
2021,tas,male,40-44,1.8,published
2021,tas,male,45-49,2.4,published
2021,tas,male,5-9,0.1,published
2021,tas,male,50-54,3.7,published
2021,tas,male,55-59,5.0,published
2021,tas,male,60-64,8.3,published
2021,tas,male,65-69,12.3,published
2021,tas,male,70-74,19.1,published
2021,tas,male,75-79,29.8,published
2021,tas,male,80-84,57.3,published
2021,tas,male,85-89,104.1,published
2021,tas,male,90-94,205.6,published
2021,tas,male,95-99,350.6,published
2021,vic,female,0-4,0.7,published
2021,vic,female,10-14,0.1,published
2021,vic,female,100+,430.6,published
2021,vic,female,15-19,0.2,published
2021,vic,female,20-24,0.3,published
2021,vic,female,25-29,0.2,published
2021,vic,female,30-34,0.3,published
2021,vic,female,35-39,0.5,published
2021,vic,female,40-44,0.8,published
2021,vic,female,45-49,1.2,published
2021,vic,female,5-9,0.1,published
2021,vic,female,50-54,1.8,published
2021,vic,female,55-59,2.8,published
2021,vic,female,60-64,4.1,published
2021,vic,female,65-69,6.1,published
2021,vic,female,70-74,11.2,published
2021,vic,female,75-79,18.5,published
2021,vic,female,80-84,38.6,published
2021,vic,female,85-89,77.5,published
2021,vic,female,90-94,152.2,published
2021,vic,female,95-99,259.6,published
2021,vic,male,0-4,0.8,published
2021,vic,male,10-14,0.1,published
2021,vic,male,100+,451.9,published
2021,vic,male,15-19,0.3,published
2021,vic,male,20-24,0.5,published
2021,vic,male,25-29,0.6,published
2021,vic,male,30-34,0.8,published
2021,vic,male,35-39,0.8,published
2021,vic,male,40-44,1.2,published
2021,vic,male,45-49,1.9,published
2021,vic,male,5-9,0.1,published
2021,vic,male,50-54,3.2,published
2021,vic,male,55-59,4.8,published
2021,vic,male,60-64,6.9,published
2021,vic,male,65-69,10.2,published
2021,vic,male,70-74,17.6,published
2021,vic,male,75-79,29.0,published
2021,vic,male,80-84,53.6,published
2021,vic,male,85-89,101.2,published
2021,vic,male,90-94,189.4,published
2021,vic,male,95-99,287.1,published
2021,wa,female,0-4,0.5,published
2021,wa,female,10-14,0.1,published
2021,wa,female,100+,412.0,published
2021,wa,female,15-19,0.1,published
2021,wa,female,20-24,0.4,published
2021,wa,female,25-29,0.4,published
2021,wa,female,30-34,0.4,published
2021,wa,female,35-39,0.6,published
2021,wa,female,40-44,0.8,published
2021,wa,female,45-49,1.3,published
2021,wa,female,5-9,0.0,published
2021,wa,female,50-54,1.6,published
2021,wa,female,55-59,2.8,published
2021,wa,female,60-64,4.1,published
2021,wa,female,65-69,6.4,published
2021,wa,female,70-74,9.7,published
2021,wa,female,75-79,17.8,published
2021,wa,female,80-84,35.5,published
2021,wa,female,85-89,71.6,published
2021,wa,female,90-94,148.0,published
2021,wa,female,95-99,272.3,published
2021,wa,male,0-4,0.6,published
2021,wa,male,10-14,0.2,published
2021,wa,male,100+,562.6,published
2021,wa,male,15-19,0.4,published
2021,wa,male,20-24,0.8,published
2021,wa,male,25-29,0.8,published
2021,wa,male,30-34,0.8,published
2021,wa,male,35-39,1.1,published
2021,wa,male,40-44,1.5,published
2021,wa,male,45-49,2.0,published
2021,wa,male,5-9,0.1,published
2021,wa,male,50-54,3.2,published
2021,wa,male,55-59,4.2,published
2021,wa,male,60-64,6.6,published
2021,wa,male,65-69,10.5,published
2021,wa,male,70-74,14.9,published
2021,wa,male,75-79,27.8,published
2021,wa,male,80-84,52.1,published
2021,wa,male,85-89,96.8,published
2021,wa,male,90-94,175.9,published
2021,wa,male,95-99,284.9,published
2022,act,female,0-4,0.5,published
2022,act,female,10-14,0.1,published
2022,act,female,100+,574.1,published
2022,act,female,15-19,0.1,published
2022,act,female,20-24,0.3,published
2022,act,female,25-29,0.2,published
2022,act,female,30-34,0.6,published
2022,act,female,35-39,0.6,published
2022,act,female,40-44,1.0,published
2022,act,female,45-49,0.6,published
2022,act,female,5-9,0.0,published
2022,act,female,50-54,2.3,published
2022,act,female,55-59,2.7,published
2022,act,female,60-64,4.1,published
2022,act,female,65-69,6.6,published
2022,act,female,70-74,12.3,published
2022,act,female,75-79,20.8,published
2022,act,female,80-84,41.7,published
2022,act,female,85-89,75.6,published
2022,act,female,90-94,181.3,published
2022,act,female,95-99,325.2,published
2022,act,male,0-4,1.0,published
2022,act,male,10-14,0.4,published
2022,act,male,100+,600.0,published
2022,act,male,15-19,0.4,published
2022,act,male,20-24,0.7,published
2022,act,male,25-29,0.6,published
2022,act,male,30-34,0.1,published
2022,act,male,35-39,1.1,published
2022,act,male,40-44,1.1,published
2022,act,male,45-49,1.8,published
2022,act,male,5-9,0.2,published
2022,act,male,50-54,2.2,published
2022,act,male,55-59,4.7,published
2022,act,male,60-64,6.8,published
2022,act,male,65-69,10.9,published
2022,act,male,70-74,18.7,published
2022,act,male,75-79,29.3,published
2022,act,male,80-84,54.4,published
2022,act,male,85-89,109.0,published
2022,act,male,90-94,191.9,published
2022,act,male,95-99,359.8,published
2022,nsw,female,0-4,0.6,published
2022,nsw,female,10-14,0.0,published
2022,nsw,female,100+,473.1,published
2022,nsw,female,15-19,0.2,published
2022,nsw,female,20-24,0.3,published
2022,nsw,female,25-29,0.2,published
2022,nsw,female,30-34,0.3,published
2022,nsw,female,35-39,0.5,published
2022,nsw,female,40-44,0.8,published
2022,nsw,female,45-49,1.2,published
2022,nsw,female,5-9,0.1,published
2022,nsw,female,50-54,2.0,published
2022,nsw,female,55-59,3.1,published
2022,nsw,female,60-64,4.4,published
2022,nsw,female,65-69,7.3,published
2022,nsw,female,70-74,11.7,published
2022,nsw,female,75-79,21.6,published
2022,nsw,female,80-84,42.6,published
2022,nsw,female,85-89,85.6,published
2022,nsw,female,90-94,173.4,published
2022,nsw,female,95-99,299.8,published
2022,nsw,male,0-4,0.7,published
2022,nsw,male,10-14,0.1,published
2022,nsw,male,100+,504.7,published
2022,nsw,male,15-19,0.4,published
2022,nsw,male,20-24,0.5,published
2022,nsw,male,25-29,0.6,published
2022,nsw,male,30-34,0.8,published
2022,nsw,male,35-39,1.0,published
2022,nsw,male,40-44,1.5,published
2022,nsw,male,45-49,2.1,published
2022,nsw,male,5-9,0.1,published
2022,nsw,male,50-54,3.3,published
2022,nsw,male,55-59,5.3,published
2022,nsw,male,60-64,8.1,published
2022,nsw,male,65-69,12.4,published
2022,nsw,male,70-74,19.2,published
2022,nsw,male,75-79,32.6,published
2022,nsw,male,80-84,61.0,published
2022,nsw,male,85-89,114.0,published
2022,nsw,male,90-94,210.6,published
2022,nsw,male,95-99,316.7,published
2022,nt,female,0-4,2.3,published
2022,nt,female,10-14,0.5,published
2022,nt,female,100+,250.4,published
2022,nt,female,15-19,0.9,published
2022,nt,female,20-24,0.8,published
2022,nt,female,25-29,0.7,published
2022,nt,female,30-34,0.7,published
2022,nt,female,35-39,1.9,published
2022,nt,female,40-44,2.1,published
2022,nt,female,45-49,3.4,published
2022,nt,female,5-9,0.0,published
2022,nt,female,50-54,4.5,published
2022,nt,female,55-59,6.6,published
2022,nt,female,60-64,9.3,published
2022,nt,female,65-69,13.7,published
2022,nt,female,70-74,18.9,published
2022,nt,female,75-79,31.3,published
2022,nt,female,80-84,56.8,published
2022,nt,female,85-89,103.9,published
2022,nt,female,90-94,145.8,published
2022,nt,female,95-99,224.9,published
2022,nt,male,0-4,2.1,published
2022,nt,male,10-14,0.4,published
2022,nt,male,100+,250.0,published
2022,nt,male,15-19,1.0,published
2022,nt,male,20-24,2.1,published
2022,nt,male,25-29,1.3,published
2022,nt,male,30-34,1.8,published
2022,nt,male,35-39,1.9,published
2022,nt,male,40-44,3.1,published
2022,nt,male,45-49,4.2,published
2022,nt,male,5-9,0.5,published
2022,nt,male,50-54,6.7,published
2022,nt,male,55-59,6.6,published
2022,nt,male,60-64,13.8,published
2022,nt,male,65-69,17.5,published
2022,nt,male,70-74,25.4,published
2022,nt,male,75-79,38.3,published
2022,nt,male,80-84,79.5,published
2022,nt,male,85-89,137.8,published
2022,nt,male,90-94,197.1,published
2022,nt,male,95-99,166.7,published
2022,qld,female,0-4,1.0,published
2022,qld,female,10-14,0.1,published
2022,qld,female,100+,451.8,published
2022,qld,female,15-19,0.2,published
2022,qld,female,20-24,0.2,published
2022,qld,female,25-29,0.3,published
2022,qld,female,30-34,0.4,published
2022,qld,female,35-39,0.6,published
2022,qld,female,40-44,1.0,published
2022,qld,female,45-49,1.3,published
2022,qld,female,5-9,0.1,published
2022,qld,female,50-54,2.2,published
2022,qld,female,55-59,3.3,published
2022,qld,female,60-64,4.7,published
2022,qld,female,65-69,7.0,published
2022,qld,female,70-74,11.9,published
2022,qld,female,75-79,21.9,published
2022,qld,female,80-84,41.0,published
2022,qld,female,85-89,89.5,published
2022,qld,female,90-94,168.8,published
2022,qld,female,95-99,289.8,published
2022,qld,male,0-4,1.1,published
2022,qld,male,10-14,0.1,published
2022,qld,male,100+,561.9,published
2022,qld,male,15-19,0.4,published
2022,qld,male,20-24,0.7,published
2022,qld,male,25-29,0.8,published
2022,qld,male,30-34,0.9,published
2022,qld,male,35-39,1.2,published
2022,qld,male,40-44,1.6,published
2022,qld,male,45-49,2.4,published
2022,qld,male,5-9,0.1,published
2022,qld,male,50-54,3.4,published
2022,qld,male,55-59,5.0,published
2022,qld,male,60-64,8.2,published
2022,qld,male,65-69,11.8,published
2022,qld,male,70-74,18.8,published
2022,qld,male,75-79,34.1,published
2022,qld,male,80-84,63.0,published
2022,qld,male,85-89,116.4,published
2022,qld,male,90-94,216.5,published
2022,qld,male,95-99,331.6,published
2022,sa,female,0-4,0.8,published
2022,sa,female,10-14,0.0,published
2022,sa,female,100+,416.3,published
2022,sa,female,15-19,0.2,published
2022,sa,female,20-24,0.3,published
2022,sa,female,25-29,0.4,published
2022,sa,female,30-34,0.4,published
2022,sa,female,35-39,0.6,published
2022,sa,female,40-44,0.9,published
2022,sa,female,45-49,1.3,published
2022,sa,female,5-9,0.1,published
2022,sa,female,50-54,2.1,published
2022,sa,female,55-59,3.3,published
2022,sa,female,60-64,5.1,published
2022,sa,female,65-69,7.2,published
2022,sa,female,70-74,10.9,published
2022,sa,female,75-79,21.6,published
2022,sa,female,80-84,40.8,published
2022,sa,female,85-89,84.3,published
2022,sa,female,90-94,164.2,published
2022,sa,female,95-99,282.8,published
2022,sa,male,0-4,0.7,published
2022,sa,male,10-14,0.0,published
2022,sa,male,100+,477.9,published
2022,sa,male,15-19,0.3,published
2022,sa,male,20-24,0.6,published
2022,sa,male,25-29,0.5,published
2022,sa,male,30-34,0.9,published
2022,sa,male,35-39,1.1,published
2022,sa,male,40-44,1.7,published
2022,sa,male,45-49,2.3,published
2022,sa,male,5-9,0.1,published
2022,sa,male,50-54,3.4,published
2022,sa,male,55-59,5.2,published
2022,sa,male,60-64,8.3,published
2022,sa,male,65-69,12.2,published
2022,sa,male,70-74,18.2,published
2022,sa,male,75-79,30.3,published
2022,sa,male,80-84,57.4,published
2022,sa,male,85-89,107.2,published
2022,sa,male,90-94,188.1,published
2022,sa,male,95-99,297.8,published
2022,tas,female,0-4,0.5,published
2022,tas,female,10-14,0.2,published
2022,tas,female,100+,424.2,published
2022,tas,female,15-19,0.2,published
2022,tas,female,20-24,0.3,published
2022,tas,female,25-29,0.2,published
2022,tas,female,30-34,0.3,published
2022,tas,female,35-39,0.8,published
2022,tas,female,40-44,0.8,published
2022,tas,female,45-49,2.0,published
2022,tas,female,5-9,0.0,published
2022,tas,female,50-54,2.8,published
2022,tas,female,55-59,3.2,published
2022,tas,female,60-64,6.0,published
2022,tas,female,65-69,9.4,published
2022,tas,female,70-74,12.8,published
2022,tas,female,75-79,24.7,published
2022,tas,female,80-84,42.8,published
2022,tas,female,85-89,88.0,published
2022,tas,female,90-94,178.1,published
2022,tas,female,95-99,288.7,published
2022,tas,male,0-4,0.8,published
2022,tas,male,10-14,0.2,published
2022,tas,male,100+,516.1,published
2022,tas,male,15-19,0.5,published
2022,tas,male,20-24,0.4,published
2022,tas,male,25-29,0.9,published
2022,tas,male,30-34,1.0,published
2022,tas,male,35-39,0.8,published
2022,tas,male,40-44,1.8,published
2022,tas,male,45-49,3.1,published
2022,tas,male,5-9,0.1,published
2022,tas,male,50-54,3.9,published
2022,tas,male,55-59,5.7,published
2022,tas,male,60-64,9.1,published
2022,tas,male,65-69,13.3,published
2022,tas,male,70-74,21.7,published
2022,tas,male,75-79,34.1,published
2022,tas,male,80-84,56.6,published
2022,tas,male,85-89,121.9,published
2022,tas,male,90-94,198.5,published
2022,tas,male,95-99,341.9,published
2022,vic,female,0-4,0.7,published
2022,vic,female,10-14,0.1,published
2022,vic,female,100+,505.9,published
2022,vic,female,15-19,0.2,published
2022,vic,female,20-24,0.3,published
2022,vic,female,25-29,0.3,published
2022,vic,female,30-34,0.4,published
2022,vic,female,35-39,0.5,published
2022,vic,female,40-44,0.8,published
2022,vic,female,45-49,1.5,published
2022,vic,female,5-9,0.1,published
2022,vic,female,50-54,2.2,published
2022,vic,female,55-59,2.8,published
2022,vic,female,60-64,4.4,published
2022,vic,female,65-69,6.6,published
2022,vic,female,70-74,11.8,published
2022,vic,female,75-79,20.0,published
2022,vic,female,80-84,41.3,published
2022,vic,female,85-89,86.0,published
2022,vic,female,90-94,172.2,published
2022,vic,female,95-99,296.5,published
2022,vic,male,0-4,0.7,published
2022,vic,male,10-14,0.1,published
2022,vic,male,100+,483.1,published
2022,vic,male,15-19,0.3,published
2022,vic,male,20-24,0.6,published
2022,vic,male,25-29,0.6,published
2022,vic,male,30-34,0.8,published
2022,vic,male,35-39,0.9,published
2022,vic,male,40-44,1.5,published
2022,vic,male,45-49,2.2,published
2022,vic,male,5-9,0.1,published
2022,vic,male,50-54,3.3,published
2022,vic,male,55-59,4.9,published
2022,vic,male,60-64,7.3,published
2022,vic,male,65-69,11.5,published
2022,vic,male,70-74,19.2,published
2022,vic,male,75-79,32.1,published
2022,vic,male,80-84,59.6,published
2022,vic,male,85-89,111.3,published
2022,vic,male,90-94,212.0,published
2022,vic,male,95-99,320.8,published
2022,wa,female,0-4,0.6,published
2022,wa,female,10-14,0.1,published
2022,wa,female,100+,430.2,published
2022,wa,female,15-19,0.2,published
2022,wa,female,20-24,0.3,published
2022,wa,female,25-29,0.3,published
2022,wa,female,30-34,0.5,published
2022,wa,female,35-39,0.6,published
2022,wa,female,40-44,0.9,published
2022,wa,female,45-49,1.6,published
2022,wa,female,5-9,0.1,published
2022,wa,female,50-54,1.8,published
2022,wa,female,55-59,3.0,published
2022,wa,female,60-64,3.9,published
2022,wa,female,65-69,6.6,published
2022,wa,female,70-74,10.2,published
2022,wa,female,75-79,18.4,published
2022,wa,female,80-84,37.4,published
2022,wa,female,85-89,75.8,published
2022,wa,female,90-94,151.4,published
2022,wa,female,95-99,279.1,published
2022,wa,male,0-4,0.6,published
2022,wa,male,10-14,0.1,published
2022,wa,male,100+,333.4,published
2022,wa,male,15-19,0.3,published
2022,wa,male,20-24,0.7,published
2022,wa,male,25-29,0.9,published
2022,wa,male,30-34,1.0,published
2022,wa,male,35-39,1.1,published
2022,wa,male,40-44,1.6,published
2022,wa,male,45-49,2.2,published
2022,wa,male,5-9,0.2,published
2022,wa,male,50-54,3.3,published
2022,wa,male,55-59,4.7,published
2022,wa,male,60-64,7.2,published
2022,wa,male,65-69,10.5,published
2022,wa,male,70-74,16.5,published
2022,wa,male,75-79,30.2,published
2022,wa,male,80-84,52.0,published
2022,wa,male,85-89,102.3,published
2022,wa,male,90-94,186.3,published
2022,wa,male,95-99,260.8,published
2023,act,female,0-4,1.0,published
2023,act,female,10-14,0.1,published
2023,act,female,100+,357.1,published
2023,act,female,15-19,0.0,published
2023,act,female,20-24,0.2,published
2023,act,female,25-29,0.1,published
2023,act,female,30-34,0.5,published
2023,act,female,35-39,0.7,published
2023,act,female,40-44,0.9,published
2023,act,female,45-49,1.0,published
2023,act,female,5-9,0.3,published
2023,act,female,50-54,1.7,published
2023,act,female,55-59,3.2,published
2023,act,female,60-64,3.5,published
2023,act,female,65-69,6.1,published
2023,act,female,70-74,7.9,published
2023,act,female,75-79,20.4,published
2023,act,female,80-84,34.8,published
2023,act,female,85-89,71.4,published
2023,act,female,90-94,153.8,published
2023,act,female,95-99,305.8,published
2023,act,male,0-4,1.2,published
2023,act,male,10-14,0.1,published
2023,act,male,100+,454.5,published
2023,act,male,15-19,0.4,published
2023,act,male,20-24,0.3,published
2023,act,male,25-29,0.4,published
2023,act,male,30-34,0.7,published
2023,act,male,35-39,0.6,published
2023,act,male,40-44,0.7,published
2023,act,male,45-49,2.6,published
2023,act,male,5-9,0.1,published
2023,act,male,50-54,2.7,published
2023,act,male,55-59,4.1,published
2023,act,male,60-64,5.3,published
2023,act,male,65-69,10.0,published
2023,act,male,70-74,13.0,published
2023,act,male,75-79,30.5,published
2023,act,male,80-84,59.7,published
2023,act,male,85-89,99.1,published
2023,act,male,90-94,179.2,published
2023,act,male,95-99,358.7,published
2023,nsw,female,0-4,0.6,published
2023,nsw,female,10-14,0.1,published
2023,nsw,female,100+,431.1,published
2023,nsw,female,15-19,0.1,published
2023,nsw,female,20-24,0.2,published
2023,nsw,female,25-29,0.2,published
2023,nsw,female,30-34,0.3,published
2023,nsw,female,35-39,0.5,published
2023,nsw,female,40-44,0.7,published
2023,nsw,female,45-49,1.2,published
2023,nsw,female,5-9,0.0,published
2023,nsw,female,50-54,1.8,published
2023,nsw,female,55-59,2.9,published
2023,nsw,female,60-64,4.5,published
2023,nsw,female,65-69,6.8,published
2023,nsw,female,70-74,10.8,published
2023,nsw,female,75-79,20.3,published
2023,nsw,female,80-84,40.7,published
2023,nsw,female,85-89,77.4,published
2023,nsw,female,90-94,159.7,published
2023,nsw,female,95-99,270.9,published
2023,nsw,male,0-4,0.7,published
2023,nsw,male,10-14,0.1,published
2023,nsw,male,100+,446.1,published
2023,nsw,male,15-19,0.3,published
2023,nsw,male,20-24,0.5,published
2023,nsw,male,25-29,0.5,published
2023,nsw,male,30-34,0.6,published
2023,nsw,male,35-39,0.9,published
2023,nsw,male,40-44,1.4,published
2023,nsw,male,45-49,2.1,published
2023,nsw,male,5-9,0.1,published
2023,nsw,male,50-54,3.3,published
2023,nsw,male,55-59,4.8,published
2023,nsw,male,60-64,7.4,published
2023,nsw,male,65-69,11.7,published
2023,nsw,male,70-74,18.5,published
2023,nsw,male,75-79,30.6,published
2023,nsw,male,80-84,57.7,published
2023,nsw,male,85-89,104.3,published
2023,nsw,male,90-94,186.3,published
2023,nsw,male,95-99,292.4,published
2023,nt,female,0-4,1.9,published
2023,nt,female,10-14,0.0,published
2023,nt,female,100+,142.9,published
2023,nt,female,15-19,0.1,published
2023,nt,female,20-24,0.1,published
2023,nt,female,25-29,1.2,published
2023,nt,female,30-34,0.6,published
2023,nt,female,35-39,1.4,published
2023,nt,female,40-44,1.9,published
2023,nt,female,45-49,2.7,published
2023,nt,female,5-9,0.2,published
2023,nt,female,50-54,4.6,published
2023,nt,female,55-59,5.1,published
2023,nt,female,60-64,6.9,published
2023,nt,female,65-69,16.5,published
2023,nt,female,70-74,22.0,published
2023,nt,female,75-79,22.7,published
2023,nt,female,80-84,57.1,published
2023,nt,female,85-89,80.6,published
2023,nt,female,90-94,170.6,published
2023,nt,female,95-99,230.8,published
2023,nt,male,0-4,1.8,published
2023,nt,male,10-14,0.0,published
2023,nt,male,100+,285.7,published
2023,nt,male,15-19,1.0,published
2023,nt,male,20-24,1.0,published
2023,nt,male,25-29,1.2,published
2023,nt,male,30-34,1.6,published
2023,nt,male,35-39,2.0,published
2023,nt,male,40-44,2.8,published
2023,nt,male,45-49,3.9,published
2023,nt,male,5-9,0.3,published
2023,nt,male,50-54,6.9,published
2023,nt,male,55-59,10.1,published
2023,nt,male,60-64,11.2,published
2023,nt,male,65-69,16.6,published
2023,nt,male,70-74,25.3,published
2023,nt,male,75-79,31.0,published
2023,nt,male,80-84,58.4,published
2023,nt,male,85-89,104.9,published
2023,nt,male,90-94,87.8,published
2023,nt,male,95-99,136.4,published
2023,qld,female,0-4,0.9,published
2023,qld,female,10-14,0.1,published
2023,qld,female,100+,413.3,published
2023,qld,female,15-19,0.2,published
2023,qld,female,20-24,0.2,published
2023,qld,female,25-29,0.3,published
2023,qld,female,30-34,0.4,published
2023,qld,female,35-39,0.6,published
2023,qld,female,40-44,0.9,published
2023,qld,female,45-49,1.4,published
2023,qld,female,5-9,0.1,published
2023,qld,female,50-54,2.0,published
2023,qld,female,55-59,3.0,published
2023,qld,female,60-64,4.6,published
2023,qld,female,65-69,7.2,published
2023,qld,female,70-74,11.0,published
2023,qld,female,75-79,20.1,published
2023,qld,female,80-84,40.2,published
2023,qld,female,85-89,78.0,published
2023,qld,female,90-94,160.4,published
2023,qld,female,95-99,269.4,published
2023,qld,male,0-4,1.1,published
2023,qld,male,10-14,0.1,published
2023,qld,male,100+,454.5,published
2023,qld,male,15-19,0.4,published
2023,qld,male,20-24,0.7,published
2023,qld,male,25-29,0.8,published
2023,qld,male,30-34,0.8,published
2023,qld,male,35-39,1.0,published
2023,qld,male,40-44,1.7,published
2023,qld,male,45-49,2.2,published
2023,qld,male,5-9,0.1,published
2023,qld,male,50-54,3.3,published
2023,qld,male,55-59,5.1,published
2023,qld,male,60-64,7.8,published
2023,qld,male,65-69,11.9,published
2023,qld,male,70-74,18.2,published
2023,qld,male,75-79,30.2,published
2023,qld,male,80-84,56.2,published
2023,qld,male,85-89,108.1,published
2023,qld,male,90-94,192.8,published
2023,qld,male,95-99,299.4,published
2023,sa,female,0-4,0.5,published
2023,sa,female,10-14,0.1,published
2023,sa,female,100+,395.2,published
2023,sa,female,15-19,0.2,published
2023,sa,female,20-24,0.2,published
2023,sa,female,25-29,0.2,published
2023,sa,female,30-34,0.3,published
2023,sa,female,35-39,0.6,published
2023,sa,female,40-44,0.9,published
2023,sa,female,45-49,1.4,published
2023,sa,female,5-9,0.0,published
2023,sa,female,50-54,2.1,published
2023,sa,female,55-59,3.3,published
2023,sa,female,60-64,4.7,published
2023,sa,female,65-69,7.0,published
2023,sa,female,70-74,10.9,published
2023,sa,female,75-79,20.9,published
2023,sa,female,80-84,39.9,published
2023,sa,female,85-89,77.9,published
2023,sa,female,90-94,160.9,published
2023,sa,female,95-99,283.8,published
2023,sa,male,0-4,0.7,published
2023,sa,male,10-14,0.3,published
2023,sa,male,100+,345.2,published
2023,sa,male,15-19,0.3,published
2023,sa,male,20-24,0.5,published
2023,sa,male,25-29,0.6,published
2023,sa,male,30-34,0.6,published
2023,sa,male,35-39,1.1,published
2023,sa,male,40-44,1.6,published
2023,sa,male,45-49,2.5,published
2023,sa,male,5-9,0.2,published
2023,sa,male,50-54,3.8,published
2023,sa,male,55-59,5.5,published
2023,sa,male,60-64,8.2,published
2023,sa,male,65-69,12.1,published
2023,sa,male,70-74,17.8,published
2023,sa,male,75-79,30.6,published
2023,sa,male,80-84,57.7,published
2023,sa,male,85-89,107.4,published
2023,sa,male,90-94,201.1,published
2023,sa,male,95-99,304.5,published
2023,tas,female,0-4,0.6,published
2023,tas,female,10-14,0.1,published
2023,tas,female,100+,602.0,published
2023,tas,female,15-19,0.4,published
2023,tas,female,20-24,0.1,published
2023,tas,female,25-29,0.5,published
2023,tas,female,30-34,0.1,published
2023,tas,female,35-39,0.7,published
2023,tas,female,40-44,0.5,published
2023,tas,female,45-49,1.2,published
2023,tas,female,5-9,0.0,published
2023,tas,female,50-54,3.2,published
2023,tas,female,55-59,2.8,published
2023,tas,female,60-64,5.1,published
2023,tas,female,65-69,7.5,published
2023,tas,female,70-74,12.0,published
2023,tas,female,75-79,26.0,published
2023,tas,female,80-84,45.5,published
2023,tas,female,85-89,95.4,published
2023,tas,female,90-94,163.8,published
2023,tas,female,95-99,301.5,published
2023,tas,male,0-4,0.9,published
2023,tas,male,10-14,0.1,published
2023,tas,male,100+,333.3,published
2023,tas,male,15-19,0.2,published
2023,tas,male,20-24,0.5,published
2023,tas,male,25-29,0.5,published
2023,tas,male,30-34,0.8,published
2023,tas,male,35-39,1.1,published
2023,tas,male,40-44,2.0,published
2023,tas,male,45-49,2.9,published
2023,tas,male,5-9,0.1,published
2023,tas,male,50-54,4.3,published
2023,tas,male,55-59,5.7,published
2023,tas,male,60-64,6.4,published
2023,tas,male,65-69,12.7,published
2023,tas,male,70-74,18.5,published
2023,tas,male,75-79,32.8,published
2023,tas,male,80-84,58.5,published
2023,tas,male,85-89,102.6,published
2023,tas,male,90-94,206.1,published
2023,tas,male,95-99,342.0,published
2023,vic,female,0-4,0.5,published
2023,vic,female,10-14,0.1,published
2023,vic,female,100+,458.7,published
2023,vic,female,15-19,0.1,published
2023,vic,female,20-24,0.2,published
2023,vic,female,25-29,0.3,published
2023,vic,female,30-34,0.4,published
2023,vic,female,35-39,0.5,published
2023,vic,female,40-44,0.9,published
2023,vic,female,45-49,1.2,published
2023,vic,female,5-9,0.1,published
2023,vic,female,50-54,1.9,published
2023,vic,female,55-59,2.8,published
2023,vic,female,60-64,4.3,published
2023,vic,female,65-69,6.5,published
2023,vic,female,70-74,11.1,published
2023,vic,female,75-79,18.8,published
2023,vic,female,80-84,39.0,published
2023,vic,female,85-89,78.7,published
2023,vic,female,90-94,154.0,published
2023,vic,female,95-99,270.4,published
2023,vic,male,0-4,0.6,published
2023,vic,male,10-14,0.1,published
2023,vic,male,100+,386.7,published
2023,vic,male,15-19,0.5,published
2023,vic,male,20-24,0.5,published
2023,vic,male,25-29,0.6,published
2023,vic,male,30-34,0.7,published
2023,vic,male,35-39,0.8,published
2023,vic,male,40-44,1.4,published
2023,vic,male,45-49,2.1,published
2023,vic,male,5-9,0.1,published
2023,vic,male,50-54,3.1,published
2023,vic,male,55-59,4.7,published
2023,vic,male,60-64,7.1,published
2023,vic,male,65-69,11.1,published
2023,vic,male,70-74,17.1,published
2023,vic,male,75-79,29.8,published
2023,vic,male,80-84,54.8,published
2023,vic,male,85-89,102.7,published
2023,vic,male,90-94,190.1,published
2023,vic,male,95-99,298.5,published
2023,wa,female,0-4,0.6,published
2023,wa,female,10-14,0.1,published
2023,wa,female,100+,409.6,published
2023,wa,female,15-19,0.1,published
2023,wa,female,20-24,0.4,published
2023,wa,female,25-29,0.3,published
2023,wa,female,30-34,0.5,published
2023,wa,female,35-39,0.6,published
2023,wa,female,40-44,1.0,published
2023,wa,female,45-49,1.4,published
2023,wa,female,5-9,0.1,published
2023,wa,female,50-54,2.0,published
2023,wa,female,55-59,2.7,published
2023,wa,female,60-64,3.8,published
2023,wa,female,65-69,6.0,published
2023,wa,female,70-74,10.5,published
2023,wa,female,75-79,17.7,published
2023,wa,female,80-84,36.4,published
2023,wa,female,85-89,74.7,published
2023,wa,female,90-94,149.2,published
2023,wa,female,95-99,272.6,published
2023,wa,male,0-4,0.7,published
2023,wa,male,10-14,0.1,published
2023,wa,male,100+,284.0,published
2023,wa,male,15-19,0.4,published
2023,wa,male,20-24,0.6,published
2023,wa,male,25-29,0.7,published
2023,wa,male,30-34,0.9,published
2023,wa,male,35-39,1.3,published
2023,wa,male,40-44,1.6,published
2023,wa,male,45-49,2.2,published
2023,wa,male,5-9,0.1,published
2023,wa,male,50-54,3.2,published
2023,wa,male,55-59,4.5,published
2023,wa,male,60-64,6.2,published
2023,wa,male,65-69,10.9,published
2023,wa,male,70-74,17.1,published
2023,wa,male,75-79,26.8,published
2023,wa,male,80-84,52.1,published
2023,wa,male,85-89,97.7,published
2023,wa,male,90-94,187.4,published
2023,wa,male,95-99,293.1,published
2024,act,female,0-4,0.4,published
2024,act,female,10-14,0.3,published
2024,act,female,100+,378.8,published
2024,act,female,15-19,0.0,published
2024,act,female,20-24,0.1,published
2024,act,female,25-29,0.2,published
2024,act,female,30-34,0.3,published
2024,act,female,35-39,0.5,published
2024,act,female,40-44,0.6,published
2024,act,female,45-49,0.7,published
2024,act,female,5-9,0.0,published
2024,act,female,50-54,1.5,published
2024,act,female,55-59,2.6,published
2024,act,female,60-64,4.0,published
2024,act,female,65-69,5.9,published
2024,act,female,70-74,9.5,published
2024,act,female,75-79,18.2,published
2024,act,female,80-84,36.0,published
2024,act,female,85-89,82.3,published
2024,act,female,90-94,133.6,published
2024,act,female,95-99,341.8,published
2024,act,male,0-4,1.0,published
2024,act,male,10-14,0.1,published
2024,act,male,100+,156.3,published
2024,act,male,15-19,0.4,published
2024,act,male,20-24,0.3,published
2024,act,male,25-29,0.4,published
2024,act,male,30-34,0.8,published
2024,act,male,35-39,0.6,published
2024,act,male,40-44,1.5,published
2024,act,male,45-49,1.7,published
2024,act,male,5-9,0.1,published
2024,act,male,50-54,2.7,published
2024,act,male,55-59,3.0,published
2024,act,male,60-64,7.3,published
2024,act,male,65-69,8.1,published
2024,act,male,70-74,15.5,published
2024,act,male,75-79,25.1,published
2024,act,male,80-84,49.3,published
2024,act,male,85-89,105.2,published
2024,act,male,90-94,173.8,published
2024,act,male,95-99,261.3,published
2024,nsw,female,0-4,0.5,published
2024,nsw,female,10-14,0.1,published
2024,nsw,female,100+,458.5,published
2024,nsw,female,15-19,0.2,published
2024,nsw,female,20-24,0.2,published
2024,nsw,female,25-29,0.2,published
2024,nsw,female,30-34,0.3,published
2024,nsw,female,35-39,0.4,published
2024,nsw,female,40-44,0.8,published
2024,nsw,female,45-49,1.2,published
2024,nsw,female,5-9,0.0,published
2024,nsw,female,50-54,1.8,published
2024,nsw,female,55-59,2.9,published
2024,nsw,female,60-64,4.2,published
2024,nsw,female,65-69,6.6,published
2024,nsw,female,70-74,11.0,published
2024,nsw,female,75-79,19.5,published
2024,nsw,female,80-84,38.0,published
2024,nsw,female,85-89,76.4,published
2024,nsw,female,90-94,154.2,published
2024,nsw,female,95-99,276.5,published
2024,nsw,male,0-4,0.6,published
2024,nsw,male,10-14,0.1,published
2024,nsw,male,100+,411.3,published
2024,nsw,male,15-19,0.4,published
2024,nsw,male,20-24,0.4,published
2024,nsw,male,25-29,0.6,published
2024,nsw,male,30-34,0.7,published
2024,nsw,male,35-39,0.9,published
2024,nsw,male,40-44,1.4,published
2024,nsw,male,45-49,2.1,published
2024,nsw,male,5-9,0.1,published
2024,nsw,male,50-54,3.1,published
2024,nsw,male,55-59,5.0,published
2024,nsw,male,60-64,7.8,published
2024,nsw,male,65-69,11.1,published
2024,nsw,male,70-74,18.0,published
2024,nsw,male,75-79,29.1,published
2024,nsw,male,80-84,53.2,published
2024,nsw,male,85-89,101.3,published
2024,nsw,male,90-94,186.3,published
2024,nsw,male,95-99,295.5,published
2024,nt,female,0-4,1.4,published
2024,nt,female,10-14,0.0,published
2024,nt,female,100+,100.0,published
2024,nt,female,15-19,0.4,published
2024,nt,female,20-24,0.9,published
2024,nt,female,25-29,1.1,published
2024,nt,female,30-34,0.9,published
2024,nt,female,35-39,1.4,published
2024,nt,female,40-44,1.9,published
2024,nt,female,45-49,2.2,published
2024,nt,female,5-9,0.0,published
2024,nt,female,50-54,4.9,published
2024,nt,female,55-59,5.6,published
2024,nt,female,60-64,8.1,published
2024,nt,female,65-69,10.2,published
2024,nt,female,70-74,11.3,published
2024,nt,female,75-79,26.8,published
2024,nt,female,80-84,40.1,published
2024,nt,female,85-89,76.4,published
2024,nt,female,90-94,162.3,published
2024,nt,female,95-99,102.9,published
2024,nt,male,0-4,1.7,published
2024,nt,male,10-14,0.2,published
2024,nt,male,100+,444.4,published
2024,nt,male,15-19,1.3,published
2024,nt,male,20-24,2.1,published
2024,nt,male,25-29,1.1,published
2024,nt,male,30-34,0.9,published
2024,nt,male,35-39,1.6,published
2024,nt,male,40-44,1.9,published
2024,nt,male,45-49,4.7,published
2024,nt,male,5-9,0.1,published
2024,nt,male,50-54,6.3,published
2024,nt,male,55-59,8.1,published
2024,nt,male,60-64,10.3,published
2024,nt,male,65-69,17.8,published
2024,nt,male,70-74,30.8,published
2024,nt,male,75-79,40.6,published
2024,nt,male,80-84,55.9,published
2024,nt,male,85-89,91.1,published
2024,nt,male,90-94,116.1,published
2024,nt,male,95-99,244.4,published
2024,qld,female,0-4,1.0,published
2024,qld,female,10-14,0.1,published
2024,qld,female,100+,452.3,published
2024,qld,female,15-19,0.2,published
2024,qld,female,20-24,0.2,published
2024,qld,female,25-29,0.3,published
2024,qld,female,30-34,0.4,published
2024,qld,female,35-39,0.5,published
2024,qld,female,40-44,0.8,published
2024,qld,female,45-49,1.3,published
2024,qld,female,5-9,0.1,published
2024,qld,female,50-54,2.1,published
2024,qld,female,55-59,2.8,published
2024,qld,female,60-64,4.6,published
2024,qld,female,65-69,7.4,published
2024,qld,female,70-74,11.6,published
2024,qld,female,75-79,21.3,published
2024,qld,female,80-84,40.7,published
2024,qld,female,85-89,82.3,published
2024,qld,female,90-94,162.2,published
2024,qld,female,95-99,284.5,published
2024,qld,male,0-4,1.2,published
2024,qld,male,10-14,0.1,published
2024,qld,male,100+,470.8,published
2024,qld,male,15-19,0.4,published
2024,qld,male,20-24,0.6,published
2024,qld,male,25-29,0.9,published
2024,qld,male,30-34,0.8,published
2024,qld,male,35-39,1.1,published
2024,qld,male,40-44,1.6,published
2024,qld,male,45-49,2.4,published
2024,qld,male,5-9,0.1,published
2024,qld,male,50-54,3.5,published
2024,qld,male,55-59,5.3,published
2024,qld,male,60-64,7.7,published
2024,qld,male,65-69,12.0,published
2024,qld,male,70-74,18.4,published
2024,qld,male,75-79,30.9,published
2024,qld,male,80-84,57.7,published
2024,qld,male,85-89,106.4,published
2024,qld,male,90-94,203.5,published
2024,qld,male,95-99,304.5,published
2024,sa,female,0-4,0.5,published
2024,sa,female,10-14,0.1,published
2024,sa,female,100+,448.1,published
2024,sa,female,15-19,0.2,published
2024,sa,female,20-24,0.3,published
2024,sa,female,25-29,0.4,published
2024,sa,female,30-34,0.4,published
2024,sa,female,35-39,0.4,published
2024,sa,female,40-44,1.3,published
2024,sa,female,45-49,1.4,published
2024,sa,female,5-9,0.0,published
2024,sa,female,50-54,2.2,published
2024,sa,female,55-59,3.5,published
2024,sa,female,60-64,5.0,published
2024,sa,female,65-69,7.8,published
2024,sa,female,70-74,10.6,published
2024,sa,female,75-79,19.9,published
2024,sa,female,80-84,38.8,published
2024,sa,female,85-89,78.7,published
2024,sa,female,90-94,160.3,published
2024,sa,female,95-99,272.0,published
2024,sa,male,0-4,0.8,published
2024,sa,male,10-14,0.0,published
2024,sa,male,100+,358.8,published
2024,sa,male,15-19,0.3,published
2024,sa,male,20-24,0.4,published
2024,sa,male,25-29,0.6,published
2024,sa,male,30-34,0.7,published
2024,sa,male,35-39,1.1,published
2024,sa,male,40-44,1.4,published
2024,sa,male,45-49,2.7,published
2024,sa,male,5-9,0.1,published
2024,sa,male,50-54,3.6,published
2024,sa,male,55-59,5.4,published
2024,sa,male,60-64,8.2,published
2024,sa,male,65-69,11.9,published
2024,sa,male,70-74,18.4,published
2024,sa,male,75-79,29.8,published
2024,sa,male,80-84,53.9,published
2024,sa,male,85-89,107.0,published
2024,sa,male,90-94,186.7,published
2024,sa,male,95-99,314.5,published
2024,tas,female,0-4,1.4,published
2024,tas,female,10-14,0.1,published
2024,tas,female,100+,513.5,published
2024,tas,female,15-19,0.2,published
2024,tas,female,20-24,0.2,published
2024,tas,female,25-29,0.4,published
2024,tas,female,30-34,0.5,published
2024,tas,female,35-39,0.6,published
2024,tas,female,40-44,1.0,published
2024,tas,female,45-49,1.9,published
2024,tas,female,5-9,0.0,published
2024,tas,female,50-54,2.9,published
2024,tas,female,55-59,3.4,published
2024,tas,female,60-64,6.2,published
2024,tas,female,65-69,9.4,published
2024,tas,female,70-74,14.6,published
2024,tas,female,75-79,25.1,published
2024,tas,female,80-84,44.2,published
2024,tas,female,85-89,92.1,published
2024,tas,female,90-94,176.3,published
2024,tas,female,95-99,287.1,published
2024,tas,male,0-4,0.8,published
2024,tas,male,10-14,0.1,published
2024,tas,male,100+,464.3,published
2024,tas,male,15-19,0.2,published
2024,tas,male,20-24,0.7,published
2024,tas,male,25-29,0.7,published
2024,tas,male,30-34,0.9,published
2024,tas,male,35-39,1.0,published
2024,tas,male,40-44,2.0,published
2024,tas,male,45-49,2.6,published
2024,tas,male,5-9,0.1,published
2024,tas,male,50-54,3.8,published
2024,tas,male,55-59,5.5,published
2024,tas,male,60-64,7.9,published
2024,tas,male,65-69,12.2,published
2024,tas,male,70-74,19.1,published
2024,tas,male,75-79,33.0,published
2024,tas,male,80-84,56.7,published
2024,tas,male,85-89,114.4,published
2024,tas,male,90-94,213.5,published
2024,tas,male,95-99,322.9,published
2024,vic,female,0-4,0.6,published
2024,vic,female,10-14,0.1,published
2024,vic,female,100+,460.5,published
2024,vic,female,15-19,0.1,published
2024,vic,female,20-24,0.3,published
2024,vic,female,25-29,0.2,published
2024,vic,female,30-34,0.4,published
2024,vic,female,35-39,0.4,published
2024,vic,female,40-44,0.6,published
2024,vic,female,45-49,1.2,published
2024,vic,female,5-9,0.1,published
2024,vic,female,50-54,1.9,published
2024,vic,female,55-59,2.9,published
2024,vic,female,60-64,4.2,published
2024,vic,female,65-69,6.4,published
2024,vic,female,70-74,10.3,published
2024,vic,female,75-79,18.6,published
2024,vic,female,80-84,36.6,published
2024,vic,female,85-89,76.9,published
2024,vic,female,90-94,154.6,published
2024,vic,female,95-99,271.0,published
2024,vic,male,0-4,0.8,published
2024,vic,male,10-14,0.1,published
2024,vic,male,100+,451.2,published
2024,vic,male,15-19,0.3,published
2024,vic,male,20-24,0.5,published
2024,vic,male,25-29,0.6,published
2024,vic,male,30-34,0.7,published
2024,vic,male,35-39,1.0,published
2024,vic,male,40-44,1.5,published
2024,vic,male,45-49,2.1,published
2024,vic,male,5-9,0.1,published
2024,vic,male,50-54,3.0,published
2024,vic,male,55-59,4.9,published
2024,vic,male,60-64,6.9,published
2024,vic,male,65-69,10.7,published
2024,vic,male,70-74,17.7,published
2024,vic,male,75-79,28.2,published
2024,vic,male,80-84,53.7,published
2024,vic,male,85-89,100.3,published
2024,vic,male,90-94,185.1,published
2024,vic,male,95-99,291.6,published
2024,wa,female,0-4,0.5,published
2024,wa,female,10-14,0.1,published
2024,wa,female,100+,416.3,published
2024,wa,female,15-19,0.2,published
2024,wa,female,20-24,0.2,published
2024,wa,female,25-29,0.3,published
2024,wa,female,30-34,0.4,published
2024,wa,female,35-39,0.6,published
2024,wa,female,40-44,0.9,published
2024,wa,female,45-49,1.2,published
2024,wa,female,5-9,0.1,published
2024,wa,female,50-54,2.2,published
2024,wa,female,55-59,2.7,published
2024,wa,female,60-64,3.8,published
2024,wa,female,65-69,6.0,published
2024,wa,female,70-74,9.6,published
2024,wa,female,75-79,17.2,published
2024,wa,female,80-84,35.8,published
2024,wa,female,85-89,73.1,published
2024,wa,female,90-94,146.3,published
2024,wa,female,95-99,272.4,published
2024,wa,male,0-4,0.8,published
2024,wa,male,10-14,0.1,published
2024,wa,male,100+,263.5,published
2024,wa,male,15-19,0.4,published
2024,wa,male,20-24,0.7,published
2024,wa,male,25-29,0.9,published
2024,wa,male,30-34,0.8,published
2024,wa,male,35-39,1.2,published
2024,wa,male,40-44,1.5,published
2024,wa,male,45-49,1.8,published
2024,wa,male,5-9,0.1,published
2024,wa,male,50-54,3.2,published
2024,wa,male,55-59,4.5,published
2024,wa,male,60-64,7.3,published
2024,wa,male,65-69,10.2,published
2024,wa,male,70-74,17.8,published
2024,wa,male,75-79,26.7,published
2024,wa,male,80-84,53.8,published
2024,wa,male,85-89,100.6,published
2024,wa,male,90-94,184.4,published
2024,wa,male,95-99,261.1,published
