k,beta,gamma,peak_I,peak_tick
0,0.6248877930116772,0.07685910658702123,2425,49
1,0.8549566462233749,0.10987929277763764,2369,39
2,0.808768358492677,0.12058651623872062,2014,39
3,0.7597517006149839,0.11602584746727666,2248,38
4,0.6590027982036538,0.10132571512977584,2055,48
5,0.8693798582488194,0.0911501171029408,2820,39
6,0.45516235459796955,0.09034480974297154,1502,49
7,1.1009914043423408,0.07677839016183292,3193,31
8,0.5758842855518295,0.07152053877672834,2112,49
9,0.5227366558269363,0.09605631065230216,1488,49
10,0.7852056903769885,0.12370455551639614,2201,40
11,0.7113163707198422,0.06549597426958115,2893,48
12,1.043287741673984,0.11112386646682934,2518,36
13,0.9390746102732658,0.07858505941235949,3031,35
14,0.9595975825095684,0.10506577487631424,2578,38
15,0.78175037285662,0.10903571434412257,2156,43
16,0.8300655356553507,0.08936215774668133,2590,41
17,0.8031874316964414,0.059964490703162836,2974,41
18,0.8382961103669568,0.10832405708010828,2394,43
19,0.8880554335439429,0.11034894227507554,2208,39
20,0.8446193719096411,0.07594681336029718,2767,38
21,0.9733552279300937,0.07394980070656512,3152,36
22,1.036965999779931,0.12386552882638392,2226,33
23,1.1092965432088326,0.04907935296390571,3530,34
24,0.5476818974953036,0.09358677869069795,1700,49
25,0.6859462083033582,0.10595409954350407,2077,49
26,0.5502232633044394,0.13931350554953287,1348,49
27,0.9231811470102992,0.07743842199523152,3023,36
28,0.553814993066235,0.12892790947271865,1459,49
29,0.7625174146638172,0.0835653523679577,2629,44
30,0.9632994707447424,0.09938295104559433,2761,35
31,0.9523214860551179,0.1325738404749529,2313,36
32,1.1367407713185576,0.09457739440992394,2973,31
33,1.161082626940141,0.07656554381220709,3265,30
34,0.9146241124413133,0.11163868410744589,2404,40
35,1.0939320978203317,0.0698862427259941,3200,30
36,0.6629859325322601,0.16361582231176508,1415,48
37,0.7569683216238137,0.08537202313365096,2529,45
38,0.6705399782759749,0.0913884248190739,2218,46
39,0.7294674931880069,0.08109946869700975,2726,46
40,0.9850078237435094,0.12003959362630678,2625,32
41,0.607471674464033,0.11768766518169586,1492,49
42,1.011912780786478,0.13276883764846548,2405,30
43,0.87705452879162,0.08410340593699422,2737,41
44,0.6775838108254502,0.10150796188826744,2213,45
45,0.8194670812922091,0.08695298620233056,2642,42
46,0.8158686259094656,0.09350638403448815,2548,40
47,0.8997718181786202,0.07357367839464973,2952,39
48,0.7042504361876306,0.06315211040621273,2846,43
49,0.7012824819127883,0.1614070677986783,1252,39
50,1.0332233910669015,0.10141360661336653,2624,34
51,1.271730995022915,0.07942017330566838,3221,28
52,0.7728266472816503,0.13853031811514344,1886,41
53,0.8777875891188855,0.11717662607852442,2225,42
54,0.8675569548257698,0.14287936534818083,2063,37
55,0.6761562993856339,0.10805471827628142,2160,46
56,1.1554522157291829,0.07713654209455235,3289,31
57,0.591487823373541,0.08797488653668178,2012,49
58,1.0789594468156443,0.09598771081748814,2915,30
59,0.6500508447506739,0.09956789948911043,2310,49
60,0.5620279517499827,0.08759362638459228,1973,49
61,0.6007162796939862,0.08680569826833778,2175,49
62,0.4487935975811547,0.14264625730535024,847,49
63,0.6330870076293614,0.07798253135491642,2396,49
64,0.5874343597131626,0.07397551717006415,2442,49
65,0.6642025326423535,0.13321569870063635,1725,49
66,0.7612791717815993,0.09795984462105788,2429,43
67,0.8481051161652845,0.12234578692440884,2267,40
68,0.5449843011013974,0.09786444468518324,1874,49
69,0.9255418546223427,0.09024735662828705,2469,41
70,0.6850108421042842,0.0965303827898237,2337,48
71,1.1676592346358379,0.07097557765132194,3162,33
72,0.4655999366342151,0.0852088014445247,1503,49
73,0.8910763675421344,0.14057128932952892,2281,37
74,0.8475394498001374,0.07779113219935219,2842,41
75,0.7518499399873769,0.0715833476199006,2721,46
76,1.0893976295807277,0.1278998498608907,2599,30
77,0.7022002395879536,0.09918460720812768,2088,49
78,1.2897352302622367,0.08489332238727398,3247,28
79,0.91608907630458,0.1175103377957987,2366,35
80,0.5450591355970937,0.13219391322074106,1347,49
81,1.0775745171775573,0.08612616653427872,3004,34
82,0.43300007537285473,0.12582450825146607,1128,49
83,0.9392207448862728,0.15316835761423053,1831,36
84,0.8285180340985371,0.078491242761548,2804,41
85,0.6702242416651376,0.1703139098252933,1393,45
86,0.647046361415619,0.08011981169045775,2389,49
87,0.6572892481927992,0.09573056972155704,2055,47
88,0.692062711111389,0.13056831266932303,1983,42
89,0.7400726278750662,0.10406290151670046,2446,46
90,0.7814593497977862,0.09602987097064525,2370,42
91,0.7919139730551982,0.16673469027665855,1738,40
92,0.6170862658377684,0.10233119886575212,1965,49
93,0.7322946641957919,0.09210445651222954,2324,49
94,0.6613722804670032,0.12054147076919969,1875,47
95,0.4243514761149372,0.09124760803454106,1289,49
96,0.989084707915648,0.10651269692532253,2746,36
97,0.616879889396419,0.11308062292727246,1690,49
98,1.3217300063293975,0.09270145562676896,3208,27
99,0.7101415084575227,0.10204548484978948,2117,46
100,1.180781843969284,0.09670551888188646,2936,27
101,0.9373762468101472,0.07264722144830903,3164,37
102,0.8471499697842206,0.1441331579568429,2059,41
103,0.5604009221186628,0.09290409581266931,2059,49
104,0.6968061479835317,0.12058499011252913,1867,49
105,0.949209722263144,0.1236350478665979,2425,35
106,0.9121504027195141,0.13505801671478943,2139,34
107,1.0335007877062217,0.10809695053824774,2707,33
108,0.6050294823306321,0.11191281189934917,1826,49
109,0.7003649920959015,0.04985237926587741,2984,49
110,0.6508100151509677,0.0792153750389675,2429,49
111,0.7125394295116891,0.06952508472302106,2705,49
112,0.6150051273739405,0.06248516523647677,2513,49
113,0.8278314274702281,0.16608409362514623,1670,40
114,1.0865792597133663,0.07525820156039624,3214,33
115,0.8182640857579602,0.09560142051266768,2426,40
116,1.0675866710744655,0.08708655051789227,2935,33
117,0.7769742791344286,0.09103790211154836,2309,46
118,0.5827251590123083,0.1106485619516152,1667,49
119,1.108871165183581,0.07576015110146804,3033,33
120,0.7677168583925715,0.08960708895574068,2539,48
121,0.665000957379732,0.0785651510280384,2512,47
122,0.952297579015988,0.08228170902837262,2952,35
123,0.5748805120582174,0.09985045381348723,1928,49
124,0.5984975133254972,0.11420899194787432,1618,49
125,0.9450691692742269,0.10101123770745324,2621,36
126,0.6392444899857583,0.0958796404653223,2121,49
127,0.8167441898864632,0.09973364069273322,2404,40
128,1.3080007597018177,0.11300202870608447,3053,28
129,0.6423951097408646,0.10026037186358176,2182,46
130,0.6297337700832921,0.1127931885354248,1817,49
131,0.8273392182960404,0.10663586002947786,2312,38
132,0.9238216699245856,0.122279038903163,2077,43
133,0.8017959872431393,0.09394525281584794,2455,40
134,0.6663217302891666,0.114394594153172,1962,47
135,0.7492133867674781,0.08778686603299425,2427,46
136,1.415925227879157,0.0842463217692975,3276,26
137,0.8029964496895452,0.1294428446106897,2083,48
138,0.8598932867669492,0.176065264872923,1745,37
139,0.9371777777077881,0.07601403460291907,2697,42
140,0.9166235621859099,0.12051737238489126,2356,37
141,0.8370596103439262,0.061749090505424514,3034,42
142,0.5616627414521673,0.10230339325404941,1549,49
143,0.9139748844003316,0.14587644772970518,1797,41
144,1.377708168594721,0.06132967249195545,3605,28
145,0.9290875590384002,0.10956077927552034,2542,39
146,0.705581353666925,0.13307099778062748,1935,47
147,0.9756513871299207,0.12870052614352573,2445,36
148,0.6198121611589728,0.07901179413193218,2395,48
149,0.7813624684222744,0.11688270256750051,2214,44
150,0.9318255398906719,0.07416385458961064,3056,36
151,0.8631981269547084,0.0815308549166651,2922,38
152,0.5922534658527576,0.11281591457566109,1833,49
153,0.5617529422760441,0.10132352868827509,1645,49
154,1.1466959353843649,0.08585096328070957,2876,33
155,0.6143855822201276,0.07337205541437522,2408,49
156,0.7904717992116136,0.11005293796950555,2307,42
157,0.920822135437638,0.12305362766893559,2296,37
158,0.9859886932389416,0.07590243068034896,3093,32
159,0.8640044776638697,0.0558972414338002,3272,44
160,0.966774711382712,0.10841466604563921,2513,35
161,0.7670612218354806,0.08611494127753666,2530,42
162,0.9512532311558537,0.10048836995329061,2686,36
163,0.4723201313904629,0.13004638649206005,1055,49
164,0.6372666727233502,0.10117555040319526,2114,48
165,0.7653045154331877,0.11304052296713392,1730,42
166,1.0932899335931596,0.08835715634744244,2870,35
167,1.3305105328937965,0.09556208108714248,2843,31
168,1.3327439721116323,0.07808543311572377,3466,26
169,0.7398318714272787,0.11394603226652544,2254,41
170,0.6094921685034915,0.13635648259416294,1484,49
171,1.006340479309426,0.08936295222637895,2829,33
172,0.6350631281693598,0.11905164461554073,1846,49
173,0.7298422112811711,0.11325063230240462,2026,45
174,0.7854273218601053,0.125157970466817,2007,43
175,1.1075709162270853,0.13195399739314725,2214,31
176,1.360221476433475,0.09389592628031247,3186,26
177,0.5253954660796784,0.09013255010444232,1635,49
178,1.1125803203236684,0.1701489015319686,2097,31
179,0.8289740673452453,0.09863882286748576,2390,41
180,0.8219986259424285,0.09842814760163454,2559,40
181,0.5008082568082598,0.10096430429760173,1383,49
182,0.9189536936383179,0.14021847229030462,1929,36
183,0.8924199816237963,0.07104283790247981,2906,38
184,0.6242960790904852,0.10896234525065321,1983,49
185,1.1657582610112305,0.07537790825830204,3217,32
186,1.2903144631052506,0.13668728595731958,2494,26
187,1.019931285295763,0.08261383515048724,2936,35
188,0.7491416101423585,0.09701130451490715,2610,43
189,0.888047976144505,0.09632524430375508,2684,34
190,0.6400380790380014,0.16410559321921378,1194,44
191,0.9776734295036126,0.07236892157764814,2963,37
192,0.7135594886460466,0.10512967923180355,2010,44
193,0.6433321147868198,0.11102764150408667,2103,49
194,0.8377939256659162,0.11380421731367737,2366,38
195,0.5495578283768952,0.08960611902485853,1970,49
196,1.2270913850524645,0.1305720045990813,2674,29
197,0.7528484017713374,0.1081493613536938,2186,45
198,0.7769739678534646,0.10771725188262946,2173,46
199,0.9194427548748384,0.13574538673613418,2039,36
200,0.7142663993466883,0.11352283022680307,1895,49
201,0.8797404626736125,0.12708764997190863,2320,36
202,0.8176524684451357,0.08914707268497417,2609,41
203,0.8494367965285692,0.1172222694808012,2249,36
204,0.782407501406073,0.08945998447043123,2359,45
205,1.0949456765428414,0.10587063667451635,2799,34
206,0.8481431333730007,0.08897914984943299,2619,38
207,0.7579072440750746,0.08730794857067148,2331,41
208,0.6883380869021889,0.12109548639160488,2028,46
209,0.7192595098883283,0.13295681950060237,2014,40
210,1.00701270220383,0.080438684753036,3025,36
211,0.7700126718982094,0.0787568743403634,2912,44
212,0.947270147684928,0.07896859565809192,3058,35
213,1.0855227363477733,0.05781091468696313,3592,33
214,0.5885410826943781,0.09048489282919747,2138,49
215,1.0187457208043624,0.11682029497561429,2512,30
216,0.8450474027027903,0.11481652647310402,2516,40
217,0.7974400107088201,0.1235614804190428,2145,44
218,0.8693035130376435,0.08079234870999033,2649,40
219,0.956560025275891,0.10048168254414104,2752,35
220,0.5521899670010871,0.08564938707661637,1968,49
221,0.9239293747233662,0.06930101910452448,2928,40
222,0.6286357948176745,0.08798614200976271,2226,49
223,0.8036951372038188,0.08669906987714127,2494,41
224,0.7362321975713149,0.07533786881629453,2744,45
225,0.6171779341631717,0.0915550698979812,2197,49
226,0.8549294027247473,0.1312627084953155,2054,42
227,0.9738459963366253,0.10719330501656016,2640,35
228,0.6026771696676522,0.09297659050868481,1901,49
229,1.0896199322298592,0.07444829805847669,3198,35
230,0.7403740896396744,0.12329944123881852,2042,43
231,0.8647607215065196,0.09102866923624277,2514,38
232,1.2782250986870936,0.08615237012090349,3304,26
233,0.9601108351164865,0.09002843832880664,2626,38
234,0.9805388651650477,0.0836386277872484,2688,38
235,0.7742665383870426,0.1163042379314124,1706,38
236,0.8147583771249253,0.141763251703437,1896,38
237,0.8419300356240416,0.14326173391155256,2092,35
238,0.592348071179819,0.09017642377771566,1868,49
239,0.8235643085499654,0.07993158601735725,2678,44
240,0.5835098048591866,0.1345027191891202,1374,49
241,0.9671268826073892,0.1000271333621281,2881,34
242,0.7139229120756162,0.06548726302865703,2803,48
243,0.8103592070053801,0.11095762351589215,2155,39
244,0.9449524979631666,0.09986509026713855,2341,41
245,0.8210710469780386,0.09209783831345869,2597,40
246,0.8589264468195679,0.08239131419616426,2718,44
247,1.3149675833304777,0.10393634129462125,3013,26
248,0.9082852116148791,0.0779502456952435,2935,35
249,0.4355562075212442,0.07298818065330301,1762,49
250,0.6301280815333343,0.11373291478695956,1977,47
251,0.9566013124794569,0.14406799743684323,2206,36
252,0.6338833743467973,0.16358507288352275,1212,49
253,0.9712993700167691,0.08056457289740654,2992,36
254,0.8804359852358224,0.07808284318186119,2958,35
255,0.8179611860475707,0.1337137461566016,2086,39
256,0.8716067530740103,0.10869620087181754,2389,41
257,1.1917309352081793,0.08775449543363721,3111,30
258,0.570822640400015,0.08301992790941994,1879,49
259,1.1719893180160343,0.13265284419555934,2398,34
260,0.5268298125758213,0.0931264815100685,1877,49
261,1.584927500182042,0.10831006807111469,3167,22
262,0.7755758823244219,0.11266959893446772,2016,46
263,0.6528165211579184,0.07111611733589149,2434,49
264,0.6438485905223825,0.10361112358057309,1979,49
265,1.040597971819847,0.07220348681242977,3132,34
266,1.0416898701754322,0.10496296734572229,2744,33
267,0.8179592598764719,0.10227474265696065,2540,39
268,1.2650839144363961,0.09257407203592347,3034,29
269,0.8424731904517145,0.11883148789128448,2174,42
270,0.5264763512345252,0.11873025149760831,1335,49
271,0.9130177964836605,0.11832025371776364,2271,35
272,0.9847239135022394,0.19302626387120358,1934,30
273,0.7502578835323942,0.05915700041626576,3124,45
274,0.8571291230537523,0.19519036284850805,1545,38
275,1.004155912595426,0.1275954753857974,2492,34
276,0.8470437530030609,0.06376088531769017,3069,41
277,1.5208759754290408,0.13480834410984754,2847,24
278,0.7142095045412662,0.10751383126816266,1743,46
279,0.6191572752741478,0.0873430281597564,2350,49
280,0.6923376903279355,0.1542609345765656,1473,46
281,1.2388069865186975,0.08493331607445787,3207,26
282,0.7601249031594544,0.058337990339570836,2696,46
283,0.6054534383537719,0.05947435270045253,2689,49
284,0.8475317581036717,0.11471481572265593,2162,38
285,0.7481849286706873,0.10538314487014588,2208,44
286,0.912870660471921,0.07348046037242553,3117,36
287,1.05417084623141,0.13729168765472693,2338,33
288,0.9092589496748519,0.07734490467292401,3072,36
289,0.7616082785760484,0.07102617566387737,2963,41
290,1.0055255671322063,0.12726506289390285,2407,30
291,1.263033881795975,0.10529108760686991,3015,28
292,0.7108053777784001,0.11391580646882313,2148,42
293,0.7737569787221595,0.10162945944881399,2297,45
294,0.8951144677182233,0.10893134330146718,2298,38
295,1.008229308856007,0.09891279337949382,2784,32
296,0.8780998912051319,0.11444646851317594,2384,40
297,0.6611739464195601,0.1305020503893532,1927,48
298,0.8248729360545526,0.07237446303791172,2932,41
299,1.0452872264657735,0.08912959713325622,2781,36
300,1.063249259940249,0.08025260426706189,3149,31
301,0.4755965563529704,0.05844114023568736,1687,49
302,0.8678257409412212,0.06853146099520425,3049,40
303,0.9532589556795092,0.08146566655341815,3022,32
304,0.7419407448024857,0.12585514603150094,2095,46
305,1.4335355243815715,0.08521256713397178,3292,26
306,1.1425856810574757,0.0968546878328964,2929,33
307,0.9424229782688869,0.12993558169610703,2302,33
308,0.6057120839553032,0.08450371947183265,2126,49
309,0.9012885334046271,0.10256247249316365,2247,43
310,0.8703268626100404,0.11975379555946615,2141,39
311,0.6593769997942741,0.08785225686299222,2340,49
312,1.248470825219154,0.057078789572547584,3442,29
313,0.719952338558459,0.11127822998487982,2037,44
314,1.1037641601101973,0.11421470840561072,2669,32
315,1.0426448782451168,0.11566863337613287,2598,33
316,0.5660925243542498,0.06639705827552907,2266,49
317,0.7736308558512743,0.12691685925017493,2130,40
318,0.8354779945688023,0.09273535983547951,2449,41
319,1.1203088894865,0.059479955601734275,3301,35
320,0.6087781522314348,0.12570836401696042,1514,48
321,0.9591703699484428,0.05310485206993817,3413,37
322,1.0240888051124657,0.10628748911103973,2732,32
323,0.9165986829132946,0.13410455330680462,2198,36
324,0.764460342786328,0.0774215042697517,2645,45
325,0.965376667435886,0.06888041524509643,3040,37
326,1.0755349615391805,0.0768468107695168,3145,33
327,0.6136604588721776,0.12110438262203771,1552,49
328,0.5842453146320519,0.16207605694673166,1217,47
329,0.672818269094392,0.05655878695495341,2802,49
330,0.5823235019115027,0.14477150363248115,1120,45
331,0.6667865233326331,0.09795255438579278,2160,49
332,0.8300509444687434,0.0841332038432032,2736,42
333,1.2403796426824174,0.0957659759361153,3069,27
334,0.605167921165331,0.12647197000868715,1476,49
335,0.7084246509230665,0.10516451546195464,2131,47
336,1.0299361459857272,0.16434011850212488,1975,33
337,0.7298213447707386,0.1163643345441874,1978,47
338,0.6562501390932945,0.07411815259332545,2582,48
339,0.7800002367182438,0.1401201938147715,1769,47
340,0.6077398034145709,0.09111118611680771,2177,49
341,0.6808264951095025,0.13663359217168336,1585,43
342,1.282940212316397,0.1089760848674362,2939,29
343,1.2245372749077328,0.12672290574436937,2738,28
344,0.4452534039995421,0.07892045408232654,1487,49
345,0.513486378474744,0.07449647342812163,1969,49
346,0.7768787400757529,0.11491365416651851,2266,43
347,0.9665543287059839,0.11068854120383337,2334,36
348,0.7870355120787174,0.10196304354679567,2503,41
349,1.0054746699767196,0.12311031738282352,2556,32
350,0.607573717401237,0.14222980647799802,1654,49
351,1.1031909375090487,0.11848307906888177,2710,32
352,1.0232195398801125,0.08017909319381152,3141,34
353,0.7292868887059157,0.08195585268176278,2616,40
354,0.5343348709578056,0.1444289660365689,1082,49
355,0.9492817257602226,0.12362107772291346,2193,38
356,0.7370147945016144,0.14439210061317947,1745,41
357,0.9744555612954082,0.0815682744358398,2986,35
358,1.2443844361477856,0.09126038821550175,3174,29
359,0.7210049757667517,0.10566524188648085,2139,47
360,0.7358879275567598,0.07781045108100815,2225,43
361,0.8549393087547482,0.10225505007126742,2174,43
362,0.7298166021264407,0.06824625390335423,2647,46
363,0.5917113245294472,0.1069697688838861,1508,49
364,1.0029409001024665,0.10055992497508473,2833,31
365,0.6197263295480945,0.08090693858381226,2102,49
366,1.124194167816429,0.08557909004348196,2943,34
367,0.8081686489260644,0.10302211939212481,2529,43
368,0.6014658269371957,0.08048188656498453,2336,49
369,0.7225368306148057,0.08091746422800894,2620,43
370,0.8897775689996933,0.11219492061670634,2397,38
371,1.1035166877572347,0.07726789439263747,3192,29
372,0.8819932452532917,0.10659813098163096,2559,35
373,0.8874662831698013,0.15862053617402366,2001,36
374,0.6938288265136083,0.07275826189333827,2557,49
375,0.8236080187476003,0.10675824798362356,2365,40
376,0.9158278340665001,0.0755737285847687,2754,37
377,0.5560597186035784,0.0854027037023855,1933,49
378,0.7934819165334495,0.1320818365362877,1967,42
379,0.6297111546326287,0.12009396866345043,1683,49
380,1.093110566607651,0.07194033012618145,3160,31
381,0.6950290220063112,0.1673091213645508,1224,40
382,0.5921197432887804,0.1441051614374293,1261,48
383,0.7175105925959921,0.07584155502250603,2502,49
384,1.2206510104101145,0.13199419908503054,2716,32
385,0.702438911956578,0.1242963741289987,1916,46
386,0.8084006850158958,0.1838021964602711,1423,43
387,0.8059381018359206,0.09915886281708765,2517,42
388,0.8869393659216607,0.10830584654641331,2579,36
389,0.9900274274210561,0.09549138383409135,2821,32
390,1.0330882138989896,0.06996036939625738,3250,33
391,1.099390261638791,0.08317011365860016,3126,35
392,1.4086560093805471,0.07364963453098912,3337,27
393,0.7589757283647816,0.1139241447580747,1876,49
394,1.0062899025012522,0.07483471733481283,3081,34
395,0.6688503291214791,0.19932199474998552,913,41
396,0.6531200503945729,0.06657338434413948,2594,49
397,0.7850109494061481,0.10439667439663233,1827,41
398,0.5756007044963802,0.09604504689422741,1522,49
399,0.637030476985478,0.08576311936916114,2438,49
400,0.6087627892908329,0.08171587252949275,2180,49
401,0.6948466150712019,0.09137985056290124,2291,45
402,0.865751516916291,0.08823369271398963,2789,40
403,0.6235877446431518,0.16594992860944216,1093,42
404,0.8264171903118089,0.15535007011028204,1729,42
405,0.9351811000129733,0.17201675477468437,1803,35
406,1.0557913637240444,0.0699244800484616,3286,32
407,0.9169548070991537,0.08928820865819048,2736,39
408,0.6844299734992147,0.09982159689835013,2269,45
409,1.181423900113933,0.09342106294488081,2996,29
410,0.6269888800091782,0.09226371846979822,1985,49
411,0.605502694419375,0.05835310525539273,2822,49
412,0.6459438603180734,0.0848293116774071,2208,49
413,1.225061843670502,0.09373749070436709,3076,29
414,1.0090363478979112,0.09615123363628739,2887,35
415,0.6934203349345839,0.0891284572009707,2523,49
416,0.6961877034282745,0.10118788111372641,2233,45
417,0.7559747844970408,0.11187431277563616,2294,43
418,0.5831921141342379,0.14028720489495333,1359,49
419,0.8581968197021588,0.08551465805178551,2745,38
420,1.0857638396649727,0.12115674115721968,2783,32
421,1.129035805857399,0.06914663876772195,3257,35
422,0.43998867720225276,0.11958566510304454,938,49
423,0.512667280583739,0.08221955298814405,1782,49
424,0.657798501201664,0.13154945916774555,1732,47
425,0.7934820271836243,0.07601158018057241,2815,42
426,0.7459015852982331,0.10017864027735604,2319,46
427,1.2443138707775212,0.06131180223120397,3606,30
428,0.44070199723818715,0.08885565999470077,1243,49
429,0.5817695563077099,0.09148932272587333,1574,49
430,0.8162932339040803,0.12362443899965728,2113,40
431,1.2453488662669676,0.10158602111079082,3083,29
432,1.0190600580506093,0.16790781366633808,2019,34
433,0.6138118722156531,0.07970500113687941,2147,49
434,0.9717055018310432,0.0776304819597932,3074,37
435,0.785206338564043,0.09222937053579898,2414,42
436,0.6927407006458164,0.1269431577069873,1779,41
437,0.9997845464733185,0.08882084461545964,2484,33
438,1.4259041135599968,0.10720002262951119,3060,24
439,0.791060426307894,0.10240352599449745,2277,44
440,0.8739979130941389,0.1064355293641858,2413,40
441,1.0793140485945614,0.0777695739206818,3214,31
442,0.5571720755607347,0.11400773196702385,1575,49
443,0.47045567620781886,0.10327093806382172,1278,49
444,1.1459371889344343,0.12441107526150162,2361,30
445,0.8800366698387888,0.11160354627383073,2379,38
446,0.9403938444922121,0.06593881935758714,3131,35
447,0.48600604325321645,0.13820839605859833,1049,48
448,0.7334292180104218,0.08069355483310281,2540,46
449,0.7753192530212426,0.1454614195589658,1642,41
450,0.4708280600304319,0.092556915336562,1589,49
451,0.6532518831047984,0.1655195877833176,1336,46
452,0.7509712706221363,0.15987296062676168,1492,42
453,0.6066463051321204,0.10386822682076327,1900,49
454,0.5643121387709843,0.08963876831299862,1642,49
455,0.5823879445784625,0.11881552224821748,1766,49
456,0.9562557714752671,0.10415049839215257,2346,43
457,0.6780864026960708,0.11705309462667382,1883,49
458,1.2173429941073688,0.08736426369925684,3143,29
459,0.914050620501544,0.09674979824076277,2711,36
460,0.7105870166769162,0.10317462078163377,1963,49
461,0.6464979379278127,0.12022430851176057,1934,49
462,0.5993225522945728,0.09782087212311165,1931,49
463,0.9814389319667195,0.0917728421966337,2769,35
464,0.6345781137129564,0.10300105182607158,1999,49
465,1.141037856137098,0.13301383511753176,2403,29
466,0.5778751710919175,0.104181152941686,1951,49
467,0.8300933616197634,0.12331274769912427,2168,39
468,1.1426065478842993,0.11181610716269921,2287,27
469,0.8672038754873383,0.10303823292352914,2524,40
470,0.6159461178706115,0.10418181693188037,1892,49
471,1.0214842256112464,0.05982874222824792,3316,34
472,0.7202634799650349,0.13047450429695856,1770,49
473,0.8308338485511162,0.08294388855887194,2736,38
474,0.6233500505481062,0.1163066498173953,1806,47
475,0.9862189451541542,0.07294897957706936,2975,35
476,1.0429659137461915,0.086871629397094,2992,35
477,0.791906223635177,0.1229820405771429,2177,42
478,0.7514489451998185,0.1478440656584743,1816,43
479,0.7056373474074141,0.08410465211699261,2293,48
480,1.1993916188997322,0.09386216305040196,3107,28
481,0.7957119777382433,0.17073647525246471,1615,41
482,0.7574898713215403,0.16417162325685294,1582,39
483,1.0005800670419653,0.15135541625254714,2129,35
484,0.9696056236304104,0.09033951569101133,2436,38
485,0.5598675399301244,0.07430036066124457,2201,49
486,1.0762009994546815,0.09131434597201737,2889,33
487,1.7289831330924479,0.09065910197415519,3407,20
488,0.5496326970178123,0.08058232940175421,2036,49
489,0.8291826061475064,0.12203284784836134,2137,41
490,0.8723688604679475,0.10335605529261492,2365,42
491,0.8786344520564678,0.11898799490721228,2251,40
492,0.6852353139911128,0.11312986995584501,2040,49
493,0.8842767140465105,0.1132599015816945,2430,37
494,0.8177341103996161,0.19255514700453746,1526,39
495,0.80500420110981,0.07443185011421592,2409,37
496,0.7921728200576545,0.12420542653090509,2106,43
497,1.1804592287491988,0.09150214891095781,2898,30
498,0.7248407338049667,0.1417361248255907,1609,44
499,0.8758456593676067,0.10041467428529474,2522,40
500,0.8614566761919765,0.08809046209741384,2666,42
501,0.8588318352660076,0.09866154339291933,2419,39
502,0.7444766489054291,0.12182492248062105,2077,41
503,0.7777531084492344,0.12975003458753415,1869,45
504,0.8091067500267544,0.0923503256108143,2468,44
505,1.1188926414224958,0.08326698120521514,3060,31
506,0.8079422240511496,0.1239509075645794,1969,39
507,1.0810912678025517,0.0627351971188803,3484,31
508,0.568162266287053,0.11238173367754167,1465,49
509,0.9226543242271763,0.08229119234866634,2916,39
510,0.7906266227655888,0.07815960781853923,2731,42
511,0.5237254639375595,0.09944313460074852,1348,49
512,0.473486970957556,0.10112938462927536,1265,49
513,0.6507476937810829,0.08940848111540141,2192,48
514,0.8026334421536128,0.11748642158549635,2340,40
515,0.5971980898947887,0.11122310404829604,1910,48
516,0.5835099299304914,0.09096714622769378,1954,49
517,0.5321504981195544,0.10238855589639934,1442,49
518,1.9566777942220575,0.06891912452247827,3684,20
519,0.6171965281561869,0.08782718090909891,2348,49
520,0.5730655473125915,0.09124882665896054,1800,49
521,1.0875166441169566,0.10315933750734875,2772,33
522,0.9370633051216037,0.07066390724570601,3071,38
523,0.44239885796226597,0.09779014182834539,1353,49
524,0.7318795210533545,0.12099685064037367,2017,41
525,1.1372851923823803,0.09496991211953812,3032,28
526,0.7963022710053597,0.09275677191975197,2490,45
527,1.111224638600525,0.09634851261583546,2904,31
528,0.5100680026823226,0.12340729590259876,1132,49
529,0.6790099239457197,0.10283913407412786,2129,47
530,0.857982697004059,0.13027893175947658,2266,38
531,0.9781285251516499,0.09018595799707675,2910,35
532,0.7262279980452759,0.11934962472376003,1918,49
533,1.2346434610320118,0.10413902419243862,2954,28
534,1.1223057631545803,0.1320520955126301,2725,29
535,1.0033020489425641,0.1590303242918746,2204,36
536,0.560544880279429,0.06519746491014541,2305,49
537,0.6511089268049187,0.06865498834724931,2605,49
538,0.9305063924467273,0.10945598183582121,2465,36
539,0.7492276322636795,0.1065463976271458,2233,44
540,0.9377119924115006,0.12478459129641611,2253,37
541,0.6866676824510684,0.09344969024079254,2432,47
542,0.6859183146162904,0.12636608323194007,2038,42
543,0.7196534757985502,0.12800719732587068,1763,44
544,0.7133839365140704,0.09665946737908797,2377,47
545,0.6088562668790767,0.10504023353575276,1945,49
546,0.7440340865164021,0.08722749164064886,2668,42
547,0.6413546299198812,0.08468593951376374,2435,49
548,1.0956507851124728,0.0933253742099234,2919,32
549,0.7152949996031981,0.12490902817996935,2118,39
550,0.7769102918050012,0.13704280286731763,1808,45
551,0.6761600443782845,0.13451147607783684,1725,48
552,1.2117339297227625,0.11658920334057005,2853,28
553,1.2483298208127802,0.11898661829662363,2820,26
554,0.8769444428253242,0.1355962515408417,2067,38
555,0.91209337358897,0.08235843560455225,2811,37
556,0.7691295210776705,0.12454668703346443,2093,42
557,0.5355882163298774,0.12343487777596196,1211,49
558,0.764273732320114,0.10965974370497955,2196,40
559,0.9388260201269835,0.08888408707298848,2974,33
560,0.8237339658235263,0.09221986018352743,2785,41
561,1.0985181902500736,0.12336963304613563,2749,29
562,0.6844257322850612,0.09549035763062881,2350,49
563,1.0930022517169276,0.08615856018944831,3015,34
564,0.7590394176230909,0.08749442950202835,2698,44
565,0.767699224319929,0.10028044441079609,2428,43
566,0.6138140509756181,0.09904118282681779,2269,49
567,1.0083197818008092,0.11336864616035253,2688,34
568,0.699917494397831,0.13072619677440656,1588,49
569,0.6248185382046391,0.09605244117765908,2121,47
570,0.9166675498000619,0.08846879454369988,2680,37
571,1.3685801327799532,0.06742070208096507,3481,26
572,0.8141275685305255,0.11909917891000563,2140,45
573,0.9267320265130773,0.0944040473302048,2544,38
574,0.5442507359986267,0.10148902591656378,1639,49
575,0.7739839604047248,0.11660749590930382,2251,41
576,0.7314076606035198,0.07824866426284298,2384,49
577,0.8584424629389424,0.104842121019433,2295,38
578,0.8020003135360771,0.10882910209633676,2135,42
579,1.0380943676770964,0.06479296578870926,3263,35
580,0.7918053689579209,0.07295616258735858,2781,41
581,0.7384955400005,0.12546617630628698,1967,45
582,0.8583146567996647,0.08099663211862249,2771,39
583,1.0408030541037634,0.13164434050083082,2135,32
584,0.786279746056042,0.12411321497363301,1931,43
585,1.0092847449302003,0.13145733517518848,2250,33
586,0.819083375292294,0.10207754916259552,2700,36
587,0.4479368723093214,0.1476973880737259,650,49
588,0.883492227728045,0.13324607087202694,1752,35
589,0.7136943615151432,0.0882637078476668,2494,49
590,0.8630682098275932,0.10055128698747862,2362,40
591,0.6293321576145325,0.10805303617416187,2161,47
592,0.8558552648886621,0.07784983634180785,2903,41
593,1.3737953000529317,0.07967208661389524,3325,23
594,0.9933377058803653,0.11650017293318415,2457,38
595,0.8050107629094604,0.0451134280669903,3492,44
596,1.3904885537130374,0.11514720089779512,3159,24
597,0.87947399213096,0.1187093825710288,2301,37
598,0.5520045832845825,0.11299319441419936,1548,49
599,0.9080872298373924,0.07458691736566055,2877,40
600,0.8768921929580177,0.15723243800556086,1836,37
601,0.5143542732194056,0.08174966854983662,1717,49
602,0.7166446913257596,0.15977309902455236,1415,44
603,0.9428527261042077,0.10211572453894863,2604,34
604,0.8672187692174146,0.13662383539420117,2086,37
605,0.638826936660371,0.08318872802219394,2115,49
606,0.7495981559405276,0.112118219887593,2236,44
607,0.9280692553198504,0.11569342139652496,2541,38
608,0.4968355188371148,0.08305460074787496,1881,49
609,0.9785067864351057,0.1236559926416455,2091,38
610,0.7763950377230723,0.08900850532295798,2612,43
611,0.6178434596662021,0.12204370815671625,1620,49
612,0.8812852019138941,0.10906256419690105,2391,38
613,0.6966982064297412,0.12060695551449735,1994,45
614,0.8962535182357019,0.07162909338538477,3038,38
615,0.6593086222085578,0.07546751725281942,2240,49
616,0.9861319180159812,0.07323573612489846,3081,40
617,0.8485220492901782,0.07287057547595902,2910,39
618,1.0743244074079186,0.08153646021746322,3043,33
619,0.5718020918452636,0.11298007261008687,1801,48
620,1.1617389807441798,0.13870422175923944,2348,32
621,0.9325651379194904,0.14717658985273155,2025,38
622,1.1196459951392945,0.12329128505220847,2593,27
623,0.5959823717005144,0.06691185006903955,2177,49
624,0.6395294790798468,0.10015462701200142,2083,49
625,0.8078402084555156,0.07702960268644936,2806,39
626,1.0985061203182815,0.10681785030834669,2668,35
627,0.8345973817564769,0.08737016943542086,2760,39
628,0.735392750190655,0.1281106461185671,1958,44
629,0.867872301964707,0.10016987861837397,2499,38
630,1.0015926333278273,0.07921963107080421,2930,39
631,0.6322207488035257,0.14595299027460237,1578,49
632,0.8828647744547397,0.06256727516084876,3061,40
633,1.0701181840882106,0.10443113765353194,2779,31
634,0.7997734616639404,0.0985434976121002,2406,46
635,1.1259521231393659,0.07165737872215346,3145,32
636,0.45819352680647135,0.1584961800682785,692,49
637,0.699669568851214,0.10955305361191209,1979,44
638,0.9292739601319064,0.09378631042683588,2650,37
639,0.5170078765106418,0.10730375034156275,1254,49
640,0.8875040016524887,0.07415684016935042,2962,41
641,0.65390936431219,0.09549504891052843,2154,49
642,0.7166510166300046,0.07545404434323116,2620,49
643,1.0029629378586986,0.09938032555041307,2642,34
644,0.4893319411048308,0.08978260833003887,1425,49
645,0.9211635593023408,0.09606829335129913,2659,34
646,1.3393999999915889,0.07284067727140318,3460,29
647,0.8551605650927984,0.11124997525386329,2561,39
648,0.547665755413921,0.06825424109811501,2290,49
649,0.6085267080687942,0.10819186018242266,1768,49
650,0.8080724517993549,0.08253076043754651,2594,42
651,0.6519214950326334,0.07480074316962354,2412,49
652,1.2211732673646212,0.08394731937318667,3278,28
653,0.5630245167380417,0.08278792855334963,2091,49
654,0.8104102504504813,0.08127189771848922,2819,40
655,0.8032647735384548,0.06900688319283238,2660,48
656,0.8242088228308895,0.08523088093678632,2699,46
657,1.0951327117635934,0.07880142311174308,3119,35
658,0.6222118637055908,0.1453966572809626,1435,48
659,1.0098164241302785,0.1157262169043307,2283,31
660,0.5109890438819468,0.0813442022549265,1471,49
661,0.9079967081107082,0.09657528359609405,2617,39
662,0.6826310637905268,0.09396500838614931,2073,48
663,0.6884648270504873,0.18450955774958805,1371,45
664,0.7442172145693906,0.13015977964428882,1819,47
665,0.8649896595302993,0.12463563741820884,2261,36
666,0.6826152711328572,0.12864827855177036,1892,45
667,0.7260087395699921,0.08673961461540472,2519,44
668,1.855793124204839,0.13087754731122517,3045,17
669,0.7394102112191663,0.09275729974870714,2486,48
670,0.5743584901561859,0.13073527417573166,1494,48
671,1.4035649018971723,0.11644187417053775,3054,25
672,1.0095553837910773,0.10974573656938724,2448,33
673,1.1727615675178877,0.09113533753198737,3053,33
674,0.837696286880291,0.08320969060477425,2649,38
675,0.6433450221910956,0.10892781253933981,1987,49
676,0.768129345361211,0.09245177687612671,2415,44
677,1.0337923963961662,0.0836812411689464,3036,34
678,0.7008165488809309,0.06305695307273344,2862,45
679,1.1123682741448577,0.08558269924785383,3093,32
680,0.9172426057151254,0.11532852501117236,2430,40
681,0.8395698615782958,0.0917235311130783,2427,38
682,0.7171730012521439,0.10981870555309776,2006,46
683,0.8727739025518869,0.08567365252049862,2815,37
684,0.623688690685664,0.10059907131666702,1661,44
685,0.5942808306300794,0.11729989081131245,1662,49
686,0.6009915429302428,0.0928660158757912,2102,49
687,0.9869159392473723,0.07147232999474341,3036,37
688,0.6943517661341149,0.13297836451727835,1878,47
689,0.9663948381236256,0.09900745759590499,2786,37
690,0.8043527379992106,0.10740058544826606,2336,47
691,0.9373332498573194,0.06367162116243627,3281,38
692,0.9341976440744896,0.09283030259836184,2682,36
693,1.059971022548484,0.07075528786525964,3272,30
694,0.2879649035992638,0.09903303695332785,506,48
695,0.5721798648537546,0.11947647032813977,1509,49
696,0.7397009008191169,0.08357100924178912,2617,45
697,1.0276553407374265,0.12287092255188785,2571,34
698,0.6645469133457194,0.09151346048374032,2363,49
699,0.6944917329256038,0.12233456833709995,2102,45
700,0.9609315177056552,0.10475434097834496,2737,38
701,0.9943914067276602,0.09057862541347321,2855,34
702,0.9762591824308127,0.06641766078812382,3234,35
703,0.9619048458150778,0.07503986646829063,2924,35
704,1.1541410440007078,0.0865302852210453,3158,32
705,0.7721923685733927,0.07605643854649216,2493,42
706,0.5252794689061868,0.09152065187417921,1992,49
707,0.7324464008508864,0.0878976876208653,2505,42
708,0.7766070628270103,0.11683268259094846,2189,36
709,0.5551204634106588,0.06927204090183361,2282,49
710,0.8471967479808379,0.12553069190154686,2025,40
711,0.7087510670857795,0.09503890521080793,2470,48
712,0.835514537341902,0.09772829442681094,2543,39
713,0.917629476663825,0.12564972576306607,2326,34
714,0.6878624963356571,0.07397082930788539,2712,48
715,0.9882078659653633,0.14889061990729555,1977,31
716,0.617815398061301,0.13712780000074068,1426,40
717,0.6752839515474408,0.15664465413498102,1560,45
718,0.6851909936013747,0.13640858136235598,1853,46
719,0.6428616602392503,0.1077107976487158,2016,49
720,0.523330900394524,0.10558817349349729,1635,49
721,0.6248863008992638,0.11829266376844122,1648,49
722,0.9013226811643467,0.14798406841529319,2007,39
723,0.9169497868401487,0.09918169632885884,2653,38
724,0.6258278319330903,0.10332855016490908,2071,49
725,1.1141806880010816,0.07349207688661272,3103,38
726,1.1091140341191343,0.11127128867894324,2586,35
727,0.9468466880463802,0.0607833668774929,3011,41
728,0.643721567035073,0.08721195283684667,2347,49
729,0.7536501910351312,0.12726175853635893,1961,39
730,0.9857501060461246,0.096514224122027,2489,40
731,0.7700468448384439,0.08597885063194102,2509,45
732,1.0114287306157097,0.1011295417835938,2765,34
733,0.6173884879753823,0.10630291857760454,2019,49
734,0.7516837672144547,0.08495145717843991,2646,42
735,0.9435505409868495,0.13361101747091947,2231,31
736,1.2671013634161838,0.10934957522194819,2933,26
737,0.5818162695610685,0.1457426870297997,1057,49
738,0.614644816355084,0.10206264616703163,1983,49
739,0.9187001351678352,0.13157493506174883,2447,38
740,0.5359160384432021,0.08068578370855872,2018,49
741,0.6637342193276374,0.11815191155354729,2023,47
742,0.7671407296938401,0.09977527638480929,2437,42
743,0.6384601222655593,0.0876603140131753,2412,49
744,0.836034400166496,0.12527850248964484,2413,40
745,1.016943722853913,0.11339139260273892,2501,34
746,0.8064329486951873,0.08350678515756804,2751,39
747,1.080390354033237,0.1289005863703389,2600,32
748,0.6764167634526093,0.11412070661561181,1901,45
749,0.441553980517453,0.07865531048097865,1697,49
750,0.5741046826972535,0.10789047975922372,1595,49
751,0.9093545044114404,0.09021392557400645,2706,39
752,0.6891479107104097,0.10027216769070509,2242,46
753,1.0437055512712679,0.13832502823657447,2156,33
754,0.8653541104893812,0.10592074727897934,2475,38
755,1.0088571044658476,0.09153053995607813,2920,36
756,0.8667495635777458,0.05672893748481807,3287,41
757,0.5739356741933042,0.07405945611671405,2279,49
758,0.9755419911353304,0.15285095503486104,1982,31
759,0.8288850860476714,0.09531393872697905,2460,39
760,0.9721167312847991,0.09221794052666257,2843,35
761,0.6358934613270188,0.13349052565894304,1652,48
762,0.9629851591597426,0.07459140233075802,2960,38
763,1.186906728312213,0.09183915981006449,3010,29
764,0.8263742627431209,0.09688470539392238,2660,40
765,0.740061889098637,0.09377190699944563,2549,43
766,0.5958928517208567,0.12365743185791177,1618,49
767,0.8444457565914897,0.11158434596496188,2484,37
768,0.6410607537960212,0.11930703206766687,1890,47
769,1.0890428536992334,0.09076569174931401,2945,30
770,0.5969448042671005,0.0975108530222024,1769,49
771,0.6743696222051304,0.14286234868468947,1627,45
772,0.58750235988776,0.08381059910639774,2178,49
773,0.7565076696708255,0.11423142295537224,2200,41
774,0.48061514552004947,0.09446443850082792,1488,49
775,0.7686736714876572,0.08606721528694669,2517,44
776,0.5983145251332777,0.1485059354332493,1288,49
777,1.0197318304079137,0.15505726455452745,2246,33
778,0.7806296328386977,0.11762167209504786,2290,40
779,0.5215082528630833,0.07223356500629384,1997,49
780,1.3064976975606508,0.07570970977256782,3207,30
781,0.8277958903380879,0.1628416146388263,1735,38
782,1.2020507644062188,0.06721204770533805,3358,30
783,0.6663410183527885,0.1436145278587829,1601,49
784,1.1986341436965664,0.13778395048614517,2549,29
785,0.9446062322329217,0.12472789158026787,2323,38
786,0.5695881180132777,0.13264201489707747,1470,49
787,0.8281494795005084,0.0797953175561603,2895,38
788,0.8344130721130986,0.08669673373148756,2638,41
789,1.1419712205521753,0.0872032545631657,2980,32
790,0.8081015778529683,0.11598947040134346,2319,38
791,1.1337503511778246,0.07450121906097265,3299,30
792,0.8178505801235089,0.10090281563397094,2265,42
793,0.7899486723161862,0.059523919873822946,2923,44
794,0.8970106520328438,0.09901318866545245,2638,40
795,0.9817851634194207,0.1056320006321971,2644,36
796,0.7400564392104817,0.10716166968772167,1973,46
797,0.5538779400716689,0.08633086028602227,1854,49
798,0.5501306387297147,0.07397409926242525,2117,49
799,0.9810592844515467,0.0619282428875288,3176,35
800,0.865946664056334,0.12103671645260303,2292,36
801,0.5622649102214289,0.1244457519397548,1521,49
802,0.5446057930519566,0.10904522419522308,1749,49
803,1.0223237008641017,0.10431105737903709,2680,32
804,0.8529547882938685,0.1311005514221154,2148,38
805,0.9679194914023977,0.0697711704003008,2988,39
806,0.5061105122428643,0.09422290903746566,1601,49
807,1.0494619994626948,0.08565950644712805,3052,34
808,1.0816430423761039,0.07970180905752519,2967,35
809,0.6512873453367937,0.08052373502703825,2269,49
810,0.593835693581176,0.08700751942310954,2116,49
811,0.9532079560489485,0.10069966280032996,2499,37
812,0.9150702184338184,0.07901467759995201,2961,35
813,0.6449032046897619,0.14015801249128412,1484,49
814,0.8058826855722461,0.12237486014172506,2250,42
815,0.6428224780978171,0.1158997908776097,2078,45
816,0.8061028090408959,0.1112403503168474,2380,40
817,1.3009677775682897,0.10203005472344268,3002,27
818,0.5059605724899123,0.0832749114986868,1863,49
819,1.0810939984532824,0.08495751970754024,3151,33
820,1.389345497913288,0.09506179941145679,3070,30
821,0.8390011190754916,0.10048014248389621,2539,41
822,0.7634116624695295,0.15708042238725817,1771,42
823,0.8850977914513651,0.07596936845423637,2983,37
824,0.8153264294686707,0.09518114350889788,2609,39
825,0.6582286156648431,0.13555915570984536,1668,48
826,1.1296296345269399,0.060131299386893704,3389,33
827,0.8030884595877009,0.12823049630629235,1781,40
828,0.8065764976336993,0.1275937953992956,2095,40
829,0.8493841454931632,0.11391079927046031,2016,46
830,0.7647562500901834,0.1774094297803171,1597,39
831,0.6794825731631159,0.07585757501301266,2622,49
832,0.6162449198473858,0.08042790666161016,2467,48
833,0.8641906413046675,0.06781853471778086,3004,42
834,0.8202004744199951,0.08768269617478652,2726,40
835,0.8214795881285396,0.07086613903637988,2788,42
836,0.8097016927641185,0.10036520394865811,2553,37
837,0.8030939220674057,0.13318699504999945,1925,38
838,0.732128898670573,0.0872717458553626,2482,43
839,0.9597642588102108,0.08761846784459863,3027,35
840,1.0030352059690013,0.1386789097206619,2220,33
841,1.3493166616405865,0.10213382942171244,3177,25
842,0.6233357303123496,0.09592749690425298,2229,49
843,0.9368881508185134,0.10094711570362938,2706,36
844,0.4893423333296877,0.08798038541846659,1803,49
845,0.6396899879742746,0.11564301040516275,1821,49
846,1.429113485817246,0.08696853314845464,3339,27
847,0.7556684298598393,0.08021173340922226,2714,43
848,0.8728131310931787,0.13694330440742122,1990,36
849,0.8956012294654134,0.10603336280139668,2468,37
850,0.8245961611312211,0.10161885377952297,2396,39
851,1.0507718064084826,0.10657899383673683,2858,32
852,0.752671095120425,0.07921106131849773,2801,45
853,0.5898542624848324,0.1024479571650937,1952,49
854,0.8851782282116565,0.1498758124325826,1665,31
855,0.4589005227285781,0.12047673046387324,1178,49
856,0.6577843125311578,0.10203625435475532,2026,49
857,1.22656992450315,0.08969048805445007,2977,28
858,0.5657690223758559,0.08854110250385597,2117,49
859,0.8897978799068722,0.08917947805292592,2622,38
860,1.0407940488349965,0.0802106271851977,2942,31
861,0.576451805717675,0.09309949009871295,2053,49
862,1.0643506899641155,0.0768684300775194,2970,33
863,1.1361972376660427,0.08218727709680083,3145,32
864,1.0757406139990364,0.07503248641079618,3262,32
865,0.8309152120166888,0.06293128138920198,3027,41
866,0.9033824481831559,0.0888710801817546,2597,38
867,0.6572870518359994,0.09446158514037051,2153,48
868,0.7498827075697267,0.1329595993887655,1919,44
869,0.5994135752943616,0.07214540712427371,2508,48
870,0.6992013737594429,0.11284680393691178,2138,45
871,0.6655314613762,0.14296733063785624,1727,47
872,0.9840611418460763,0.1280166823359324,2493,34
873,0.5584285505737413,0.07986146060549654,2113,49
874,0.9205665460377475,0.08921440597336319,2512,39
875,0.7360715829792893,0.1148332740853603,2236,46
876,0.6964659714625077,0.10194082685786279,2162,49
877,0.6888294816174683,0.12090749121018336,1687,45
878,0.7552660061571824,0.09829019212588008,2082,46
879,0.609847866098931,0.09746480229924676,2063,49
880,0.8200968485277654,0.1177427279188474,2451,39
881,1.1326948398581214,0.08815542248979127,3057,31
882,0.6013282190675574,0.07033797051118039,2380,49
883,0.5721325043413541,0.09587205305994911,1739,49
884,0.48862473501088033,0.142767227823229,1242,49
885,0.975479937219566,0.059184527528767975,3421,35
886,0.9035887838778272,0.15718084622467038,1800,37
887,1.2495152858892504,0.06289858396141597,3428,29
888,0.5883830552314214,0.07724947177560623,2432,49
889,0.7995343801125612,0.09160600035046049,2488,43
890,0.8216780903624293,0.09573089339945404,2589,38
891,1.3344575118680009,0.09978937741568808,2859,27
892,0.8480333408497494,0.09031706846338042,2762,38
893,0.5763572487787618,0.08133577993288624,1927,49
894,0.631549662461317,0.09340534287994409,2239,49
895,0.9900536922635768,0.07142537621781132,2956,37
896,1.0195867346937133,0.1265955037920245,2428,35
897,0.8992813362175875,0.11923455658429624,2175,40
898,1.026760055574271,0.0779007080439372,3185,33
899,0.779772782278998,0.09960419857192755,2409,42
900,0.9346386295846574,0.1107620682358701,2490,36
901,0.7427365936846727,0.11217944307859744,1944,49
902,0.5933877444677247,0.07401528358951681,2305,49
903,0.6731387626779168,0.10552257411996295,2071,49
904,1.0156348635573946,0.07203335187932004,3313,31
905,0.9228605015913781,0.1238010468111877,2168,35
906,0.8698594651007666,0.14215687909725278,2106,38
907,0.9109947665100688,0.12643026628351142,2249,34
908,0.693019775699474,0.1064501421607679,2134,48
909,1.0349369424979615,0.08162512763268343,3227,33
910,1.017429366110736,0.09891567340452945,2847,36
911,1.1202107227912084,0.12076065478112548,2661,31
912,1.0106018153688137,0.11291967237285126,2445,29
913,1.1178262533359515,0.126358140298997,2659,31
914,0.916133733280688,0.08055603622668775,2959,35
915,0.9769128760057385,0.09660345508647142,2834,33
916,0.7136645860131331,0.11409470023617471,2136,43
917,1.0463541072803908,0.10953958081113448,2764,35
918,0.9401771873137597,0.0761766763148928,2906,34
919,1.0344319151701413,0.08651202567963984,2667,33
920,0.781560495335963,0.09648183555218666,2459,41
921,0.9239300147231009,0.09241862288547234,2480,42
922,0.655459202081897,0.11104918671606147,2017,47
923,0.5769248851671681,0.15137569501779494,1092,48
924,0.7989689328598719,0.1102676450734408,2262,40
925,0.7214853238395065,0.12378851089987827,2080,43
926,0.8909829789747613,0.0803434518685849,2729,37
927,1.0646135815711206,0.07430503234700322,3123,31
928,0.854499300275437,0.06250818673380505,3021,42
929,0.7617900104457437,0.11942800847582541,2209,41
930,0.7883352732590696,0.0823297839347274,2731,40
931,0.8312208989344362,0.08235664108444886,2974,39
932,1.0294554605583872,0.14246035025056009,2209,35
933,1.094433116815936,0.11909608862471344,2776,31
934,0.5725671177657728,0.1355331921504784,1469,48
935,0.954833626031248,0.10797886588360447,2425,39
936,1.104857565727825,0.12874222611734745,2599,30
937,0.9179155679913035,0.09496648375756028,2789,35
938,0.7464327727275191,0.09354733389853206,2520,42
939,0.6651460362829904,0.08472868460281173,2472,46
940,0.6059552278875585,0.10632919268842196,1838,49
941,0.9618739672049514,0.12447132929474977,2520,35
942,0.5587652634257164,0.11331670825683808,1414,49
943,0.9488605808577483,0.09109444275346923,2762,38
944,0.594752390714719,0.10089972530493076,2096,49
945,1.2746704610534194,0.09270697361361421,3092,28
946,0.6123194349766736,0.0873288449513101,2262,49
947,0.6541590221551479,0.12572683860697237,1832,47
948,1.0317753084068324,0.13895140263838626,2204,37
949,0.716399479340566,0.10368104443513798,2165,46
950,1.0961921518765598,0.11947101909188912,2626,34
951,0.6981155686868514,0.1164457060376363,2022,49
952,0.4861491452983206,0.12350006472301733,1118,49
953,0.9407030468081877,0.11632389580044643,2349,33
954,1.1598446198656487,0.10038147147962764,3041,31
955,0.6999489543512665,0.12665711349414863,1823,49
956,0.5779319327673272,0.12093734197726623,1476,49
957,0.4944250195300967,0.11374752820297339,1321,49
958,0.8809734795937784,0.08287130284843519,2850,40
959,1.010350759193835,0.10307612121972502,2442,37
960,0.890212824228165,0.08527599033071079,2575,35
961,0.9299653142333658,0.07875111130107985,3047,36
962,0.5826150487789513,0.09484340347209771,2077,49
963,0.7037888942418153,0.10143483560033678,2264,48
964,0.6901195686515966,0.06802704042045245,2742,48
965,0.59456780323743,0.10780915431648186,1882,49
966,0.6271426379486962,0.08570287583076008,2125,49
967,0.8021454372393073,0.13518629446357847,2048,36
968,0.6783507756186998,0.11965157371800683,1977,44
969,0.5252142093515357,0.14212647743245177,1174,49
970,0.7594756772021485,0.10828263430695007,2075,49
971,0.6309339783152107,0.1334216222173469,1715,49
972,0.6179834491991018,0.09821424542364175,2009,49
973,0.979415870049526,0.1451771428917903,2174,33
974,0.5489522938444118,0.07651081566670823,1920,49
975,0.6011983797964685,0.08466741594794036,2364,49
976,0.8954706852171743,0.12317562931621713,2229,38
977,0.7449383431427545,0.05669604409554206,3038,48
978,0.6799599006141547,0.09574070924122348,2539,45
979,1.2118987898225733,0.08315574130258702,3032,27
980,0.9190056233755273,0.08415942214489536,2760,39
981,1.2950791892491678,0.12193187423440846,2605,28
982,0.8123048829628285,0.09497539057605507,2748,37
983,0.7577994263303431,0.09853333694408464,2111,44
984,0.8612649939467178,0.07288046049211412,3052,40
985,0.7020496145703601,0.11505840287969425,2069,43
986,0.8280200904600568,0.11120268079418226,2345,39
987,0.9474327375337278,0.07846201899994668,2937,37
988,0.6248272776937077,0.1276742364420091,1539,49
989,0.7101047840370033,0.13386560323142754,1693,49
990,0.5068920202361487,0.1155691963550371,1117,49
991,0.7168850661288058,0.08058503229059952,2509,45
992,1.0690678470783443,0.08933983159146236,2835,30
993,1.1928404830465,0.1501167036501869,2586,25
994,0.8717817585304897,0.0731921029000735,2855,38
995,0.6137105918292294,0.07155685686536642,2334,49
996,0.7286854654062924,0.1408165403528352,1704,48
997,0.8138352427835922,0.1425674542111301,1774,41
998,0.8553612015508807,0.05856301156954365,3348,39
999,1.0059746477280298,0.08514659282534602,2673,35
1000,1.1172672659441794,0.13041103660974193,2520,29
1001,1.008347339488898,0.13971963684996333,2104,36
1002,1.1180517737638815,0.10074068318357983,2712,33
1003,0.5210117871629302,0.12488458368795945,1285,49
1004,0.6297104723992536,0.0893700755178278,2125,48
1005,0.9174296531038081,0.10027474488628883,2655,38
1006,0.8397905590371664,0.07349128550967056,2970,39
1007,0.5763779964436357,0.104379271222108,1891,49
1008,0.4230615318759985,0.08526871761046015,1220,49
1009,0.5720457202009023,0.11268249350040827,1362,49
1010,0.7329702185390428,0.09536302309764426,2138,46
1011,0.8796318650013831,0.07421960412853408,2993,41
1012,0.8656591474139749,0.16651324130487283,1786,42
1013,0.8081241017654446,0.0932370173471887,2732,41
1014,0.5033438327693758,0.10102304402084261,1534,49
1015,0.9142738443229755,0.05888299082809268,3281,38
1016,0.8996216141563469,0.12425859461560901,2289,39
1017,1.0865166024821828,0.0922153813915722,2824,32
1018,1.0563956078823122,0.0825162242522441,2939,35
1019,1.5599770789169927,0.10627741808061388,3046,24
1020,0.6531929495552962,0.0790697073816565,2313,49
1021,0.859947166360943,0.09572591418132201,2344,43
1022,1.2246994517873466,0.1298512074498885,2664,28
1023,0.7551357414903137,0.068210457108697,2946,47
1024,0.6044915198962073,0.11184748153963078,1731,49
1025,0.6636117001747931,0.08849852480622507,2357,49
1026,0.9876909063828366,0.05477394654306188,3087,39
1027,0.7552928304669978,0.10640792392865385,2203,44
1028,0.5211087317864551,0.1284232839599066,1393,49
1029,0.6953333841400609,0.07873165770521333,2430,49
1030,0.6452776068779799,0.10207481210636686,1752,48
1031,0.8753276077633962,0.062107361186874994,3209,41
1032,0.8263437292249207,0.08400688343563653,2658,40
1033,0.7687771511394671,0.16647097953689474,1550,42
1034,0.9132287201060719,0.09092533218194146,2746,36
1035,1.1390377558527351,0.1094837417761788,2893,31
1036,0.8779761222948923,0.056423206404159196,3319,37
1037,0.8513673376285827,0.13851737918214352,1929,37
1038,0.6542180053803008,0.10009691191823625,2170,49
1039,0.7439871254525864,0.048559150705541614,3320,47
1040,0.726090457494674,0.08680591074681934,2450,48
1041,1.309119034477619,0.12105707178362833,2873,24
1042,0.9262640938032771,0.08080698953354076,3016,35
1043,0.7944652830197783,0.08575105320884172,2783,42
1044,0.9227420339605479,0.12018623862662348,2454,36
1045,1.2074235062114145,0.10350576069733024,2749,29
1046,0.7137641936098531,0.08114602586078544,2589,44
1047,1.0390343894852125,0.13443734126547377,2505,31
1048,1.157589411594283,0.0859789872330195,2863,29
1049,1.1496011455907615,0.08576461916677175,3054,31
1050,0.8290571375622156,0.13040011596986273,2080,40
1051,0.7166710259406416,0.09045636727937237,2339,45
1052,0.7088626273490743,0.12307407949619881,2082,42
1053,0.8956638363728578,0.0918419916943396,2801,37
1054,0.5010435949149847,0.08804518875320327,1664,49
1055,0.8599198365772955,0.05806758633940155,3155,42
1056,0.5073706172487519,0.12964421941938886,1200,49
1057,0.8356587724850089,0.10413648221896489,2577,39
1058,0.9539149838148897,0.09671823893991065,2690,39
1059,0.7901425376240032,0.1994937725583322,1354,48
1060,0.7319107967538179,0.10629843946768024,2276,45
1061,0.7916783541376445,0.13578378464938362,1932,40
1062,0.6302693734466754,0.087607166094136,2107,49
1063,0.6539920381131794,0.11439873159153406,1922,47
1064,0.8486484386652657,0.11926441854021883,2147,40
1065,0.5627775049397848,0.1374342036477035,1283,49
1066,1.026882015287472,0.12459626774709968,2517,33
1067,0.6006167050402216,0.09528088467955495,1862,49
1068,0.8677402262889733,0.13190507266351367,2220,38
1069,0.9008268696796891,0.1164630148849294,2319,36
1070,0.9174002917986761,0.07446706920576568,3032,40
1071,0.7190991254921737,0.12298438692230336,1952,49
1072,0.8042503462291154,0.11737650137355829,2044,44
1073,1.1647955774031857,0.09501817374935781,2899,31
1074,0.6554245582069151,0.09275182364678457,2423,48
1075,0.678404342042404,0.2333315059091929,934,45
1076,0.5006798952195914,0.12224965347881064,1303,49
1077,0.7301927425004127,0.07553670081833092,2354,44
1078,0.9398889553377624,0.09863211712342482,2453,38
1079,0.5683027009617925,0.08162882029671592,2268,49
1080,0.7934107031089528,0.10085244902310755,2279,42
1081,0.38295430615008763,0.13453471714707094,566,48
1082,1.0452993534827408,0.08153767642494476,2952,32
1083,0.8048937781412233,0.08860154202121522,2646,38
1084,1.0578107746895635,0.11730861759946744,2456,29
1085,0.9479178265646393,0.1277021425389639,2375,36
1086,1.20188026892691,0.08009584785613719,3116,32
1087,0.4172299316808092,0.10215454251146681,1127,49
1088,0.7440684403267928,0.09325856623472321,2373,48
1089,1.0638172292532424,0.08812124381193469,2759,33
1090,0.8007960144416739,0.1055113085317826,2329,39
1091,1.0691163542046696,0.11015787505573,2741,31
1092,0.6654064008701603,0.07474714277041937,2473,48
1093,0.5973175335534148,0.05062883440656067,2747,49
1094,1.0218389656167295,0.08786261577850582,2836,38
1095,0.8946556855242169,0.11438874395189177,2320,37
1096,1.0475860158608707,0.08438326670085158,3003,32
1097,0.7587703578278622,0.09895005722828959,2332,43
1098,0.6491033482980608,0.11957675701480935,1943,49
1099,0.6647489062405819,0.07552820351043908,2421,48
1100,0.8712095746812033,0.08752579378635439,2767,40
1101,0.8611375096280883,0.09262080508352627,2606,38
1102,0.48833285997204384,0.10794250501751368,1246,49
1103,0.7974856226588795,0.1242364870339963,1945,42
1104,0.9062547836535139,0.08815134204062001,2864,38
1105,0.84190612110526,0.09683747365439127,2615,37
1106,0.8027072017790112,0.12141224762401094,1979,38
1107,0.8558645562091214,0.1007210685681442,2308,42
1108,0.8084765620722241,0.07773380072460259,2798,41
1109,0.6585873446322975,0.07202220685064308,2616,49
1110,0.5027984359862535,0.16212473953413087,1001,49
1111,0.8201839676712399,0.06995809039144865,3024,39
1112,0.893659292277986,0.1499469893066537,1535,36
1113,0.6487501739826734,0.07866090292155278,2265,49
1114,0.8475776425906378,0.12691873410993418,2179,44
1115,1.0492948175838104,0.10027248166878365,2746,31
1116,0.5993215092468767,0.09495694151969172,1966,49
1117,1.0621814260171862,0.10563598830458615,2794,29
1118,0.645569130185206,0.08872712480354582,2372,48
1119,1.4458891222352273,0.11725618371687221,3119,23
1120,0.5166535136855125,0.0858984416559734,1799,49
1121,1.2314608296191216,0.10644713311956895,3122,27
1122,0.5653344119437181,0.12395515790739063,1628,48
1123,0.7320942482807425,0.08850368840476563,2483,46
1124,0.7766787357108933,0.08544774861119708,2495,44
1125,1.925581874824242,0.10166601258615808,3277,22
1126,0.7719420794306053,0.08238328564198913,2807,43
1127,0.7108919305739031,0.10273508737375853,2079,48
1128,0.8998239498333731,0.09831448156666227,2569,36
1129,0.955756319589832,0.056377579883227044,3228,37
1130,1.2477176751845416,0.11397426749889059,2764,29
1131,1.305972490194407,0.0797191237993139,3266,29
1132,0.7067052685754431,0.09952407721377864,2244,47
1133,0.7552052919602608,0.11636661787646593,2044,49
1134,0.874922332894325,0.09771097061510277,2506,40
1135,0.6631630506485411,0.11162445047472705,1953,46
1136,0.7802144544261546,0.06416325743162248,2768,47
1137,0.6679099946231203,0.06934099300044008,2543,49
1138,0.8777205066943106,0.0805506749945919,3004,41
1139,1.1605114935631042,0.09963825522538514,2632,32
1140,0.7411771841269887,0.12537034928507013,1980,48
1141,0.9280513189437521,0.12942960945539336,2234,36
1142,0.7900895961432073,0.07783246256399547,2794,43
1143,0.55898683739788,0.1037231893205916,1789,49
1144,0.842639760220256,0.10055919885211843,2099,39
1145,1.2972605047284993,0.14268926280137337,2697,24
1146,0.8514852802400232,0.11271090124114679,2101,40
1147,0.9259416218117907,0.07600841810489639,2958,39
1148,1.595970185576801,0.13196226310012726,3060,22
1149,0.9747938613946134,0.09719061657509279,2710,36
1150,0.9241116406583267,0.07785486364058009,2854,38
1151,0.5101871213366881,0.09870886648172941,1625,49
1152,0.6614709062139165,0.09196348906160492,2169,49
1153,0.746827070421963,0.11710130916031086,1770,49
1154,0.9881118564145681,0.08640460981450533,3065,33
1155,0.8169217319610307,0.07160593905807307,2897,38
1156,0.469122484597682,0.11651957298888954,1282,49
1157,0.6830945380671993,0.07414453720468954,2605,49
1158,0.7758440942018405,0.07311077773753183,2772,46
1159,0.5795118741460313,0.14247139379428989,1301,49
1160,1.0353081809847213,0.1125490458704461,2663,33
1161,1.1206439779687178,0.1006736821770721,3021,29
1162,0.8740763798804451,0.1509336459862456,1720,34
1163,1.3458706122453061,0.09473614212280884,2994,30
1164,0.7897159331445848,0.08315938637534381,2593,43
1165,1.1430941196309852,0.11442072885744678,2765,29
1166,0.7859771652711931,0.11399604980145006,2202,44
1167,0.69190027622546,0.09421886104469973,2240,47
1168,0.4471432210734148,0.07064357791089322,1546,49
1169,1.0579885751123677,0.10349255356078801,2835,31
1170,0.6762644412435123,0.1141392499347783,1985,46
1171,0.7768688760994755,0.0890600759725507,2413,46
1172,0.6954965659036325,0.18329657071053196,1235,44
1173,0.6423861223741223,0.08458329755763284,2492,49
1174,0.697943079453082,0.11070182818348409,1873,48
1175,0.8467031061845997,0.11026801674617757,2265,43
1176,0.6852138368393776,0.11167673983874608,2056,48
1177,0.6045996455202948,0.09665854258558679,1891,48
1178,0.6533455547138547,0.14847487644647164,1566,48
1179,0.9612853804216264,0.06971290157459331,3073,39
1180,0.9829013112986325,0.10221627229023905,2506,37
1181,0.6498027859990788,0.1262660826393553,1624,49
1182,0.6436658821869718,0.08807764941182797,2221,49
1183,0.8568495262279637,0.08601898610747456,2676,41
1184,0.569047472382224,0.08144927229524948,1848,49
1185,0.8308346803884369,0.07388950001754095,2807,45
1186,1.0113532888924581,0.12952074376326178,2615,28
1187,0.7893634199349963,0.0945743922319724,2520,41
1188,0.5766361525802518,0.0862244773656575,1969,48
1189,0.7735922579284906,0.12168413987961389,2118,44
1190,0.6013220607055587,0.08986029022930414,2235,49
1191,0.5026225999363325,0.09526705084432602,1505,49
1192,0.6121145784421603,0.09882565354231164,1990,49
1193,1.0922129564364673,0.105668773993574,2856,31
1194,0.8755360880657059,0.07327753833355488,2994,39
1195,0.5506525564130819,0.10583572502930785,1791,49
1196,0.6307372499393946,0.07409830567365633,2414,49
1197,0.9392543281993444,0.1261830854722192,2500,32
1198,0.6880200496879507,0.08625293450720359,2614,47
1199,0.9967038513426411,0.10939088075558623,2571,32
1200,1.0985594432284695,0.07455527923474332,3081,33
1201,0.8385514214789888,0.11031580886746442,2323,40
1202,0.6937893569356834,0.11580175929252422,1958,49
1203,0.892616901083073,0.1152972177500333,2436,38
1204,0.6873056155570233,0.16670683570163808,1411,47
1205,1.1851151173447818,0.11977135310985576,2669,31
1206,0.7333673274390349,0.07966120623811082,2444,49
1207,0.7215525984302322,0.09031010851172672,2411,46
1208,0.8774930205236238,0.13201754218031245,2094,37
1209,0.8079685383522872,0.11481378453292988,2281,40
1210,0.824827047527772,0.08071658459853784,2571,37
1211,0.5091965781150942,0.09681413073819335,1477,49
1212,0.45583266881527956,0.07165500850021408,1607,49
1213,0.7526484481248001,0.08084488725184118,2733,46
1214,0.6800552721696336,0.10842281279301698,2180,44
1215,0.8446182463075339,0.10940331025593207,2247,43
1216,1.0165934871597697,0.08454327922203576,3047,30
1217,0.8555141914736933,0.08994664561906665,2766,39
1218,0.6705176700643961,0.116546606958798,2018,47
1219,0.5044446193682973,0.075641613155601,2111,49
1220,0.3922810629687235,0.16889196650036073,422,44
1221,0.7284018291201398,0.09917008348766623,2348,48
1222,1.024633221426133,0.07895410737530487,3127,32
1223,1.0424891413738842,0.0715466008220414,3168,32
1224,1.4846264882146225,0.08381955218099668,3395,25
1225,0.9754482456925175,0.09186473820345245,2910,36
1226,0.8802847524682029,0.14397550205399576,1939,33
1227,0.9107962584382501,0.10167265041379389,2651,36
1228,0.45629878055739376,0.08886262863312414,1507,49
1229,0.6975311330557605,0.08727745572455209,2495,46
1230,0.9314939854125892,0.06937655168538512,3174,37
1231,0.8218468515777858,0.1451484772248005,2043,40
1232,0.9204615569089403,0.11235837485405918,2511,37
1233,0.8506318247827036,0.10416427952689948,2355,44
1234,0.7669764754375132,0.07638913373657727,2771,43
1235,0.7203520089071508,0.07913669326851133,2684,46
1236,0.8258773513231187,0.11625974835309447,2219,37
1237,0.8858500561753155,0.09027341318159712,2531,42
1238,1.263584515738101,0.10856988342292612,2891,28
1239,0.8280840634812043,0.0972670171371452,2669,38
1240,0.7787206255190179,0.1003242061845169,2428,42
1241,0.7974213400662159,0.10464507789852244,2320,41
1242,0.9462511931020594,0.15624211236764318,2115,35
1243,0.6383524440926687,0.07887406150546145,2472,49
1244,1.1527100885119852,0.10297335952964343,2812,29
1245,0.7166536253672875,0.0855257315125271,2538,44
1246,0.8742308764159858,0.06855609616689165,3116,39
1247,0.7327071180813938,0.11072053489096143,2242,41
1248,0.6701305040687102,0.05925116671079782,2983,48
1249,1.0352336480125215,0.09021004520711498,2722,36
1250,0.5519354072126137,0.0830025619371371,1882,49
1251,0.8411859590002775,0.1012941542729237,2302,42
1252,0.5126018883368096,0.11406639229268405,1302,49
1253,0.521203733717045,0.1446464935608627,1012,48
1254,0.8655273878646974,0.14866434215177993,1997,38
1255,0.9887477020115933,0.12614631821199182,2393,33
1256,0.9887067325676528,0.08704332191938458,2954,34
1257,0.6181083008577617,0.09340630509405085,2063,49
1258,1.260614738128723,0.12322187580828148,2663,27
1259,0.8061523606476878,0.08375749450609632,2471,43
1260,0.6880422904861843,0.13980209810144947,1890,45
1261,0.8666616197645866,0.11650905838912277,2200,38
1262,0.8190052424730548,0.10220440863149417,2503,38
1263,0.6302924424174647,0.11138804695769806,1870,49
1264,0.9606007358219066,0.11584553760720254,2175,36
1265,0.7505150821473738,0.10372846301393035,2298,45
1266,0.6449190767046251,0.10464751225466537,1936,47
1267,0.5196818155483124,0.14274171300298685,1057,49
1268,1.0262661258483141,0.11715656467672564,2703,31
1269,0.7585777683209303,0.09550421289731265,2295,46
1270,0.6251600346591574,0.038866824871469786,2967,49
1271,0.776731040993691,0.12316772596921287,2232,41
1272,0.733705016311835,0.06294272345542555,2998,47
1273,1.2444172294392564,0.06554956399530684,3279,30
1274,0.9388034063543028,0.11330864437186547,2539,36
1275,0.7409460669871581,0.17627136889127476,1362,41
1276,0.5146029053289848,0.09025240415275682,1660,49
1277,0.6993485395104527,0.0871626346824387,2528,49
1278,0.7836827878328384,0.1130767348823257,2305,42
1279,0.781324355902985,0.07839780807266551,2616,46
1280,0.847053636411224,0.07319278666936857,2839,39
1281,0.7027662722222501,0.08274068036712684,2707,42
1282,0.8193656040293424,0.09686229655053155,2340,41
1283,0.7674949881258232,0.1072379034094958,1996,41
1284,0.5714256486248971,0.04598884181250623,2748,49
1285,0.4821207595931435,0.11157018931366804,1176,49
1286,0.8413199350835331,0.09452549176054362,2404,40
1287,0.779518452565623,0.0861340646929822,2747,41
1288,0.6636839381400154,0.09778058005959184,2105,49
1289,0.8127725577670072,0.10812497839481935,2502,38
1290,0.7583483763325467,0.11328239991809644,1928,47
1291,0.5821927252351932,0.16426846180025745,1277,49
1292,0.7729549117380876,0.0931837719882257,2356,48
1293,0.7046251457687491,0.0763199271682734,2655,47
1294,0.6123527273617062,0.0946401892583115,2199,49
1295,0.6457337090237204,0.0834783383302193,2441,48
1296,1.0542244185291816,0.08676137767464794,2953,33
1297,0.8517673420176662,0.0794351285402611,2756,39
1298,0.8983446269074559,0.12653631549381997,2465,35
1299,0.8435857830249022,0.10954426230233859,2373,40
1300,0.8474720277162531,0.11594594247479999,2250,42
1301,0.5501796824082865,0.11951138875717915,1531,48
1302,0.7900927086730224,0.08573621253802566,2400,44
1303,0.9688861698961897,0.13405243447042586,2376,33
1304,1.1418654838079547,0.09911812647064674,2836,32
1305,0.7961150263473867,0.09411364301988029,2538,42
1306,0.7467683963046465,0.14278695555625642,1550,44
1307,1.3272522737270473,0.08626951782470478,3090,28
1308,0.7876430331959328,0.10232843937768318,2467,42
1309,0.537526874962233,0.12157730735767033,1623,49
1310,0.7827365682424567,0.07219305558976927,2907,41
1311,0.9875046578794283,0.1100075539146276,2635,32
1312,0.41220828163219664,0.130443922128517,775,49
1313,0.6743373690543464,0.11620614893141122,1721,46
1314,1.0272540399065062,0.11349654109473692,2508,36
1315,1.1434097511433015,0.12576171066198133,2456,30
1316,0.6206832615624753,0.11053008808200807,1929,48
1317,0.7977832351299212,0.09158711947298509,2481,42
1318,0.6557428204387018,0.10776675470174005,1951,49
1319,0.6926949331927555,0.07815248185774445,2139,49
1320,0.5354102204630822,0.1157601754229961,1524,49
1321,0.6430161375432242,0.13899878152919615,1716,47
1322,0.824959684764895,0.10205125417106746,2502,39
1323,0.5528496069304211,0.12223673766898753,1472,48
1324,0.6403180433244782,0.09957951429132389,2049,49
1325,1.0307664844517292,0.16845237725399925,2136,31
1326,1.5078670813251822,0.1288331890213347,2978,22
1327,0.7892770783836015,0.07992075936784114,2798,41
1328,0.5948088612325503,0.12577135733149497,1789,49
1329,1.0181165911082466,0.15053364512751538,2372,31
1330,0.9912454688802556,0.11291831134205801,2570,34
1331,0.8573302016955013,0.09021146912454774,2631,38
1332,0.8206970495827273,0.08908403470875804,2584,44
1333,0.7529448028259885,0.19903952051926005,1214,42
1334,1.202630340648991,0.12454949156333592,2822,28
1335,1.023237833436398,0.07859911044555282,3064,38
1336,0.6519977038374665,0.0994799561344495,2131,49
1337,0.6832710649926252,0.10145791849585512,2251,46
1338,0.873163108181441,0.06143955674262858,3202,37
1339,0.7955199424109309,0.11841398279628215,2203,40
1340,0.735845844884119,0.11354791902433027,2057,45
1341,0.5993860013117154,0.10346039162007427,2111,48
1342,0.6648811435676015,0.11337027098152055,2088,44
1343,0.6733964057324932,0.11102795552727268,2096,41
1344,0.9682274680301349,0.10635457289713114,2589,35
1345,0.6683701118219385,0.08427079635872722,2368,49
1346,0.7292762987856274,0.0902884687055312,2536,45
1347,0.7234600352516571,0.09841069045731793,2096,49
1348,1.0216455744988813,0.07841875655201413,3217,35
1349,0.7127426976407154,0.050314680861768296,3224,49
1350,0.7148838886094333,0.10638288654125133,2227,46
1351,0.6690751645594544,0.09895108515104675,2243,49
1352,0.7315112822557983,0.0778436690028638,2659,48
1353,0.7526187002008844,0.09850802469091367,2315,44
1354,0.5630871429878581,0.06132535247942306,2675,49
1355,0.6290095298515459,0.0937621701972269,2083,49
1356,1.1149687825784178,0.08053749278214763,3207,31
1357,0.9373947242847724,0.18222339269593446,1409,35
1358,0.7755834467534841,0.10219715927810617,2055,42
1359,0.8469080145600882,0.11981585103664089,2292,35
1360,1.0623607838011062,0.11129732233695135,2638,32
1361,1.2045610721029845,0.14671827041232566,2440,27
1362,0.6014254546961558,0.10188949660112778,1930,49
1363,0.8113957126466729,0.1006177462459683,2465,43
1364,0.9338187387352401,0.0846979217096858,2797,38
1365,0.9392417066162173,0.10710407340111626,2593,35
1366,0.6998284748577654,0.09243785619613218,2400,46
1367,1.0576496355860154,0.0941711428818538,3020,30
1368,0.9061184885431769,0.13021326367004232,2099,36
1369,1.3495008238672903,0.11827708429425145,2682,26
1370,0.8646089431193185,0.09456092241314124,2754,39
1371,0.47177657380830107,0.11031000394685256,1256,49
1372,1.1285846598115339,0.12180433538837028,2746,28
1373,0.8827527042481614,0.11637191813003797,2273,40
1374,0.9400703130816646,0.13601554426177181,2334,31
1375,0.8488773785130289,0.09033174545646841,2631,43
1376,0.8850096849909019,0.1234759592878418,2333,35
1377,0.7533495552822951,0.12110897972620858,2150,49
1378,0.627098748112609,0.12042853790735807,1898,49
1379,0.8534162040079281,0.06560319934230302,3047,42
1380,1.3850090860445035,0.07286985136260987,3451,26
1381,0.641576365169163,0.1007897641238016,1935,49
1382,0.9306005163219726,0.08834094824167707,2721,39
1383,0.8122058835848014,0.07822725826094803,2867,43
1384,0.7822441167135539,0.09794516145752186,2589,42
1385,1.1650266069726383,0.1069572117051936,2724,28
1386,1.0909401785831463,0.07985622275143098,2814,36
1387,0.6019309988256368,0.2053766506583007,883,48
1388,1.4307663322347617,0.08407447388123436,3475,25
1389,1.1287294225194204,0.11083136812594258,2866,28
1390,0.7716011537089785,0.08178843307547315,2791,41
1391,0.841206267401833,0.06646903505191462,2958,39
1392,0.8790982454762125,0.12764797832975222,2002,44
1393,0.5622367616289968,0.1069656781185966,1503,49
1394,0.8804787368508777,0.07139250351314902,2899,40
1395,1.2185381964052486,0.14537546926890746,2651,27
1396,0.5623907947275143,0.08696139385021662,2134,49
1397,0.7618245109527773,0.14373945804181734,1837,42
1398,0.5737500983651486,0.1148555419379893,1677,49
1399,0.7556913326765493,0.1687140782716967,1338,44
1400,1.1262144371245904,0.05817928955960017,3476,32
1401,0.7201679162206054,0.08865003534287876,2398,44
1402,0.8362566448446961,0.09283469605040905,2790,38
1403,1.1940750946385417,0.08565322185274288,3163,28
1404,1.054961415081884,0.107773349399937,2592,34
1405,0.852937944853303,0.12028268049208753,2133,40
1406,1.017301992622266,0.11346424233415411,2584,34
1407,1.1045339405227317,0.07745816918293344,3038,33
1408,0.45394519411268336,0.0677049704795204,1825,49
1409,0.6883421742544857,0.07453089893647144,2538,49
1410,0.8889896971425252,0.13625711545425062,2162,35
1411,1.063009832249868,0.09464581335206769,2737,33
1412,0.9336265946850929,0.08684010737712115,2732,39
1413,1.1804307409961683,0.13652752816439914,2438,29
1414,0.5666199888047788,0.06461300850704539,2473,49
1415,0.5888739875562323,0.1466563438040216,1403,45
1416,0.866084337178283,0.13813988526270332,2140,38
1417,1.085614972374937,0.10103161794544946,2761,33
1418,0.6147856570199486,0.09498069866681137,2118,49
1419,0.8729970924853809,0.08372198191898386,2615,41
1420,0.8460922752806829,0.1298021625700631,2186,38
1421,0.9699542580096346,0.11097416539042404,2607,34
1422,0.987385996837436,0.06340620436305074,3308,37
1423,0.5966589536194509,0.14825318768300566,1175,49
1424,0.5288571393573986,0.07667719573818967,1870,49
1425,0.9758863059982443,0.13418423814260613,2032,36
1426,0.4569620609493554,0.16838051616081867,718,49
1427,0.4624748608202798,0.11859469982041919,924,49
1428,0.6157910721389273,0.09119437028176433,2082,47
1429,0.906595391970524,0.12403201355131377,2268,38
1430,1.245562068874653,0.06726600153733987,3411,29
1431,0.7692251662588092,0.12227377203023454,2151,43
1432,0.6765759321914506,0.12206238626855316,1851,49
1433,0.4408791316308769,0.1704081614438342,636,49
1434,1.1451932361089057,0.07627103737385926,3174,31
1435,0.7995350375056989,0.07558349428623136,2857,43
1436,0.7580587847457854,0.17428343181583003,1353,38
1437,1.1304926820015513,0.11756643629241961,2845,29
1438,0.5338345249977771,0.12025790167366354,1168,49
1439,0.8088795394013658,0.1057030926157809,2503,40
1440,0.7441651029179,0.11133173717803244,2043,41
1441,0.7803568831019065,0.04784170322857168,3231,45
1442,1.0950653600118585,0.06864805359182007,3098,32
1443,1.3433517982165277,0.09231242949975943,3173,25
1444,0.8252180848716815,0.12728124996918894,2284,38
1445,0.8239447540183773,0.0827781242414935,2825,37
1446,0.6731768539262175,0.10257377324226907,1894,48
1447,0.8688338282693315,0.0707497159056138,3004,42
1448,0.7706792331486869,0.10276707738304001,2013,43
1449,1.0335433618760945,0.07292866536953692,2905,33
1450,0.8721002040370578,0.11083243546460546,2256,38
1451,0.7868436253085431,0.16246286360446774,1724,39
1452,0.9502465308959289,0.08782833319783692,2762,36
1453,1.0141378881394996,0.0925072715482022,2539,36
1454,1.083518364397818,0.0841982197406484,3066,30
1455,1.0352090530398457,0.11293726985908098,2491,35
1456,0.6878833456376698,0.1365595766782604,1662,48
1457,0.8882935755273329,0.10810161403159818,2519,39
1458,0.7122551119464383,0.0704478516607236,2776,49
1459,0.6010412002815327,0.11049892665841103,1775,49
1460,0.5876759175573759,0.08981733785867241,2055,49
1461,0.8951933934358942,0.07916238815664588,2723,43
1462,0.9555889050172196,0.08744390492834939,2790,38
1463,0.7898669052375554,0.1241736753927463,1999,42
1464,0.674497202786366,0.09061681591231485,2122,49
1465,0.813332600608827,0.13702956774048103,2112,40
1466,0.9214147050548606,0.08391188141379913,2708,37
1467,1.0434896103388438,0.08897171151968783,2849,38
1468,0.7474813670386361,0.07943478202446755,2900,44
1469,0.7644463513668047,0.08255765590283244,2619,38
1470,0.9618310709110744,0.12365066324021869,2083,38
1471,0.9355821987772623,0.09290238424285177,2692,37
1472,0.6863825805744639,0.10640557608400623,2167,44
1473,0.6911971646782944,0.07732494915331416,2504,48
1474,1.0140307395572739,0.07267131758861928,2684,36
1475,0.7712027959081188,0.07293172929096571,2676,47
1476,0.9752892395431186,0.09690455406224434,2605,37
1477,0.7878664202008554,0.07626287281061025,2891,44
1478,1.1830302651582232,0.13593394642720105,2420,28
1479,0.568718681997311,0.05712192726922224,2398,49
1480,1.2176212509628326,0.09664458567734975,2956,29
1481,0.857835465658676,0.06827208601144105,3074,41
1482,0.6106823932406263,0.09452746309101409,1983,49
1483,0.9790019270449115,0.10268832676089373,2686,35
1484,0.7089231344638627,0.09267112901782688,2266,47
1485,0.769219494599426,0.0702626864181649,2758,43
1486,0.5324770485482447,0.11679965643214157,1242,49
1487,0.9033180140765518,0.08700080296099161,2747,41
1488,1.003684017504649,0.08524378567686859,3012,34
1489,0.8644590597922697,0.1097870901764833,2459,39
1490,0.4110854009402891,0.0779832972436013,1291,49
1491,0.795748885914977,0.1091436984475951,2182,42
1492,1.1045115513654946,0.12101808491723048,2589,29
1493,1.5615264802313114,0.06862259203674399,3714,24
1494,0.7887991539273653,0.08428414656866079,2432,46
1495,0.6321338460241384,0.06738138702681473,2389,49
1496,0.8407190902572826,0.11637844167159327,2109,45
1497,0.8732951191397988,0.045687021464349956,3505,43
1498,1.0174303632451354,0.15488189671277386,2304,35
1499,0.9209316208696143,0.12644827680472073,2426,36
1500,0.9161538573186658,0.1344376819894131,2028,39
1501,0.6060423294749334,0.1832333075896996,901,47
1502,0.6651939122240063,0.07679520619256129,2383,49
1503,0.9937896994805189,0.13064906891278522,2480,33
1504,0.8544115407353141,0.1009361309400736,2626,42
1505,0.886247199129699,0.05880770440719942,3219,39
1506,0.8831656638726509,0.07853632208658165,2744,41
1507,1.0131694802068951,0.08529431027357072,2944,35
1508,0.8189832641036804,0.09147898653866819,2523,43
1509,0.8960899491658549,0.08078637798574863,2854,39
1510,0.7237313286747188,0.08772466091521197,2460,43
1511,0.6437402500285886,0.13118129042074106,1689,48
1512,0.6105859931179605,0.07676572677230722,2276,49
1513,0.7877231555530136,0.0842341125541117,2632,45
1514,0.8885485322405539,0.0854958257757023,3002,36
1515,0.9972416581243364,0.06117966401024759,2964,39
1516,0.7816299755157448,0.0863505326393852,2630,42
1517,0.7457240746492992,0.10192958513859052,2463,44
1518,0.8578465272843783,0.07679976597375632,2889,38
1519,0.8615168950459705,0.09449498315299751,2676,37
1520,0.753023319010163,0.13694376279786205,1904,40
1521,0.7898744419401258,0.14935182480729164,1865,45
1522,0.5568536495860152,0.08452782586094545,2029,49
1523,0.6153739763688904,0.08588311520284975,2395,49
1524,1.1084614125343875,0.08888263887497502,2841,32
1525,0.8585941268272754,0.10124864304665654,2415,41
1526,0.9937205206463987,0.09619983592436865,2902,32
1527,0.8127327831427676,0.11088605769970941,1935,37
1528,0.5437611227965408,0.07407131266283123,2359,49
1529,0.8445082487602268,0.07119269456972645,3041,40
1530,0.6977883870791861,0.11166778749606353,1901,44
1531,0.7022057603202256,0.08963130573006592,2121,47
1532,0.5803280890615177,0.10659824901120285,1749,45
1533,0.6118027900591939,0.07506966519867643,2338,49
1534,0.8978546566588349,0.0942418325891491,2719,36
1535,0.8666424075876088,0.0835716121300618,2762,39
1536,0.5920451700710536,0.1664117148725437,1129,49
1537,0.5424955088225445,0.10034256647372465,1626,49
1538,0.956632966415105,0.08836080156963137,2700,38
1539,0.698221673898984,0.0781516417890637,2489,48
1540,0.7910350401910164,0.10579337602492747,2206,42
1541,1.2037852381219243,0.09397787799409126,3003,29
1542,0.7464838032101138,0.0766784323310345,2720,45
1543,0.9027032919423303,0.13837541973464362,2191,40
1544,0.5552504521547014,0.08458349698979828,2076,49
1545,0.7193522329879558,0.1116731614809251,2089,44
1546,0.7339506076723609,0.19461788739358593,1205,44
1547,0.8311220170093216,0.07601915542355302,2772,40
1548,0.7791212157957436,0.0726215503197404,2925,42
1549,0.6786095570678199,0.12489783019166101,1599,42
1550,0.7242430877055265,0.10725227835555165,2171,49
1551,0.5008305474469202,0.07047566068788716,1875,49
1552,1.1069405888538268,0.09741632134517147,2802,34
1553,0.892069389330808,0.07010471443035846,3027,41
1554,0.8641548552913209,0.07510085331918766,2956,35
1555,0.805736486886934,0.07233972706102254,2845,46
1556,0.9777634809719133,0.10658063765104339,2462,40
1557,1.1150310176828007,0.079739427939933,3193,30
1558,0.7838247531360656,0.15734404158011694,1915,37
1559,0.8077048260833977,0.1006704291220152,2253,49
1560,0.9279880755527687,0.10215257903558467,2774,35
1561,0.9369533841196478,0.10652670297771878,2636,35
1562,0.8292187170519872,0.09727347512955345,2730,36
1563,0.90337166164872,0.13067432477017402,2249,33
1564,0.7188409460444618,0.16750081470601347,1459,43
1565,0.44333391256532206,0.11248852784884397,953,49
1566,0.34505384212779183,0.10900585978110935,656,49
1567,0.61400295827581,0.10095711974538725,2136,47
1568,0.8630714143636927,0.07061343174271846,3018,40
1569,0.7537522104328265,0.12101031294067098,1770,47
1570,0.749223019116096,0.07426343885543958,2677,45
1571,0.509090845701101,0.10829923706659628,1454,49
1572,0.6764964191341248,0.10848392842373215,2037,44
1573,0.812141123114405,0.09013536863502014,2599,44
1574,1.0509166881082774,0.0943469926802653,2997,31
1575,0.7412400243775676,0.08866959475170483,2562,46
1576,0.8189559020452392,0.07496473421950095,2927,42
1577,0.7263120282541043,0.16874466677570366,1732,42
1578,0.8464494682617273,0.12532829771575177,2276,38
1579,1.1500646499858334,0.10578631082568517,2934,31
1580,0.7617456031038747,0.1249997451090164,2156,43
1581,0.8344972944188018,0.08027938077072919,2757,40
1582,0.721341222387168,0.08591603419262334,2550,45
1583,0.7209625876707723,0.11861882018133824,1962,45
1584,0.5996371507413689,0.1037614190908587,1804,49
1585,0.6137178292041267,0.08806411174573027,2314,49
1586,0.8662485162569061,0.12762027509857915,2055,38
1587,0.7934625578739061,0.07534204170113565,2674,45
1588,0.8307432963129839,0.05559684705306141,3103,43
1589,0.6502801760318965,0.0848323686340409,2517,48
1590,1.1244133824861575,0.10285242883272991,2879,32
1591,0.9512629133452113,0.13662865895647958,2279,34
1592,0.5978483000317109,0.11443250289179378,1614,49
1593,0.5509694639396975,0.09723737821703275,1675,49
1594,0.6298438224978847,0.08467510939953057,2188,49
1595,0.701563200783387,0.09619358684781337,2177,44
1596,0.6746757866429203,0.0795888546682076,2402,49
1597,0.7782569751447922,0.11934641875225467,1861,38
1598,0.955015910194162,0.08432197634675148,2997,36
1599,0.7147238773883228,0.10353195290228982,2016,47
1600,0.952354097835055,0.09474634767794539,2464,34
1601,0.6627786598989274,0.13401726523131488,1934,46
1602,0.6037911344941733,0.10723920198830061,1812,49
1603,0.8305315760764203,0.16767841016418084,1434,36
1604,0.8103951463204547,0.13131081745538964,1878,43
1605,0.8993263950778102,0.09344962977519153,2730,37
1606,0.5707522484898627,0.13811322007201693,1277,46
1607,0.6715156144891583,0.10593970379783241,2040,47
1608,0.9809566762736279,0.1084319368446768,2594,33
1609,1.2462936664284954,0.10677999699172583,2930,27
1610,0.6967440071739679,0.11498372237183443,2050,49
1611,0.8892010009694378,0.09763065266668805,2588,38
1612,0.8951080747876833,0.07982482401830339,2963,37
1613,0.8703222424388631,0.11428524648669099,2517,38
1614,0.8031599650972929,0.10798161506708287,2568,39
1615,0.7421032645461509,0.0902501638921196,2481,46
1616,0.705833211306546,0.12843157910644226,1945,46
1617,0.8934764120679418,0.09818631104779314,2450,41
1618,0.9248967687377242,0.11200170618341346,2657,33
1619,0.8229181080909073,0.14733017094324988,1821,43
1620,0.8819397104493046,0.09657108884404911,2611,38
1621,0.6326783104143772,0.09843007900186704,2122,48
1622,0.8574849058872337,0.1351125070947636,2132,41
1623,0.9621008268133203,0.06851237574854935,3162,37
1624,0.7919598151037086,0.09825871149135969,2488,41
1625,0.735302249694828,0.12447677829791663,1849,45
1626,1.0852543884055845,0.09380492451383897,2746,32
1627,0.6956207239081875,0.07997570932109085,2078,46
1628,0.7129255521888564,0.12232121616841089,1800,43
1629,0.5915889741001229,0.06409001614117614,2318,49
1630,0.6010390056651675,0.08597010575491949,2217,48
1631,0.928958786222196,0.13414773920750564,2239,38
1632,0.8652174202158034,0.11739198851290826,2292,35
1633,0.7782455531279535,0.08925170078683753,2575,44
1634,0.5719618582743066,0.09738427720509234,1899,49
1635,0.7579872048674787,0.11367549153777665,2387,43
1636,0.7602163554824974,0.09194403239156818,2366,47
1637,0.8064752399144235,0.11774612637263228,2152,46
1638,0.595603560415932,0.12738519817299154,1465,47
1639,1.0484967311001507,0.1458224070740767,2011,39
1640,0.8219825319524517,0.13290109503209743,1710,48
1641,0.4929322133222279,0.06868414890485999,1933,49
1642,0.6286029524985839,0.06459110982009361,2720,49
1643,0.5455396769694671,0.09635621954044184,1775,49
1644,0.6390543465378269,0.10731016451388664,1803,48
1645,0.8984512329098201,0.12048310469083298,2013,38
1646,1.115427909311867,0.08254913720415011,3157,33
1647,0.7491855552258945,0.11297342911215418,2026,44
1648,0.5752897922767819,0.09309460282856774,1860,49
1649,0.9459690678712295,0.10454132270657812,2514,38
1650,1.0715594623726454,0.06636153373667819,3315,33
1651,0.6989267114825237,0.12769637110663856,1729,45
1652,0.90169212430361,0.17168378146823388,1927,36
1653,1.1362293874196863,0.08748587726650624,3084,29
1654,0.8697249118726764,0.08750195134176866,2711,41
1655,0.6124935720000628,0.06960868816002916,2433,49
1656,1.1390568068039073,0.07714926101341679,3255,30
1657,0.3833171240650999,0.08125011454636952,1206,49
1658,0.8469193701949242,0.09852181945115326,2495,38
1659,0.8192223839091102,0.08104764847766206,2528,42
1660,0.8435251045555668,0.14254289538997514,1945,37
1661,1.3216262638801242,0.17124895967713785,2214,29
1662,0.8538031241439846,0.12457855559475219,2208,40
1663,0.7431286725296722,0.10780881662064919,2205,43
1664,0.7246296838034778,0.12867623415634594,1838,44
1665,0.6498678423949874,0.1534832922858805,1562,47
1666,1.0084514562762752,0.11103664552395832,2715,33
1667,1.1205298090300349,0.09063524566683695,2960,33
1668,0.573738553587774,0.10038940586798437,1945,49
1669,0.6589782504603678,0.09658414514969317,2114,49
1670,0.6271032053062149,0.1002001336923395,2029,48
1671,0.7247349036864451,0.08772253166582236,2232,48
1672,0.4214995939866432,0.07978970720804306,1412,49
1673,0.8365900134921473,0.10317013612016741,2275,36
1674,0.6885604208268268,0.10509351186228819,2278,44
1675,0.7379875829133107,0.09210768185058918,2649,46
1676,0.9010210117048381,0.09751661071586584,2635,38
1677,0.718872979035893,0.09700188567162527,2470,42
1678,0.65002144546173,0.10155223043937991,2147,47
1679,0.8546929406693433,0.09384343871339834,2480,40
1680,0.8656485647238792,0.10211490729298013,2495,39
1681,0.6353330459021282,0.12437142894642164,1634,49
1682,0.9175166326921722,0.1417481014828584,2158,35
1683,0.9054033747570338,0.06852802247741192,2907,37
1684,0.7194249591610222,0.09047664528799668,2411,43
1685,0.5644912307642573,0.13572110063703488,1381,49
1686,0.5980832010574,0.2714039326272224,476,43
1687,0.8889681656375653,0.10684589115196652,2528,36
1688,0.6399390818544446,0.08456912865508262,2293,49
1689,0.572168103861691,0.07325116722491337,1906,49
1690,0.7972550524406506,0.08492359135621008,2670,43
1691,0.5010263050510966,0.10085900269802628,1578,49
1692,0.774570616429152,0.1284494626131921,2086,42
1693,1.2791068709850801,0.07718449416804843,3156,26
1694,0.5392032120105801,0.13909487297710174,983,49
1695,0.7987184604170325,0.08809974869301757,2728,42
1696,1.1761068131410237,0.08632001069278838,3110,31
1697,1.0573620351476625,0.15487527817943425,2317,31
1698,0.7026955017449925,0.09386028286408662,2300,47
1699,0.5760146766360585,0.07267980518764129,2276,49
1700,0.6426025301846197,0.09583346991441578,2203,49
1701,0.835254093558714,0.08791680582926267,2301,40
1702,0.6656175958502735,0.15000118581787403,1575,48
1703,0.9910188878523486,0.09554363776537399,2590,35
1704,0.6453286763233286,0.06661469058240435,2538,48
1705,0.6239775966520509,0.10763657486691983,2079,48
1706,0.6052979132554066,0.10100778114889783,1856,49
1707,0.7054782811450064,0.07905989191469101,2539,45
1708,1.2272711791510544,0.0883937848906672,3113,29
1709,0.8116071729250743,0.15628347483236282,1704,43
1710,0.8144614340332954,0.10484011163793522,2479,43
1711,1.9396229718325892,0.0853199808441083,3580,19
1712,1.0440265384029992,0.06101071051555481,3370,35
1713,1.0636436762440422,0.08616639735902609,3019,31
1714,0.60578646027638,0.08157305227263052,2104,49
1715,1.173773782843304,0.06781339335903541,3329,31
1716,1.0887618596029325,0.14043597587078113,2517,32
1717,0.9272059325943808,0.19671024451781066,1699,32
1718,0.3402736717855338,0.08346003564880095,866,49
1719,1.207022708173894,0.0849720809621608,3160,31
1720,0.40180085226615125,0.12431655224418547,760,49
1721,0.7569476537430413,0.1583292574155873,1636,42
1722,0.4686271310884669,0.05997298970301306,1797,49
1723,0.7305517278441895,0.09417379529660935,2384,43
1724,1.104875330081107,0.09938964756312554,2862,29
1725,1.0567250924628755,0.09874191908376416,2593,32
1726,0.5818065605188445,0.13374767746464644,1416,47
1727,1.2337836260044797,0.1438327769333565,2383,29
1728,0.7066586627670952,0.09004937030107375,2532,44
1729,0.5234549729722517,0.10188455482214949,1399,49
1730,0.8073843554448744,0.09595008327474289,2425,41
1731,0.757045686659011,0.09018067948952965,2671,44
1732,0.953929204559951,0.09224974873243784,2414,37
1733,0.987045589504198,0.07479271926215858,2942,39
1734,0.9654814859668611,0.11641606262492502,2672,34
1735,0.7053761679107148,0.12924085827437268,1834,45
1736,0.5015431550839697,0.09216709253558364,1629,49
1737,1.1000353950203272,0.08489132909248179,3081,33
1738,0.9077210152024094,0.12481371461847209,2141,38
1739,0.9071095462554233,0.11600578068019779,2446,37
1740,0.7390487921024816,0.10128682510818893,2147,48
1741,0.6353117443228922,0.10356730163546017,1726,47
1742,0.7841281502392667,0.06331946518170604,3018,46
1743,0.8437516907819183,0.129272564040685,1988,40
1744,0.601191522832452,0.12761760888994184,1833,49
1745,0.4957598508484683,0.10211859121316347,1478,49
1746,0.5591133021370874,0.11824701571502537,1474,49
1747,0.8244411097304305,0.115264002146755,2390,39
1748,0.5329147662185455,0.10093392579078883,1493,49
1749,0.965739062852663,0.08855177737655232,3020,34
1750,0.9230106232138523,0.13849314928064582,2334,36
1751,0.6117230893110402,0.11745823888064222,1791,49
1752,1.103800415475578,0.07667795499475238,3103,30
1753,0.9275599220585763,0.07500635083313421,2875,34
1754,0.5766348695493415,0.07294148088207399,2118,49
1755,0.9222289269465802,0.07319168437537069,3005,37
1756,0.6523634737989303,0.07771727306500623,2515,47
1757,0.7106202883138879,0.06358448490500618,2707,48
1758,1.5936043118452152,0.0739471770275777,3538,24
1759,0.7082128152265876,0.0953481654109452,1808,48
1760,0.8795954575277939,0.09278469586474547,2621,38
1761,1.4841131337793154,0.07120858154492185,3411,27
1762,0.8386451705164817,0.10833499690310344,2132,41
1763,1.4288750390181988,0.0972818855915539,3183,25
1764,0.8479088703056968,0.10607397192249103,2435,41
1765,0.5505710753141695,0.08115078720014861,1814,49
1766,0.7647396895717167,0.11094901870339503,2216,41
1767,0.6046042173126515,0.10853182503824708,1781,49
1768,0.8451504493438083,0.0892577508297533,2579,42
1769,0.747148009710219,0.09875653091016932,2239,44
1770,0.526484887033714,0.12552642811247336,1109,49
1771,0.6944680853891041,0.08119169795734639,2652,46
1772,0.7994052614043781,0.10354729083887795,2337,41
1773,0.8992247060564011,0.08622575616958272,2627,36
1774,1.4160273977029396,0.0980694992291278,3205,25
1775,0.7835912250955296,0.1306853435323947,2240,40
1776,0.5784215236769382,0.11729285080488162,1597,49
1777,1.0220320326842915,0.09835271560168762,2865,35
1778,0.7911241437738434,0.09086925473532537,2549,44
1779,0.9033872416517018,0.16308560285326862,1717,38
1780,1.0870521302524059,0.15289743173844855,2255,30
1781,1.113764034881349,0.11344379432116519,2717,29
1782,0.7217136788108158,0.09940929602767275,2071,48
1783,0.9589316458739464,0.090413083272612,2958,35
1784,0.5720490989917022,0.12847035133781168,1380,47
1785,0.9956266242069837,0.1032145689986329,2764,33
1786,0.8249473901296518,0.08687991735514947,2827,38
1787,0.9609696134033937,0.14479880985322485,2060,39
1788,0.7291351455607138,0.07931728468417487,2539,48
1789,0.7264766532238491,0.11026745148090399,1998,46
1790,0.7930162264298696,0.07660215680475149,2913,40
1791,1.034415434036496,0.11041807742878752,2690,33
1792,0.7588653612996246,0.09788467970055556,2473,42
1793,0.8568386226054587,0.11597623814669945,2278,36
1794,0.588095070552473,0.08541878111769843,2005,49
1795,1.0303662721815923,0.07987880337085199,2950,33
1796,0.7121309462042834,0.09457062474650212,2296,49
1797,0.6446122499985075,0.10605448559428228,2073,46
1798,1.0660762688910124,0.1269372401210512,2572,29
1799,1.054811549616117,0.0679211867275987,3281,35
1800,0.71768760538138,0.08917303165174975,2258,47
1801,1.0466969089340799,0.09476489174499587,2874,32
1802,1.1207792159601677,0.08584754088720056,3115,33
1803,0.6059376319944766,0.07139940669824195,2606,49
1804,0.9293218770830641,0.08793660388608818,2825,35
1805,0.8568786325462858,0.14508165049560018,2060,36
1806,0.6903160808471858,0.0920728580265491,2345,46
1807,0.9210382922206788,0.0816834711984576,3073,33
1808,0.5827238199747373,0.08230003806780908,2202,49
1809,0.754258015643063,0.08871746569353507,2649,40
1810,0.4759126157790006,0.10632666226154062,1193,49
1811,0.6831631074729703,0.13230591410390796,1586,47
1812,0.722277689417068,0.11842928450581283,1975,43
1813,0.966228058319064,0.10154928650082648,2228,40
1814,0.5741455935108497,0.1063895931078532,1582,49
1815,0.8800550042772737,0.1005308633314917,2485,42
1816,0.7925641229676079,0.08251473468045456,2624,44
1817,0.8004366458960606,0.10666717946267817,2384,44
1818,0.9351749502281509,0.09774078423832877,2660,37
1819,1.3100481308007461,0.108692579709257,2927,27
1820,0.6383708567442644,0.1047847120817663,2241,49
1821,0.6884363768231072,0.11886577696172372,1973,47
1822,1.027911758201204,0.09159700378252202,2931,31
1823,0.6361149206073543,0.12324292896405016,1765,45
1824,0.8251734489748943,0.09400058454184623,2597,40
1825,0.9805845213187255,0.07637646099431004,2921,40
1826,0.8904817053302918,0.08983297530731899,2722,37
1827,1.1674408804951009,0.12347651256895847,2550,29
1828,0.9592628762545286,0.1286547299831468,2391,34
1829,0.9316183509359971,0.04953126488868523,3351,39
1830,0.5179649981439097,0.08985823596272528,1665,49
1831,0.6909421267004243,0.11318612522204563,2057,46
1832,0.7315809109627639,0.08794200414904849,2622,45
1833,0.46584411641186835,0.052013546692418346,1823,49
1834,0.8289968441242275,0.09356487879529296,2660,41
1835,0.5817504312752771,0.09623965406903481,1696,48
1836,1.2944979975235897,0.11782956320803435,2721,27
1837,0.9230586180452506,0.12494546422734941,2386,35
1838,0.8376249635146091,0.09243533594006684,2622,42
1839,1.4708338579191267,0.06773080970954883,3457,25
1840,0.7668294095392085,0.1453263688202598,1760,39
1841,0.9029172642964409,0.100913911899529,2533,38
1842,1.029645634172684,0.12060524478437207,2531,34
1843,0.9861793913710206,0.13894596637835144,2056,35
1844,0.684833057044514,0.09773498497622544,2219,44
1845,0.7572229592165458,0.07003651649982134,2704,45
1846,0.7128956839195468,0.13261804877922825,1824,44
1847,1.1665110071086242,0.11520436297164495,2616,29
1848,0.5811466945188585,0.08836502769813581,2088,49
1849,0.7691913424441708,0.07545083655199995,2599,45
1850,0.5508015090106381,0.09592122517151938,1656,49
1851,1.286244700534246,0.1425955936014824,2563,26
1852,0.7773369245261184,0.1871232296258334,1372,39
1853,0.415828320906776,0.11180730081141496,1208,49
1854,0.5887361477941175,0.1340046954385568,1678,49
1855,0.8160988681847715,0.12778566055619234,1963,40
1856,0.8336689232826726,0.12629927791343343,1911,38
1857,1.2932974161293076,0.07214136817444351,3501,26
1858,0.5590954820593774,0.1328859087217285,1301,49
1859,0.978973659837977,0.09151525360305288,3025,33
1860,0.7406742735185186,0.11215915135973127,2153,43
1861,0.6574864178762891,0.07909718936511387,2354,48
1862,0.7143174345552085,0.07542579937888899,2470,49
1863,0.8857424282024631,0.13313103256812361,2079,38
1864,0.6548249834945739,0.08343890739582883,2352,48
1865,0.6454352353244199,0.09032796886290936,1908,44
1866,0.740397551385241,0.13233836990630407,1862,47
1867,0.8510454100759356,0.07853923877792238,2800,40
1868,0.9942966409543866,0.08704145283318797,2875,33
1869,0.40714010480732926,0.08048975788784334,1232,49
1870,0.9983934729444331,0.11271816037695237,2492,34
1871,0.7967521478380897,0.08884734743565151,2564,41
1872,0.7081181612014048,0.11742014736851766,2099,46
1873,0.7298447534150737,0.1269362300954915,2027,45
1874,0.7564901700540287,0.16568433921501322,1648,41
1875,0.8570956849808216,0.09152937690456403,2547,39
1876,0.6183352856117028,0.074396476450432,2566,49
1877,0.7242113186186563,0.12131586701278739,1979,46
1878,0.8636491959960351,0.13331121385002626,2209,36
1879,0.6935934672575441,0.11610824706788406,2109,43
1880,0.5993794082165056,0.09294402656956818,2037,49
1881,0.7005623836521444,0.07491158721651935,2647,47
1882,0.8838342465688994,0.10010708157966396,2452,34
1883,0.9287803900260956,0.08918327086026029,2591,34
1884,0.5822690806995212,0.12609521797942067,1401,49
1885,0.8700475339972352,0.11675709506311023,2359,38
1886,0.6417233390866914,0.09050882105062061,2423,49
1887,1.0268374754875822,0.15258635895797035,2231,34
1888,1.302913131792429,0.11725829533038112,2772,26
1889,0.7041490860061639,0.0738050971053921,2498,49
1890,0.6794033601243942,0.1304645044369898,1646,42
1891,0.9054890644969575,0.12195677532674147,2348,35
1892,1.0854870847511877,0.1155383688722823,2656,29
1893,0.9886550916177733,0.10369846990826867,2531,35
1894,0.7357679791249384,0.1118599169952105,2329,43
1895,0.7519474614176713,0.09287197112731237,2457,45
1896,0.5032799845146871,0.14331474938897545,1122,49
1897,0.7326902552118368,0.08106094878647789,2711,42
1898,0.6382298415121392,0.09811123084088288,2035,49
1899,0.9015913203066174,0.13491650533137628,2001,40
1900,0.7821556670813614,0.09449285841461909,2546,41
1901,1.117449701887007,0.12257775564100146,2609,31
1902,0.6332803531525595,0.07506688348262865,2476,48
1903,1.275941299996767,0.10362329155568653,2841,28
1904,0.5651131695827083,0.14683261762393005,1147,49
1905,1.1016660424598095,0.12370624701633046,2577,30
1906,0.8077417872169497,0.14328080512992847,1796,44
1907,0.678510147838739,0.09212141760220358,2177,49
1908,1.1314610097001239,0.0869772290357839,2878,31
1909,1.1601530775836308,0.1612601147305738,2337,26
1910,0.9041811270724661,0.09181481707656941,2709,36
1911,1.0966717293892507,0.1012526961139974,2740,33
1912,0.9774086694823161,0.13504846827208686,2231,37
1913,0.9375669669720081,0.08962605961771433,2522,38
1914,0.8194217759964002,0.11302812115665785,2248,44
1915,0.4851919196775481,0.1585511042305772,872,47
1916,0.6828339255774768,0.10005408716411171,2255,43
1917,0.6957337990492527,0.13173500042216033,1883,44
1918,0.9777276069673779,0.07423002339179163,3183,34
1919,0.7558636945521606,0.09897162757861205,2248,45
1920,0.8341790397960338,0.07391932669166805,2988,41
1921,0.6742172670634187,0.07433680694309361,2776,48
1922,0.9683941958292684,0.1267885812111778,2337,34
1923,1.1245135395895818,0.15115677957135093,2384,30
1924,0.9008098329607853,0.0851306698285158,2939,36
1925,0.8657642405512554,0.09646952658412908,2303,40
1926,1.0952502623330276,0.0984041675893752,2897,31
1927,0.9687172778486036,0.08108293859902109,3006,37
1928,1.0779456537473855,0.10385372664885777,2794,33
1929,0.7481558018035632,0.11540739282580423,1860,46
1930,0.7055353757884326,0.06902698893964226,2813,46
1931,0.9638391010861563,0.09264918468931471,2790,37
1932,0.9091772044791622,0.11361485288218753,2329,37
1933,0.7417610359884252,0.11106654888087404,2148,42
1934,1.0183175829254796,0.08501093783579951,2998,35
1935,0.8256159734682044,0.1447242000478361,1900,40
1936,0.7496841734135751,0.09998157309670001,2365,39
1937,0.9784828565460251,0.12660405622642915,2475,34
1938,0.8846209085169731,0.1130761323532192,2425,40
1939,0.9657148134415517,0.11313795987131603,2581,33
1940,0.6786646047414554,0.10118924685727348,2250,49
1941,0.6844754435278405,0.06305938913238175,2846,47
1942,1.3016102022385407,0.08752295799536935,3362,27
1943,0.5759023796297924,0.09904296546151084,1544,48
1944,0.7132197840191774,0.09802180420092221,2215,49
1945,0.706978188442302,0.09911024439368052,2118,48
1946,0.44183171795956533,0.07620943826274314,1602,49
1947,0.8037011310614379,0.14440230426573422,1845,40
1948,0.6909715672336106,0.11444624274276169,2041,44
1949,0.7227646119810816,0.0884465946364971,2500,48
1950,1.2565959338411274,0.08281776931333802,3261,30
1951,0.9373748802998623,0.07457870753741991,3079,38
1952,0.7748663756626847,0.09085277121365254,2311,44
1953,0.5600391838386491,0.11976317910065469,1949,49
1954,0.8735839049125349,0.12126662431528318,2327,38
1955,0.5315296176929035,0.10705098745933647,1590,49
1956,1.5864699141994327,0.09469623878648527,3255,23
1957,0.6754484132761992,0.1415570811644405,1670,40
1958,0.8040599103408168,0.11933152618557241,2138,41
1959,0.6269449452512721,0.06817148227746311,2636,49
1960,0.5925098458344793,0.09427628865913529,2120,49
1961,1.0953419226052334,0.08032825263095364,3151,31
1962,0.39405473638465993,0.1473475829548621,611,49
1963,0.9413277832989493,0.08967427082828117,2741,37
1964,0.5965495545357469,0.15189570178718587,1323,49
1965,0.7010434692101647,0.13784416698246876,1715,48
1966,0.9975232964166024,0.1330253779639228,2351,36
1967,0.6054323494692335,0.08290337345895515,2200,49
1968,0.7229773783746618,0.06741557930955872,2720,45
1969,0.642861817504599,0.12051973952715264,1857,46
1970,0.8539948012528576,0.09522088391276756,2561,39
1971,0.840270699379319,0.08203964749281674,2701,35
1972,0.8444775699938184,0.08910302134766973,2690,39
1973,0.48920394155483365,0.08207587410309725,1585,49
1974,0.7654797348257405,0.08202683593096101,2294,47
1975,0.55409969723215,0.09782653112585582,1792,49
1976,0.770221540909239,0.08059179960065324,2785,44
1977,0.447183292858293,0.0882671031640388,1520,49
1978,0.9904384575489846,0.0882525444403867,2731,37
1979,1.377124135908284,0.06734974392687655,3410,28
1980,0.7120734644483104,0.1198773124954527,1840,43
1981,0.510356701261109,0.1672058871645572,636,48
1982,0.9583623330970696,0.07355290557163671,3050,37
1983,0.8450375162229155,0.09039392637360771,2778,39
1984,0.7020711442514638,0.09311773494465411,2235,46
1985,1.0566592257490994,0.13163018281884986,2573,33
1986,1.5418905557384155,0.1525384833842035,2395,22
1987,0.8417042202106657,0.09636515469881456,2677,41
1988,0.6382039371660406,0.1500757165123164,1388,49
1989,1.4424273223459216,0.06474968223734738,3537,27
1990,0.6255401592782409,0.05562828204944885,2899,48
1991,0.7604954269297225,0.1275889224991225,2084,43
1992,0.9717951298334904,0.06295729032250438,3200,38
1993,0.9143129965310771,0.1106210063662105,2491,36
1994,0.5298213100606178,0.11414598904188,1366,49
1995,0.802152535061057,0.10243422129207813,2365,44
1996,0.8653990294839029,0.08610200157199653,2605,40
1997,0.9737611695416213,0.11162665969101175,2584,33
1998,0.9970569200766486,0.10705098996663086,2490,37
1999,1.2286344638159012,0.08592408122273135,3277,29
2000,0.5927209747374333,0.11369106648971568,1686,49
2001,0.8717576870721429,0.13720372007340217,1994,35
2002,0.9186058538318469,0.09708576413423561,2773,35
2003,0.6700646267910466,0.1279740165984268,1608,49
2004,0.4920806200926198,0.159077367651409,902,49
2005,0.685616218764418,0.10105034280280176,1799,47
2006,0.47585731354543626,0.10233753655513879,1369,49
2007,0.7308330096060578,0.11794478622324198,1958,49
2008,0.8762056137631051,0.0778693898986743,2840,38
2009,0.8115045703390135,0.12930294657675825,2024,44
2010,1.0281161764655433,0.07782387876809922,3107,34
2011,0.8995055888946839,0.14754456925985468,2205,34
2012,0.879298140709747,0.12656166071822916,2175,39
2013,0.9728583644020848,0.10341409261774777,2647,35
2014,0.568270156403783,0.10801664812206777,1743,49
2015,1.0451892781947367,0.09204645549910939,2782,31
2016,0.5694289245525181,0.09259228627995819,1952,49
2017,0.7166177219957883,0.05750349935747604,3180,47
2018,0.7817157640478822,0.0992769932273752,2346,42
2019,0.7033078880041617,0.21637630427663546,1101,47
2020,0.912144490873658,0.09125729756066235,2695,39
2021,0.6771747466752157,0.1311277157214717,1884,49
2022,0.8208622727166861,0.09862517023936936,2562,42
2023,0.8976900793114002,0.12212873193516299,2194,41
2024,0.8712960939557866,0.10670753470977878,2510,38
2025,0.8032480591102065,0.07533561960332259,2663,43
2026,0.6239022444267536,0.1267193381819361,1807,49
2027,2.113981046009534,0.08477859595732636,3677,19
2028,0.8593602996714214,0.1128241183194936,2587,36
2029,1.1173745207801613,0.08922832560897098,3073,30
2030,0.7923562127536099,0.0572401056778702,3156,44
2031,0.8678866219172421,0.10907392353249346,2379,46
2032,0.8475904294416461,0.06434587060058587,3011,40
2033,0.8241743982628018,0.10804543641067502,2201,40
2034,0.6031000280430219,0.10265339276987843,1583,47
2035,0.6200159444551221,0.08734776330373953,2247,49
2036,0.6879364623613916,0.14925174985543493,1569,44
2037,1.0602718432196523,0.1675077909953827,2052,33
2038,0.6129755586747134,0.09037002086493746,2173,49
2039,1.054192115797146,0.11596862856688195,2728,31
2040,0.9556786694779683,0.10496420851949681,2186,38
2041,1.1079469397640114,0.11922738239152605,2573,35
2042,0.8431499123590028,0.1217672611043728,2125,38
2043,0.3950825881727643,0.110367040898721,882,49
2044,0.989779422940434,0.0878320619533034,2863,36
2045,0.7627493512964305,0.12400776069440299,1913,46
2046,0.9528694630982995,0.1214347687003924,2368,33
2047,0.9406052516868214,0.10183046611798309,2560,39
2048,0.749107653564524,0.10978496817869157,2107,45
2049,1.2232467141335903,0.09792617074684029,2995,28
2050,0.7503772264197892,0.10126335840290467,2336,44
2051,0.7267824728114363,0.06705014195692387,2522,46
2052,0.5997059712052596,0.09835432483210432,2153,49
2053,0.7486570416930272,0.08254257242024937,2662,48
2054,0.452997292639461,0.11004836117999528,1153,49
2055,0.7179792516426722,0.07727742384743141,2604,49
2056,0.6112992599945553,0.07685048939121009,2377,49
2057,0.8733847141174074,0.09790425958924326,2468,39
2058,0.871209315144909,0.08206254717725124,2982,37
2059,0.6282316200404165,0.08165070277648137,2296,49
2060,0.9146776163013354,0.135794975859913,2351,36
2061,0.6422462492751949,0.08147701998907951,2463,49
2062,0.5453761879847627,0.08580068914027963,2122,49
2063,1.185551190570217,0.06271862646283317,3470,32
2064,0.7995647461408524,0.12501573480428754,1822,45
2065,0.9510277641236977,0.146897709241255,1964,37
2066,0.9594894265665609,0.0753938161340082,3084,37
2067,0.7903582272993694,0.12455144925574395,2250,39
2068,1.524032508307658,0.07575714021871235,3546,24
2069,0.6413080790222689,0.1016041724403839,2015,49
2070,1.0509616720115114,0.07390736811483994,3206,36
2071,1.2079999160108075,0.05485243703335528,3589,32
2072,0.9384710723940077,0.06836349981725817,3140,37
2073,0.9063818468099774,0.08192707376824693,2781,39
2074,1.173794662937574,0.15274755281612928,2440,27
2075,0.9020464274527884,0.08853667373998153,2818,37
2076,0.7295277202330196,0.11940918881662455,2083,44
2077,0.6161067510179508,0.11831409361560816,1694,49
2078,0.6018979011377431,0.10943373475125379,1836,49
2079,0.7044758162151996,0.07769419811484163,2751,44
2080,0.6367207690701359,0.10154651761744314,2092,47
2081,1.4533750805721204,0.08991338148052493,3347,23
2082,0.9138005335252382,0.12516611100944708,2441,37
2083,0.6526166398228849,0.1125957138286163,1895,46
2084,0.5520946228060036,0.06887542733168554,1970,49
2085,1.015549669650721,0.08992210207811102,2975,35
2086,1.0072121992687169,0.07218435869995314,3242,31
2087,0.6790150464716416,0.08729444523693826,2315,49
2088,0.4741554013197468,0.12253741378173404,1158,49
2089,0.7774935464786098,0.114441252862885,2095,46
2090,0.6172726729379924,0.11007971461286152,1892,49
2091,0.8562509095693347,0.11874545150019628,2323,37
2092,0.5874250731943562,0.14270362449752863,1496,46
2093,1.0956729196540331,0.15527777886971805,2224,30
2094,1.0067661966711312,0.16141916173512882,1702,38
2095,0.9501727727049243,0.12251786102854109,2356,36
2096,0.6766609826144471,0.08437719999186578,2503,49
2097,1.0744773181451084,0.07506885229503965,2818,32
2098,1.2302144169589389,0.07932133057195524,3360,28
2099,0.9091558564242075,0.15308516188782606,1983,37
2100,0.7275458400600954,0.10507160338079509,1923,46
2101,0.8504247177499331,0.12105319792048218,2250,37
2102,0.8035034187848031,0.08669201044851342,2498,49
2103,0.5971568040802022,0.13612880145044143,1407,48
2104,0.7162135883198614,0.10661963043372201,2219,41
2105,0.8028405798676097,0.06047662454361939,2945,46
2106,0.8411442514726386,0.08942740547485914,2700,41
2107,0.9659996261896787,0.14807077744581654,2007,37
2108,0.5544847045788776,0.09632044339390565,1906,49
2109,0.772056992648546,0.0636747970774328,2983,44
2110,0.7318836844717089,0.1509992004939275,1568,41
2111,0.8927063970980886,0.07660016991587532,2526,41
2112,0.5465313948482358,0.08995678549406988,2061,49
2113,0.7739124216101507,0.0631510579101636,3016,42
2114,0.5759338182865829,0.10868176795341247,1584,49
2115,0.7233997898613508,0.10115907606573218,2304,45
2116,0.71457244613889,0.11818295287487773,2073,43
2117,0.5225612889512362,0.10375983653557126,1805,49
2118,0.5430423354948397,0.10204729040104382,1657,49
2119,0.875165970569312,0.1459076521862979,1910,37
2120,0.6110693566671432,0.10133208786400263,1793,49
2121,0.7291919884082818,0.08334769982083788,2431,42
2122,0.5886099109598976,0.112484185736943,1590,49
2123,1.3871222633876,0.13577326674135734,2750,27
2124,0.7162653431719,0.07548891222508537,2610,49
2125,0.673120556249576,0.09350072090432428,2410,46
2126,0.7942469691509646,0.06581499292604262,2960,41
2127,0.900157171431931,0.08595325131319254,2707,40
2128,0.5351999879780439,0.11846598381156506,1262,49
2129,1.0645997995135938,0.08831951359295406,2941,32
2130,0.6009313186911845,0.11377143000586411,1584,49
2131,0.6605659547008209,0.08055580018035596,2429,46
2132,0.544328633463281,0.07715022040303796,2202,49
2133,0.6689098504229253,0.08604747386869588,2349,48
2134,0.8101610956332155,0.12596286528582043,2018,47
2135,1.1760563821764491,0.09052990146537844,3071,32
2136,0.7891316206368864,0.13681846747004886,1917,40
2137,0.7064901448722893,0.11001621077374185,2073,48
2138,1.1122414187256167,0.12986403746983288,2349,32
2139,0.9740972599516609,0.10085628566524477,2610,36
2140,0.7894430435270061,0.0942788139876729,2417,40
2141,1.014218478871181,0.09985866554830995,2887,33
2142,0.7703272949732326,0.11923629359217863,2214,42
2143,0.7808619574519113,0.09762577723377189,2491,41
2144,0.42773211523967003,0.0737897792236468,1464,49
2145,0.9006747390595207,0.10301074383768817,2531,37
2146,0.9390899411095135,0.09703833399854565,2714,36
2147,0.6932934701435156,0.11079594563569439,2178,44
2148,0.7637385914176307,0.14539891366174412,1928,41
2149,0.7494167264196918,0.09547140251636951,2265,44
2150,0.8040244095909918,0.1540223242659799,1804,37
2151,1.1551647945477266,0.07028752731624341,3361,32
2152,0.7959810932395983,0.1276221075197741,1803,46
2153,1.0521991461031823,0.1266366092435687,2499,30
2154,0.9332023240347707,0.10010894494875636,2678,36
2155,0.9463335126002267,0.13942886522071252,2270,35
2156,0.7093207807022972,0.1472912643273727,1698,45
2157,1.0428570627204223,0.10357896689927275,2526,32
2158,0.6779728367194658,0.1575808847450824,1549,46
2159,1.009094277184161,0.10073586140988611,2739,37
2160,0.9646691647991361,0.07028454749808694,3253,34
2161,0.7274822497698034,0.08866114459958828,2564,47
2162,0.698165453696412,0.15223446249334618,1484,42
2163,0.7994296724322683,0.09074928705281418,2450,44
2164,0.9025744948908752,0.12023743560973046,2338,35
2165,1.1046133838773127,0.1430071374567326,2322,32
2166,0.6722540226326578,0.10549279707642287,1949,49
2167,1.0678647573003333,0.08303921267379971,2838,30
2168,1.4046081827370962,0.0967389179204751,3244,24
2169,0.853797852296102,0.0977288066747644,2366,44
2170,0.6189298234877405,0.10951180099909985,1835,49
2171,0.8293728324389136,0.08187777428797327,2567,40
2172,0.8036857133479788,0.08916254217569336,2556,41
2173,0.8305366366670489,0.11864143381729393,2338,39
2174,0.7125744059238073,0.08133368166235541,2516,46
2175,0.7216193629327716,0.1172264492500041,1981,46
2176,0.5865363114834967,0.18597654325541782,874,49
2177,0.7876229878192276,0.09102017607780893,2533,40
2178,1.694864996877079,0.10729241991272354,3209,23
2179,0.6480384691107428,0.10399634874620782,1953,49
2180,0.6392716972359017,0.09273650207831437,2005,49
2181,1.5245078285241345,0.12843234179893892,2646,26
2182,0.6659340743174041,0.09791328377117378,2133,48
2183,0.7901801326664504,0.07155490058275707,2753,40
2184,1.019485497577974,0.13719761082301907,2387,31
2185,0.8327815588019183,0.0977794283223439,2470,40
2186,0.6731267339486795,0.13109337782542022,1649,47
2187,0.9106905527883147,0.0818685165734303,2832,38
2188,0.5861754542836128,0.095023759200106,2224,49
2189,0.9058777617546642,0.09594286323255066,2581,37
2190,1.0406326051541692,0.09050239633435518,2782,32
2191,0.9298504176351078,0.09586167683625857,2683,35
2192,1.4816209862399665,0.10323349354734948,3114,23
2193,0.882243442643306,0.09770310964885817,2295,36
2194,0.7776473015826177,0.09355523861170006,2311,43
2195,1.1984330008295712,0.09799726113318893,2883,30
2196,0.6546604494031317,0.07934389193165654,2209,49
2197,0.5614017890710349,0.08887045030217448,1923,49
2198,0.883499650151369,0.15242718268061273,1911,34
2199,1.031543655495597,0.081411650156843,3089,32
2200,0.8889180016264684,0.10328648746767513,2577,39
2201,0.9429575779504296,0.1527616114242133,2030,33
2202,0.5927245783245848,0.13982158539202227,1445,47
2203,1.0257737517214838,0.14034434190769632,2349,30
2204,0.5111266178776558,0.1036537987826899,1526,49
2205,0.659924899772907,0.10055482772859389,2275,47
2206,0.7311475003222485,0.12126249112903614,1936,48
2207,0.691122775887399,0.08500238856430922,2466,48
2208,0.6849470196645513,0.0921628477492629,2332,48
2209,0.6804293645397849,0.11072260939547114,2076,49
2210,0.8686823782491953,0.10754177849163965,2321,41
2211,0.6655343079960581,0.14692921883101295,1615,46
2212,0.6676591218240573,0.08650346869886932,2586,49
2213,0.6891707721010851,0.13444451302283045,1544,49
2214,0.8044282300388729,0.09339433764962754,2605,42
2215,0.8493999227161664,0.08985743618366063,2400,36
2216,0.5006416699643742,0.12000499367993958,1270,49
2217,0.5795443055067837,0.09472063673539038,1817,48
2218,0.958828638696315,0.07934713805746063,3043,37
2219,0.5522935193049312,0.12227597463874731,1397,49
2220,0.5703374573879503,0.13206791399923598,1469,49
2221,0.7088917209069187,0.146392366416877,1627,44
2222,0.9502608160409718,0.07821623628256202,2938,37
2223,0.9786692591771009,0.09830172295307912,2691,36
2224,0.7976029341844026,0.09515918490499795,2455,39
2225,0.7434373659609294,0.09448854548292365,2413,43
2226,0.8494995448028434,0.06549004503254392,2866,43
2227,0.8612536784554155,0.07724608513834677,2835,41
2228,1.0732625341042212,0.18619692756280506,1901,31
2229,1.0178923535300257,0.12264614672380356,2519,35
2230,0.8369625302230284,0.1551042446567797,1857,41
2231,0.8837522137413165,0.09075902475653491,2965,36
2232,0.9346904392677523,0.07726734855359929,2987,33
2233,0.9116967267284874,0.11060172373408925,2461,35
2234,0.7913909044323456,0.19623257461034493,1438,37
2235,1.0517260601317513,0.10746723737385422,2811,30
2236,0.8672253215632294,0.09717591699826249,2554,39
2237,0.8805534532209012,0.1958260689222776,1375,37
2238,0.6067470236090912,0.08354361924773232,2247,49
2239,0.8000238497750853,0.09335627378134106,2175,44
2240,1.244364301099661,0.07818456402068902,3177,29
2241,0.8161938605313455,0.1307884000530574,2162,38
2242,0.628161754087263,0.12393469242123592,1728,49
2243,0.4050791656577757,0.09490763185090419,1255,49
2244,0.8149653731738911,0.07618643273468911,2942,39
2245,1.3266272728527122,0.07721945649970283,3233,27
2246,1.2800407436493133,0.08398245345907826,3276,29
2247,0.8775401967157309,0.13968377231916487,2317,31
2248,1.130760536025552,0.10593858122838927,2842,28
2249,1.0159152912941578,0.08290825021625543,2922,34
2250,0.46994887517316064,0.06657895233295436,1929,49
2251,1.1907777063771574,0.20946781477916326,1792,27
2252,0.9984816983245146,0.08665023637156599,2893,37
2253,0.8794559347011636,0.12313476926251182,2269,39
2254,0.7709646716486939,0.19023477820029405,1409,44
2255,0.5720268760921097,0.05039562348549674,2338,49
2256,0.7968322414273443,0.07838370625245666,2747,42
2257,0.8936276628311021,0.10820820123242214,2582,39
2258,0.9147238439307044,0.12690773712793074,2263,35
2259,0.8342726993057292,0.1478015127436048,1521,39
2260,0.8577841889986908,0.15065339469429453,1646,38
2261,0.6001846967830629,0.08209573447544301,2223,49
2262,0.7322619237525482,0.07610249640750773,2660,42
2263,1.1167536537504223,0.10640553730438368,2911,30
2264,0.5696504866599066,0.06631348371080135,2228,49
2265,0.6020189790909181,0.09616427475140218,2020,49
2266,0.6085929934919501,0.12230310558057159,1652,49
2267,0.6792631965677481,0.12873526992215872,1751,45
2268,0.6466176421690745,0.11056579733083916,1866,49
2269,0.4973890305742665,0.10114727893716394,1595,49
2270,0.9238152798830312,0.09376267607471522,2745,37
2271,1.2699417074485713,0.08105002755386294,3109,29
2272,0.6448696870216675,0.09330843900195904,2165,49
2273,0.6358289654244619,0.10851456253377612,1815,49
2274,0.9278056487011905,0.15038461043752016,2115,33
2275,0.658025134409477,0.12394510819268872,1422,49
2276,0.8612193558083995,0.07543757206488966,2930,42
2277,1.0032973249374046,0.13088791741543868,2431,33
2278,0.7741675557284518,0.07580085345698082,2765,41
2279,0.8046547821134988,0.20149581151138152,1533,37
2280,0.6847458827015681,0.04937666098192579,3072,49
2281,0.8361160016566072,0.13548197795133934,2129,40
2282,0.7806930094680502,0.06536166086841956,2918,45
2283,0.7406235950702466,0.09131590820093971,2288,46
2284,1.2663367829289478,0.08267542543564076,3179,28
2285,0.7304366543239066,0.07585829150683533,2411,48
2286,0.8976397484085626,0.12624064934723495,2336,36
2287,0.6785362688597182,0.12324013511995746,1954,49
2288,1.3253587073346043,0.11312251530850714,2829,27
2289,0.8656434013137746,0.12981932412340877,2168,35
2290,1.4420574300765359,0.10925075017257362,3029,24
2291,0.7103462487057817,0.09219813823217927,2316,48
2292,1.1369841974223176,0.10053923213165294,2905,31
2293,0.6318367420077025,0.07986621776464062,2399,49
2294,0.7253199111325335,0.10986950083415828,2176,43
2295,0.7355570256455983,0.09734722149146913,2213,45
2296,0.6078160865816795,0.1023063526341522,1839,49
2297,0.54101539782391,0.08549421503515746,1748,49
2298,0.6544483614571405,0.1337584969144721,1722,48
2299,0.9390252944457266,0.15456228337977573,1988,31
